Perfume_ID,Profile_Name,Fragrance_Family,Main_Accords,Top_Notes,Source_Top_Notes,Middle_Notes,Source_Middle_Notes,Base_Notes,Source_Base_Notes,Gender,Season,Time_Of_Day,Climate,Longevity,Sillage,Mood_Vibe,Occasion,Description,Source,Decided_By
P000001,Aromatic Fougère No. 1,Aromatic Fougère,fresh spicy; citrus; amber; lavender; musky; aromatic; herbal; anis; soft spicy; floral,Bergamot,Bergamot,Nutmeg,Sichuan Pepper Lavender Star Anise Nutmeg,Vanilla,Ambroxan Vanilla,Men,Spring; Summer; Fall; Winter,Day; Night,Temperate; Hot; Cold,long lasting,strong,Warm and cosy; Seductive,"Sport and the outdoors; Every day, work or study","resh, clean, and ultra-compliment friendly with that bright citrus-ambroxan snap that just works. Expect strong projection for the first 2–3 hours and an easy 5-6 hours of wear on skin, longer on clothes, though newest batches can feel a touch smoother and slightly less shouty than early runs. If uniqueness matters, it’s everywhere, but if the goal is to smell undeniably good with zero effort, this is signature-scent material year-round; go easier on sprays in tight spaces and switch to EDP/Elixir if you want a smoother or denser take.","workbook composition, de-branded; season/gender/longevity/sillage normalised; mood & occasion derived from the profile's accords via questionnaire.csv (Q3 / Q1)",workbook + derived
P000002,Woody Aromatic No. 1,Woody Aromatic,citrus; amber; woody; fresh spicy; aromatic; warm spicy; smoky; fresh; balsamic; powdery,Coriander,Grapefruit Lemon Mint Bergamot Pink Pepper Aldehydes Coriander,Ginger Nutmeg Jasmine Melon,Ginger Nutmeg Jasmine Melon,Labdanum,Incense Amber Cedar Sandalwood Amberwood Patchouli Labdanum,Men,Spring; Summer; Fall; Winter,Day; Night,Temperate; Hot; Cold,long lasting,moderate,Fresh and clean; Warm and cosy,"Sport and the outdoors; Every day, work or study","Bleu de Chanel Eau de Parfum is an aromatic-woody fragrance for men that combines freshness with a sensual, warm, and deep scent. It opens with fresh notes like citrus and pink pepper, moves into a heart of cedar and grapefruit, and finishes with a warm, sensual base of sandalwood, amber, frankincense, and tonka bean. The fragrance is described as an ode to masculine freedom and is known for its versatility, strength, and elegance.","workbook composition, de-branded; season/gender/longevity/sillage normalised; mood & occasion derived from the profile's accords via questionnaire.csv (Q3 / Q1)",workbook + derived
P000003,Aromatic Fougère No. 2,Aromatic Fougère,aromatic; fresh spicy; woody; fruity; amber; fresh; citrus; herbal; green; warm spicy,Apple; Bergamot; Ginger,Apple; Bergamot; Ginger,Geranium,Sage Juniper Berries Geranium,Amberwood Tonka Bean Cedar Vetiver Olibanum,Amberwood Tonka Bean Cedar Vetiver Olibanum,Men,Spring; Summer; Fall; Winter,Day; Night,Temperate; Hot; Cold,long lasting,moderate,Fresh and clean; Warm and cosy,"Sport and the outdoors; Every day, work or study","YSL Y EDP Review: My Honest Review (2025) | Scent AdvisorsYSL Y EDP is a woody, aromatic ""light and dark fougère"" fragrance for men, characterized by a contrast of fresh and sensual notes. It opens with bright bergamot, ginger, and green apple, moves to a heart of sage, geranium, and lavender, and finishes with a deep, warm base of sensual woods and frankincense. The fragrance is described as both fresh and intense, making it suitable for both daytime and evening wear.","workbook composition, de-branded; season/gender/longevity/sillage normalised; mood & occasion derived from the profile's accords via questionnaire.csv (Q3 / Q1)",workbook + derived
P000004,Aromatic Fougère No. 3,Aromatic Fougère,amber; citrus; fresh spicy; musky; aquatic; warm spicy; woody; fresh; aromatic; smoky,Fig Leaf,Calabrian bergamot Water Notes Grapefruit Fig Leaf,Papyrus,Ambroxan Black Pepper Patchouli Violet Leaf Papyrus,Saffron,Incense Musk Tonka Bean Saffron,Men,Spring; Summer; Fall,Day; Night,Temperate; Hot,moderate,moderate,Warm and cosy; Seductive,"Sport and the outdoors; Every day, work or study","floral-fruity-woody fragrance  that combines fresh top notes of blackcurrant and apple with a heart of floral and peach notes, and a warm base of musk, patchouli, and woods. It is described as a strong, sensual, and refined scent created for who are confident in their power and sensuality.","workbook composition, de-branded; season/gender/longevity/sillage normalised; mood & occasion derived from the profile's accords via questionnaire.csv (Q3 / Q1)",workbook + derived
P000005,Woody Aromatic No. 2,Woody Aromatic,woody; citrus; aromatic; amber; musky; fresh spicy; oud; soft spicy; warm spicy; earthy,Clary Sage,Bergamot Pink Pepper Clary Sage,Haitian Vetiver Leather,Haitian Vetiver Leather,Ambroxan Akigalawood Indonesian Patchouli Leaf Cacao Pod,Ambroxan Akigalawood Indonesian Patchouli Leaf Cacao Pod,Men,Spring; Summer; Fall,Day; Night,Temperate; Hot,moderate,moderate,Warm and cosy; Seductive,"Every day, work or study; Evenings out",A very pleasant blast of fresh clary sage and semi sweet sharp citrus on first spray and nicely done too. The ambrox is clearly there but doesn't shriek the way it does in Sauvage and the other ambrox-heavy ilk. It just plays its part like a steady bass part keeping everything tidy. There are vetiver and leather listed as notes but they don't stand out individually - more like well blended facets of the aura but if any one note does stand out it's the clary sage for me and it adds some real interest because it’s so unusual in this style of scent. In fact the clary sage does get more leathery as the fragrance dries down but always keeps the freshness too.,"workbook composition, de-branded; season/gender/longevity/sillage normalised; mood & occasion derived from the profile's accords via questionnaire.csv (Q3 / Q1)",workbook + derived
P000006,Aromatic Fougère No. 4,Aromatic Fougère,fresh spicy; amber; lavender; aromatic; metallic; citrus; musky; woody; mineral; earthy,Bergamot; Pepper,Bergamot; Pepper,Lavender Metallic notes Watery Notes Coal Soil Tincture,Lavender Metallic notes Watery Notes Coal Soil Tincture,Ambroxan; Patchouli,Ambroxan; Patchouli,Men,Spring; Summer; Fall,Day; Night,Temperate; Hot,moderate,moderate,Fresh and clean; Warm and cosy,"Every day, work or study; Sport and the outdoors","masculine, woody-fougere Eau de Toilette that blends natural and synthetic elements for a fresh, mineral-forward scent. It opens with metallic lavender and bergamot, moves to a heart of geranium and patchouli, and settles into a warm ambroxan base. The fragrance is known for being both earthy and industrial, making it a sophisticated, modern, and long-lasting option suitable for daily wear, particularly office environments.","workbook composition, de-branded; season/gender/longevity/sillage normalised; mood & occasion derived from the profile's accords via questionnaire.csv (Q3 / Q1)",workbook + derived
P000007,Aromatic Aquatic No. 1,Aromatic Aquatic,aromatic; fresh spicy; woody; marine; patchouli; warm spicy; amber; balsamic; smoky; herbal,Bergamot,Sea Notes Bergamot,Geranium,Rosemary Sage Geranium,Patchouli Incense,Patchouli Incense,Men,Spring; Summer; Fall,Day; Night,Temperate; Hot,long lasting,moderate,Natural and earthy; Warm and cosy,"Sport and the outdoors; Every day, work or study","cqua di Gio Profumo is a masculine eau de parfum for men that combines fresh aquatic notes with warm, smoky, and earthy elements like bergamot, marine accords, clary sage, rosemary, patchouli, and incense. It is a more intense and sophisticated version of the original Acqua di Gio, offering a long-lasting and modern scent with a deep and mysterious character. The fragrance is presented in a matte black bottle and is known for its longevity and blend of opposites, like the sea and the earth.","workbook composition, de-branded; season/gender/longevity/sillage normalised; mood & occasion derived from the profile's accords via questionnaire.csv (Q3 / Q1)",workbook + derived
P000008,Aromatic Fougère No. 5,Aromatic Fougère,fruity; citrus; aquatic; fresh; warm spicy; amber; sweet; musky; aromatic; animalic,Cinnamon,Apple Bergamot Lemon Cinnamon,Watery Notes Plum Orange Blossom Cardamon,Watery Notes Plum Orange Blossom Cardamon,Ambergris Musk Patchouli Driftwood,Ambergris Musk Patchouli Driftwood,Men,Spring; Summer,Day,Temperate; Hot,long lasting,strong,Seductive; Warm and cosy,Sport and the outdoors; Evenings out,"Rasasi Hawas for Him is an aromatic aquatic fragrance for men that opens with a fresh and spicy mix of apple, bergamot, lemon, and cinnamon. Its heart combines aquatic notes with melon, plum, orange blossom, and cardamom, leading to a warm, woody base of ambergris, musk, sandalwood, and driftwood. This scent is designed to embody masculine strength and is often described as a fresh, long-lasting, and versatile everyday scent, especially for warmer weather.","workbook composition, de-branded; season/gender/longevity/sillage normalised; mood & occasion derived from the profile's accords via questionnaire.csv (Q3 / Q1)",workbook + derived
P000009,Aromatic Fougère No. 6,Aromatic Fougère,citrus; aromatic; woody; fresh spicy; lavender; amber; herbal; earthy; patchouli,Grapefruit Lemon Mandarin Orange,Grapefruit Lemon Mandarin Orange,Patchouli,Lavender Geranium Vetiver Patchouli,Amber Precious Woods Cedar,Amber Precious Woods Cedar,Men,Spring; Summer; Fall,Day; Night,Temperate; Hot,moderate,moderate,Natural and earthy; Fresh and clean,"Sport and the outdoors; Every day, work or study","It features a fresh opening of citrus notes like grapefruit, lemon, and mandarin, a heart of lavender, geranium, and patchouli, and a warm, sensual base of precious woods and amber. It is designed to be long-lasting and suitable for any occasion, from day to night.","workbook composition, de-branded; season/gender/longevity/sillage normalised; mood & occasion derived from the profile's accords via questionnaire.csv (Q3 / Q1)",workbook + derived
P000010,Woody Aromatic No. 3,Woody Aromatic,woody; aromatic; citrus; fresh spicy; earthy; aquatic; musky,Nutmeg,Grapefruit Bergamot Nutmeg,Lavender,Cypress Watery Notes Lavender,Musk (Synthetic),Bourbon Vetiver Haitian Vetiver Cashmere Wood Musk,Men,Spring; Summer; Fall,Day,Temperate; Hot,moderate,moderate,Fresh and clean; Warm and cosy,"Sport and the outdoors; Every day, work or study","it opens with fresh notes of grapefruit and bergamot, transitions to a heart of cypress, lavender, and watery notes, and finishes with a base of vetiver, cashmere wood, and musk. It's described as a dynamic and elegant scent, suitable for daytime or casual wear, balancing a fresh, sporty character with a sophisticated, earthy depth.","workbook composition, de-branded; season/gender/longevity/sillage normalised; mood & occasion derived from the profile's accords via questionnaire.csv (Q3 / Q1)",workbook + derived
P000011,Woody Aromatic No. 4,Woody Aromatic,aromatic; fresh spicy; citrus; woody; warm spicy; earthy; white floral; green; lavender; floral,Petitgrain,Neroli Bergamot Black Pepper Petitgrain,Sage,Black Pepper Lavender Cardamom Juniper Berries Sage,Vetiver; Oakmoss,Vetiver; Oakmoss,Men,Spring; Summer; Fall,Day,Temperate; Hot,moderate,moderate,Natural and earthy; Fresh and clean,"Sport and the outdoors; Every day, work or study","Dunhill Icon is a masculine fragrance characterized by its fresh, woody, and spicy scent profile. The original Eau de Parfum features top notes of bergamot and neroli, a heart of black pepper, cardamom, and lavender, and a base of vetiver and oakmoss. It's designed to be a modern and classic scent, suitable for evening wear","workbook composition, de-branded; season/gender/longevity/sillage normalised; mood & occasion derived from the profile's accords via questionnaire.csv (Q3 / Q1)",workbook + derived
P000012,Woody Aromatic No. 5,Woody Aromatic,aromatic; woody; citrus; fresh spicy; musky; fresh; earthy; powdery; sweet; white floral,Cardamom,Fir Lemon Orange Sea Notes Petitgrain Cardamom,Rose,Rosemary Lily-of-the-Valley Jasmine Sage Rose,Sandalwood,Musk Vetiver Oakmoss Brazilian Rosewood Sandalwood,Men,Spring; Summer; Fall,Day,Temperate; Hot,moderate,moderate,Fresh and clean; Warm and cosy,"Every day, work or study; Sport and the outdoors","Abercrombie & Fitch Fierce is a woody-aromatic cologne that features a fresh opening of lemon, orange, and marine notes, a heart of florals like jasmine and rosemary, and a warm base of musk, vetiver, and sandalwood. It is described as a bold, masculine, and confident scent, which has been reformulated over time to be a bit cleaner and less sweet. The fragrance is often associated with a youthful, energetic, and magnetic profile.","workbook composition, de-branded; season/gender/longevity/sillage normalised; mood & occasion derived from the profile's accords via questionnaire.csv (Q3 / Q1)",workbook + derived
P000013,Woody Aromatic No. 6,Woody Aromatic,aromatic; woody; fresh spicy; citrus; green; vanilla; sweet; musky; amber; warm spicy,Sage,Mandarin Orange Mint Cypress Sage,Pepper,Pepper,Tonka Bean Musk Sandalwood Cedar,Tonka Bean Musk Sandalwood Cedar,Men,Spring; Summer; Fall,Day; Night,Temperate; Hot,moderate,moderate,Warm and cosy; Seductive,"Sport and the outdoors; Every day, work or study","Chanel Pour Homme Sport is a fresh, woody citrus-aromatic fragrance for men that combines invigorating freshness with sensual warmth. It features a blend of sparkling citrus top notes like mandarin and aldehydes, a heart of spicy pepper, neroli, and cedar, and a base of sweet and warm tonka bean, vanilla, amber, vetiver, and white musk. This scent is designed for the ""man in motion"" who is active and seeks to push his limits, offering a balanced and versatile fragrance.","workbook composition, de-branded; season/gender/longevity/sillage normalised; mood & occasion derived from the profile's accords via questionnaire.csv (Q3 / Q1)",workbook + derived
P000014,Woody Aromatic No. 7,Woody Aromatic,warm spicy; aromatic; woody; fresh spicy; patchouli; amber; green; citrus; earthy; lavender,Cardamom Mint Grapefruit Tarragon,Cardamom Mint Grapefruit Tarragon,Cedar; Nutmeg; Lavender,Cedar; Nutmeg; Lavender,Sandalwood,Patchouli Cinnamon Amber Benzoin Vetiver Sandalwood,Men,Spring; Summer; Fall; Winter,Day; Night,Temperate; Hot; Cold,moderate,moderate,Natural and earthy; Fresh and clean,"Sport and the outdoors; Every day, work or study","It features fresh tarragon and cinnamon at the top, with heart notes of cedar and lavender, and a rich base of patchouli, vetiver, and amber that evokes the mystery of London at night. The bottle is a dark lacquered design inspired by the iconic Burberry trench coat, with a cap that mimics horn-look buttons and a hand-tied gabardine knot around the neck.","workbook composition, de-branded; season/gender/longevity/sillage normalised; mood & occasion derived from the profile's accords via questionnaire.csv (Q3 / Q1)",workbook + derived
P000015,Woody Aromatic No. 8,Woody Aromatic,citrus; aromatic; amber; fresh spicy; fruity; woody; sweet; warm spicy; lavender; animalic,Grapefruit,Pear Bergamot Kumquat Lavender Grapefruit,Coriander,Cardamom Geranium Coriander,Haitian Vetiver,Ambergris Suede Amberwood Haitian Vetiver,Men,Spring; Summer; Fall,Day,Temperate; Hot,moderate,moderate,Sweet and playful; Seductive,Evenings out; Sport and the outdoors,"Coach for Men is a fragrance described as energetic, confident, and cool, embodying a modern, American, New York-inspired spirit. Its scent profile is complex and masculine, opening with fresh and fruity top notes like green Nashi pear or bergamot, followed by spicy heart notes such as cardamom, and settling into an earthy, woody base of vetiver layered with notes like suede and ambergris.","workbook composition, de-branded; season/gender/longevity/sillage normalised; mood & occasion derived from the profile's accords via questionnaire.csv (Q3 / Q1)",workbook + derived
P000016,Woody Aromatic No. 9,Woody Aromatic,woody; warm spicy; powdery; iris; fresh spicy; cacao; aromatic; earthy; violet,Coriander,Black Pepper Geranium Coriander,Iris Cacao Pod Cedar,Iris Cacao Pod Cedar,Patchouli,Woodsy Notes Sandalwood Patchouli,Men,Spring; Fall; Winter,Day; Night,Temperate; Cold,moderate,moderate,Sweet and playful; Natural and earthy,"Every day, work or study; Evenings out","described as representing the contrast between strength and gentleness. It opens with spicy top notes of black pepper and coriander, which transition to a warm heart of iris and cocoa. The base is a sensual and woody mix of sandalwood, patchouli, and oriental notes, creating a sophisticated and lasting scent.","workbook composition, de-branded; season/gender/longevity/sillage normalised; mood & occasion derived from the profile's accords via questionnaire.csv (Q3 / Q1)",workbook + derived
P000017,Aromatic Fougère No. 7,Aromatic Fougère,fresh spicy; lavender; aromatic; citrus; amber; musky; vanilla; powdery; warm spicy; sweet,Bergamot Pepper,Bergamot Pepper,Tonka Bean,Lavender Tonka Bean,Musk Amber,Musk Amber,Men,Spring; Summer,Day,Temperate; Hot,moderate,moderate,Warm and cosy; Seductive,Relaxing at home; Evenings out,"It features a fresh and sparkling opening of bergamot and pepper, leading into a heart of lavender and tonka bean, and a warm, sensual base of musk and amber. The scent is described as elegant, modern, and a fresh, energetic take on masculine sophistication","workbook composition, de-branded; season/gender/longevity/sillage normalised; mood & occasion derived from the profile's accords via questionnaire.csv (Q3 / Q1)",workbook + derived
P000018,Citrus Aromatic No. 1,Citrus Aromatic,citrus; aromatic; fresh spicy; herbal; woody,Clementine Lemon Mandarin Orange Bergamot Thyme Marjoram,Clementine Lemon Mandarin Orange Bergamot Thyme Marjoram,Ginger,Petitgrain Ginger,Woody Notes Musk Orris Root Amber,Woody Notes Musk Orris Root Amber,Men,Spring; Summer,Day; Night,Temperate; Hot,moderate,moderate,Fresh and clean; Natural and earthy,"Sport and the outdoors; Every day, work or study","John Varvatos Artisan Pure is a crisp, woody citrus fragrance for men inspired by the citrus groves of Xalapa, Mexico. It features a fresh, invigorating opening with notes like lemon, bergamot, and clementine, which then evolves into a more complex heart of petitgrain, ginger, and other herbs. The scent finishes with a clean, warm base of woods, amber, and musk. It's considered a versatile, casual scent ideal for warm weather.","workbook composition, de-branded; season/gender/longevity/sillage normalised; mood & occasion derived from the profile's accords via questionnaire.csv (Q3 / Q1)",workbook + derived
P000019,Woody Aromatic No. 10,Woody Aromatic,citrus; woody; musky; aromatic; fresh spicy,Citron Bergamot Mandarin Orange,Citron Bergamot Mandarin Orange,Patchouli,Apple Cedar Vetiver Patchouli,Musk Ambroxan Moss,Musk Ambroxan Moss,Men,Summer,Day,Hot,moderate,moderate,Fresh and clean; Warm and cosy,"Every day, work or study; Sport and the outdoors","Jimmy Choo Man Ice is a woody-aromatic fragrance for men, described as a fresh, clean, and sophisticated scent with a citrusy opening and a musky, woody dry-down. It features top notes of mandarin, bergamot, and cedrat, heart notes of apple, cedarwood, vetiver, and patchouli, and a base of musk, moss, and ambroxan. The scent is often recommended for daytime wear in spring and summer due to its bright and fresh character.","workbook composition, de-branded; season/gender/longevity/sillage normalised; mood & occasion derived from the profile's accords via questionnaire.csv (Q3 / Q1)",workbook + derived
P000020,Woody Aromatic No. 11,Woody Aromatic,woody; aromatic; citrus; amber; fresh spicy,citruses with sugar Lemon Zest Coriander Leaf,citruses with sugar Lemon Zest Coriander Leaf,Vetiver,Cypress Cedar Vetiver,Benzoin,Benzoin,Men,Spring; Summer; Fall,Day; Night,Temperate; Hot,moderate,moderate,Fresh and clean; Warm and cosy,"Sport and the outdoors; Every day, work or study","Bvlgari Man Wood Essence Eau de Parfum (100ml) | Harrods UKBvlgari Man Wood Essence is a woody aromatic men's fragrance that blends the energy of the city with the grounding power of nature. It opens with a bright mix of citrus and coriander, transitions to a heart of cypress wood and Haitian vetiver, and finishes with a warm base of cedarwood and benzoin, designed to connect the wearer to the outdoors. The scent aims to be an invigorating and sophisticated fragrance with a powerful, yet natural, feel.","workbook composition, de-branded; season/gender/longevity/sillage normalised; mood & occasion derived from the profile's accords via questionnaire.csv (Q3 / Q1)",workbook + derived
P000021,Aromatic Fougère No. 8,Aromatic Fougère,aromatic; woody; fresh spicy; earthy; lavender; mossy; leather; citrus; powdery; warm spicy,Lavender Lemon Caraway Basil Bergamot Clary Sage Iris Star Anise,Lavender Lemon Caraway Basil Bergamot Clary Sage Iris Star Anise,Cardamom,Vetiver Sandalwood Cedar Patchouli Juniper Berries Cardamom,Tonka Bean,Oakmoss Leather Amber Musk Tonka Bean,Men,Spring; Fall; Winter,Day; Night,Temperate; Cold,long lasting,moderate,Natural and earthy; Fresh and clean,"Sport and the outdoors; Every day, work or study","Azzaro Pour Homme is a classic aromatic fougère fragrance for men launched in 1978, known for its timeless, charismatic masculinity and lively, powerful trail. It combines natural sensuality with an iconic signature that features a fresh opening of citrus and spices, a heart of precious woods, and a warm, leathery, and musky base. The scent is often described as having a classic barber shop feel and is well-suited for cooler seasons.","workbook composition, de-branded; season/gender/longevity/sillage normalised; mood & occasion derived from the profile's accords via questionnaire.csv (Q3 / Q1)",workbook + derived
P000022,Woody Aromatic No. 12,Woody Aromatic,woody; aromatic; lavender; warm spicy; fresh spicy; fruity; cinnamon; herbal; fresh; citrus,Apple Cinnamon Sage Mandarin Orange,Apple Cinnamon Sage Mandarin Orange,Patchouli,Lavender Rosemary Patchouli,Sandalwood Olive Tree,Sandalwood Olive Tree,Men,Spring; Summer; Fall,Day,Temperate; Hot,moderate,moderate,Fresh and clean; Sweet and playful,"Sport and the outdoors; Every day, work or study","BOSS Bottled Infinite is a woody aromatic fragrance for men that combines fresh citrus notes with warm, deep woody and aromatic scents. It opens with bright top notes of mandarin, apple, cinnamon, and sage, transitions to a heart of lavender, rosemary, and patchouli, and finishes with a smooth base of sandalwood and olive wood. It is designed to be an energizing, sensual, and long-lasting eau de parfum suitable for the modern man.","workbook composition, de-branded; season/gender/longevity/sillage normalised; mood & occasion derived from the profile's accords via questionnaire.csv (Q3 / Q1)",workbook + derived
P000023,Woody Aromatic No. 13,Woody Aromatic,citrus; woody; aromatic; fresh spicy; floral; warm spicy; green; powdery; herbal; sweet,Yuzu Cypress Lemon Verbena Bergamot Lemon Sage Mandarin Orange Coriander Tarragon,Yuzu Cypress Lemon Verbena Bergamot Lemon Sage Mandarin Orange Coriander Tarragon,Geranium,Blue Lotus Nutmeg Saffron Ceylon Cinnamon Lily-of-the-Valley Mignonette Bourbon Geranium,Musk (Synthetic),Tahitian Vetiver Cedar Sandalwood Musk,Men,Spring; Summer,Day,Temperate; Hot,long lasting,strong,Fresh and clean; Sweet and playful,"Sport and the outdoors; Every day, work or study","L’Eau d’Issey pour Homme Edition Bois (Wood & Wood) is an intense, woody-spicy fragrance for men, characterized by powerful wood notes like cedarwood and sandalwood, balanced with invigorating citrus and spicy elements. It features a vibrant blend of grapefruit, cardamom, and elemi in the top notes, which evolves into a heart of cedarwood, sandalwood, and apricot, before settling into a base of vetiver, patchouli, and musk. The fragrance is designed to embody strength and masculinity, with a dynamic and long-lasting scent.","workbook composition, de-branded; season/gender/longevity/sillage normalised; mood & occasion derived from the profile's accords via questionnaire.csv (Q3 / Q1)",workbook + derived
P000024,Aromatic Fougère No. 9,Aromatic Fougère,ozonic; aquatic; woody; powdery; iris; amber; animalic; violet; balsamic; green,Iris Vervain,Iris Vervain,Violet Leaf,Violet Leaf,Sandalwood,Ambergris Sandalwood,Men,Spring; Summer; Fall,Day,Temperate; Hot,long lasting,moderate,Seductive; Warm and cosy,Sport and the outdoors; A special occasion,"Creed - Green Irish Tweed : r/DesiFragranceAddictsGreen Irish Tweed by Creed is a fresh, woody, and aromatic fougère fragrance that evokes the Irish countryside with notes of fresh cut grass, peppermint, lemon, and verbena, layered over a heart of floral notes like geranium and violet, and grounded by a base of woody notes including sandalwood, cedarwood, oakmoss, and ambroxan. Inspired by the connection between nature and tailoring, it is often described as timeless and elegant, like a perfectly tailored suit.","workbook composition, de-branded; season/gender/longevity/sillage normalised; mood & occasion derived from the profile's accords via questionnaire.csv (Q3 / Q1)",workbook + derived
P000025,Aromatic Fougère No. 10,Aromatic Fougère,woody; lavender; aromatic; oud; fresh spicy; warm spicy; vanilla; sweet; citrus; balsamic,Lavender Ginger Mandarin Orange,Lavender Ginger Mandarin Orange,Labdanum,Akigalawood Labdanum,Coumarin,Coumarin,Men,Spring; Summer; Fall; Winter,Day; Night,Temperate; Hot; Cold,long lasting,moderate,Warm and cosy; Fresh and clean,Evenings out; Sport and the outdoors,"Fougère d'Argent is a bold reimagining of the classic fougère, a structure that traditionally revolves around lavender, oakmoss, and coumarin. With oakmoss no longer available, Tom Ford has re-worked the model in a provocative manner, substituting moss with Akigalawood, a Givaudan captive derived from patchouli that has a wonderfully spicy, woodsy bitterness. What emerges from Ford's confident handling is a scent that smells truly masculine – earthy, herbaceous, and rich, with a radiantly spiced muskiness that billows around its wearer.","workbook composition, de-branded; season/gender/longevity/sillage normalised; mood & occasion derived from the profile's accords via questionnaire.csv (Q3 / Q1)",workbook + derived
P000026,Citrus Aromatic No. 2,Citrus Aromatic,citrus; green; aromatic; musky,Bergamot; Lemon Oil; Mandarin Orange; Pineapple; Papaya; Cardamom; Green Notes,Bergamot; Lemon; Mandarin Orange; Pineapple; Papaya; Cardamom; Green Notes,Jasmine Absolute; Florol; Rose; Nutmeg; Orris Root; Ionone Alpha,Jasmine; Lily-of-the-Valley; Rose; Nutmeg; Orris Root; Violet,Musk (Synthetic); Cedar; Sandalwood; Oakmoss; Amber,Musk; Cedar; Sandalwood; Oakmoss; Amber,Unisex,Spring; Summer,Day,Temperate; Hot,moderate,moderate,Fresh and clean; Warm and cosy,"Sport and the outdoors; Every day, work or study",Iconic clean citrus-aromatic with a musky dry-down; effortless and universally wearable.,"workbook composition, de-branded; season/gender/longevity/sillage normalised; mood & occasion derived from the profile's accords via questionnaire.csv (Q3 / Q1)",workbook + derived
P000027,Citrus Aromatic No. 3,Citrus Aromatic,citrus; aromatic; fresh spicy; woody; lavender; fresh; musky,Lemon Oil; Sweet Orange; Bergamot,Sicilian Lemon; Sweet Orange; Calabrian Bergamot,Lavender; Rose; Verbena; Rosemary,Lavender; Bulgarian Rose; Verbena; Rosemary,Vetiver; Patchouli; Sandalwood,Vetiver; Patchouli; Sandalwood,Unisex,Spring; Summer,Day,Temperate; Hot,moderate,moderate,Fresh and clean; Warm and cosy,"Every day, work or study; Sport and the outdoors",Timeless Italian cologne marrying zesty citrus with herbal aromatics and refined woods.,"workbook composition, de-branded; season/gender/longevity/sillage normalised; mood & occasion derived from the profile's accords via questionnaire.csv (Q3 / Q1)",workbook + derived
P000028,Aromatic Green No. 1,Aromatic Green,green; aromatic; citrus; fresh spicy; fresh; floral,Lemon Clover,Lemon Clover,Green Tea,Mint Green Tea,Lily-of-the-Valley Cyclamen,Lily-of-the-Valley Cyclamen,Unisex,Spring; Summer,Day,Temperate; Hot,moderate,moderate,Fresh and clean; Natural and earthy,"Sport and the outdoors; Every day, work or study",Dewy greens and mint over tea and musk; crisp garden-fresh lift.,"workbook composition, de-branded; season/gender/longevity/sillage normalised; mood & occasion derived from the profile's accords via questionnaire.csv (Q3 / Q1)",workbook + derived
P000029,Citrus Aromatic No. 4,Citrus Aromatic,citrus; aromatic; fresh spicy; green; woody; herbal,Bergamot,Lime Mandarin Orange Bergamot,Iris (Orris),Basil Thyme Lilac Iris,Patchouli,Vetiver Patchouli,Unisex,Spring; Summer,Day,Temperate; Hot,moderate,moderate,Fresh and clean; Natural and earthy,"Sport and the outdoors; Every day, work or study",Peppery basil brightens citrus; modern aromatic twist with a woody base.,"workbook composition, de-branded; season/gender/longevity/sillage normalised; mood & occasion derived from the profile's accords via questionnaire.csv (Q3 / Q1)",workbook + derived
P000030,Citrus Aromatic No. 5,Citrus Aromatic,citrus; white floral; musky; woody; aromatic; fresh spicy; amber; patchouli; sweet; powdery,Orange Blossom Bitter Orange,Orange Blossom Bitter Orange,Juniper Berries,Juniper Berries,Patchouli,Angelica Patchouli,Unisex,Spring; Summer,Day,Temperate; Hot,moderate,moderate,Warm and cosy; Seductive,"Every day, work or study; Sport and the outdoors",Vibrant orange blossom with aromatic angelica and a textured woody base.,"workbook composition, de-branded; season/gender/longevity/sillage normalised; mood & occasion derived from the profile's accords via questionnaire.csv (Q3 / Q1)",workbook + derived
P000031,Citrus Aromatic No. 6,Citrus Aromatic,citrus; fresh spicy; aromatic; fresh; woody,Mandarin,Blood Orange Bitter Orange Blood Mandarin,African Geranium Egyptian Jasmine Madagascar Pepper,African Geranium Egyptian Jasmine Madagascar Pepper,Sandalwood Amber Tonka Bean Texas Cedar,Sandalwood Amber Tonka Bean Texas Cedar,Unisex,Spring; Summer,Day,Temperate; Hot,moderate,moderate,Fresh and clean,"Sport and the outdoors; Every day, work or study",Juicy blood orange framed by aromatic florals and soft woods; sunshine in a bottle.,"workbook composition, de-branded; season/gender/longevity/sillage normalised; mood & occasion derived from the profile's accords via questionnaire.csv (Q3 / Q1)",workbook + derived
P000032,Citrus Aromatic No. 7,Citrus Aromatic,musky; citrus; aromatic; green; powdery; fresh spicy; herbal; white floral; woody,Bergamot; Neroli,Bergamot; Neroli,Petitgrain,Petitgrain,Musk (Synthetic),White Musk,Unisex,Spring; Summer,Day,Temperate; Hot,moderate,moderate,Fresh and clean; Warm and cosy,"Sport and the outdoors; Every day, work or study",Soapy-clean citrus-aromatic with airy musk; minimalist and addictive.,"workbook composition, de-branded; season/gender/longevity/sillage normalised; mood & occasion derived from the profile's accords via questionnaire.csv (Q3 / Q1)",workbook + derived
P000033,Citrus Aromatic No. 8,Citrus Aromatic,citrus; fresh spicy; aromatic; white floral; green; warm spicy; woody; fresh; soft spicy,Orange Blossom,Bergamot Coriander Pepper Orange Orange Blossom,Rose,Cardamom Jasmine Bulgarian Rose,Green Tea Woody Notes,Green Tea Woody Notes,Unisex,Spring; Summer,Day,Temperate; Hot,moderate,soft,Fresh and clean; Natural and earthy,"Sport and the outdoors; Every day, work or study",Elegant green tea and citrus over sheer woods; calming and refined.,"workbook composition, de-branded; season/gender/longevity/sillage normalised; mood & occasion derived from the profile's accords via questionnaire.csv (Q3 / Q1)",workbook + derived
P000034,Aromatic No. 1,Aromatic,fresh spicy; musky; citrus; green; aromatic; white floral; herbal; warm spicy; fresh; powdery,Tea Artemisia Bergamot Orange Blossom Bitter Orange,Tea Artemisia Bergamot Orange Blossom Bitter Orange,Coriander,Pepper Cardamom Coriander,Rose,Musk Woody Notes Jasmine Amber Rose,Unisex,Spring; Fall,Day,Temperate,moderate,soft,Fresh and clean; Warm and cosy,Sport and the outdoors; Relaxing at home,"Soft white tea with aromatic musk; serene, intimate, and clean.","workbook composition, de-branded; season/gender/longevity/sillage normalised; mood & occasion derived from the profile's accords via questionnaire.csv (Q3 / Q1)",workbook + derived
P000035,Aromatic Aquatic No. 2,Aromatic Aquatic,marine; aromatic; aldehydic; aquatic; woody; fresh; amber; salty,Sea Notes Aldehydes Coriander Red Pepper,Sea Notes Aldehydes Coriander Red Pepper,Rose,Juniper Iris Amyl Salicylate Rose,Timber Silk,Seaweed Ambergris Cedar Amberwood,Unisex,Spring; Summer,Day,Temperate; Hot,moderate,moderate,Warm and cosy; Seductive,"Sport and the outdoors; Every day, work or study",Ozonic sea breeze with juniper and aromatics; airy maritime freshness.,"workbook composition, de-branded; season/gender/longevity/sillage normalised; mood & occasion derived from the profile's accords via questionnaire.csv (Q3 / Q1)",workbook + derived
P000036,Aromatic Green No. 2,Aromatic Green,fresh spicy; aromatic; citrus; green; warm spicy; herbal; patchouli,Bergamot,Bergamot,Geranium,Basil Geranium,Patchouli,Spices Patchouli,Unisex,Spring; Summer,Day,Temperate; Hot,weak,intimate,Natural and earthy; Fresh and clean,"Sport and the outdoors; Every day, work or study",Vibrant purple basil elevated by citrus and luminous florals; crisp and modern.,"workbook composition, de-branded; season/gender/longevity/sillage normalised; mood & occasion derived from the profile's accords via questionnaire.csv (Q3 / Q1)",workbook + derived
P000037,Aromatic No. 2,Aromatic,citrus; green; fruity; musky; woody; aromatic; powdery; fresh spicy; fresh; floral,Bergamot Mandarin Orange,Bergamot Mandarin Orange,Green Tea Black Currant,Green Tea Black Currant,Galbanum,Musk Sandalwood Petitgrain Galbanum,Unisex,Spring; Summer,Day,Temperate; Hot,moderate,moderate,Fresh and clean; Warm and cosy,"Sport and the outdoors; Every day, work or study",Cool tea and citrus over musky woods; alpine-clean elegance.,"workbook composition, de-branded; season/gender/longevity/sillage normalised; mood & occasion derived from the profile's accords via questionnaire.csv (Q3 / Q1)",workbook + derived
P000038,Citrus Aromatic No. 9,Citrus Aromatic,citrus; tropical; sweet; coconut; white floral; fruity; patchouli; vanilla; woody; musky,Bergamot,Tropical Fruits Lime Bergamot,Jasmine Absolute,Coconut Milk White Flowers Jasmine,Musk (Synthetic),Patchouli Tonka Bean White Musk,Unisex,Summer,Day,Hot,moderate,moderate,Warm and cosy; Sweet and playful,"Relaxing at home; Every day, work or study",Zesty lime and aromatic ginger with a breezy rum accord; vacation energy.,"workbook composition, de-branded; season/gender/longevity/sillage normalised; mood & occasion derived from the profile's accords via questionnaire.csv (Q3 / Q1)",workbook + derived
P000039,Aromatic Green No. 3,Aromatic Green,fresh spicy; aromatic; green; citrus; white floral; fresh; musky; herbal; woody; floral,Basil,Basil,Neroli,Neroli,Vetiver,White Musk Vetiver,Unisex,Spring; Summer,Day,Temperate; Hot,moderate,moderate,Fresh and clean; Warm and cosy,"Sport and the outdoors; Every day, work or study",Herbal basil weaves through luminous neroli and blossoms; fresh yet chic.,"workbook composition, de-branded; season/gender/longevity/sillage normalised; mood & occasion derived from the profile's accords via questionnaire.csv (Q3 / Q1)",workbook + derived
P000040,Citrus Aromatic No. 10,Citrus Aromatic,citrus; aromatic; fresh spicy; fresh; woody,Lemon Oil; Bergamot; Orange,Lemon; Bergamot; Orange,Neroli; Rosemary,Neroli; Rosemary,Tonka; Woods,Tonka; Woods,Unisex,Spring; Summer,Day,Temperate; Hot,weak,intimate,Fresh and clean,"Sport and the outdoors; Every day, work or study","Historic cologne: sparkling citrus and aromatic herbs with a gentle, elegant base.","workbook composition, de-branded; season/gender/longevity/sillage normalised; mood & occasion derived from the profile's accords via questionnaire.csv (Q3 / Q1)",workbook + derived
P000041,Citrus Aromatic No. 11,Citrus Aromatic,citrus; white floral; sweet; green; fresh spicy,Green Mandarin Orange Orange Peel Mandarin Leaf,Green Mandarin Orange Orange Peel Mandarin Leaf,Orange Blossom; Neroli,Orange Blossom; Neroli,Opoponax,Opoponax,Unisex,Spring; Summer,Day,Temperate; Hot,moderate,moderate,Fresh and clean; Sweet and playful,"Sport and the outdoors; Every day, work or study",Transparent mandarin infused with neroli and musks; airy and modern.,"workbook composition, de-branded; season/gender/longevity/sillage normalised; mood & occasion derived from the profile's accords via questionnaire.csv (Q3 / Q1)",workbook + derived
P000042,Aromatic Green No. 4,Aromatic Green,citrus; green; floral; aromatic; fresh spicy; woody; white floral; herbal,Lemon Verbena; Green Notes,Lemon Verbena; Green Notes,Galbanum; Jasmine Absolute,Galbanum; Jasmine,Cedar; Musk (Synthetic),Cedar; Musk,Women,Spring; Summer,Day,Temperate; Hot,moderate,soft,Fresh and clean; Natural and earthy,"Sport and the outdoors; Every day, work or study",Minimalist green-citrus with crisp galbanum and sheer woods; ultra-clean.,"workbook composition, de-branded; season/gender/longevity/sillage normalised; mood & occasion derived from the profile's accords via questionnaire.csv (Q3 / Q1)",workbook + derived
P000043,Citrus Aromatic No. 12,Citrus Aromatic,citrus; floral; white floral; aromatic; fresh spicy,Bergamot,Amalfi Lemon Bergamot,Neroli Magnolia,Neroli Magnolia,Musk (Synthetic),Jasmine Iris Musk,Women,Spring; Summer,Day,Temperate; Hot,moderate,moderate,Fresh and clean; Elegant and classic,"Sport and the outdoors; Every day, work or study","Sparkling, dewy citrus with green florals and elegant vetiver.","workbook composition, de-branded; season/gender/longevity/sillage normalised; mood & occasion derived from the profile's accords via questionnaire.csv (Q3 / Q1)",workbook + derived
P000044,Woody Aromatic No. 14,Woody Aromatic,citrus; woody; fresh spicy; aromatic; white floral; powdery,Pear,Bergamot Citruses Green Mandarin Fig Pear,Cardamom Lily Jasmine Narcissus,Cardamom Lily Jasmine Narcissus,Sandalwood,Virginia Cedar Musk Olive Tree Sandalwood,Women,Spring; Summer,Day,Temperate; Hot,moderate,moderate,Fresh and clean,"Sport and the outdoors; Every day, work or study",Crisp Mediterranean citrus and greens over aromatic woods; energetic and bright.,"workbook composition, de-branded; season/gender/longevity/sillage normalised; mood & occasion derived from the profile's accords via questionnaire.csv (Q3 / Q1)",workbook + derived
P000045,Aromatic Aquatic No. 3,Aromatic Aquatic,rose; citrus; woody; fruity; floral; musky; amber; sweet,Pear,Mandarin Orange Pear,Rose,Rose,Cashmere Wood,Cashmere Wood,Women,Summer,Day,Hot,moderate,moderate,Warm and cosy; Sweet and playful,"Every day, work or study; Evenings out",Oceanic freshness with watery florals and clean aromatics; breezy classic.,"workbook composition, de-branded; season/gender/longevity/sillage normalised; mood & occasion derived from the profile's accords via questionnaire.csv (Q3 / Q1)",workbook + derived
P000046,Citrus Aromatic No. 13,Citrus Aromatic,citrus; green; aromatic; fresh spicy; fresh,Lemon Bergamot Mint Orange Peel Rhubarb,Lemon Bergamot Mint Orange Peel Rhubarb,Jasmine Musk Oakmoss Fennel Carnation White Amber,Jasmine Musk Oakmoss Fennel Carnation White Amber,Green Tea Jasmine Musk Oakmoss Celery Seeds Caraway Cloves Amber,Green Tea Jasmine Musk Oakmoss Celery Seeds Caraway Cloves Amber,Women,Spring; Summer,Day,Temperate; Hot,weak,moderate,Fresh and clean; Natural and earthy,"Sport and the outdoors; Every day, work or study",Uplifting citrus-tea with minty aromatics; effortless daily freshness.,"workbook composition, de-branded; season/gender/longevity/sillage normalised; mood & occasion derived from the profile's accords via questionnaire.csv (Q3 / Q1)",workbook + derived
P000047,Citrus Aromatic No. 14,Citrus Aromatic,green; citrus; musky; aromatic; powdery; fresh spicy; fruity; floral; yellow floral; sweet,Neroli,Lime Mint Black Currant Neroli,Rose,Green Notes Mimosa Rose,Musk (Synthetic),White Musk,Unisex,Spring; Summer,Day,Temperate; Hot,moderate,moderate,Sweet and playful; Fresh and clean,Sport and the outdoors; Relaxing at home,Airy lime-mint and blackcurrant over clean musks; serene and luminous.,"workbook composition, de-branded; season/gender/longevity/sillage normalised; mood & occasion derived from the profile's accords via questionnaire.csv (Q3 / Q1)",workbook + derived
P000048,Citrus Aromatic No. 15,Citrus Aromatic,citrus; white floral; aromatic; fresh spicy; fresh,Citruses Bergamot Lemon Verbena Petitgrain Tarragon,Citruses Bergamot Lemon Verbena Petitgrain Tarragon,Neroli Orange Blossom Egyptian Pelargonium,Neroli Orange Blossom Egyptian Pelargonium,Beeswax White Musk Cedar,Beeswax White Musk Cedar,Unisex,Spring; Summer,Day,Temperate; Hot,moderate,moderate,Fresh and clean,"Sport and the outdoors; Every day, work or study",Classic neroli with petitgrain’s green bite and a soft musky base.,"workbook composition, de-branded; season/gender/longevity/sillage normalised; mood & occasion derived from the profile's accords via questionnaire.csv (Q3 / Q1)",workbook + derived
P000049,Citrus Aromatic No. 16,Citrus Aromatic,citrus; aromatic; floral; fresh spicy; green; fruity; tropical; powdery; herbal; sweet,Grapefruit Green Mango Tomato Carrot,Grapefruit Green Mango Tomato Carrot,Lotus Bulrush Orange Hiacynth Peony,Lotus Bulrush Orange Hiacynth Peony,Cinnamon,Musk Iris Incense Labdanum Cinnamon,Unisex,Spring; Summer,Day,Temperate; Hot,moderate,moderate,Sweet and playful; Fresh and clean,Sport and the outdoors; Relaxing at home,Lush green-citrus voyage with airy aromatics and transparent woods.,"workbook composition, de-branded; season/gender/longevity/sillage normalised; mood & occasion derived from the profile's accords via questionnaire.csv (Q3 / Q1)",workbook + derived
P000050,Citrus Aromatic No. 17,Citrus Aromatic,citrus; fresh spicy; green; aromatic; fresh; sweet,Clementine Bitter Orange Orange Blossom Green Tea Ivy,Clementine Bitter Orange Orange Blossom Green Tea Ivy,Mandarin Orange Basil Chamomile Peony,Mandarin Orange Basil Chamomile Peony,Sandalwood Amber,Sandalwood Amber,Women,Spring; Summer,Day,Temperate; Hot,moderate,moderate,Fresh and clean; Sweet and playful,"Sport and the outdoors; Every day, work or study",Juicy mandarin paired with aromatic basil and tea; sparkling and joyful.,"workbook composition, de-branded; season/gender/longevity/sillage normalised; mood & occasion derived from the profile's accords via questionnaire.csv (Q3 / Q1)",workbook + derived
P000051,Aromatic Green No. 5,Aromatic Green,green; aromatic; white floral; fresh spicy; citrus; woody; floral; herbal; fresh,Mint Bergamot Chamomile Coriander Cardamom Black Currant,Mint Bergamot Chamomile Coriander Cardamom Black Currant,Rose,Jasmine Orange Blossom Lily-of-the-Valley Ylang-Ylang May Rose,Guaiacwood,Tea Vetiver Cedar Musk Dried Plum Guaiac Wood,Unisex,Spring; Summer,Day,Temperate; Hot,moderate,soft,Fresh and clean; Natural and earthy,"Sport and the outdoors; Every day, work or study",Cooling mint and basil with herbal depth; crisp and refreshing.,"workbook composition, de-branded; season/gender/longevity/sillage normalised; mood & occasion derived from the profile's accords via questionnaire.csv (Q3 / Q1)",workbook + derived
P000052,Floral Chypre No. 1,Floral Chypre,citrus; woody; patchouli; sweet; white floral; rose; earthy; vanilla; warm spicy; yellow floral,Orange Blossom,Orange Mandarin Orange Bergamot Orange Blossom,Turkish Rose Jasmine Mimosa Ylang-Ylang,Turkish Rose Jasmine Mimosa Ylang-Ylang,Opoponax,Patchouli White Musk Vanilla Vetiver Tonka Bean Opoponax,Women,Spring; Summer; Fall; Winter,Day; Night,Temperate; Hot; Cold,long lasting,strong,Warm and cosy; Sweet and playful,Evenings out; Sport and the outdoors,"A crisp silk scarf fluttering through a Parisian breeze — elegant, rebellious, and endlessly modern.","workbook composition, de-branded; season/gender/longevity/sillage normalised; mood & occasion derived from the profile's accords via questionnaire.csv (Q3 / Q1)",workbook + derived
P000053,Floral No. 1,Floral,white floral; tuberose; floral; animalic; green,Jasmine Absolute,Jasmine,Tuberose,Tuberose,Rangoon Creeper,Rangoon Creeper,Women,Spring; Summer,Day,Temperate; Hot,moderate,moderate,Seductive; Natural and earthy,Sport and the outdoors; A special occasion,"A secret garden at twilight, where vines twist and blossoms whisper stories of wild femininity.","workbook composition, de-branded; season/gender/longevity/sillage normalised; mood & occasion derived from the profile's accords via questionnaire.csv (Q3 / Q1)",workbook + derived
P000054,Floral Fruity No. 1,Floral Fruity,white floral; floral; fruity; sweet; fresh; aquatic; citrus; powdery; tuberose; ozonic,Bergamot,Pear Melon Magnolia Peach Mandarin Orange Bergamot,Plum,Jasmine Lily-of-the-Valley Tuberose Freesia Rose Orchid Violet Plum,Musk Vanilla Cedar Blackberry,Musk Vanilla Cedar Blackberry,Women,Spring; Summer; Fall,Day; Night,Temperate; Hot,moderate,moderate,Sweet and playful; Fresh and clean,Sport and the outdoors; Relaxing at home,"Golden light pouring through cathedral windows — radiant, graceful, and impossibly refined.","workbook composition, de-branded; season/gender/longevity/sillage normalised; mood & occasion derived from the profile's accords via questionnaire.csv (Q3 / Q1)",workbook + derived
P000055,Floral Oriental No. 1,Floral Oriental,floral; patchouli; white floral; woody; powdery; citrus; sweet; musky; warm spicy; rose,Osmanthus,Tea Bergamot Osmanthus,Orchid Jasmine Rose Freesia African Orange Flower,Orchid Jasmine Rose Freesia African Orange Flower,Vanilla,Patchouli Musk Vanilla,Women,Spring; Fall; Winter,Day; Night,Temperate; Cold,long lasting,moderate,Warm and cosy; Sweet and playful,"Relaxing at home; Every day, work or study","A velvet explosion of petals in a gilded ballroom — decadent, dramatic, and unapologetically bold.","workbook composition, de-branded; season/gender/longevity/sillage normalised; mood & occasion derived from the profile's accords via questionnaire.csv (Q3 / Q1)",workbook + derived
P000056,Floral Fruity No. 2,Floral Fruity,white floral; ozonic; powdery; violet; citrus; aquatic; fruity; sweet; woody; musky,Strawberry Furanone; Violet Leaf; Grapefruit,Strawberry; Violet Leaf; Blood Grapefruit,Gardenia; Jasmine Absolute; Ionone Alpha,Gardenia; Jasmine; Violet,Musk (Synthetic); White Woods; Vanilla,Musk; White Woods; Vanilla,Women,Spring; Summer,Day,Temperate; Hot,moderate,moderate,Sweet and playful; Warm and cosy,Sport and the outdoors; Relaxing at home,"A carefree laugh in a sun-drenched meadow — youthful, playful, and kissed by spring.","workbook composition, de-branded; season/gender/longevity/sillage normalised; mood & occasion derived from the profile's accords via questionnaire.csv (Q3 / Q1)",workbook + derived
P000057,Floral Woody Musk No. 1,Floral Woody Musk,woody; rose; fresh spicy; aromatic; musky; amber; earthy; powdery; oud,Rose; Cumin,Rose; Cumin,Vetiver; Cedar; Rose,Vetiver; Cedar; Rose,Labdanum,Musk Guaiac Wood Agarwood (Oud) Olibanum Labdanum,Unisex,Spring; Fall,Day; Night,Temperate,long lasting,moderate,Warm and cosy; Seductive,"Every day, work or study; Relaxing at home","A rose with secrets — shadowed, smoldering, and wrapped in mystery.","workbook composition, de-branded; season/gender/longevity/sillage normalised; mood & occasion derived from the profile's accords via questionnaire.csv (Q3 / Q1)",workbook + derived
P000058,Floral No. 2,Floral,white floral; green; tuberose; musky; amber; animalic; powdery,Angelica; Lemon Oil; Cranberry,Angelica; Lemon; Cranberry,Jasmine Sambac; Tuberose; Rose Petals,Jasmine Sambac; Tuberose; Rose Petals,Ambergris; Suede,Ambergris; Suede,Unisex,Spring; Summer,Day; Night,Temperate; Hot,moderate,moderate,Seductive; Warm and cosy,Relaxing at home; A special occasion,"A ceremonial garland worn at dawn — luminous, spiritual, and steeped in tradition.","workbook composition, de-branded; season/gender/longevity/sillage normalised; mood & occasion derived from the profile's accords via questionnaire.csv (Q3 / Q1)",workbook + derived
P000059,Floral No. 3,Floral,rose; powdery; floral; citrus; violet; musky; woody; fresh spicy,Pear,Calabrian bergamot Litchi Pear,Bulgarian Rose Grasse Rose Violet Sweet Pea,Bulgarian Rose Grasse Rose Violet Sweet Pea,Cedar; Musk (Synthetic),Cedar; Musk,Unisex,Spring; Summer,Day; Night,Temperate; Hot,moderate,moderate,Fresh and clean; Warm and cosy,"Every day, work or study; Sport and the outdoors","A ballet of grace and light — poised, airy, and effortlessly romantic.","workbook composition, de-branded; season/gender/longevity/sillage normalised; mood & occasion derived from the profile's accords via questionnaire.csv (Q3 / Q1)",workbook + derived
P000060,Floral Fruity No. 3,Floral Fruity,rose; fruity; floral; fresh spicy; aromatic; musky; citrus; woody; tropical; powdery,Bergamot,Litchi Black Currant Bergamot,Jasmine Absolute,Rose Geranium Jasmine,Musk White Honey Virginia Cedar,Musk White Honey Virginia Cedar,Unisex,Spring,Day; Night,Temperate,moderate,soft,Fresh and clean; Warm and cosy,"Every day, work or study; Sport and the outdoors","A morning stroll through dew-laced petals — delicate, poetic, and quietly enchanting.","workbook composition, de-branded; season/gender/longevity/sillage normalised; mood & occasion derived from the profile's accords via questionnaire.csv (Q3 / Q1)",workbook + derived
P000061,Floral Oriental No. 2,Floral Oriental,floral; earthy; gourmand,Truffle; Ylang-Ylang; Bergamot; Blackcurrant,Truffle; Ylang-Ylang; Bergamot; Blackcurrant,Orchid; Lotus Wood; Fruity Notes,Orchid; Lotus Wood; Fruity Notes,Patchouli; Incense; Vanilla; Vetiver,Patchouli; Incense; Vanilla; Vetiver,Unisex,Fall; Winter,Day; Night,Temperate; Cold,long lasting,strong,Sweet and playful; Natural and earthy,,"A forbidden bloom in a velvet box — dark, hypnotic, and dripping with desire.","workbook composition, de-branded; season/gender/longevity/sillage normalised; mood & occasion derived from the profile's accords via questionnaire.csv (Q3 / Q1)",workbook + derived
P000062,Floral Woody Musk No. 2,Floral Woody Musk,musky; rose; powdery; woody; patchouli; warm spicy; fruity; amber; floral; sweet,Peach,Rose Peach,Musk (Synthetic); Amber,Musk; Amber,Sandalwood,Patchouli Sandalwood,Women,Spring; Fall; Winter,Day; Night,Temperate; Cold,moderate,moderate,Warm and cosy; Sweet and playful,Evenings out; Relaxing at home,"A soft whisper behind silk curtains — intimate, powdery, and endlessly magnetic.","workbook composition, de-branded; season/gender/longevity/sillage normalised; mood & occasion derived from the profile's accords via questionnaire.csv (Q3 / Q1)",workbook + derived
P000063,Floral No. 4,Floral,floral; rose; fresh; leather; fruity; musky,Apple,Red Apple,Peony; Jasmine Absolute; Carnation; Rose,Peony; Jasmine; Carnation; Rose,Suede,Suede,Women,Spring; Summer,Day,Temperate; Hot,moderate,moderate,Warm and cosy; Sweet and playful,"Every day, work or study; Sport and the outdoors","A flirtatious smile at a garden party — charming, polished, and full of mischief.","workbook composition, de-branded; season/gender/longevity/sillage normalised; mood & occasion derived from the profile's accords via questionnaire.csv (Q3 / Q1)",workbook + derived
P000064,Floral No. 5,Floral,floral; rose; fresh; fruity; white floral,Peony; Freesia; Litchi,Peony; Freesia; Litchi,Rose; Florol; Magnolia,Rose; Lily-of-the-Valley; Magnolia,Cedar; Amber,Cedar; Amber,Women,Spring; Fall,Day,Temperate,moderate,moderate,Sweet and playful; Fresh and clean,"Sport and the outdoors; Every day, work or study","A linen dress billowing in the breeze — fresh, feminine, and effortlessly graceful.","workbook composition, de-branded; season/gender/longevity/sillage normalised; mood & occasion derived from the profile's accords via questionnaire.csv (Q3 / Q1)",workbook + derived
P000065,Floral Fruity No. 4,Floral Fruity,white floral; fresh; musky; fruity; green; sweet; aquatic; powdery; soapy,Musk (Synthetic),Lily-of-the-Valley Pear Musk,Musk (Synthetic),Lily-of-the-Valley Pear Musk,Musk (Synthetic),Lily-of-the-Valley Pear Musk,Unisex,Spring,Day,Temperate,moderate,soft,Sweet and playful; Fresh and clean,Sport and the outdoors; Relaxing at home,"A stroll through blooming trees after rain — tender, luminous, and full of quiet joy.","workbook composition, de-branded; season/gender/longevity/sillage normalised; mood & occasion derived from the profile's accords via questionnaire.csv (Q3 / Q1)",workbook + derived
P000066,Floral No. 6,Floral,rose; musky; fruity; sweet; white floral; powdery; floral; citrus; aquatic; vanilla,Bergamot; Pear; Pink Pepper,Bergamot; Pear; Pink Pepper,Rose; Jasmine Absolute,Rose; Jasmine,Musk (Synthetic); Vanilla; Cedar; Patchouli,White Musk; Vanilla; Cedar; patchouli,Women,Spring; Summer,Day,Temperate; Hot,moderate,moderate,Warm and cosy; Sweet and playful,Relaxing at home; Sport and the outdoors,"A modern muse in motion — sleek, radiant, and unapologetically optimistic.","workbook composition, de-branded; season/gender/longevity/sillage normalised; mood & occasion derived from the profile's accords via questionnaire.csv (Q3 / Q1)",workbook + derived
P000067,Floral Woody Musk No. 3,Floral Woody Musk,rose; floral; woody; musky; powdery; fresh; fresh spicy; white floral,Bergamot,Rose Musk Pomegranate Bergamot,Peach,Damask Rose Peony Jasmine Peach,Vanilla,Musk Sandalwood Olibanum Vanilla,Women,Spring; Fall,Day,Temperate,moderate,moderate,Warm and cosy; Seductive,"Every day, work or study; Relaxing at home","A rose carved in gold — regal, luminous, and steeped in sensuality.","workbook composition, de-branded; season/gender/longevity/sillage normalised; mood & occasion derived from the profile's accords via questionnaire.csv (Q3 / Q1)",workbook + derived
P000068,Floral No. 7,Floral,white floral; tuberose; green; aromatic; animalic,Pepper; Rhubarb; Coriander,Pepper; Rhubarb; Coriander,Gardenia Tuberose Jasmine Lily-of-the-Valley Carnation,Gardenia Tuberose Jasmine Lily-of-the-Valley Carnation,Amber Incense Opoponax Vetiver Leather,Amber Incense Opoponax Vetiver Leather,Women,Spring; Summer,Day,Temperate; Hot,very long lasting,strong,Seductive; Natural and earthy,"Sport and the outdoors; Every day, work or study","A white veil in a cathedral breeze — pure, sacred, and hauntingly beautiful.","workbook composition, de-branded; season/gender/longevity/sillage normalised; mood & occasion derived from the profile's accords via questionnaire.csv (Q3 / Q1)",workbook + derived
P000069,Floral No. 8,Floral,woody; coconut; camphor; white floral; sweet; musky; aromatic; tuberose; citrus; ozonic,Galbanum,Eucalyptus Melon Bergamot Galbanum,Orange Blossom,Coconut Tuberose Jasmine Ylang-Ylang Orange Blossom,White Musk Animal notes Amber,White Musk Animal notes Amber,Unisex,Spring; Summer,Day; Night,Temperate; Hot,long lasting,strong,Fresh and clean; Warm and cosy,"Sport and the outdoors; Every day, work or study","A forbidden bloom in moonlight — lush, narcotic, and dangerously seductive.","workbook composition, de-branded; season/gender/longevity/sillage normalised; mood & occasion derived from the profile's accords via questionnaire.csv (Q3 / Q1)",workbook + derived
P000070,Floral No. 9,Floral,rose; woody; fruity; nutty; floral; citrus; sweet; powdery; musky; aromatic,Cinnamon,Hazelnut Tangerine Almond Cinnamon,Geranium,May Rose Rose Oil Rose Black Currant Red Lily Plum Geranium,Musk Woody Notes Violet Vetiver Orris Root,Musk Woody Notes Violet Vetiver Orris Root,Women,Spring; Fall,Day,Temperate,moderate,moderate,Sweet and playful; Fresh and clean,"Every day, work or study; Sport and the outdoors","A rose reborn in a forgotten manor — crisp, noble, and steeped in heritage.","workbook composition, de-branded; season/gender/longevity/sillage normalised; mood & occasion derived from the profile's accords via questionnaire.csv (Q3 / Q1)",workbook + derived
P000071,Floral Aquatic No. 1,Floral Aquatic,marine; rose; salty; aromatic; aquatic; musky; sand,Rose Sea water Sea Salt Seaweed Musk Pink Pepper Sand Woody Notes,Rose Sea water Sea Salt Seaweed Musk Pink Pepper Sand Woody Notes,Rose Sea water Sea Salt Seaweed Musk Pink Pepper Sand Woody Notes,Rose Sea water Sea Salt Seaweed Musk Pink Pepper Sand Woody Notes,Rose Sea water Sea Salt Seaweed Musk Pink Pepper Sand Woody Notes,Rose Sea water Sea Salt Seaweed Musk Pink Pepper Sand Woody Notes,Unisex,Spring; Summer,Day,Temperate; Hot,moderate,moderate,Warm and cosy; Seductive,"Sport and the outdoors; Every day, work or study","A sea breeze through a rose garden — windswept, crystalline, and quietly surreal.","workbook composition, de-branded; season/gender/longevity/sillage normalised; mood & occasion derived from the profile's accords via questionnaire.csv (Q3 / Q1)",workbook + derived
P000072,Floral Aldehyde No. 1,Floral Aldehyde,vanilla; aldehydic; powdery; floral; fresh; balsamic; woody; musky; sweet; amber,Aldehyde C-11; Bergamot; Pink Pepper,Aldehydes; Bergamot; Pink Pepper,Heliotrope; Hawthorn; Florol,Heliotrope; Hawthorn; Lily-of-the-Valley,Sandalwood,Vanilla Ambrette (Musk Mallow) Peru Balsam Sandalwood,Women,Spring; Fall; Winter,Day,Temperate; Cold,moderate,moderate,Warm and cosy; Seductive,"Relaxing at home; Every day, work or study","A silver sheath over bare skin — cool, polished, and quietly provocative.","workbook composition, de-branded; season/gender/longevity/sillage normalised; mood & occasion derived from the profile's accords via questionnaire.csv (Q3 / Q1)",workbook + derived
P000073,Floral No. 10,Floral,tuberose; white floral; animalic; green,African Orange Flower; Rose; Iris (Orris),African Orange Flower; Rose; Iris,Tuberose,Tuberose,Benzoin; Musk (Synthetic),Benzoin; Musk,Unisex,Spring; Summer,Day; Night,Temperate; Hot,moderate,moderate,Seductive; Natural and earthy,Sport and the outdoors; A special occasion,"A memory of coastal winds and temple incense — nostalgic, serene, and dreamlike.","workbook composition, de-branded; season/gender/longevity/sillage normalised; mood & occasion derived from the profile's accords via questionnaire.csv (Q3 / Q1)",workbook + derived
P000074,Floral Fruity No. 5,Floral Fruity,white floral; floral; sweet; fruity; patchouli; lactonic; citrus; fresh,Mandarin,Pear Blossom Red Berries Italian Mandarin,Gardenia Jasmine Frangipani,Gardenia Jasmine Frangipani,Patchouli,Brown sugar Patchouli,Women,Spring; Summer,Day,Temperate; Hot,moderate,moderate,Sweet and playful; Fresh and clean,"Sport and the outdoors; Every day, work or study","A pastel daydream in bloom — joyful, whimsical, and dipped in sweetness.","workbook composition, de-branded; season/gender/longevity/sillage normalised; mood & occasion derived from the profile's accords via questionnaire.csv (Q3 / Q1)",workbook + derived
P000075,Floral No. 11,Floral,white floral; tuberose; fruity; woody; animalic,Jasmine Sambac; Honeysuckle,Jasmine Sambac; Honeysuckle,Jasmine Egypt Infusion; Tuberose,Jasmine Egypt Infusion; Tuberose,Sandalwood; Ambrox,Sandalwood; Ambrox,Women,Spring; Summer,Day,Temperate; Hot,moderate,moderate,Sweet and playful; Seductive,"Every day, work or study; A special occasion","A silk robe on sun-warmed skin — graceful, luminous, and quietly sensual.","workbook composition, de-branded; season/gender/longevity/sillage normalised; mood & occasion derived from the profile's accords via questionnaire.csv (Q3 / Q1)",workbook + derived
P000076,Floral Fruity No. 6,Floral Fruity,rose; floral; fruity; fresh; musky; green; aromatic; powdery; tropical; woody,Nutmeg,Litchi Rhubarb Bergamot Nutmeg,Vanilla,Turkish Rose Peony Musk Petalia Vanilla,Haitian Vetiver,Cashmeran Incense Cedar Haitian Vetiver,Women,Spring; Summer; Fall,Night,Temperate; Hot,long lasting,strong,Warm and cosy; Sweet and playful,"Every day, work or study; Sport and the outdoors","A porcelain doll with a hidden flame — delicate, dazzling, and fiercely feminine.","workbook composition, de-branded; season/gender/longevity/sillage normalised; mood & occasion derived from the profile's accords via questionnaire.csv (Q3 / Q1)",workbook + derived
P000077,Floral Green No. 1,Floral Green,citrus; aromatic; floral; fresh spicy; green; fruity; tropical; powdery; herbal; sweet,Grapefruit Green Mango Tomato Carrot,Grapefruit Green Mango Tomato Carrot,Lotus Bulrush Orange Hiacynth Peony,Lotus Bulrush Orange Hiacynth Peony,Cinnamon,Musk Iris Incense Labdanum Cinnamon,Unisex,Spring; Summer,Day,Temperate; Hot,moderate,moderate,Sweet and playful; Fresh and clean,Sport and the outdoors; Relaxing at home,"A watercolor sketch of a riverside garden — breezy, serene, and full of wonder.","workbook composition, de-branded; season/gender/longevity/sillage normalised; mood & occasion derived from the profile's accords via questionnaire.csv (Q3 / Q1)",workbook + derived
P000078,Floral Green No. 2,Floral Green,white floral; floral; tuberose; green; rose,Green Leaves; Freesia,Green Leaves; Freesia,Tuberose Jasmine Sambac Egyptian Jasmine Rose de Mai,Tuberose Jasmine Sambac Egyptian Jasmine Rose de Mai,Peach; Cedar; Oakmoss,Peach; Cedar; Oakmoss,Women,Spring,Day; Night,Temperate,moderate,moderate,Natural and earthy; Elegant and classic,Sport and the outdoors; A special occasion,"Buckets of blooms in a morning market — dewy, bustling, and full of life.","workbook composition, de-branded; season/gender/longevity/sillage normalised; mood & occasion derived from the profile's accords via questionnaire.csv (Q3 / Q1)",workbook + derived
P000079,Amber Floral No. 1,Amber Floral,vanilla; fruity; sweet; powdery; aquatic; aromatic; amber; woody; fresh; flora,Pear; Bergamot,Pear; Bergamot,Floral Notes; leather,Floral Notes; leather,Vanilla; Vetiver; Amber; Musk (Synthetic),Vanilla; Vetiver; Amber; musk,Women,Fall; Winter,Day; Night,Temperate; Cold,long lasting,strong,Warm and cosy; Sweet and playful,Sport and the outdoors; Relaxing at home,"A siren in a crimson corset — sultry, addictive, and impossible to ignore.","workbook composition, de-branded; season/gender/longevity/sillage normalised; mood & occasion derived from the profile's accords via questionnaire.csv (Q3 / Q1)",workbook + derived
P000080,Floral Fruity No. 7,Floral Fruity,fruity; sweet; rose; musky; woody; powdery; amber; white floral; fresh; floral,Pear Strawberry Cassis,Pear Strawberry Cassis,Turkish Rose Jasmine Sambac Lorenox,Turkish Rose Jasmine Sambac Lorenox,Musk Amber Cedar,Musk Amber Cedar,Women,Spring; Summer,Day,Temperate; Hot,moderate,moderate,Warm and cosy; Sweet and playful,"Every day, work or study; Relaxing at home","A spring morning in Budapest — elegant, airy, and full of quiet charm.","workbook composition, de-branded; season/gender/longevity/sillage normalised; mood & occasion derived from the profile's accords via questionnaire.csv (Q3 / Q1)",workbook + derived
P000081,Floral No. 12,Floral,white floral; sweet; vanilla; coconut; yellow floral; fruity,Tiare Flower,Tiare Flower,Jasmine Absolute; Rose,Jasmine; Rose,Vanilla; Ylang-Ylang,Vanilla; Ylang-Ylang,Unisex,Summer,Day,Hot,very long lasting,strong,Sweet and playful; Warm and cosy,Relaxing at home; Evenings out,"A tropical crown of petals — radiant, exotic, and sun-drenched with indulgence.","workbook composition, de-branded; season/gender/longevity/sillage normalised; mood & occasion derived from the profile's accords via questionnaire.csv (Q3 / Q1)",workbook + derived
P000082,Floral Oriental No. 3,Floral Oriental,warm spicy; earthy; woody; sweet; amber; patchouli; floral; chocolate; powdery; balsamic,Truffle Gardenia Black Currant Ylang-Ylang Jasmine Bergamot Amalfi Lemon Mandarin Orange,Truffle Gardenia Black Currant Ylang-Ylang Jasmine Bergamot Amalfi Lemon Mandarin Orange,Lotus,Orchid Spices Gardenia Fruity Notes Ylang-Ylang Jasmine Lotus,Musk (Synthetic),Mexican chocolate Patchouli Vanille Incense Amber Sandalwood Vetiver White Musk,Men,Fall; Winter,Night,Temperate; Cold,long lasting,strong,Warm and cosy; Sweet and playful,Evenings out; Relaxing at home,"A forbidden bloom in a velvet box — dark, hypnotic, and dripping with desire.","workbook composition, de-branded; season/gender/longevity/sillage normalised; mood & occasion derived from the profile's accords via questionnaire.csv (Q3 / Q1)",workbook + derived
P000083,Floral Fougère No. 1,Floral Fougère,aromatic; fresh spicy; warm spicy; lavender; woody; citrus; herbal,Bergamot,Cardamom Ginger Bergamot,Patchouli,Lavender Geranium Vetiver Patchouli,Vetiver,Cedar Vetiver,Men,Spring; Fall; Winter,Night,Temperate; Cold,moderate,moderate,Fresh and clean; Natural and earthy,"Sport and the outdoors; Every day, work or study","A midnight pulse under neon lights — charged, seductive, and alive with tension.","workbook composition, de-branded; season/gender/longevity/sillage normalised; mood & occasion derived from the profile's accords via questionnaire.csv (Q3 / Q1)",workbook + derived
P000084,Floral Woody No. 1,Floral Woody,floral; aromatic; amber; warm spicy; citrus; woody; powdery; soft spicy; fresh spicy; sweet,Bergamot,Coriander Cardamon Bergamot,Rose; Jasmine Absolute; Freesia,Rose; Jasmine; Freesia,Tolu Balsam Labdanum Cedar,Tolu Balsam Labdanum Cedar,Men,Spring; Fall,Day; Night,Temperate,moderate,moderate,Fresh and clean; Warm and cosy,Evenings out; Sport and the outdoors,"A tailored suit in a quiet café — understated, elegant, and quietly confident.","workbook composition, de-branded; season/gender/longevity/sillage normalised; mood & occasion derived from the profile's accords via questionnaire.csv (Q3 / Q1)",workbook + derived
P000085,Floral Oriental No. 4,Floral Oriental,white floral; aromatic; iris; fresh spicy; powdery; amber; herbal; woody; violet; soft spicy,Juniper Tarragon Artemisia,Juniper Tarragon Artemisia,Iris Lily Flax,Iris Lily Flax,Tobacco Blossom Amber,Tobacco Blossom Amber,Men,Fall; Winter,Day; Night,Temperate; Cold,moderate,moderate,Warm and cosy; Seductive,A special occasion; Sport and the outdoors,"A love letter folded in time — nostalgic, romantic, and softly mysterious.","workbook composition, de-branded; season/gender/longevity/sillage normalised; mood & occasion derived from the profile's accords via questionnaire.csv (Q3 / Q1)",workbook + derived
P000086,Floral Oriental No. 5,Floral Oriental,rose; citrus; musky; powdery; woody; fresh spicy; amber; floral; aromatic; warm spicy,Bergamot,Lime Bergamot,Galbanum,Rose Angelica Ginger Orange Blossom Saffron Nutmeg Galbanum,Vanilla,Musk Incense Pine Tree Sandalwood Vanilla,Men,Spring; Summer; Fall; Winter,Night,Temperate; Hot; Cold,very long lasting,strong,Warm and cosy; Seductive,"Every day, work or study; Sport and the outdoors","A crimson echo in a marble hall — regal, haunting, and steeped in mystique.","workbook composition, de-branded; season/gender/longevity/sillage normalised; mood & occasion derived from the profile's accords via questionnaire.csv (Q3 / Q1)",workbook + derived
P000087,Floral No. 13,Floral,rose; fruity; sweet; fresh spicy; warm spicy; aromatic; floral,Rose; Mint,Rose; Mint,Cinnamon; Clove,Cinnamon; Clove,Vetiver; Musk (Synthetic),Vetiver; Musk,Men,Spring; Fall,Day; Night,Temperate,moderate,moderate,Sweet and playful; Fresh and clean,Evenings out; Sport and the outdoors,"A rose dissected under moonlight — sharp, modern, and defiantly unconventional.","workbook composition, de-branded; season/gender/longevity/sillage normalised; mood & occasion derived from the profile's accords via questionnaire.csv (Q3 / Q1)",workbook + derived
P000088,Floral Woody Spicy No. 1,Floral Woody Spicy,warm spicy; ozonic; green; cinnamon; tobacco; aquatic; fresh; sweet; amber; citrus,Bergamot,Violet Leaf Bergamot,Black Tea Cinnamon Pimento,Black Tea Cinnamon Pimento,Tobacco Leaf Myrrh Musk Olive Tree,Tobacco Leaf Myrrh Musk Olive Tree,Men,Fall; Winter,Day; Night,Temperate; Cold,moderate,moderate,Fresh and clean; Warm and cosy,Sport and the outdoors; Evenings out,"A velvet lounge in twilight — smooth, contemplative, and quietly magnetic.","workbook composition, de-branded; season/gender/longevity/sillage normalised; mood & occasion derived from the profile's accords via questionnaire.csv (Q3 / Q1)",workbook + derived
P000089,Floral Fruity No. 8,Floral Fruity,rose; fruity; floral; fresh spicy; aromatic; musky; citrus; woody; tropical; powdery,Bergamot,Litchi Black Currant Bergamot,Jasmine Absolute,Rose Geranium Jasmine,Musk White Honey Virginia Cedar,Musk White Honey Virginia Cedar,Women,Spring; Summer,Day,Temperate; Hot,moderate,moderate,Fresh and clean; Warm and cosy,"Every day, work or study; Sport and the outdoors","A morning stroll through dew-laced petals — delicate, poetic, and quietly enchanting.","workbook composition, de-branded; season/gender/longevity/sillage normalised; mood & occasion derived from the profile's accords via questionnaire.csv (Q3 / Q1)",workbook + derived
P000090,Floral Aromatic No. 1,Floral Aromatic,aromatic; fresh spicy; green; warm spicy; rose; amber; anis; herbal; soft spicy; powdery,Basil,Mint Geranium Star Anise Basil,Clove Cinnamon Eucalyptus Lily of the Valley,Clove Cinnamon Eucalyptus Lily of the Valley,Ambroxan,Musk Sandalwood Incense Styrax Benzoin Ambroxan,Men,Spring; Summer,Day,Temperate; Hot,moderate,moderate,Warm and cosy; Seductive,Sport and the outdoors; Evenings out,"A crisp collar and a clean shave — classic, refreshing, and impeccably groomed.","workbook composition, de-branded; season/gender/longevity/sillage normalised; mood & occasion derived from the profile's accords via questionnaire.csv (Q3 / Q1)",workbook + derived
P000091,Floral Woody Musk No. 4,Floral Woody Musk,green; woody; citrus; amber; fresh spicy; fresh; leather; ozonic,Darjeeling Tea,Darjeeling Tea,Papyrus,Papyrus,Amber; Musk (Synthetic),Amber; Musk,Men,Spring; Fall; Winter,Day; Night,Temperate; Cold,moderate,moderate,Fresh and clean; Warm and cosy,"Sport and the outdoors; Every day, work or study","A quiet evening in a smoky library — refined, introspective, and effortlessly masculine.","workbook composition, de-branded; season/gender/longevity/sillage normalised; mood & occasion derived from the profile's accords via questionnaire.csv (Q3 / Q1)",workbook + derived
P000092,Amber Gourmand No. 1,Amber Gourmand,citrus; white floral; coffee; woody; warm spicy; fruity; sweet; fresh; patchouli; musky,Bergamot,Pear Coffee Lemon Bergamot,Orange Blossom,Jasmine Sambac Orange Blossom,Musk (Synthetic),Cedar Patchouli Musk,Women,Spring; Summer; Fall; Winter,Night,Temperate; Hot; Cold,moderate,moderate,Sweet and playful; Fresh and clean,"Every day, work or study; Sport and the outdoors","A midnight rendezvous in a velvet lounge — addictive, electric, and pulsing with desire.","workbook composition, de-branded; season/gender/longevity/sillage normalised; mood & occasion derived from the profile's accords via questionnaire.csv (Q3 / Q1)",workbook + derived
P000093,Oriental Gourmand No. 1,Oriental Gourmand,sweet; patchouli; fruity; warm spicy; caramel; vanilla; woody; honey; powdery; chocolate,Cotton Candy Coconut Cassis Melon Jasmine Bergamot Pineapple Mandarin Orange,Cotton Candy Coconut Cassis Melon Jasmine Bergamot Pineapple Mandarin Orange,Honey Red Berries Blackberry Plum Apricot Jasmine Peach Nutmeg Caraway Orchid Rose Lily-of-the-Valley,Honey Red Berries Blackberry Plum Apricot Jasmine Peach Nutmeg Caraway Orchid Rose Lily-of-the-Valley,Sandalwood,Patchouli Chocolate Caramel Vanilla Tonka Bean Amber Musk Sandalwood,Women,Winter,Night,Cold,very long lasting,enormous,Sweet and playful; Warm and cosy,Relaxing at home; Evenings out,"A cosmic dessert swirling through the stars — decadent, daring, and unforgettable.","workbook composition, de-branded; season/gender/longevity/sillage normalised; mood & occasion derived from the profile's accords via questionnaire.csv (Q3 / Q1)",workbook + derived
P000094,Gourmand No. 1,Gourmand,amber; sweet; woody; vanilla; warm spicy; powdery; musky; floral; patchouli,Jasmine Absolute,Vanilla Orchid Jasmine,Tonka Bean,Brown sugar Tonka Bean,Patchouli,Amber Amberwood Musk Patchouli,Women,Summer; Fall; Winter,Night,Hot; Temperate; Cold,moderate,moderate,Warm and cosy; Seductive,Relaxing at home; Evenings out,"A golden hour embrace — warm, comforting, and wrapped in indulgent softness.","workbook composition, de-branded; season/gender/longevity/sillage normalised; mood & occasion derived from the profile's accords via questionnaire.csv (Q3 / Q1)",workbook + derived
P000095,Amber Gourmand No. 2,Amber Gourmand,vanilla; fruity; sweet; powdery; aquatic; aromatic; amber; woody; fresh; floral,Pear; Bergamot,Pear; Bergamot,Floral Notes Leather,Floral Notes Leather,Musk (Synthetic),Vanilla Vetiver Amber Musk,Women,Summer; Fall; Winter,Night,Hot; Temperate; Cold,long lasting,moderate,Warm and cosy; Sweet and playful,Sport and the outdoors; Relaxing at home,"A siren in a crimson corset — sultry, addictive, and impossible to ignore.","workbook composition, de-branded; season/gender/longevity/sillage normalised; mood & occasion derived from the profile's accords via questionnaire.csv (Q3 / Q1)",workbook + derived
P000096,Oriental Gourmand No. 2,Oriental Gourmand,caramel; powdery; amber; sweet; vanilla; musky; warm spicy; balsamic,Caramel,Caramel,Musk (Synthetic),Powdery Notes Musk,Benzoin; Vanilla,Benzoin; Vanilla,Women,Fall; Winter,Day; Night,Temperate; Cold,moderate,moderate,Warm and cosy; Sweet and playful,Relaxing at home; Evenings out,"A sugar-spun daydream — playful, flirtatious, and wrapped in satin.","workbook composition, de-branded; season/gender/longevity/sillage normalised; mood & occasion derived from the profile's accords via questionnaire.csv (Q3 / Q1)",workbook + derived
P000097,Amber Gourmand No. 3,Amber Gourmand,warm spicy; tobacco; rum; cinnamon; woody; sweet,Rum,Rum,Cinnamon,Cinnamon,Tobacco; Vanilla,Tobacco; Vanilla,Unisex,Fall; Winter,Day; Night,Temperate; Cold,very long lasting,strong,Sweet and playful; Dark and mysterious,"Evenings out; Every day, work or study","A velvet lounge soaked in temptation — smoky, boozy, and dangerously smooth.","workbook composition, de-branded; season/gender/longevity/sillage normalised; mood & occasion derived from the profile's accords via questionnaire.csv (Q3 / Q1)",workbook + derived
P000098,Gourmand No. 2,Gourmand,sweet; almond; lactonic; vanilla; nutty; fruity; powdery; warm spicy; caramel,Saffron,Almond Milk Saffron,Vanilla,Toffee Bourbon Vanilla,Sandalwood; Musk (Synthetic),Sandalwood; Musk,Unisex,Fall; Winter,Night,Temperate; Cold,long lasting,moderate,Sweet and playful; Warm and cosy,Relaxing at home; Evenings out,"A pastry shop in a marble palace — rich, creamy, and utterly regal.","workbook composition, de-branded; season/gender/longevity/sillage normalised; mood & occasion derived from the profile's accords via questionnaire.csv (Q3 / Q1)",workbook + derived
P000099,Gourmand No. 3,Gourmand,warm spicy; cacao; amber; woody; vanilla; cinnamon; sweet; aromatic; powdery,Cinnamon,Cinnamon,Labdanum,Labdanum,Cacao Vanilla Vetiver Amber Benzoin Cedar,Cacao Vanilla Vetiver Amber Benzoin Cedar,Unisex,Fall; Winter,Night,Temperate; Cold,moderate,moderate,Warm and cosy; Sweet and playful,Evenings out; Relaxing at home,"A velvet truffle melting on the tongue — dark, spiced, and luxuriously smooth.","workbook composition, de-branded; season/gender/longevity/sillage normalised; mood & occasion derived from the profile's accords via questionnaire.csv (Q3 / Q1)",workbook + derived
P000100,Floral Gourmand No. 1,Floral Gourmand,sweet; white floral; vanilla; citrus; caramel; powdery; musky; animalic,Coriander,Neroli Bergamot Pink Pepper Coriander,Rose,Orange Blossom Honeysuckle Jasmine Marshmallow Iris Rose,Labdanum,Sugar Vanilla Caramel Musk Civet Labdanum,Women,Spring; Fall; Winter,Night,Temperate; Cold,moderate,moderate,Warm and cosy; Sweet and playful,Relaxing at home; Sport and the outdoors,"A candy-coated whisper — innocent, flirtatious, and dripping with charm.","workbook composition, de-branded; season/gender/longevity/sillage normalised; mood & occasion derived from the profile's accords via questionnaire.csv (Q3 / Q1)",workbook + derived
P000101,Gourmand No. 4,Gourmand,vanilla; cacao; warm spicy; sweet; citrus; coffee; powdery; fruity,Bitter Orange,Bitter Orange,Cacao,Cacao,Vanilla; Tonka Bean,Vanilla; Tonka Bean,Unisex,Winter,Day; Night,Cold,long lasting,strong,Sweet and playful; Warm and cosy,Relaxing at home; Evenings out,"A molten dessert in a velvet box — indulgent, rich, and unapologetically sweet.","workbook composition, de-branded; season/gender/longevity/sillage normalised; mood & occasion derived from the profile's accords via questionnaire.csv (Q3 / Q1)",workbook + derived
P000102,Gourmand No. 5,Gourmand,coffee; vanilla; sweet; lavender; woody; powdery; fruity; amber; aromatic; lactonic,Bergamot; Lavender,Bergamot; Lavender,Cappuccino Raspberry Jasmine Virginia Cedar Lily-of-the-Valley,Cappuccino Raspberry Jasmine Virginia Cedar Lily-of-the-Valley,Patchouli,Vanille Amber Sandalwood Patchouli,Men,Summer; Fall; Winter,Night,Hot; Temperate; Cold,moderate,moderate,Warm and cosy; Sweet and playful,"Relaxing at home; Every day, work or study","A café at dusk — smooth, aromatic, and quietly magnetic.","workbook composition, de-branded; season/gender/longevity/sillage normalised; mood & occasion derived from the profile's accords via questionnaire.csv (Q3 / Q1)",workbook + derived
P000103,Amber Gourmand No. 4,Amber Gourmand,warm spicy; sweet; amber; woody; caramel,Cardamom,Cardamom,Toffee,Toffee,Amber; Vanilla,Amber; Vanilla,Men,Fall; Winter,Night,Temperate; Cold,long lasting,strong,Sweet and playful; Warm and cosy,"Evenings out; Every day, work or study","A gambler’s grin under neon lights — daring, addictive, and impossible to resist.","workbook composition, de-branded; season/gender/longevity/sillage normalised; mood & occasion derived from the profile's accords via questionnaire.csv (Q3 / Q1)",workbook + derived
P000104,Amber Gourmand No. 5,Amber Gourmand,vanilla; fruity; sweet; aromatic; cinnamon; warm spicy; fresh spicy; lavender; powdery; green,Lemon Oil,Pear Lavender Mint Bergamot Lemon,Cinnamon Clary Sage Caraway,Cinnamon Clary Sage Caraway,Black Vanilla Husk Amber Patchouli Cedar,Black Vanilla Husk Amber Patchouli Cedar,Men,Fall; Winter,Night,Temperate; Cold,long lasting,enormous,Sweet and playful; Warm and cosy,Sport and the outdoors; Relaxing at home,"A rebel’s anthem — bold, playful, and dripping with confidence.","workbook composition, de-branded; season/gender/longevity/sillage normalised; mood & occasion derived from the profile's accords via questionnaire.csv (Q3 / Q1)",workbook + derived
P000105,Floral Gourmand No. 2,Floral Gourmand,citrus; sweet; fruity; caramel; white floral; woody,Orange Tangerine Grapefruit Black Currant,Orange Tangerine Grapefruit Black Currant,Sugar Peach Orange Blossom Jasmine Sambac,Sugar Peach Orange Blossom Jasmine Sambac,Musk (Synthetic),Caramel Cedar Guaiac Wood Musk,Women,Spring; Summer; Winter,Day; Night,Temperate; Hot; Cold,moderate,enormous,Sweet and playful; Fresh and clean,"Sport and the outdoors; Every day, work or study","A wrapped candy jewel — sparkling, indulgent, and irresistibly chic.","workbook composition, de-branded; season/gender/longevity/sillage normalised; mood & occasion derived from the profile's accords via questionnaire.csv (Q3 / Q1)",workbook + derived
P000106,Woody Gourmand No. 1,Woody Gourmand,woody; vanilla; balsamic; warm spicy; amber; powdery; nutty; musky; soft spicy; swe,Orange Blossom,Cloves Pink Pepper Orange Blossom,Chestnut Guaiac Wood Juniper,Chestnut Guaiac Wood Juniper,Cashmeran,Vanilla Peru Balsam Cashmeran,Unisex,Fall; Winter,Night,Temperate; Cold,long lasting,moderate,Warm and cosy; Seductive,Relaxing at home; Evenings out,"A fireside memory — warm, nostalgic, and wrapped in glowing embers.","workbook composition, de-branded; season/gender/longevity/sillage normalised; mood & occasion derived from the profile's accords via questionnaire.csv (Q3 / Q1)",workbook + derived
P000107,Amber Gourmand No. 6,Amber Gourmand,citrus; woody; aromatic; vanilla; fresh; fresh spicy; fruity; warm spicy; powdery; aquatic,Pink Pepper,Lemon Bergamot Ginger Melon Cardamom Water Notes Pink Pepper,Rose,Green Apple Black Currant Lavender Patchouli Sage Rose,Musk (Synthetic),Vanilla Sandalwood Cashmere Wood Cedar Ambergris White Musk,Unisex,Spring; Summer; Fall; Winter,Night,Temperate; Hot; Cold,long lasting,strong,Fresh and clean; Warm and cosy,Sport and the outdoors; Relaxing at home,"A storm breaking into sunlight — fiery, radiant, and endlessly captivating.","workbook composition, de-branded; season/gender/longevity/sillage normalised; mood & occasion derived from the profile's accords via questionnaire.csv (Q3 / Q1)",workbook + derived
P000108,Gourmand No. 6,Gourmand,vanilla; sweet; woody; coconut; powdery; soft spicy; beeswax; amber; balsamic; warm spicy,Coconut; Beeswax,Coconut; Beeswax,Vanilla; Licorice,Vanilla; Licorice,Musk (Synthetic),Black Licorice Sandalwood Tonka Bean Bitter Almond Benzoin Guaiac Wood Musk,Unisex,Fall; Winter,Day; Night,Temperate; Cold,long lasting,moderate,Warm and cosy; Sweet and playful,Evenings out; Relaxing at home,"A candlelit atelier — smoky, resinous, and steeped in artistry.","workbook composition, de-branded; season/gender/longevity/sillage normalised; mood & occasion derived from the profile's accords via questionnaire.csv (Q3 / Q1)",workbook + derived
P000109,Amber Gourmand No. 7,Amber Gourmand,vanilla; amber; woody; warm spicy; balsamic; rum; sweet; smoky; powdery; rose,Bergamot,Incense Pink Pepper Bergamot,Jasmine Absolute,Cedar Ylang-Ylang Rose Jasmine,Vanilla Benzoin Rum,Vanilla Benzoin Rum,Unisex,Fall; Winter,Day; Night,Temperate; Cold,long lasting,strong,Warm and cosy; Sweet and playful,Evenings out; Relaxing at home,"A golden chalice of sweetness — intoxicating, regal, and endlessly smooth.","workbook composition, de-branded; season/gender/longevity/sillage normalised; mood & occasion derived from the profile's accords via questionnaire.csv (Q3 / Q1)",workbook + derived
P000110,Amber Gourmand No. 8,Amber Gourmand,amber; almond; warm spicy; woody; musky; animalic; nutty; fruity; metallic; white floral,Almond; Saffron,Bitter Almond; Saffron,Egyptian Jasmine Virginia Cedar,Egyptian Jasmine Virginia Cedar,Cashmeran,Ambergris Woody Notes Musk Ambroxan Cashmeran,Unisex,Spring; Fall; Winter,Night,Temperate; Cold,very long lasting,enormous,Seductive; Warm and cosy,"Every day, work or study; Evenings out","A crystalline flame — radiant, addictive, and shimmering with luxury.","workbook composition, de-branded; season/gender/longevity/sillage normalised; mood & occasion derived from the profile's accords via questionnaire.csv (Q3 / Q1)",workbook + derived
P000111,Amber Gourmand No. 9,Amber Gourmand,warm spicy; amber; woody; smoky; fresh spicy; animalic; balsamic; aromatic; leather; musky,Grapefruit,Cognac Cumin Cardamom Saffron Nutmeg Ginger Grapefruit,Geranium,Myrrh Benzoin Cinnamon Labdanum Mastic or Lentisque Patchouli Geranium,Clary Sage,Animal notes Smoke Incense Leather Sandalwood Clary Sage,Men,Fall; Winter,Night,Temperate; Cold,very long lasting,enormous,Seductive; Warm and cosy,"Every day, work or study; Evenings out","A grand opera in velvet halls — dramatic, intoxicating, and unforgettable.","workbook composition, de-branded; season/gender/longevity/sillage normalised; mood & occasion derived from the profile's accords via questionnaire.csv (Q3 / Q1)",workbook + derived
P000112,Amber Gourmand No. 10,Amber Gourmand,amber; fresh spicy; sweet; aromatic; warm spicy; woody; smoky; fruity; balsamic; herbal,Bergamot,Black Pepper Basil Bergamot,Sage,Dates Geranium Sage,Sandalwood,Amber Incense Sandalwood,Men,Fall; Winter,Night,Temperate; Cold,long lasting,moderate,Sweet and playful; Warm and cosy,Evenings out; Sport and the outdoors,"A desert night under jeweled skies — mysterious, warm, and glowing with allure.","workbook composition, de-branded; season/gender/longevity/sillage normalised; mood & occasion derived from the profile's accords via questionnaire.csv (Q3 / Q1)",workbook + derived
P000113,Floral Gourmand No. 3,Floral Gourmand,sweet; white floral; warm spicy; vanilla; amber; cacao; woody; tuberose; almond; powdery,Lemon Oil,Almond Coffee Bergamot Lemon,Tuberose Jasmine Sambac Orange Blossom Bulgarian Rose Orris,Tuberose Jasmine Sambac Orange Blossom Bulgarian Rose Orris,Tonka Bean Cacao Vanilla Praline Sandalwood Musk Amber Cashmere Wood Patchouli Cinnamon Cedar,Tonka Bean Cacao Vanilla Praline Sandalwood Musk Amber Cashmere Wood Patchouli Cinnamon Cedar,Women,Spring; Fall; Winter,Night,Temperate; Cold,long lasting,moderate,Warm and cosy; Sweet and playful,Evenings out; Relaxing at home,"A stiletto strike in the dark — glamorous, daring, and unapologetically bold.","workbook composition, de-branded; season/gender/longevity/sillage normalised; mood & occasion derived from the profile's accords via questionnaire.csv (Q3 / Q1)",workbook + derived
P000114,Amber Gourmand No. 11,Amber Gourmand,vanilla; sweet; warm spicy; amber; woody; fresh spicy; alcohol; citrus; aromatic; cinnamon,Ginger Grapefruit Thyme Bergamot Green Accord,Ginger Grapefruit Thyme Bergamot Green Accord,Apple,Vanilla Liquor Cinnamon Leather Apple,Patchouli,Myrrh Sugar Cedar Woody Notes Cashmeran Patchouli,Men,Fall; Winter,Night,Temperate; Cold,long lasting,moderate,Warm and cosy; Fresh and clean,Evenings out; Sport and the outdoors,"A spotlight on velvet skin — provocative, playful, and dripping with heat.","workbook composition, de-branded; season/gender/longevity/sillage normalised; mood & occasion derived from the profile's accords via questionnaire.csv (Q3 / Q1)",workbook + derived
P000115,Amber Gourmand No. 12,Amber Gourmand,white floral; tuberose; cacao; warm spicy; sweet; citrus; woody; animalic; patchouli,Neroli,Tunisian Orange Blossom Jasmine Sambac Tunisian Neroli,Indian Tuberose Cacao Pod,Indian Tuberose Cacao Pod,Haitian Vetiver,Indonesian Patchouli Leaf Tobacco Ambroxan Haitian Vetiver,Women,Spring; Fall; Winter,Day; Night,Temperate; Cold,long lasting,moderate,Sweet and playful; Seductive,Evenings out; Sport and the outdoors,"A forbidden flame — daring, sensual, and cloaked in mystery.","workbook composition, de-branded; season/gender/longevity/sillage normalised; mood & occasion derived from the profile's accords via questionnaire.csv (Q3 / Q1)",workbook + derived
P000116,Floral Gourmand No. 4,Floral Gourmand,rose; vanilla; powdery; musky; floral; woody; sweet; citrus,Lemon Oil,Lemon,Rose,Rose,Vanilla; Musk (Synthetic); cedar,Vanilla; Musk; cedar,Unisex,Spring; Summer; Fall; Winter,Night,Temperate; Hot; Cold,long lasting,strong,Warm and cosy; Sweet and playful,"Relaxing at home; Every day, work or study","A rose dipped in sugar — lush, decadent, and irresistibly sweet.","workbook composition, de-branded; season/gender/longevity/sillage normalised; mood & occasion derived from the profile's accords via questionnaire.csv (Q3 / Q1)",workbook + derived
P000117,Amber Gourmand No. 13,Amber Gourmand,vanilla; white floral; sweet; fruity; amber; aromatic; citrus; powdery,Blackberry Mandarin Leaf Silk Tree blossom,Blackberry Mandarin Leaf Silk Tree blossom,Rose,Jasmine Orange Blossom Night blooming Cereus Rose,Sandalwood,Vanilla Tonka Bean Mysore Sandalwood,Women,Fall; Winter,Night,Temperate; Cold,very long lasting,enormous,Warm and cosy; Sweet and playful,Sport and the outdoors; Relaxing at home,"A velvet curtain falling on stage — dramatic, sensual, and unforgettable.","workbook composition, de-branded; season/gender/longevity/sillage normalised; mood & occasion derived from the profile's accords via questionnaire.csv (Q3 / Q1)",workbook + derived
P000118,Amber Gourmand No. 14,Amber Gourmand,vanilla; sweet; tobacco; warm spicy; fruity; woody; cacao; powdery,Tobacco Leaf; Spices,Tobacco Leaf; Spices,Vanilla Cacao Tonka Bean Tobacco Blossom,Vanilla Cacao Tonka Bean Tobacco Blossom,Dried Fruits Woody Notes,Dried Fruits Woody Notes,Unisex,Fall; Winter,Night,Temperate; Cold,long lasting,strong,Sweet and playful; Warm and cosy,Relaxing at home; Evenings out,"A gentleman’s lounge — smoky, sweet, and steeped in luxury.","workbook composition, de-branded; season/gender/longevity/sillage normalised; mood & occasion derived from the profile's accords via questionnaire.csv (Q3 / Q1)",workbook + derived
P000119,Woody Gourmand No. 2,Woody Gourmand,woody; vanilla; fresh spicy; powdery; warm spicy,Pepper; Orange Blossom,Pepper; Orange Blossom,Cedar; Vetiver,Cedar; Vetiver,Vanilla; Tonka Bean,Vanilla; Tonka Bean,Unisex,Fall; Winter,Day,Temperate; Cold,moderate,moderate,Warm and cosy; Fresh and clean,"Relaxing at home; Every day, work or study","A library of forgotten tales — dusty, warm, and quietly enchanting.","workbook composition, de-branded; season/gender/longevity/sillage normalised; mood & occasion derived from the profile's accords via questionnaire.csv (Q3 / Q1)",workbook + derived
P000120,Amber Gourmand No. 15,Amber Gourmand,vanilla; salty; powdery; sweet; amber; marine; musky; woody; warm spicy; balsamic,Salt,Salt,Vanilla Absolute Orchid,Vanilla Absolute Orchid,Benzoin,Tonka Bean Musk Sandalwood Benzoin,Unisex,Summer,Day; Night,Hot,moderate,moderate,Warm and cosy; Seductive,Relaxing at home; Evenings out,"A desert wind carrying sweetness — radiant, free-spirited, and sun‑kissed with warmth.","workbook composition, de-branded; season/gender/longevity/sillage normalised; mood & occasion derived from the profile's accords via questionnaire.csv (Q3 / Q1)",workbook + derived
P000121,Gourmand No. 7,Gourmand,vanilla; floral; patchouli; warm spicy; sweet; balsamic; powdery; amber; citrus; woody,Almond Blossom Citruses Coconut Blossom,Almond Blossom Citruses Coconut Blossom,Vanilla,Vanilla Flower Vanilla,Musk (Synthetic),Vanilla Patchouli Benzoin Musk,Unisex,Fall; Winter,Day; Night,Temperate; Cold,moderate,moderate,Warm and cosy; Sweet and playful,Evenings out; Relaxing at home,"A golden veil of comfort — soft, enveloping, and endlessly soothing.","workbook composition, de-branded; season/gender/longevity/sillage normalised; mood & occasion derived from the profile's accords via questionnaire.csv (Q3 / Q1)",workbook + derived
P000122,Woody Gourmand No. 3,Woody Gourmand,vanilla; woody; citrus; aromatic; earthy; powdery; sweet; amber; soft spicy; mossy,Coriander,Lime Citron Coriander,Jasmine Absolute,Vetiver oak moss Jasmine,Vanille Oak Amber,Vanille Oak Amber,Unisex,Summer; Fall; Winter,Day; Night,Hot; Temperate; Cold,moderate,moderate,Warm and cosy; Natural and earthy,Evenings out; Sport and the outdoors,"A fleeting kiss of sunlight — airy, modern, and quietly magnetic.","workbook composition, de-branded; season/gender/longevity/sillage normalised; mood & occasion derived from the profile's accords via questionnaire.csv (Q3 / Q1)",workbook + derived
P000123,Gourmand No. 8,Gourmand,vanilla; white floral; sweet; powdery; amber,Jasmine Absolute,Jasmine,Vanilla,Vanilla,tonka,tonka,Unisex,Fall; Winter,Day; Night,Temperate; Cold,moderate,soft,Warm and cosy; Sweet and playful,Relaxing at home; Evenings out,"A velvet ribbon tied around memory — nostalgic, tender, and irresistibly cozy.","workbook composition, de-branded; season/gender/longevity/sillage normalised; mood & occasion derived from the profile's accords via questionnaire.csv (Q3 / Q1)",workbook + derived
P000124,Amber Gourmand No. 16,Amber Gourmand,amber; vanilla; sweet; aromatic; warm spicy; balsamic; lavender; almond,Lavender,Lavender,Myrrh,Myrrh,Tonka Bean; Vanilla; Almond,Tonka Bean; Vanilla; almond,Unisex,Fall; Winter,Night,Temperate; Cold,long lasting,moderate,Warm and cosy; Sweet and playful,Evenings out; Sport and the outdoors,"A desert dusk in amber light — warm, resinous, and steeped in serenity.","workbook composition, de-branded; season/gender/longevity/sillage normalised; mood & occasion derived from the profile's accords via questionnaire.csv (Q3 / Q1)",workbook + derived
P000125,Gourmand No. 9,Gourmand,lavender; vanilla; coffee; warm spicy; aromatic; lactonic; fresh spicy; sweet; woody; amber,Patchouli,Pepper Orange Blossom Patchouli,Nagarmotha,Lavender Coffee Milk Tonka Bean Siam Benzoin Cypriol Oil or Nagarmotha,Vetiver,Vanilla Cedar Vetiver,Unisex,Summer; Fall; Winter,Day; Night,Hot; Temperate; Cold,moderate,moderate,Warm and cosy; Sweet and playful,"Evenings out; Every day, work or study","A café corner in winter — creamy, comforting, and wrapped in quiet indulgence.","workbook composition, de-branded; season/gender/longevity/sillage normalised; mood & occasion derived from the profile's accords via questionnaire.csv (Q3 / Q1)",workbook + derived
P000126,Gourmand No. 10,Gourmand,coffee; vanilla; warm spicy; lavender; woody; amber; aromatic; patchouli; powdery; sweet,Lavender Bergamot Green Leaves,Lavender Bergamot Green Leaves,Coffee Cedar,Coffee Cedar,Vanilla Patchouli Tonka Bean Amber,Vanilla Patchouli Tonka Bean Amber,Unisex,Fall; Winter,Night,Temperate; Cold,long lasting,strong,Warm and cosy; Sweet and playful,Evenings out; Relaxing at home,"A jazz club at midnight — smooth, smoky, and alive with rhythm.","workbook composition, de-branded; season/gender/longevity/sillage normalised; mood & occasion derived from the profile's accords via questionnaire.csv (Q3 / Q1)",workbook + derived
P000127,Amber Gourmand No. 17,Amber Gourmand,tobacco; vanilla; warm spicy; cinnamon; sweet; amber; woody; musky; powdery; balsamic,Cinnamon Pepperwood,Cinnamon Pepperwood,Labdanum,Tobacco Leaf Incense Osmanthus Labdanum,Vetiver,Vanilla Iso E Super Cedar Musk Cypriol Oil or Nagarmotha Vetiver,Men,Fall; Winter,Night,Temperate; Cold,long lasting,strong,Warm and cosy; Seductive,Relaxing at home; Evenings out,"A regal cloak of smoke — commanding, opulent, and steeped in grandeur.","workbook composition, de-branded; season/gender/longevity/sillage normalised; mood & occasion derived from the profile's accords via questionnaire.csv (Q3 / Q1)",workbook + derived
P000128,Gourmand No. 11,Gourmand,warm spicy; cacao; sweet; caramel; amber; rum; woody; fruity,Pink Pepper,Rum Raspberry Pink Pepper,Cacao Amber Jasmine Narcissus,Cacao Amber Jasmine Narcissus,Oakmoss,Caramel Benzoin Sandalwood Salt Saffron Oakmoss,Unisex,Fall; Winter,Day; Night,Temperate; Cold,moderate,moderate,Sweet and playful; Warm and cosy,"Evenings out; Every day, work or study","A molten river of cacao — rich, indulgent, and endlessly decadent.","workbook composition, de-branded; season/gender/longevity/sillage normalised; mood & occasion derived from the profile's accords via questionnaire.csv (Q3 / Q1)",workbook + derived
P000129,Amber Gourmand No. 18,Amber Gourmand,fruity; sweet; spicy; vanilla,Apricot; Jasmine Tea,Apricot; Jasmine Tea,Cardamom; Nutmeg,Cardamom; Nutmeg,Vanilla; Cedar,Vanilla; Cedar,Women,Fall; Winter,Day; Night,Temperate; Cold,long lasting,strong,Sweet and playful; Warm and cosy,Evenings out; Relaxing at home,"A silk tapestry woven with spice — exotic, radiant, and full of intrigue.","workbook composition, de-branded; season/gender/longevity/sillage normalised; mood & occasion derived from the profile's accords via questionnaire.csv (Q3 / Q1)",workbook + derived
P000130,Woody Spicy No. 1,Woody Spicy,citrus; woody; fresh spicy; aromatic; earthy; warm spicy,Orange; Grapefruit,Orange; Grapefruit,Pepper Pelargonium Flint,Pepper Pelargonium Flint,Benzoin,Vetiver Cedar Patchouli Benzoin,Men,Spring; Fall,Day,Temperate,long lasting,moderate,Fresh and clean; Natural and earthy,"Sport and the outdoors; Every day, work or study","A walk across sun‑baked earth — grounded, mineral, and quietly powerful.","workbook composition, de-branded; season/gender/longevity/sillage normalised; mood & occasion derived from the profile's accords via questionnaire.csv (Q3 / Q1)",workbook + derived
P000131,Woody No. 1,Woody,woody; leather; aromatic; animalic; earthy; patchouli; smoky,Leather Accord,Leather Accord,Cypress; Patchouli,Cypress; Patchouli,Vetiver; Goldenwood,Vetiver; Goldenwood,Men,Fall; Winter,Day; Night,Temperate; Cold,long lasting,strong,Dark and mysterious; Seductive,"Every day, work or study; Sport and the outdoors","A leather‑bound journal in a smoky study — bold, rugged, and unapologetically raw.","workbook composition, de-branded; season/gender/longevity/sillage normalised; mood & occasion derived from the profile's accords via questionnaire.csv (Q3 / Q1)",workbook + derived
P000132,Woody Oriental No. 1,Woody Oriental,woody; warm spicy; oud; aromatic; vanilla; balsamic; fresh spicy; amber; powdery; sweet,Rosewood; Cardamom,Rosewood; Cardamom,Oud; Sandalwood,Oud; Sandalwood,Vetiver; Tonka Bean; Amber,Vetiver; Tonka Bean; Amber,Unisex,Fall; Winter,Night,Temperate; Cold,long lasting,strong,Warm and cosy; Sweet and playful,Evenings out; Relaxing at home,"A temple carved in incense smoke — mysterious, exotic, and steeped in luxury.","workbook composition, de-branded; season/gender/longevity/sillage normalised; mood & occasion derived from the profile's accords via questionnaire.csv (Q3 / Q1)",workbook + derived
P000133,Woody Fruity No. 1,Woody Fruity,fruity; sweet; woody; leather; citrus; smoky; musky; tropical; fresh; mossy,Pink Pepper,Bergamot Black Currant Apple Lemon Pink Pepper,Jasmine Absolute,Pineapple Patchouli Moroccan Jasmine,Ambroxan,Birch Musk oak moss Cedarwood Ambroxan,Men,Spring; Fall; Winter,Day; Night,Temperate; Cold,long lasting,strong,Sweet and playful; Fresh and clean,"Every day, work or study; Sport and the outdoors","A conqueror’s cloak in the wind — bold, charismatic, and legendary.","workbook composition, de-branded; season/gender/longevity/sillage normalised; mood & occasion derived from the profile's accords via questionnaire.csv (Q3 / Q1)",workbook + derived
P000134,Woody Aromatic No. 15,Woody Aromatic,woody; powdery; warm spicy; aromatic; amber,Cypress; Myrtle,Cypress; Myrtle,Sandalwood; Cedar,Sandalwood; Cedar,Amber; Musk (Synthetic),Amber; Musk,Unisex,Spring; Fall,Day; Night,Temperate,moderate,moderate,Warm and cosy; Seductive,"Every day, work or study; Evenings out","A monastery hidden in mist — meditative, serene, and timelessly elegant.","workbook composition, de-branded; season/gender/longevity/sillage normalised; mood & occasion derived from the profile's accords via questionnaire.csv (Q3 / Q1)",workbook + derived
P000135,Woody Floral Musk No. 1,Woody Floral Musk,iris; woody; powdery; earthy; aromatic; violet; floral; lavender; musky; fruity,Lavender,Lavender,Pear,Iris Ambrette (Musk Mallow) Pear,Vetiver,Virginia Cedar Vetiver,Men,Fall; Winter,Night,Temperate; Cold,long lasting,strong,Elegant and classic; Warm and cosy,"Every day, work or study; Relaxing at home","A tailored suit in twilight — refined, smooth, and quietly magnetic.","workbook composition, de-branded; season/gender/longevity/sillage normalised; mood & occasion derived from the profile's accords via questionnaire.csv (Q3 / Q1)",workbook + derived
P000136,Woody No. 2,Woody,woody; aromatic; fresh spicy; earthy; warm spicy,Pink Pepper,Pink Pepper,Vetiver,Vetiver,Ionone Alpha,Juniper Spices Sandalwood Pink Pepper Tobacco Aldehydes Violet,Unisex,Fall; Winter,Night,Temperate; Cold,long lasting,moderate,Natural and earthy; Fresh and clean,"Every day, work or study; Sport and the outdoors","A forest floor after rain — smoky, earthy, and steeped in elegance.","workbook composition, de-branded; season/gender/longevity/sillage normalised; mood & occasion derived from the profile's accords via questionnaire.csv (Q3 / Q1)",workbook + derived
P000137,Woody Oriental No. 2,Woody Oriental,amber; balsamic; fresh spicy; smoky; warm spicy; woody; oud,Bergamot,Oregano Pepper Bergamot,Labdanum,Incense Opoponax Amber Labdanum,Patchouli,Agarwood (Oud) Leather Sandalwood Patchouli,Men,Fall; Winter,Day; Night,Temperate; Cold,very long lasting,enormous,Dark and mysterious; Warm and cosy,"Evenings out; Every day, work or study","A storm raging in a cathedral — dramatic, resinous, and unforgettable.","workbook composition, de-branded; season/gender/longevity/sillage normalised; mood & occasion derived from the profile's accords via questionnaire.csv (Q3 / Q1)",workbook + derived
P000138,Woody Aromatic No. 16,Woody Aromatic,woody; powdery; leather; warm spicy; violet,Cardamom,Cardamom,Iris (Orris); Ionone Alpha,Iris; Violet,Sandalwood; Cedar; Leather,Sandalwood; Cedar; Leather,Unisex,Spring; Fall; Winter,Day; Night,Temperate; Cold,long lasting,strong,Dark and mysterious,"Relaxing at home; Every day, work or study","A desert campfire under stars — smoky, leathery, and endlessly iconic.","workbook composition, de-branded; season/gender/longevity/sillage normalised; mood & occasion derived from the profile's accords via questionnaire.csv (Q3 / Q1)",workbook + derived
P000139,Woody Spicy No. 2,Woody Spicy,woody; aromatic; fresh spicy; earthy; citrus; warm spicy; balsamic; patchouli,Grapefruit,Grapefruit,Pepper,Pepper,Peru Balsam,Vetiver Grapefruit Pepper Cedar Patchouli Peru Balsam,Men,Spring; Fall,Day; Night,Temperate,long lasting,moderate,Fresh and clean; Warm and cosy,"Sport and the outdoors; Every day, work or study","A sharp suit with a fiery edge — crisp, bold, and full of energy.","workbook composition, de-branded; season/gender/longevity/sillage normalised; mood & occasion derived from the profile's accords via questionnaire.csv (Q3 / Q1)",workbook + derived
P000140,Woody Aromatic No. 17,Woody Aromatic,woody; aromatic; citrus; amber; fresh spicy,citruses with sugar Lemon Zest Coriander Leaf,citruses with sugar Lemon Zest Coriander Leaf,Vetiver,Cypress Cedar Vetiver,Benzoin,Benzoin,Men,Spring; Summer; Fall,Day,Temperate; Hot,moderate,moderate,Fresh and clean; Warm and cosy,"Sport and the outdoors; Every day, work or study","A city park at dawn — fresh, green, and quietly invigorating.","workbook composition, de-branded; season/gender/longevity/sillage normalised; mood & occasion derived from the profile's accords via questionnaire.csv (Q3 / Q1)",workbook + derived
P000141,Woody Aromatic No. 18,Woody Aromatic,aromatic; salty; marine; citrus; musky; herbal; soft spicy; floral; aquatic,Ambrette Seed,Ambrette Seed,Sea Salt,Sea Salt,Sage; Grapefruit,Sage; Grapefruit,Unisex,Summer,Day,Hot,weak,intimate,Fresh and clean; Warm and cosy,"Sport and the outdoors; Every day, work or study","A windswept coastline — breezy, mineral, and effortlessly modern.","workbook composition, de-branded; season/gender/longevity/sillage normalised; mood & occasion derived from the profile's accords via questionnaire.csv (Q3 / Q1)",workbook + derived
P000142,Woody Aromatic No. 19,Woody Aromatic,aromatic; fresh spicy; warm spicy; lavender; citrus; woody; coffee; amber; herbal; leather,Lavender Bergamot Sage Mandarin Orange,Lavender Bergamot Sage Mandarin Orange,Geranium,Coffee Geranium,Leather Cardamon Sandalwood Nutmeg Vetiver Myrhh Black Pepper Musk Incense Olibanum,Leather Cardamon Sandalwood Nutmeg Vetiver Myrhh Black Pepper Musk Incense Olibanum,Men,Spring; Fall; Winter,Day; Night,Temperate; Cold,moderate,moderate,Fresh and clean; Warm and cosy,Sport and the outdoors; Evenings out,"A gentleman’s study at dusk — warm, refined, and steeped in tradition.","workbook composition, de-branded; season/gender/longevity/sillage normalised; mood & occasion derived from the profile's accords via questionnaire.csv (Q3 / Q1)",workbook + derived
P000143,Woody Oriental No. 3,Woody Oriental,tobacco; sweet; vanilla; rum; woody; aromatic; soft spicy; amber; powdery; warm spicy,Lemon Oil,Pink Pepper Neroli Lemon,Clary Sage,Rum Java vetiver oil Clary Sage,Styrax,Tobacco Leaf Vanilla Bean Styrax,Men,Fall; Winter,Night,Temperate; Cold,long lasting,moderate,Warm and cosy; Sweet and playful,Evenings out; Relaxing at home,"A smoky bar with velvet chairs — intoxicating, smooth, and full of rhythm.","workbook composition, de-branded; season/gender/longevity/sillage normalised; mood & occasion derived from the profile's accords via questionnaire.csv (Q3 / Q1)",workbook + derived
P000144,Woody Spicy No. 3,Woody Spicy,woody; aromatic; earthy; citrus; fresh spicy; mossy,Sage,Grapefruit Orange Blossom Sage,Nutmeg Orris Root Pimento,Nutmeg Orris Root Pimento,Vetiver Woodsy Notes Oakmoss Amber,Vetiver Woodsy Notes Oakmoss Amber,Men,Spring; Summer,Day,Temperate; Hot,long lasting,moderate,Natural and earthy; Fresh and clean,"Sport and the outdoors; Every day, work or study","A crisp white shirt in sunlight — clean, sharp, and timelessly elegant.","workbook composition, de-branded; season/gender/longevity/sillage normalised; mood & occasion derived from the profile's accords via questionnaire.csv (Q3 / Q1)",workbook + derived
P000145,Woody Aromatic No. 20,Woody Aromatic,woody; aromatic; earthy; musky; fresh spicy,Cypress,Cypress,Vetiver,Vetiver,Cashmere Wood; Musk (Synthetic),Cashmere Wood; Musk,Men,Fall; Winter,Night,Temperate; Cold,moderate,moderate,Warm and cosy; Seductive,"Every day, work or study; Sport and the outdoors","A shadow in the forest — dark, mysterious, and quietly magnetic.","workbook composition, de-branded; season/gender/longevity/sillage normalised; mood & occasion derived from the profile's accords via questionnaire.csv (Q3 / Q1)",workbook + derived
P000146,Woody Oriental No. 4,Woody Oriental,woody; amber; warm spicy; aromatic; musky; earthy,Labdanum,Labdanum,Vetiver,Vetiver,Spices; Cedar,Spices; Cedar,Unisex,Fall; Winter,Night,Temperate; Cold,moderate,moderate,Warm and cosy; Seductive,"Every day, work or study; Evenings out","A cathedral filled with smoke — sacred, solemn, and deeply resonant.","workbook composition, de-branded; season/gender/longevity/sillage normalised; mood & occasion derived from the profile's accords via questionnaire.csv (Q3 / Q1)",workbook + derived
P000147,Woody Aromatic No. 21,Woody Aromatic,woody; citrus; aromatic; earthy; mossy; warm spicy; fresh spicy,Cardamom,Bitter Orange Bergamot Pepper Caraway Cardamom,Vetiver Pink Pepper Cloves Incense Licorice,Vetiver Pink Pepper Cloves Incense Licorice,Oakmoss Cedar Sandalwood Myrhh Musk Ambrette,Oakmoss Cedar Sandalwood Myrhh Musk Ambrette,Men,Spring; Summer; Fall,Day,Temperate; Hot,moderate,moderate,Natural and earthy; Fresh and clean,"Sport and the outdoors; Every day, work or study","A blade of grass sharpened — crisp, earthy, and uncompromisingly pure.","workbook composition, de-branded; season/gender/longevity/sillage normalised; mood & occasion derived from the profile's accords via questionnaire.csv (Q3 / Q1)",workbook + derived
P000148,Woody Spicy No. 4,Woody Spicy,warm spicy; ozonic; green; cinnamon; tobacco; aquatic; fresh; sweet; amber; citrus,Bergamot; Violet Leaf,Bergamot; Violet Leaf,Black Tea Cinnamon Pimento,Black Tea Cinnamon Pimento,Tobacco Leaf Myrrh Musk Olive Tree,Tobacco Leaf Myrrh Musk Olive Tree,Men,Spring; Summer; Fall,Day,Temperate; Hot,moderate,moderate,Fresh and clean; Warm and cosy,Sport and the outdoors; Evenings out,"A velvet lounge in twilight — smooth, contemplative, and quietly magnetic.","workbook composition, de-branded; season/gender/longevity/sillage normalised; mood & occasion derived from the profile's accords via questionnaire.csv (Q3 / Q1)",workbook + derived
P000149,Woody No. 3,Woody,woody; fresh spicy; aromatic; warm spicy; powdery,Virginia Cedar Sandalwood Cypress Madagascar Pepper Vetyver,Virginia Cedar Sandalwood Cypress Madagascar Pepper Vetyver,Bergamot,Guaiac Wood Incense Agarwood (Oud) Cashmeran Nutmeg Bergamot,Patchouli,Caraway Patchouli,Men,Fall; Winter,Day,Temperate; Cold,moderate,moderate,Fresh and clean,"Every day, work or study; Sport and the outdoors","A forest carved in smoke — resinous, bold, and endlessly intriguing.","workbook composition, de-branded; season/gender/longevity/sillage normalised; mood & occasion derived from the profile's accords via questionnaire.csv (Q3 / Q1)",workbook + derived
P000150,Woody Spicy No. 5,Woody Spicy,woody; warm spicy; amber; fresh spicy; rum; smoky; leather; balsamic; aromatic; cinnamon,Bergamot,Black Pepper Bay Leaf Bergamot,Geranium,Rum Woody Notes Cinnamon Clary Sage African Geranium,Patchouli,Incense Leather Benzoin Cedar Patchouli,Men,Fall; Winter,Night,Temperate; Cold,long lasting,strong,Dark and mysterious; Warm and cosy,"Evenings out; Every day, work or study","A leather armchair in a smoky lounge — opulent, warm, and commanding.","workbook composition, de-branded; season/gender/longevity/sillage normalised; mood & occasion derived from the profile's accords via questionnaire.csv (Q3 / Q1)",workbook + derived
P000151,Woody Oriental No. 5,Woody Oriental,warm spicy; oud; woody; fruity; fresh; cinnamon; fresh spicy; green; citrus,Apple Citruses,Apple Citruses,Labdanum,Cinnamon Saffron Clove Labdanum,Nagarmotha,Agarwood (Oud) Sandalwood Cypriol Oil or Nagarmotha,Men,Fall; Winter,Day; Night,Temperate; Cold,long lasting,moderate,Fresh and clean; Sweet and playful,"Sport and the outdoors; Every day, work or study","A golden palace door — rich, exotic, and steeped in mystery.","workbook composition, de-branded; season/gender/longevity/sillage normalised; mood & occasion derived from the profile's accords via questionnaire.csv (Q3 / Q1)",workbook + derived
P000152,Woody Aquatic No. 1,Woody Aquatic,fruity; aromatic; citrus; fresh spicy; woody; tropical; sweet; fresh; earthy,Coriander,Grapefruit Kiwi Coriander,Nutmeg,Pineapple Nutmeg,Vetiver,Cypress Vetiver,Men,Spring; Summer,Day,Temperate; Hot,moderate,moderate,Sweet and playful; Fresh and clean,"Sport and the outdoors; Every day, work or study","A waterfall in sunlight — fresh, sparkling, and endlessly invigorating.","workbook composition, de-branded; season/gender/longevity/sillage normalised; mood & occasion derived from the profile's accords via questionnaire.csv (Q3 / Q1)",workbook + derived
P000153,Woody Spicy No. 6,Woody Spicy,vanilla; tobacco; sweet; warm spicy; cinnamon; powdery,Tobacco,Vanilla Tobacco,Cinnamon Cumin,Cinnamon Cumin,Saffron,Bourbon Whiskey Saffron,Men,Fall; Winter,Night,Temperate; Cold,long lasting,strong,Warm and cosy; Sweet and playful,Relaxing at home; Evenings out,"A grenade of spice — explosive, daring, and unapologetically bold.","workbook composition, de-branded; season/gender/longevity/sillage normalised; mood & occasion derived from the profile's accords via questionnaire.csv (Q3 / Q1)",workbook + derived
P000154,Woody Oriental No. 6,Woody Oriental,amber; warm spicy; fresh spicy; smoky; woody; leather; balsamic; aromatic; oud; musky,Pink Pepper Olibanum Saffron Nutmeg Cardamom Caraway Mace Myrtle,Pink Pepper Olibanum Saffron Nutmeg Cardamom Caraway Mace Myrtle,Geranium,Myrrh Geranium,Musk (Synthetic),Incense Agarwood (Oud) Leather Castoreum Patchouli Cedar Sandalowood Styrax Musk,Men,Fall; Winter,Day; Night,Temperate; Cold,long lasting,strong,Dark and mysterious; Warm and cosy,"Every day, work or study; Evenings out","A caravan crossing desert sands — exotic, powerful, and steeped in legend.","workbook composition, de-branded; season/gender/longevity/sillage normalised; mood & occasion derived from the profile's accords via questionnaire.csv (Q3 / Q1)",workbook + derived
P000155,Woody Spicy No. 7,Woody Spicy,warm spicy; amber; woody; aromatic; citrus; leather; fresh spicy; animalic,Bitter Orange,Bitter Orange,Spices Cardamom Cumin,Spices Cardamom Cumin,Timber Silk,Leather Cedar Benzoin Tolu Balsam Vetiver Amberwood,Men,Spring; Fall; Winter,Day; Night,Temperate; Cold,long lasting,moderate,Seductive; Fresh and clean,"Sport and the outdoors; Every day, work or study","A declaration of elegance — crisp, refined, and timelessly masculine.","workbook composition, de-branded; season/gender/longevity/sillage normalised; mood & occasion derived from the profile's accords via questionnaire.csv (Q3 / Q1)",workbook + derived
P000156,Woody Aquatic No. 2,Woody Aquatic,ozonic; aquatic; aromatic; fresh spicy; green; musky; herbal; fresh; citrus; woody,Cucumber Melon Mandarin Orange,Cucumber Melon Mandarin Orange,Geranium,Basil Sage Geranium,Musk (Synthetic),Suede Woodsy Notes Musk,Men,Spring; Summer,Day,Temperate; Hot,moderate,moderate,Fresh and clean; Warm and cosy,"Sport and the outdoors; Every day, work or study","A yacht on open waters — breezy, invigorating, and effortlessly stylish.","workbook composition, de-branded; season/gender/longevity/sillage normalised; mood & occasion derived from the profile's accords via questionnaire.csv (Q3 / Q1)",workbook + derived
P000157,Woody Aromatic No. 22,Woody Aromatic,aromatic; fresh spicy; citrus; woody; warm spicy; earthy; white floral; green; lavender; floral,Petitgrain,Neroli Bergamot Black Pepper Petitgrain,Sage,Black Pepper Lavender Cardamom Juniper Berries Sage,Vetiver Oakmoss Iris Leather Agarwood (Oud),Vetiver Oakmoss Iris Leather Agarwood (Oud),Men,Spring; Fall,Day; Night,Temperate,moderate,moderate,Natural and earthy; Fresh and clean,"Sport and the outdoors; Every day, work or study","A gentleman’s crest — bold, refined, and steeped in tradition.","workbook composition, de-branded; season/gender/longevity/sillage normalised; mood & occasion derived from the profile's accords via questionnaire.csv (Q3 / Q1)",workbook + derived
P000158,Woody Spicy No. 8,Woody Spicy,warm spicy; citrus; green; aromatic; woody; fresh; musky,Cardamom Amalfi Lemon Spices Juniper Berries,Cardamom Amalfi Lemon Spices Juniper Berries,Tea Green Notes Floral Notes,Tea Green Notes Floral Notes,Woodsy Notes Musk Cedar,Woodsy Notes Musk Cedar,Unisex,Spring; Fall,Day,Temperate,moderate,moderate,Fresh and clean; Warm and cosy,"Sport and the outdoors; Every day, work or study","A nomad’s path traced in sunlight — bright, adventurous, and endlessly free.","workbook composition, de-branded; season/gender/longevity/sillage normalised; mood & occasion derived from the profile's accords via questionnaire.csv (Q3 / Q1)",workbook + derived
P000159,Woody Aromatic No. 23,Woody Aromatic,aromatic; woody; citrus; sweet; vanilla; iris; fresh spicy; balsamic; warm spicy; amber,Mandarin; Rosemary,Mandarin; Rosemary,Coffee,Amyris Iris Milk Chocolate Coconut Coffee,Tonka Bean Agarwood (Oud),Tonka Bean Agarwood (Oud),Men,Spring; Summer; Fall,Day,Temperate; Hot,moderate,moderate,Warm and cosy; Fresh and clean,Evenings out; Sport and the outdoors,"A polished stride through city lights — modern, refined, and quietly magnetic.","workbook composition, de-branded; season/gender/longevity/sillage normalised; mood & occasion derived from the profile's accords via questionnaire.csv (Q3 / Q1)",workbook + derived
P000160,Woody Oriental No. 7,Woody Oriental,warm spicy; sweet; vanilla; woody; powdery; amber; fresh spicy; aromatic; white floral; balsamic,Neroli,Cardamom Nutmeg Saffron Mandarin Orange Neroli,Orange Blossom,Kulfi Rose Mastic or Lentisque Jasmine Orange Blossom,Sandalwood,Vanilla Amber Woody Notes Sandalwood,Men,Fall; Winter,Night,Temperate; Cold,long lasting,moderate,Warm and cosy; Sweet and playful,Evenings out; Relaxing at home,"A velvet curtain hiding secrets — opulent, daring, and steeped in mystery.","workbook composition, de-branded; season/gender/longevity/sillage normalised; mood & occasion derived from the profile's accords via questionnaire.csv (Q3 / Q1)",workbook + derived
P000161,Woody Aromatic No. 24,Woody Aromatic,aromatic; green; woody; fresh spicy; rum; earthy; citrus; warm spicy,Mint Mojito Rhuburb,Mint Mojito Rhuburb,Rum Geranium Floral Notes,Rum Geranium Floral Notes,Patchouli,Vetiver Virginia Cedar Patchouli,Men,Spring; Summer; Fall,Night,Temperate; Hot,long lasting,moderate,Natural and earthy; Fresh and clean,"Sport and the outdoors; Every day, work or study","A cocktail at golden hour — fresh, spirited, and effortlessly stylish.","workbook composition, de-branded; season/gender/longevity/sillage normalised; mood & occasion derived from the profile's accords via questionnaire.csv (Q3 / Q1)",workbook + derived
P000162,Woody Aromatic No. 25,Woody Aromatic,citrus; aromatic; fresh spicy; woody; white floral; green; floral,Bergamot,Bergamot,Neroli; Rosemary,Neroli; Rosemary,Vetiver; Patchouli,Vetiver; Patchouli,Men,Spring; Summer,Day,Temperate; Hot,moderate,moderate,Fresh and clean; Natural and earthy,"Sport and the outdoors; Every day, work or study","A hillside orchard in bloom — crisp, radiant, and full of vitality.","workbook composition, de-branded; season/gender/longevity/sillage normalised; mood & occasion derived from the profile's accords via questionnaire.csv (Q3 / Q1)",workbook + derived
P000163,Woody Floral Musk No. 2,Woody Floral Musk,woody; white floral; aromatic; powdery; fresh spicy; iris; citrus; earthy; floral; warm spicy,Petitgrain,Rosemary Pink Pepper Petitgrain,Jasmine Neroli Orris Root Ylang-Ylang,Jasmine Neroli Orris Root Ylang-Ylang,Patchouli,Sandalwood Cedar Vetiver Patchouli,Men,Spring; Summer,Day; Night,Temperate; Hot,long lasting,moderate,Fresh and clean; Elegant and classic,"Sport and the outdoors; Every day, work or study","A mirror of elegance — luminous, refined, and timelessly graceful.","workbook composition, de-branded; season/gender/longevity/sillage normalised; mood & occasion derived from the profile's accords via questionnaire.csv (Q3 / Q1)",workbook + derived
P000164,Woody Aquatic No. 3,Woody Aquatic,fresh; woody; aquatic; musky,Lemon Oil; Mint,Lemon; Mint,Violet Leaves; Lavender,Violet Leaves; Lavender,Cedarwood; Musk (Synthetic),Cedarwood; White Musk,Men,Spring; Summer,Day; Night,Temperate; Hot,moderate,moderate,Warm and cosy; Seductive,"Every day, work or study; Sport and the outdoors","A mountain lake at dawn — crisp, invigorating, and endlessly refreshing.","workbook composition, de-branded; season/gender/longevity/sillage normalised; mood & occasion derived from the profile's accords via questionnaire.csv (Q3 / Q1)",workbook + derived
P000165,Woody Aromatic No. 26,Woody Aromatic,citrus; woody; powdery; musky; amber; aromatic; animalic; fresh spicy; balsamic,Lemon Oil,Calabrian bergamot Grapefruit Sicilian Lemon,Sandalwood,Sandalwood,Musk Ambergris Cedar,Musk Ambergris Cedar,Men,Spring; Summer; Fall,Day,Temperate; Hot,long lasting,moderate,Seductive; Warm and cosy,"Every day, work or study; Sport and the outdoors","A climb into icy peaks — bold, exhilarating, and carved in stone.","workbook composition, de-branded; season/gender/longevity/sillage normalised; mood & occasion derived from the profile's accords via questionnaire.csv (Q3 / Q1)",workbook + derived
P000166,Woody Aromatic No. 27,Woody Aromatic,woody; citrus; aromatic; amber; musky; fresh spicy; oud; soft spicy; warm spicy; earthy,Clary Sage,Bergamot Pink Pepper Clary Sage,Haitian Vetiver Leather,Haitian Vetiver Leather,Ambroxan Akigalawood Indonesian Patchouli Leaf Cacao Pod,Ambroxan Akigalawood Indonesian Patchouli Leaf Cacao Pod,Men,Spring; Summer; Fall,Day,Temperate; Hot,long lasting,moderate,Warm and cosy; Seductive,"Every day, work or study; Evenings out","A map unfurled at sunrise — adventurous, modern, and full of discovery.","workbook composition, de-branded; season/gender/longevity/sillage normalised; mood & occasion derived from the profile's accords via questionnaire.csv (Q3 / Q1)",workbook + derived
P000167,Woody Spicy No. 9,Woody Spicy,woody; aromatic; warm spicy; citrus; fresh spicy; powdery; musky; leather,Lime,Cardamom Bitter Orange Bergamot Lime,Vetiver Black Pepper Blue Sage Juniper,Vetiver Black Pepper Blue Sage Juniper,Labdanum,Ebony Sandalwood Suede Labdanum,Men,Spring; Fall; Winter,Day; Night,Temperate; Cold,moderate,moderate,Fresh and clean; Warm and cosy,"Every day, work or study; Sport and the outdoors","A tailored tuxedo in shadow — sleek, confident, and quietly commanding.","workbook composition, de-branded; season/gender/longevity/sillage normalised; mood & occasion derived from the profile's accords via questionnaire.csv (Q3 / Q1)",workbook + derived
P000168,Woody Spicy No. 10,Woody Spicy,vanilla; leather; patchouli; sweet; warm spicy; soft spicy; woody; animalic; amber; balsamic,Grapefruit,Pink Pepper Grapefruit,Leather; Vanilla,Leather; vanilla,Tonka Bean; Patchouli,Tonka Bean; Patchouli,Men,Fall; Winter,Night,Temperate; Cold,long lasting,moderate,Warm and cosy; Seductive,Evenings out; Relaxing at home,"A midnight horizon — dark, mysterious, and pulsing with intensity.","workbook composition, de-branded; season/gender/longevity/sillage normalised; mood & occasion derived from the profile's accords via questionnaire.csv (Q3 / Q1)",workbook + derived
P000169,Oriental No. 1,Oriental,amber; woody; smoky; balsamic; vanilla,Amber; Incense; Vanilla,Amber; Incense; Vanilla,Olibanum; Labdanum; Vanilla,Olibanum; Labdanum; Vanilla,Woody Notes; Vanilla; Incense,Woody Notes; Vanilla; Incense,Unisex,Fall; Winter,Night,Temperate; Cold,long lasting,strong,Warm and cosy; Seductive,"Relaxing at home; Every day, work or study",Oriental fragrance with smoky incense and vanilla; launched 2007; created by Christophe Laudamiel,"workbook composition, de-branded; season/gender/longevity/sillage normalised; mood & occasion derived from the profile's accords via questionnaire.csv (Q3 / Q1)",workbook + derived
P000170,Oriental No. 2,Oriental,amber; aromatic; fresh spicy; balsamic; warm spicy; woody,Resins; Amber; Bay Leaf; Myrrh,Resins; Amber; Bay Leaf; Myrrh,Benzoin; Sandalwood; Vanilla; Coriander; Oregano; Patchouli; Angelica; Myrtle,Benzoin; Sandalwood; Vanilla; Coriander; Oregano; Patchouli; Angelica; Myrtle,Patchouli; Angelica; Myrtle; Vanilla; Sandalwood,Patchouli; Angelica; Myrtle; Vanilla; Sandalwood,Unisex,Fall; Winter,Night,Temperate; Cold,long lasting,moderate,Warm and cosy; Seductive,"Every day, work or study; Evenings out",Complex amber oriental fragrance; dense and artistic; launched 1993; by Christopher Sheldrake,"workbook composition, de-branded; season/gender/longevity/sillage normalised; mood & occasion derived from the profile's accords via questionnaire.csv (Q3 / Q1)",workbook + derived
P000171,Oriental No. 3,Oriental,amber; jasmine; vanilla; iris; rose,Bergamot; Lemon Oil; Cedar; Mandarin Orange,Bergamot; Lemon; Cedar; Mandarin Orange,Iris (Orris); Patchouli; Vetiver; Jasmine Absolute; Rose,Iris; Patchouli; Vetiver; Jasmine; Rose,Vanilla; Incense; Leather; Opopanax; Civet; Sandalwood; Tonka Bean; Musk (Synthetic),Vanilla; Incense; Leather; Opopanax; Civet; Sandalwood; Tonka Bean; Musk,Unisex,Spring; Fall; Winter,Day; Night,Temperate; Cold,long lasting,moderate,Warm and cosy; Elegant and classic,A special occasion; Relaxing at home,Mythic first ambery perfume; voluptuous and sensual; intense wake; iconic Guerlain,"workbook composition, de-branded; season/gender/longevity/sillage normalised; mood & occasion derived from the profile's accords via questionnaire.csv (Q3 / Q1)",workbook + derived
P000172,Oriental No. 4,Oriental,amber; woody; vibrant; captivating,Labdanum; Lavandin; Cinnamon Leaf,Cistus Labdanum; Lavandin; Cinnamon Leaf,Tonka Bean; Benzoin; Amber,Tonka Bean; Benzoin; Amber,Vanilla; Amber; Woody Notes; Sandalwood,Vanilla; Amber; Woody Notes; Sandalwood,Unisex,Fall; Winter,Night,Temperate; Cold,long lasting,enormous,Seductive; Warm and cosy,"Every day, work or study; Sport and the outdoors",Honey to amber palette; ambery and woody; sensual drydown; evening fragrance,"workbook composition, de-branded; season/gender/longevity/sillage normalised; mood & occasion derived from the profile's accords via questionnaire.csv (Q3 / Q1)",workbook + derived
P000173,Oriental Spicy No. 1,Oriental Spicy,amber; tobacco; honey; spices; fruit,Amber; Tobacco; Fruit; Honey; Spices,Amber; Tobacco; Fruit; Honey; Spices,Cinnamon; Rum; Honey; Caramel; Tonka; Sesame,Cinnamon; Rum; Honey; Caramel; Tonka; Sesame,Sandalwood; Leather; Woody Notes; Musk (Synthetic),Sandalwood; Leather; Woody Notes; Musk,Unisex,Spring; Fall; Winter,Day; Night,Temperate; Cold,long lasting,strong,Warm and cosy; Sweet and playful,Evenings out; A special occasion,Ambery fragrance with Eastern essence; tobacco and spices; light-wearing experience,"workbook composition, de-branded; season/gender/longevity/sillage normalised; mood & occasion derived from the profile's accords via questionnaire.csv (Q3 / Q1)",workbook + derived
P000174,Oriental No. 5,Oriental,amber; aromatic; spicy; earthy; woody; balsamic,Thyme; Nutmeg,Thyme; Nutmeg,Rose; Geranium; Patchouli; Sandalwood; Cedar; Vetiver,Rose; Geranium; Patchouli; Sandalwood; Cedar; Vetiver,Amber; Vanilla; Tonka Bean; Benzoin; Musk (Synthetic),Amber; Vanilla; Tonka Bean; Benzoin; Musk,Unisex,Fall; Winter,Day; Night,Temperate; Cold,long lasting,strong,Warm and cosy; Seductive,"Every day, work or study; Evenings out",Enchanting amber fragrance; erotic and balmy; aromatic breeze; balanced blend of spices,"workbook composition, de-branded; season/gender/longevity/sillage normalised; mood & occasion derived from the profile's accords via questionnaire.csv (Q3 / Q1)",workbook + derived
P000175,Oriental No. 6,Oriental,warm; spicy; vanilla; patchouli; amber,Tangerine; Bergamot; Florol,Tangerine; Bergamot; Lily-of-the-Valley,Myrrh; Carnation; Jasmine Absolute,Myrrh; Carnation; Jasmine,Amber; Patchouli; Vanilla; Opoponax,Amber; Patchouli; Vanilla; Opoponax,Unisex,Fall; Winter,Night,Temperate; Cold,very long lasting,enormous,Warm and cosy; Seductive,Relaxing at home; Evenings out,Sensual and opulent; classic Eastern fragrance; spicy and warm gourmand; trail of femme fatale,"workbook composition, de-branded; season/gender/longevity/sillage normalised; mood & occasion derived from the profile's accords via questionnaire.csv (Q3 / Q1)",workbook + derived
P000176,Oriental No. 7,Oriental,floral; citrus; woody; spicy; amber,Angelica; Mimosa; Frangipani; Mandarin; Pimento; Coriander,Angelica; Mimosa; Frangipani; Mandarin; Pimento; Coriander,Cascarilla; Orange Flower; Rose; Jasmine Absolute; Carnation; Ylang Ylang; Cinnamon; Orris; Tuberose,Cascarilla; Orange Flower; Bulgarian Rose; Jasmine; Carnation; Ylang Ylang; Cinnamon; Orris; Tuberose,Labdanum; Ambrette Seed; Opopanax; Benzoin; Tonka; Vanilla; Olibanum; Musk (Synthetic); Honey; Civet; Patchouli; Vetiver; Sandalwood,Labdanum; Ambrette Seed; Opopanax; Benzoin; Tonka; Vanilla; Olibanum; Musk; Honey; Civet; Patchouli; Vetiver; Sandalwood,Unisex,Fall; Winter,Day; Night,Temperate; Cold,long lasting,strong,Warm and cosy; Seductive,Evenings out; Sport and the outdoors,Exotic and sensual; complex blend of florals and spices; seductive woods; Baroque oriental,"workbook composition, de-branded; season/gender/longevity/sillage normalised; mood & occasion derived from the profile's accords via questionnaire.csv (Q3 / Q1)",workbook + derived
P000177,Amber Fougère No. 1,Amber Fougère,amber; fresh; sensual; warm; spicy,Mandarin; Bergamot; Cardamom; Neroli,Mandarin; Bergamot; Cardamom; Neroli,Patchouli; Tonka Bean; Vanilla; Geranium; Myrrh,Patchouli; Tonka Bean; Vanilla; Geranium; Myrrh,Vetiver; Neroli; Orange Blossom; Saffron; Suede; Labdanum,Vetiver; Neroli; Orange Blossom; Saffron; Suede; Labdanum,Unisex,Spring; Fall; Winter,Day; Night,Temperate; Cold,long lasting,strong,Warm and cosy; Seductive,Evenings out; Sport and the outdoors,Contemporary and sensual amber fougere; freshness vs sensuality; cologne with suede accord,"workbook composition, de-branded; season/gender/longevity/sillage normalised; mood & occasion derived from the profile's accords via questionnaire.csv (Q3 / Q1)",workbook + derived
P000178,Fruity Oriental No. 1,Fruity Oriental,fruity; vanilla; almond; jasmine; oriental,Apricot; Plum; Coconut,Apricot; Plum; Coconut,Tuberose; Jasmine Absolute; Florol; Rose; Brazilian Rosewood; Caraway,Tuberose; Jasmine; Lily-of-the-Valley; Rose; Brazilian Rosewood; Caraway,Sandalwood; Almond; Vanilla; Musk (Synthetic),Sandalwood; Almond; Vanilla; Musk,Unisex,Fall; Winter,Night,Temperate; Cold,long lasting,strong,Warm and cosy; Sweet and playful,Evenings out; A special occasion,Magnetic oriental vanilla fragrance; juicy stone fruit and coconut; sensual and intoxicating,"workbook composition, de-branded; season/gender/longevity/sillage normalised; mood & occasion derived from the profile's accords via questionnaire.csv (Q3 / Q1)",workbook + derived
P000179,Warm Spicy No. 1,Warm Spicy,spicy; woody; amber; floral; oriental,Cardamom; Nutmeg; Saffron; Mandarin Orange; Neroli; Ginger,Cardamom; Nutmeg; Saffron; Mandarin Orange; Neroli; Ginger,Kulfi; Rose; Mastic; Orange Blossom; Jasmine Absolute,Kulfi; Rose; Mastic; Orange Blossom; Jasmine,Vanilla; Amber; Woody Notes; Sandalwood; Tonka Bean; Guaiacwood,Vanilla; Amber; Woody Notes; Sandalwood; Tonka Bean; Guaiac Wood,Unisex,Fall; Winter,Day; Night,Temperate; Cold,long lasting,enormous,Warm and cosy; Seductive,"Evenings out; Every day, work or study",Rich spice and glowing citrus; kulfi and florals; warm and sexy; sensual woody-amber base,"workbook composition, de-branded; season/gender/longevity/sillage normalised; mood & occasion derived from the profile's accords via questionnaire.csv (Q3 / Q1)",workbook + derived
P000180,Modern Amber No. 1,Modern Amber,amber; rose; patchouli; bergamot,Grapefruit; Bergamot,Grapefruit; Calabrian Bergamot,Rose; Narcissus; Rose Geranium Leaf; Jasmine Absolute,Rose; Narcissus; Rose Geranium Leaf; Jasmine,Tonka Bean; Sandalwood; Vanilla; Patchouli; Musk (Synthetic); Frankincense,Tonka Bean; Sandalwood; Vanilla; Patchouli; White Musk; Frankincense,Unisex,Fall; Winter,Night,Temperate; Cold,long lasting,moderate,Warm and cosy; Seductive,Evenings out; A special occasion,Modern ambery fragrance with luminous notes; vibrant sophisticated opening; magnetic trail,"workbook composition, de-branded; season/gender/longevity/sillage normalised; mood & occasion derived from the profile's accords via questionnaire.csv (Q3 / Q1)",workbook + derived
P000181,Oriental No. 8,Oriental,amber; spicy; vanilla; woody; resinous,Bergamot; Spices,Bergamot; Spices,Oud; Spices,Oud; Spices,Sandalwood; Amber; Vanilla; Musk (Synthetic); Woody Notes,Sandalwood; Amber; Vanilla; Musk; Woody Notes,Unisex,Fall; Winter,Day; Night,Temperate; Cold,very long lasting,enormous,Warm and cosy; Seductive,Evenings out; Relaxing at home,Amber oriental with oud; warm and resinous; interplay of amber and oud; Montale powerhouse,"workbook composition, de-branded; season/gender/longevity/sillage normalised; mood & occasion derived from the profile's accords via questionnaire.csv (Q3 / Q1)",workbook + derived
P000182,Amber Aromatic No. 1,Amber Aromatic,amber; aromatic; vanilla; woody; spicy,Bergamot; Geranium,Bergamot; Geranium,Patchouli; Vetiver; Coriander,Patchouli; Vetiver; Coriander,Ambergris; Coriander; Vanilla; Musk (Synthetic); Woody Notes,Ambergris; Coriander; Vanilla; Musk; Woody Notes,Unisex,Spring; Summer; Fall,Day,Temperate; Hot,long lasting,strong,Warm and cosy; Seductive,"Every day, work or study; Evenings out",Straight uncomplicated amber; spiced amber; light-wearing; blue fluorescent vibe; unisex,"workbook composition, de-branded; season/gender/longevity/sillage normalised; mood & occasion derived from the profile's accords via questionnaire.csv (Q3 / Q1)",workbook + derived
P000183,Oriental No. 9,Oriental,amber; spicy; woody; warm,Rose; Nutmeg,Rose; Nutmeg,Oud; Cumin,Oud; Cumin,Sandalwood; Amber; Ebony Wood; Woody Notes,Sandalwood; Amber; Ebony Wood; Woody Notes,Unisex,Fall; Winter,Night,Temperate; Cold,very long lasting,enormous,Warm and cosy; Seductive,Evenings out; Relaxing at home,Amber with spice interplay; rose and nutmeg opening; oud and cumin heart; Montale spiced,"workbook composition, de-branded; season/gender/longevity/sillage normalised; mood & occasion derived from the profile's accords via questionnaire.csv (Q3 / Q1)",workbook + derived
P000184,Amber No. 1,Amber,amber; resinous; warm; oriental,Bergamot; Ginger,Bergamot; Ginger,Amber; Spice; Woody Notes,Amber; Spice; Woody Notes,Sandalwood; Amber; Vanilla; Musk (Synthetic),Sandalwood; Amber; Vanilla; Musk,Unisex,Fall; Winter,Day; Night,Temperate; Cold,long lasting,strong,Warm and cosy; Seductive,Relaxing at home; Evenings out,Amber gris interpretation; warm and resinous; classic amber composition; luxurious,"workbook composition, de-branded; season/gender/longevity/sillage normalised; mood & occasion derived from the profile's accords via questionnaire.csv (Q3 / Q1)",workbook + derived
P000185,Amber No. 2,Amber,amber; citrus; spicy; leather; woody; aromatic,Lemon Oil; Brazilian Rosewood; Orange; Bergamot; Lime; Tangerine; Basil,Lemon; Brazilian Rosewood; Orange; Bergamot; Lime; Tangerine; Basil,Rose; Carnation; Sandalwood; Cinnamon; Patchouli; Jasmine Absolute; Cedar; Neroli,Rose; Carnation; Sandalwood; Cinnamon; Patchouli; Jasmine; Cedar; Neroli,Vanilla; Leather; Amber; Benzoin; Oakmoss; Labdanum,Vanilla; Leather; Amber; Benzoin; Oakmoss; Labdanum,Unisex,Spring; Fall; Winter,Day; Night,Temperate; Cold,long lasting,strong,Fresh and clean; Warm and cosy,"Sport and the outdoors; Every day, work or study",First amber fragrance for men; 1965; dynamic and passionate; leather and oud notes,"workbook composition, de-branded; season/gender/longevity/sillage normalised; mood & occasion derived from the profile's accords via questionnaire.csv (Q3 / Q1)",workbook + derived
P000186,Spicy Oriental No. 1,Spicy Oriental,warm; spicy; amber; vanilla,Mandarin Orange; Bergamot; Florol,Mandarin Orange; Bergamot; Lily-of-the-Valley,Myrrh; Jasmine Absolute; Carnation,Myrrh; Jasmine; Carnation,Patchouli; Amber; Opoponax; Vanilla,Patchouli; Amber; Opoponax; Vanilla,Unisex,Fall; Winter,Day; Night,Temperate; Cold,long lasting,strong,Warm and cosy; Seductive,Relaxing at home; Evenings out,Masculine opium interpretation; warm spicy; oriental sensuality; confident and bold,"workbook composition, de-branded; season/gender/longevity/sillage normalised; mood & occasion derived from the profile's accords via questionnaire.csv (Q3 / Q1)",workbook + derived
P000187,Amber Oriental No. 1,Amber Oriental,warm; amber; musk; floral; spicy,Mandarin; Bergamot; Florol; Coriander; Cinnamon,Mandarin; Bergamot; Lily-of-the-Valley; Coriander; Cinnamon,Carnation; Rose; Myrrh; Jasmine Absolute; Anise,Carnation; Rose; Myrrh; Jasmine; Anise,Sandalwood; Musk (Synthetic); Vetiver; Patchouli; Vanilla; Amber,Sandalwood; Musk; Vetiver; Patchouli; Vanilla; Amber,Unisex,Spring; Fall; Winter,Day; Night,Temperate; Cold,very long lasting,enormous,Warm and cosy; Seductive,Relaxing at home; Evenings out,Original obsession; warm spicy; powerful and provocative; feminine powerhouse classic,"workbook composition, de-branded; season/gender/longevity/sillage normalised; mood & occasion derived from the profile's accords via questionnaire.csv (Q3 / Q1)",workbook + derived
P000188,Oriental Floral No. 1,Oriental Floral,floral; oriental; fruity; spicy; amber,Orange Blossom; Plum; Coriander; Black Pepper; Star Anise; Pimento; Mace; Rosewood,Orange Blossom; Plum; Coriander; Black Pepper; Star Anise; Pimento; Mace; Rosewood,Tuberose; Rose; Carnation; Jasmine Absolute; Ylang Ylang; Florol; Labdanum; Berries; Cinnamon; Honey,Tuberose; Rose; Carnation; Jasmine; Ylang Ylang; Lily of the Valley; Labdanum; Berries; Cinnamon; Orange Honey,Amber; Sandalwood; Cedarwood; Vetiver; Vanilla; Heliotrope; Opopanax; Musk (Synthetic),Amber; Sandalwood; Cedarwood; Vetiver; Vanilla; Heliotrope; Opopanax; Musk,Unisex,Fall; Winter,Night,Temperate; Cold,long lasting,strong,Warm and cosy; Sweet and playful,Evenings out; A special occasion,Forbidden fruit; 1985; magnetic and mysterious; forbidden sensuality; sulphurous accords,"workbook composition, de-branded; season/gender/longevity/sillage normalised; mood & occasion derived from the profile's accords via questionnaire.csv (Q3 / Q1)",workbook + derived
P000189,Chypre Oriental No. 1,Chypre Oriental,floral; citrus; spicy; oriental; amber; chypre,Bergamot; Cinnamon; Chilli; Pepper; Nutmeg,Bergamot; Cinnamon; Chilli; Pepper; Nutmeg,Rose; Narcissus; Jasmine Absolute; Frankincense; Labdanum; Incense,Rose; Narcissus; Jasmine; Frankincense; Labdanum; Incense,Vanilla Bean; Frankincense; Benzoin; Patchouli; Castoreum; Oakmoss; Musk (Synthetic); Leather,Vanilla Bean; Frankincense; Benzoin; Patchouli; Castoreum; Oakmoss; Musk; Leather,Unisex,Fall; Winter,Day; Night,Temperate; Cold,long lasting,strong,Elegant and classic; Warm and cosy,Evenings out; Sport and the outdoors,Opulent elixir; tumultuous unknown; dark and destructive accord; rich floral heart,"workbook composition, de-branded; season/gender/longevity/sillage normalised; mood & occasion derived from the profile's accords via questionnaire.csv (Q3 / Q1)",workbook + derived
P000190,Floral Oriental No. 6,Floral Oriental,floral; amber; spicy; vanilla; oriental,Ginger; Black Pepper; Bergamot,Ginger; Black Pepper; Bergamot,Osmanthus; Jasmine Absolute; Rose; Incense,Osmanthus; Jasmine; Rose; Incense,Amber; Vanilla; Tonka Bean; Patchouli; Musk (Synthetic),Amber; Vanilla; Tonka Bean; Patchouli; Musk,Unisex,Fall; Winter,Night,Temperate; Cold,long lasting,strong,Warm and cosy; Seductive,Evenings out; Relaxing at home,Interlude between moments; intriguing floral heart; spicy opening; warm oriental base,"workbook composition, de-branded; season/gender/longevity/sillage normalised; mood & occasion derived from the profile's accords via questionnaire.csv (Q3 / Q1)",workbook + derived
P000191,Spicy Woody Vanilla No. 1,Spicy Woody Vanilla,spicy; woody; vanilla; powdery; floral,Bergamot; Green Notes; Ginger; Pink Pepper,Bergamot; Green Notes; Blue Ginger; Pink Pepper,Black Currant; Rose; Cardamom,Black Currant; Turkish Rose; Cardamom,Patchouli; Cedar; Vanilla; Benzoin; Ambergris; Musk (Synthetic); Sandalwood,Patchouli; Cedar; Vanilla; Benzoin; Ambergris; Musk; Sandalwood,Unisex,Spring; Fall; Winter,Day; Night,Temperate; Cold,long lasting,moderate,Warm and cosy; Elegant and classic,"Relaxing at home; Every day, work or study",Independent and sophisticated; vanilla-centric; contrasting accords; refined and aristocratic,"workbook composition, de-branded; season/gender/longevity/sillage normalised; mood & occasion derived from the profile's accords via questionnaire.csv (Q3 / Q1)",workbook + derived
P000192,Amber Oriental No. 2,Amber Oriental,amber; spicy; leather; boozy; warm; oriental,Vodka; Champagne; Bergamot,Vodka; Champagne; Bergamot,Cinnamon; Russian Tea; Coriander; Cumin; Birch; Juniper,Cinnamon; Russian Tea; Coriander; Cumin; Birch; Juniper,Grey Amber; Leather; Incense; Musk (Synthetic); Ambergris; Sandalwood,Grey Amber; Leather; Incense; Musk; Ambergris; Sandalwood,Unisex,Fall; Winter,Night,Temperate; Cold,long lasting,strong,Warm and cosy; Sweet and playful,Evenings out; Relaxing at home,Opulent elixir; passionate; smoky amber; spirituality of incense; spiced amber oriental,"workbook composition, de-branded; season/gender/longevity/sillage normalised; mood & occasion derived from the profile's accords via questionnaire.csv (Q3 / Q1)",workbook + derived
P000193,Amber Oriental No. 3,Amber Oriental,amber; warm; resinous; spicy,Bergamot; Citrus; Ginger,Bergamot; Citrus; Ginger,Amber; Cinnamon; Incense,Amber; Cinnamon; Incense,Vanilla; Sandalwood; Amber; Tonka Bean; Musk (Synthetic),Vanilla; Sandalwood; Amber; Tonka Bean; Musk,Unisex,Fall; Winter,Day; Night,Temperate; Cold,long lasting,strong,Warm and cosy; Seductive,Evenings out; Relaxing at home,Extreme amber interpretation; resinous and warm; Oriental sensuality; luxurious materials,"workbook composition, de-branded; season/gender/longevity/sillage normalised; mood & occasion derived from the profile's accords via questionnaire.csv (Q3 / Q1)",workbook + derived
P000194,Amber Oriental No. 4,Amber Oriental,amber; fresh; sensual; warm; spicy; intense,Mandarin; Bergamot; Cardamom; Orange Blossom,Mandarin; Bergamot; Cardamom; Orange Blossom,Patchouli; Tonka Bean; Vanilla; Orange Blossom; Musk (Synthetic),Patchouli; Tonka Bean; Vanilla; Orange Blossom; Musk,Vetiver; Saffron; Suede; Labdanum; Sandalwood; Leather,Vetiver; Saffron; Suede; Labdanum; Sandalwood; Leather,Unisex,Spring; Fall; Winter,Day; Night,Temperate; Cold,long lasting,strong,Warm and cosy; Seductive,Evenings out; Sport and the outdoors,Contemporary intense amber; freshness and sensuality; refined and warm; powerful,"workbook composition, de-branded; season/gender/longevity/sillage normalised; mood & occasion derived from the profile's accords via questionnaire.csv (Q3 / Q1)",workbook + derived
P000195,Oriental Vanilla No. 1,Oriental Vanilla,vanilla; amber; bourbon; sweet,Rum,Rum,Cedar,Cedar,Amber; Benzoin; Vanilla,Amber; Benzoin; Vanilla,Unisex,Fall; Winter,Day; Night,Temperate; Cold,long lasting,strong,Warm and cosy; Sweet and playful,Evenings out; Relaxing at home,Boozy vanilla wrapped in amber and benzoin; smoky sweetness with,"workbook composition, de-branded; season/gender/longevity/sillage normalised; mood & occasion derived from the profile's accords via questionnaire.csv (Q3 / Q1)",workbook + derived
P000196,Amber Woody No. 1,Amber Woody,amber; white floral; woody,Jasmine Absolute,Jasmine,Cashmeran,Cashmeran,Amber,Amber,Unisex,Fall; Winter,Night,Temperate; Cold,long lasting,strong,Warm and cosy; Seductive,"A special occasion; Every day, work or study","Radiant jasmine over warm amber and woods, luminous and bold.","workbook composition, de-branded; season/gender/longevity/sillage normalised; mood & occasion derived from the profile's accords via questionnaire.csv (Q3 / Q1)",workbook + derived
P000197,Amber Spicy No. 1,Amber Spicy,tobacco; vanilla; amber; spicy,Tobacco Leaf; Spices,Tobacco Leaf; Spices,Tonka Bean; Tobacco Blossom,Tonka Bean; Tobacco Blossom,Vanilla; Dried Fruits; Woody Notes,Vanilla; Dried Fruits; Woody Notes,Unisex,Fall; Winter,Night,Temperate; Cold,very long lasting,strong,Warm and cosy; Seductive,Evenings out; Relaxing at home,"Sweet tobacco wrapped in creamy vanilla and amber, rich and enveloping.","workbook composition, de-branded; season/gender/longevity/sillage normalised; mood & occasion derived from the profile's accords via questionnaire.csv (Q3 / Q1)",workbook + derived
P000198,Amber Vanilla No. 1,Amber Vanilla,smoky; vanilla; woody; sweet,Cloves; Pink Pepper; Orange Blossom,Cloves; Pink Pepper; Orange Blossom,Chestnut; Guaiacwood; Juniper,Chestnut; Guaiac Wood; Juniper,Vanilla; Peru Balsam; Cashmeran,Vanilla; Peru Balsam; Cashmeran,Unisex,Fall; Winter,Night,Temperate; Cold,long lasting,moderate,Warm and cosy; Sweet and playful,"Relaxing at home; Every day, work or study","Cozy smoky woods with chestnut and vanilla, evoking warmth by the fire.","workbook composition, de-branded; season/gender/longevity/sillage normalised; mood & occasion derived from the profile's accords via questionnaire.csv (Q3 / Q1)",workbook + derived
P000199,Amber Woody No. 2,Amber Woody,amber; oud; spicy; rosy,Bergamot; Lemon Oil,Bergamot; Lemon,Rose; Saffron,Rose; Saffron,Oud; Amber; Sandalwood,Oud; Amber; Sandalwood,Unisex,Fall; Winter,Night,Temperate; Cold,very long lasting,strong,Warm and cosy; Seductive,Evenings out; A special occasion,"Opulent oud and amber blend with spice and rose, plush and expansive.","workbook composition, de-branded; season/gender/longevity/sillage normalised; mood & occasion derived from the profile's accords via questionnaire.csv (Q3 / Q1)",workbook + derived
P000200,Amber Floral No. 2,Amber Floral,rose; patchouli; amber; spicy,Rose,Rose,Blackcurrant; Cinnamon; Clove,Blackcurrant; Cinnamon; Clove,Patchouli; Sandalwood; Amber; Musk (Synthetic),Patchouli; Sandalwood; Amber; Musk,Unisex,Fall; Winter,Night,Temperate; Cold,very long lasting,strong,Warm and cosy; Seductive,Evenings out; A special occasion,"Dark rose and patchouli over a resinous amber base, dramatic and elegant.","workbook composition, de-branded; season/gender/longevity/sillage normalised; mood & occasion derived from the profile's accords via questionnaire.csv (Q3 / Q1)",workbook + derived
P000201,Amber Vanilla No. 2,Amber Vanilla,citrus; caramel; vanilla; amber,Blood Orange; Bergamot,Blood Orange; Bergamot,Cinnamon; Jasmine Absolute,Cinnamon; Jasmine,Caramel; Vanilla; Musk (Synthetic),Caramel; Vanilla; Musk,Unisex,Fall; Winter,Night,Temperate; Cold,long lasting,moderate,Warm and cosy; Sweet and playful,Evenings out; Sport and the outdoors,"Bright citrus melts into caramel‑vanilla amber, gourmand and smooth.","workbook composition, de-branded; season/gender/longevity/sillage normalised; mood & occasion derived from the profile's accords via questionnaire.csv (Q3 / Q1)",workbook + derived
P000202,Amber Vanilla No. 3,Amber Vanilla,vanilla; amber; spicy; woody,Cinnamon; Cardamom,Cinnamon; Cardamom,Vanilla,Bourbon Vanilla,Musk (Synthetic); Amber; Guaiacwood,Musk; Amber; Guaiac Wood,Unisex,Fall; Winter,Night,Temperate; Cold,long lasting,strong,Warm and cosy; Seductive,Evenings out; Relaxing at home,"Smooth vanilla and amber with spice and woods, refined and elegant.","workbook composition, de-branded; season/gender/longevity/sillage normalised; mood & occasion derived from the profile's accords via questionnaire.csv (Q3 / Q1)",workbook + derived
P000203,Amber Spicy No. 2,Amber Spicy,spicy; amber; incense; woody,Cumin; Ginger; Saffron,Cumin; Ginger; Saffron,Frankincense; Immortelle,Frankincense; Immortelle,Labdanum; Tonka Bean; Cedar,Labdanum; Tonka Bean; Cedar,Unisex,Fall; Winter,Night,Temperate; Cold,very long lasting,strong,Warm and cosy; Seductive,"Evenings out; Every day, work or study","Spiced incense and amber with balsamic depth, complex and powerful.","workbook composition, de-branded; season/gender/longevity/sillage normalised; mood & occasion derived from the profile's accords via questionnaire.csv (Q3 / Q1)",workbook + derived
P000204,Amber Vanilla No. 4,Amber Vanilla,vanilla; smoky; amber; spicy,Cardamom; Juniper,Cardamom; Juniper,Black Tea; Olibanum,Black Tea; Olibanum,Vanilla; Amber; Musk (Synthetic),Vanilla; Amber; Musk,Unisex,Fall; Winter,Night,Temperate; Cold,long lasting,moderate,Warm and cosy; Seductive,Evenings out; Relaxing at home,"Smoky vanilla and amber resins, soft and meditative.","workbook composition, de-branded; season/gender/longevity/sillage normalised; mood & occasion derived from the profile's accords via questionnaire.csv (Q3 / Q1)",workbook + derived
P000205,Amber Floral No. 3,Amber Floral,spicy; amber; floral; vanilla,Ginger; Blood Orange,Ginger; Blood Orange,Tuberose; Jasmine Absolute,Tuberose; Jasmine,Patchouli; Amber; Vanilla,Patchouli; Amber; Vanilla,Unisex,Fall; Winter,Night,Temperate; Cold,long lasting,strong,Warm and cosy; Seductive,Evenings out; Relaxing at home,"Spicy florals over amber‑vanilla base, bold and sensual.","workbook composition, de-branded; season/gender/longevity/sillage normalised; mood & occasion derived from the profile's accords via questionnaire.csv (Q3 / Q1)",workbook + derived
P000206,Amber Woody No. 3,Amber Woody,patchouli; amber; woody; balsamic,Bitter Orange; Neroli,Bitter Orange; Neroli,Patchouli; Rose,Patchouli; Rose,Benzoin; Amber; Musk (Synthetic),Benzoin; Amber; Musk,Unisex,Fall; Winter,Night,Temperate; Cold,very long lasting,strong,Warm and cosy; Seductive,"Every day, work or study; Evenings out","Rich patchouli and amber with balsamic sweetness, luxurious and enveloping.","workbook composition, de-branded; season/gender/longevity/sillage normalised; mood & occasion derived from the profile's accords via questionnaire.csv (Q3 / Q1)",workbook + derived
P000207,Amber Aromatic No. 2,Amber Aromatic,amber; lavender; aromatic; fresh,Lavender,Lavender,Clove,Clove,Amber; Patchouli,Amber; Patchouli,Unisex,Spring; Fall; Winter,Day; Night,Temperate; Cold,moderate,moderate,Warm and cosy; Seductive,"Sport and the outdoors; Every day, work or study","Fresh lavender over warm amber, aromatic and balanced.","workbook composition, de-branded; season/gender/longevity/sillage normalised; mood & occasion derived from the profile's accords via questionnaire.csv (Q3 / Q1)",workbook + derived
P000208,Amber Vanilla No. 5,Amber Vanilla,caramel; vanilla; amber; sweet,Caramel,Caramel,Musk (Synthetic),Musk,Vanilla; Benzoin,Vanilla; Benzoin,Unisex,Fall; Winter,Night,Temperate; Cold,long lasting,moderate,Warm and cosy; Sweet and playful,Evenings out; Relaxing at home,"Gourmand caramel and benzoin wrapped in amber, playful and sweet.","workbook composition, de-branded; season/gender/longevity/sillage normalised; mood & occasion derived from the profile's accords via questionnaire.csv (Q3 / Q1)",workbook + derived
P000209,Amber Floral No. 4,Amber Floral,oud; rose; amber; vanilla,Ionone Alpha,Violet,Rose; Oud,Rose; Oud,Amber; Vanilla,Amber; Vanilla,Unisex,Fall; Winter,Night,Temperate; Cold,very long lasting,strong,Warm and cosy; Seductive,Evenings out; A special occasion,"Silky rose and oud over amber‑vanilla, opulent and smooth.","workbook composition, de-branded; season/gender/longevity/sillage normalised; mood & occasion derived from the profile's accords via questionnaire.csv (Q3 / Q1)",workbook + derived
P000210,Amber Spicy No. 3,Amber Spicy,amber; honey; tobacco; spicy,—,—,Tobacco; Hay,Tobacco; Hay,Amber; Sandalwood,Amber; Sandalwood,Unisex,Fall; Winter,Night,Temperate; Cold,long lasting,moderate,Warm and cosy; Sweet and playful,Evenings out; A special occasion,"Honeyed tobacco melts into smooth amber and woods, warm and","workbook composition, de-branded; season/gender/longevity/sillage normalised; mood & occasion derived from the profile's accords via questionnaire.csv (Q3 / Q1)",workbook + derived
P000211,Woody Spicy No. 11,Woody Spicy,warm spicy; tobacco; sweet; leather; citrus,Bergamot; Grapefruit; Pink Pepper,Bergamot; Grapefruit; Pink Pepper,Cinnamon; Saffron; Paprika,Cinnamon; Saffron; Paprika,Tobacco; Vetiver; Leather,Tobacco; Vetiver; Leather,Men,Fall; Winter,Night,Temperate; Cold,long lasting,strong,Dark and mysterious; Sweet and playful,Evenings out; Sport and the outdoors,"Explosive peppery‑citrus opening over a hot mix of spices and smoky tobacco, bold and attention‑grabbing.","workbook composition, de-branded; season/gender/longevity/sillage normalised; mood & occasion derived from the profile's accords via questionnaire.csv (Q3 / Q1)",workbook + derived
P000212,Amber Spicy No. 4,Amber Spicy,warm spicy; sweet; tobacco; vanilla; amber,Bergamot; Black Pepper; Caraway,Bergamot; Black Pepper; Caraway,Lavender; Cumin; Mixed Spices,Lavender; Cumin; Mixed Spices,Tobacco; Vanilla; Amber; Woods,Tobacco; Vanilla; Amber; Woods,Men,Fall; Winter,Night,Temperate; Cold,long lasting,strong,Warm and cosy; Sweet and playful,Evenings out; Relaxing at home,"Denser, sweeter flanker with thick vanilla‑tobacco and glowing spices, ideal for cold evenings.","workbook composition, de-branded; season/gender/longevity/sillage normalised; mood & occasion derived from the profile's accords via questionnaire.csv (Q3 / Q1)",workbook + derived
P000213,Woody Spicy No. 12,Woody Spicy,cardamom; warm spicy; woody; aromatic,Cardamom; Bergamot,Cardamom; Bergamot,Lavender; Cedar,Lavender; Cedar,Vetiver; Coumarin,Vetiver; Coumarin,Men,Spring; Fall,Night,Temperate,moderate,moderate,Fresh and clean,"Every day, work or study; Sport and the outdoors","Soft, seductive cardamom over gentle woods and lavender, more intimate than loud.","workbook composition, de-branded; season/gender/longevity/sillage normalised; mood & occasion derived from the profile's accords via questionnaire.csv (Q3 / Q1)",workbook + derived
P000214,Woody Spicy No. 13,Woody Spicy,fresh spicy; citrus; woody; aromatic,Bergamot; Lemon Oil; Ginger,Bergamot; Lemon; Ginger,White Pepper; Basil; Violet Leaf,White Pepper; Basil; Violet Leaf,Cedar; Vetiver; Tonka Bean,Cedar; Vetiver; Tonka Bean,Men,Spring; Summer,Day,Temperate; Hot,moderate,moderate,Fresh and clean,"Sport and the outdoors; Every day, work or study","Fresh ginger‑citrus scent with light spices and clean woods, easy for everyday wear.","workbook composition, de-branded; season/gender/longevity/sillage normalised; mood & occasion derived from the profile's accords via questionnaire.csv (Q3 / Q1)",workbook + derived
P000215,Aromatic Spicy No. 1,Aromatic Spicy,fresh spicy; citrus; amber; aromatic,Bergamot; Sichuan Pepper,Bergamot; Sichuan Pepper,Lavender; Star Anise; Nutmeg,Lavender; Star Anise; Nutmeg,Ambroxan; Vanilla,Ambroxan; Vanilla,Men,Spring; Summer; Fall; Winter,Day; Night,Temperate; Hot; Cold,long lasting,moderate,Fresh and clean; Warm and cosy,"Sport and the outdoors; Every day, work or study","Modern blue fragrance mixing bright peppery citrus with an ambery, slightly sweet base.","workbook composition, de-branded; season/gender/longevity/sillage normalised; mood & occasion derived from the profile's accords via questionnaire.csv (Q3 / Q1)",workbook + derived
P000216,Aromatic Spicy No. 2,Aromatic Spicy,warm spicy; lavender; amber; woody,Grapefruit; Cinnamon; Nutmeg; Cardamom,Grapefruit; Cinnamon; Nutmeg; Cardamom,Lavender,Lavender,Amber; Woods; Patchouli,Amber; Woods; Patchouli,Men,Fall; Winter,Night,Temperate; Cold,very long lasting,strong,Warm and cosy; Seductive,"Every day, work or study; Evenings out","Intense, syrupy version of Sauvage with heavy spices and dense lavender‑amber depth.","workbook composition, de-branded; season/gender/longevity/sillage normalised; mood & occasion derived from the profile's accords via questionnaire.csv (Q3 / Q1)",workbook + derived
P000217,Amber Spicy No. 5,Amber Spicy,warm spicy; vanilla; amber; sweet; woody,Cardamom; Nutmeg; Saffron; Citrus Notes,Cardamom; Nutmeg; Saffron; Citrus Notes,Kulfi Accord; Orange Blossom; Rose; Jasmine Absolute,Kulfi Accord; Orange Blossom; Rose; Jasmine,Vanilla; Amber; Sandalwood; Tonka Bean,Vanilla; Amber; Sandalwood; Tonka Bean,Men,Fall; Winter,Night,Temperate; Cold,long lasting,strong,Warm and cosy; Sweet and playful,Evenings out; Relaxing at home,Creamy dessert‑like oriental with cardamom and saffron over a rich vanilla‑amber base.,"workbook composition, de-branded; season/gender/longevity/sillage normalised; mood & occasion derived from the profile's accords via questionnaire.csv (Q3 / Q1)",workbook + derived
P000218,Amber Spicy No. 6,Amber Spicy,tobacco; vanilla; warm spicy; sweet; woody,Spicy Notes; Tobacco Leaf,Spicy Notes; Tobacco Leaf,Cacao; Tonka Bean; Dried Fruits,Cacao; Tonka Bean; Dried Fruits,Vanilla; Woods,Vanilla; Woods,Unisex,Fall; Winter,Night,Temperate; Cold,long lasting,very strong,Warm and cosy; Sweet and playful,Evenings out; Relaxing at home,"Thick pipe‑tobacco accord drenched in vanilla and spice, powerful and cozy for cold weather.","workbook composition, de-branded; season/gender/longevity/sillage normalised; mood & occasion derived from the profile's accords via questionnaire.csv (Q3 / Q1)",workbook + derived
P000219,Amber Spicy No. 7,Amber Spicy,warm spicy; amber; sweet; leather; aromatic,Mandarin; Cardamom; Apple,Green Mandarin; Cardamom; Apple,Nutmeg; Lavender; Orange Blossom,Nutmeg; Lavender; Orange Blossom,Tonka Bean; Amber; Leather,Tonka Bean; Amber; Leather,Men,Fall; Winter,Night,Temperate; Cold,long lasting,strong,Warm and cosy; Sweet and playful,Evenings out; Sport and the outdoors,"Deep, sweet take on Code with rich tonka and warm spices creating a seductive evening scent.","workbook composition, de-branded; season/gender/longevity/sillage normalised; mood & occasion derived from the profile's accords via questionnaire.csv (Q3 / Q1)",workbook + derived
P000220,Amber Fougere No. 1,Amber Fougere,sweet; warm spicy; vanilla; fruity; amber,Pink Pepper; Juniper; Ionone Alpha,Pink Pepper; Juniper; Violet,Toffee; Cinnamon; Lavender; Sage,Toffee; Cinnamon; Lavender; Sage,Vanilla; Amber; Suede,Vanilla; Amber; Suede,Men,Fall; Winter,Night,Temperate; Cold,long lasting,strong,Warm and cosy; Sweet and playful,Evenings out; Relaxing at home,"Very sweet chestnut‑like gourmand wrapped in cinnamon and amber, youthful and attention‑seeking.","workbook composition, de-branded; season/gender/longevity/sillage normalised; mood & occasion derived from the profile's accords via questionnaire.csv (Q3 / Q1)",workbook + derived
P000221,Woody Spicy No. 14,Woody Spicy,woody; oud; warm spicy; amber; smoky,Cardamom; Sichuan Pepper,Cardamom; Sichuan Pepper,Oud; Sandalwood,Oud; Sandalwood,Vetiver; Tonka Bean; Amber,Vetiver; Tonka Bean; Amber,Unisex,Fall; Winter,Night,Temperate; Cold,long lasting,moderate,Dark and mysterious; Warm and cosy,Evenings out; A special occasion,"Smooth, luxurious woods with cardamom and a soft oud accent for a refined, dressed‑up feel.","workbook composition, de-branded; season/gender/longevity/sillage normalised; mood & occasion derived from the profile's accords via questionnaire.csv (Q3 / Q1)",workbook + derived
P000222,Woody Spicy No. 15,Woody Spicy,tobacco; oud; warm spicy; woody; amber,Whiskey Accord; Spices,Whiskey Accord; Spices,Tobacco; Oud,Tobacco; Oud,Sandalwood; Amber; Resins,Sandalwood; Amber; Resins,Unisex,Fall; Winter,Night,Temperate; Cold,long lasting,strong,Dark and mysterious; Warm and cosy,Evenings out; A special occasion,"Dark tobacco and oud laced with boozy spice, creating a rich, smoky statement scent.","workbook composition, de-branded; season/gender/longevity/sillage normalised; mood & occasion derived from the profile's accords via questionnaire.csv (Q3 / Q1)",workbook + derived
P000223,Amber Spicy No. 8,Amber Spicy,warm spicy; powdery; woody; citrus; amber,Bergamot; Pink Pepper; Verbena,Bergamot; Pink Pepper; Verbena,Black Pepper; Nutmeg; Geranium,Black Pepper; Nutmeg; Geranium,Amber; Patchouli; Vanilla; Woods,Amber; Patchouli; Vanilla; Woods,Men,Fall; Winter,Night,Temperate; Cold,long lasting,moderate,Warm and cosy; Seductive,Evenings out; Sport and the outdoors,"Soft, spicy oriental with citrus and pepper up top and a creamy, powdery amber base.","workbook composition, de-branded; season/gender/longevity/sillage normalised; mood & occasion derived from the profile's accords via questionnaire.csv (Q3 / Q1)",workbook + derived
P000224,Woody Spicy No. 16,Woody Spicy,citrus; warm spicy; sweet; woody; amber,Mandarin Orange; Black Pepper; Chinotto,Mandarin Orange; Black Pepper; Chinotto,Rosemary; Pepper; Geranium,Rosemary; Pepper; Geranium,Sandalwood; Vanilla; Tonka Bean; Patchouli,Sandalwood; Vanilla; Tonka Bean; Patchouli,Men,Fall; Winter,Night,Temperate; Cold,long lasting,strong,Warm and cosy; Sweet and playful,Evenings out; Sport and the outdoors,"Fiery citrus and pepper over the sweet Eros DNA, louder and more passionate for nights out.","workbook composition, de-branded; season/gender/longevity/sillage normalised; mood & occasion derived from the profile's accords via questionnaire.csv (Q3 / Q1)",workbook + derived
P000225,Amber Spicy No. 9,Amber Spicy,sweet; cinnamon; warm spicy; leathery; amber,Mandarin; Grapefruit; Mint,Blood Mandarin; Grapefruit; Mint,Cinnamon; Spicy Notes; Rose,Cinnamon; Spicy Notes; Rose,Leather; Amber; Woods; Patchouli,Leather; Amber; Woods; Patchouli,Men,Fall; Winter,Night,Temperate; Cold,long lasting,strong,Warm and cosy; Sweet and playful,Evenings out; A special occasion,Loud sweet orange‑cinnamon blend with a leathery amber base that dominates parties and clubs.,"workbook composition, de-branded; season/gender/longevity/sillage normalised; mood & occasion derived from the profile's accords via questionnaire.csv (Q3 / Q1)",workbook + derived
P000226,Amber Spicy No. 10,Amber Spicy,sweet; warm spicy; vanilla; aromatic,Ginger; Green Notes; Bergamot,Ginger; Green Notes; Bergamot,Cinnamon; Liquor Accord; Leather,Cinnamon; Liquor Accord; Leather,Vanilla; Myrrh; Sugar; Woods,Vanilla; Myrrh; Sugar; Woods,Men,Fall; Winter,Night,Temperate; Cold,long lasting,strong,Warm and cosy; Sweet and playful,Evenings out; Sport and the outdoors,"Liqueur‑like ginger and cinnamon wrapped in sugary vanilla, playful and flirty for evenings.","workbook composition, de-branded; season/gender/longevity/sillage normalised; mood & occasion derived from the profile's accords via questionnaire.csv (Q3 / Q1)",workbook + derived
P000227,Woody Spicy No. 17,Woody Spicy,warm spicy; amber; tobacco; citrus; woody,Grapefruit; Coriander; Basil,Grapefruit; Coriander; Basil,Cardamom; Ginger; Orange Blossom,Cardamom; Ginger; Orange Blossom,Tobacco; Amber; Cedar,Tobacco; Amber; Cedar,Men,Fall; Winter,Night,Temperate; Cold,moderate,moderate,Warm and cosy; Seductive,Evenings out; Sport and the outdoors,"Smooth tobacco‑amber scent with gentle cardamom and ginger, classy and date‑friendly.","workbook composition, de-branded; season/gender/longevity/sillage normalised; mood & occasion derived from the profile's accords via questionnaire.csv (Q3 / Q1)",workbook + derived
P000228,Amber Fougere No. 2,Amber Fougere,sweet; vanilla; pear; cinnamon; warm spicy,Bergamot; Pear; Lavender; Mint,Bergamot; Pear; Lavender; Mint,Cinnamon; Clary Sage,Cinnamon; Clary Sage,Vanilla; Amber; Cedar; Patchouli,Vanilla; Amber; Cedar; Patchouli,Men,Fall; Winter,Night,Temperate; Cold,long lasting,strong,Sweet and playful; Warm and cosy,Evenings out; Relaxing at home,"Very sweet pear‑vanilla cloud cut with cinnamon spice, built for loud nightlife.","workbook composition, de-branded; season/gender/longevity/sillage normalised; mood & occasion derived from the profile's accords via questionnaire.csv (Q3 / Q1)",workbook + derived
P000229,Amber Fougere No. 3,Amber Fougere,vanilla; warm spicy; amber; aromatic,Cardamom,Cardamom,Lavender; Iris (Orris),Lavender; Iris,Vanilla; Woods; Amber,Vanilla; Woods; Amber,Men,Fall; Winter,Night,Temperate; Cold,long lasting,strong,Warm and cosy; Seductive,Evenings out; Sport and the outdoors,"Darker, spicier twist on Le Male with cardamom and amber over creamy vanilla.","workbook composition, de-branded; season/gender/longevity/sillage normalised; mood & occasion derived from the profile's accords via questionnaire.csv (Q3 / Q1)",workbook + derived
P000230,Amber Spicy No. 11,Amber Spicy,warm spicy; boozy; woody; leather; incense,Bergamot; Black Pepper; Bay Leaf,Bergamot; Black Pepper; Bay Leaf,Rum; Cinnamon; Clary Sage; Geranium,Rum; Cinnamon; Clary Sage; Geranium,Leather; Incense; Cedar; Patchouli,Leather; Incense; Cedar; Patchouli,Men,Fall; Winter,Night,Temperate; Cold,long lasting,strong,Dark and mysterious; Sweet and playful,"Evenings out; Every day, work or study","Boozy rum and spices over smoky leather and woods, giving a rich, mature gentleman vibe","workbook composition, de-branded; season/gender/longevity/sillage normalised; mood & occasion derived from the profile's accords via questionnaire.csv (Q3 / Q1)",workbook + derived
P000231,Woody Aromatic No. 28,Woody Aromatic,iris; warm spicy; vanilla; woody; amber,Black Pepper; Bergamot,Black Pepper; Bergamot,Iris (Orris); Clove; Cinnamon,Iris; Clove; Cinnamon,Vanilla; Patchouli; Tolu Balsam,Vanilla; Patchouli; Tolu Balsam,Men,Fall; Winter,Night,Temperate; Cold,long lasting,moderate,Warm and cosy; Seductive,Evenings out; A special occasion,"Creamy iris wrapped in pepper, clove, and vanilla, giving a dressed‑up, cozy masculine feel.","workbook composition, de-branded; season/gender/longevity/sillage normalised; mood & occasion derived from the profile's accords via questionnaire.csv (Q3 / Q1)",workbook + derived
P000232,Amber Vanilla No. 6,Amber Vanilla,whisky; vanilla; iris; warm spicy; woody,Whisky Accord; Bergamot,Whisky Accord; Bergamot,Iris (Orris); Chestnut,Iris; Chestnut,Vanilla; Amber; Woods,Vanilla; Amber; Woods,Men,Fall; Winter,Night,Temperate; Cold,long lasting,moderate,Warm and cosy; Sweet and playful,Evenings out; Relaxing at home,"Boozy whisky and chestnut over smooth iris and vanilla, perfect for intimate evenings.","workbook composition, de-branded; season/gender/longevity/sillage normalised; mood & occasion derived from the profile's accords via questionnaire.csv (Q3 / Q1)",workbook + derived
P000233,Woody Spicy No. 18,Woody Spicy,woody; warm spicy; iris; cacao; fresh spicy,Black Pepper; Geranium; Coriander,Black Pepper; Geranium; Coriander,Iris (Orris); Cacao,Iris; Cacao,Cedar; Sandalwood; Patchouli,Cedar; Sandalwood; Patchouli,Men,Spring; Fall,Night,Temperate,moderate,moderate,Sweet and playful; Fresh and clean,"Every day, work or study; Evenings out","Elegant woody‑iris scent with pepper and cacao adding a refined, slightly dry warmth.","workbook composition, de-branded; season/gender/longevity/sillage normalised; mood & occasion derived from the profile's accords via questionnaire.csv (Q3 / Q1)",workbook + derived
P000234,Woody Aromatic No. 29,Woody Aromatic,warm spicy; aromatic; woody; amber; green,Grapefruit; Cardamom; Tarragon,Grapefruit; Cardamom; Tarragon,Mint; Cedar; Nutmeg; Lavender,Mint; Cedar; Nutmeg; Lavender,Patchouli; Cinnamon; Amber; Benzoin,Patchouli; Cinnamon; Amber; Benzoin,Men,Spring; Fall,Night,Temperate,moderate,moderate,Warm and cosy; Seductive,"Sport and the outdoors; Every day, work or study","Herbal grapefruit and cardamom over woods and amber, like a moody London night in a bottle.","workbook composition, de-branded; season/gender/longevity/sillage normalised; mood & occasion derived from the profile's accords via questionnaire.csv (Q3 / Q1)",workbook + derived
P000235,Woody Aromatic No. 30,Woody Aromatic,aromatic; fresh spicy; woody; citrus,Neroli; Bergamot; Black Pepper; Petitgrain,Neroli; Bergamot; Black Pepper; Petitgrain,Cardamom; Lavender; Juniper Berries; Sage,Cardamom; Lavender; Juniper Berries; Sage,Vetiver; Oakmoss,Vetiver; Oakmoss,Men,Spring; Fall,Day,Temperate,moderate,moderate,Fresh and clean,"Sport and the outdoors; Every day, work or study","Crisp neroli and bergamot with pepper and cardamom, giving a barbershop‑meets‑modern twist.","workbook composition, de-branded; season/gender/longevity/sillage normalised; mood & occasion derived from the profile's accords via questionnaire.csv (Q3 / Q1)",workbook + derived
P000236,Woody Aromatic No. 31,Woody Aromatic,woody; citrus; aromatic; fresh spicy; amber,Bergamot; Pink Pepper; Clary Sage,Bergamot; Pink Pepper; Clary Sage,Vetiver; Leather; Ambroxan,Vetiver; Leather; Ambroxan,Patchouli; Cacao; Akigalawood,Patchouli; Cacao; Akigalawood,Men,Spring; Summer; Fall,Day; Night,Temperate; Hot,moderate,moderate,Fresh and clean; Warm and cosy,"Sport and the outdoors; Every day, work or study","Bright bergamot and pepper up top with clean woods and leather, versatile and easy to wear.","workbook composition, de-branded; season/gender/longevity/sillage normalised; mood & occasion derived from the profile's accords via questionnaire.csv (Q3 / Q1)",workbook + derived
P000237,Aromatic Fougere No. 1,Aromatic Fougere,citrus; fresh spicy; amber; woody; musky,Bergamot; Grapefruit; Fig Leaf,Calabrian Bergamot; Grapefruit; Fig Leaf,Black Pepper; Patchouli; Violet Leaf,Black Pepper; Patchouli; Violet Leaf,Musk (Synthetic); Incense; Tonka Bean; Saffron,Musk; Incense; Tonka Bean; Saffron,Men,Spring; Summer,Night,Temperate; Hot,long lasting,strong,Warm and cosy; Seductive,"Every day, work or study; Sport and the outdoors","Blue citrus‑aquatic opening with pepper and incense, giving a slightly smoky modern club vibe.","workbook composition, de-branded; season/gender/longevity/sillage normalised; mood & occasion derived from the profile's accords via questionnaire.csv (Q3 / Q1)",workbook + derived
P000238,Amber Woody No. 4,Amber Woody,sweet; coffee; warm spicy; patchouli; vanilla,Bergamot; Fruity Notes,Bergamot; Fruity Notes,Coffee; Caramel; Honey; Mint,Coffee; Caramel; Honey; Mint,Patchouli; Vanilla; Tonka Bean; Benzoin,Patchouli; Vanilla; Tonka Bean; Benzoin,Men,Fall; Winter,Night,Temperate; Cold,long lasting,strong,Warm and cosy; Sweet and playful,Evenings out; Relaxing at home,"Gourmand blast of coffee, caramel, and patchouli that feels loud, edgy, and nostalgic.","workbook composition, de-branded; season/gender/longevity/sillage normalised; mood & occasion derived from the profile's accords via questionnaire.csv (Q3 / Q1)",workbook + derived
P000239,Amber Spicy No. 12,Amber Spicy,smoky; balsamic; warm spicy; woody; incense,Oregano; Pimento Berry; Bergamot,Oregano; Pimento Berry; Bergamot,Amber; Frankincense; Opoponax,Amber; Frankincense; Opoponax,Leather; Agarwood (Oud); Patchouli; Sandalwood,Leather; Agarwood (Oud); Patchouli; Sandalwood,Men,Fall; Winter,Night,Temperate; Cold,very long lasting,enormous,Dark and mysterious; Warm and cosy,"Evenings out; Every day, work or study","Massive smoky incense and spices over dark woods, a dramatic statement scent for cold nights.","workbook composition, de-branded; season/gender/longevity/sillage normalised; mood & occasion derived from the profile's accords via questionnaire.csv (Q3 / Q1)",workbook + derived
P000240,Woody Spicy No. 19,Woody Spicy,tobacco; vanilla; warm spicy; sweet; woody,Cinnamon; Pepper,Cinnamon; Pepper,Tobacco Leaf; Osmanthus,Tobacco Leaf; Osmanthus,Vanilla; Cedar; Vetiver; Iso E Super,Vanilla; Cedar; Vetiver; Iso E Super,Men,Fall; Winter,Night,Temperate; Cold,long lasting,strong,Warm and cosy; Sweet and playful,Evenings out; Relaxing at home,"Smooth pipe‑tobacco accord with cinnamon and creamy vanilla, rich and comforting yet elegant.","workbook composition, de-branded; season/gender/longevity/sillage normalised; mood & occasion derived from the profile's accords via questionnaire.csv (Q3 / Q1)",workbook + derived
P000241,Amber Fougere No. 4,Amber Fougere,sweet; warm spicy; fruity; vanilla; woody,Apple; Bergamot; Lavender,Apple; Bergamot; Lavender,Geranium; Ionone Alpha; Spices,Geranium; Violet; Spices,Vanilla; Sandalwood; Cardamom; Pepper,Vanilla; Sandalwood; Cardamom; Pepper,Men,Fall; Winter,Night,Temperate; Cold,long lasting,strong,Sweet and playful; Warm and cosy,Evenings out; Relaxing at home,"Juicy apple and lavender over a warm cardamom‑vanilla base, very crowd‑pleasing and cozy.","workbook composition, de-branded; season/gender/longevity/sillage normalised; mood & occasion derived from the profile's accords via questionnaire.csv (Q3 / Q1)",workbook + derived
P000242,Amber Spicy No. 13,Amber Spicy,coffee; warm spicy; sweet; cinnamon,Cardamom,Cardamom,Turkish Coffee Accord,Turkish Coffee Accord,Vanilla; Cinnamon; Patchouli,Vanilla; Cinnamon; Patchouli,Unisex,Fall; Winter,Night,Temperate; Cold,long lasting,moderate,Sweet and playful,Evenings out,Dark coffee and cardamom blend that feels like sweet spiced Turkish coffee on skin.,"workbook composition, de-branded; season/gender/longevity/sillage normalised; mood & occasion derived from the profile's accords via questionnaire.csv (Q3 / Q1)",workbook + derived
P000243,Woody Spicy No. 20,Woody Spicy,rum; woody; spicy; smoky; patchouli,Rum Accord,Rum Accord,Dried Fruits; Nutmeg,Dried Fruits; Nutmeg,Patchouli; Cedar; Vanilla,Patchouli; Cedar; Vanilla,Unisex,Fall; Winter,Night,Temperate; Cold,long lasting,moderate,Sweet and playful; Natural and earthy,"Evenings out; Every day, work or study","Boozy rum and woods with a dry spicy patchouli character, elegant and slightly smoky.","workbook composition, de-branded; season/gender/longevity/sillage normalised; mood & occasion derived from the profile's accords via questionnaire.csv (Q3 / Q1)",workbook + derived
P000244,Woody Spicy No. 21,Woody Spicy,tobacco; warm spicy; sweet; woody; smoky,Saffron; Cinnamon; Incense,Saffron; Cinnamon; Incense,Apple; Patchouli; Oud,Apple; Patchouli; Oud,Tobacco; Amber; Sandalwood; Musk (Synthetic),Tobacco; Amber; Sandalwood; Musk,Unisex,Fall; Winter,Night,Temperate; Cold,very long lasting,enormous,Sweet and playful; Dark and mysterious,"Evenings out; Every day, work or study","Nuclear‑strength tobacco and spice bomb with smoky woods and sweetness, huge projection.","workbook composition, de-branded; season/gender/longevity/sillage normalised; mood & occasion derived from the profile's accords via questionnaire.csv (Q3 / Q1)",workbook + derived
P000245,Woody Spicy No. 22,Woody Spicy,citrus; woody; fruity; fresh spicy,Lemon Oil; Blackcurrant; Spices,Lemon; Blackcurrant; Spices,Jasmine Absolute; Patchouli,Jasmine; Patchouli,Cedarwood; Sandalwood; Vanilla; Musk (Synthetic),Cedarwood; Sandalwood; Vanilla; Musk,Unisex,Spring; Summer; Fall,Day; Night,Temperate; Hot,long lasting,strong,Fresh and clean; Sweet and playful,"Sport and the outdoors; Every day, work or study","Bright lemon and blackcurrant over dry woods and light spice, versatile but still punchy.","workbook composition, de-branded; season/gender/longevity/sillage normalised; mood & occasion derived from the profile's accords via questionnaire.csv (Q3 / Q1)",workbook + derived
P000246,Woody Spicy No. 23,Woody Spicy,woody; leather; spicy; balsamic,Spicy Notes,Spicy Notes,Woody Notes,Woody Notes,Leather; Resins,Leather; Resins,Unisex,Fall; Winter,Night,Temperate; Cold,long lasting,strong,Warm and cosy; Seductive,"Evenings out; Every day, work or study","Dense resinous woods and leather with rough spice edges, very masculine and bold.","workbook composition, de-branded; season/gender/longevity/sillage normalised; mood & occasion derived from the profile's accords via questionnaire.csv (Q3 / Q1)",workbook + derived
P000247,Amber Spicy No. 14,Amber Spicy,sweet; warm spicy; woody; vanilla,Cardamom,Cardamom,Toffee Accord,Toffee Accord,Timber Silk; Woods; Vanilla,Amberwood; Woods; Vanilla,Men,Fall; Winter,Night,Temperate; Cold,long lasting,strong,Warm and cosy; Sweet and playful,Evenings out; Relaxing at home,"Sweet toffee and cardamom combo over modern woods, built for compliments in cooler weather.","workbook composition, de-branded; season/gender/longevity/sillage normalised; mood & occasion derived from the profile's accords via questionnaire.csv (Q3 / Q1)",workbook + derived
P000248,Amber Fougere No. 5,Amber Fougere,warm spicy; amber; musky; powdery,Bergamot,Bergamot,Angelica; Patchouli,Angelica; Patchouli,Coumarin; Amber; Musk (Synthetic),Coumarin; Amber; Musk,Men,Fall; Winter,Night,Temperate; Cold,long lasting,moderate,Warm and cosy; Seductive,Relaxing at home; Evenings out,"Soft spicy amber with powdery musky warmth, smooth and slightly mysterious for evenings.","workbook composition, de-branded; season/gender/longevity/sillage normalised; mood & occasion derived from the profile's accords via questionnaire.csv (Q3 / Q1)",workbook + derived
P000249,Amber Spicy No. 15,Amber Spicy,warm spicy; sweet; cacao; woody,Black Pepper; White Pepper; Bergamot,Black Pepper; White Pepper; Bergamot,Cedar; Sage,Cedar; Sage,Tonka Bean; Cacao,Tonka Bean; Cacao,Men,Fall; Winter,Night,Temperate; Cold,long lasting,strong,Sweet and playful,"Evenings out; Every day, work or study","Peppery opening that dries down to sweet cacao‑tonka, playful and modern.","workbook composition, de-branded; season/gender/longevity/sillage normalised; mood & occasion derived from the profile's accords via questionnaire.csv (Q3 / Q1)",workbook + derived
P000250,Woody Spicy No. 24,Woody Spicy,aromatic; warm spicy; woody; balsamic,Bergamot; Mandarin; Cardamom; Pepper,Bergamot; Mandarin; Cardamom; Pepper,Lavender; Geranium; Cinnamon; Nutmeg,Lavender; Geranium; Cinnamon; Nutmeg,Patchouli; Sandalwood; Incense; Amber,Patchouli; Sandalwood; Incense; Amber,Men,Spring; Fall,Night,Temperate,moderate,moderate,Warm and cosy; Seductive,"Every day, work or study; Evenings out","Complex aromatic‑spicy blend with herbs, woods, and resins, an off‑beat but charming classic","workbook composition, de-branded; season/gender/longevity/sillage normalised; mood & occasion derived from the profile's accords via questionnaire.csv (Q3 / Q1)",workbook + derived
P000251,Woody Spicy No. 25,Woody Spicy,citrus; aromatic; warm spicy; leather,Bergamot; Lemon Oil; Ginger,Calabrian Bergamot; Lemon; Ginger,Cardamom; Neroli; Myrtle,Cardamom; Neroli; Myrtle,Leather; Patchouli; Benzoin; Musk (Synthetic),Leather; Patchouli; Benzoin; Musk,Men,Spring; Summer; Fall,Day; Night,Temperate; Hot,moderate,moderate,Fresh and clean; Dark and mysterious,"Sport and the outdoors; Every day, work or study",Classic Italian citrus cologne with ginger and cardamom leading into a dry leathery base.,"workbook composition, de-branded; season/gender/longevity/sillage normalised; mood & occasion derived from the profile's accords via questionnaire.csv (Q3 / Q1)",workbook + derived
P000252,Woody Spicy No. 26,Woody Spicy,warm spicy; tobacco; cinnamon; woody,Bergamot; Lavender; Cinnamon Leaf,Bergamot; Lavender; Cinnamon Leaf,Leather; Mimosa,Leather; Mimosa,Tobacco; Opoponax; Woods,Tobacco; Opoponax; Woods,Men,Fall; Winter,Night,Temperate; Cold,long lasting,moderate,Dark and mysterious,"Every day, work or study; Evenings out","Cozy tobacco and cinnamon wrapped in soft woods, like a warm scarf in cold weather.","workbook composition, de-branded; season/gender/longevity/sillage normalised; mood & occasion derived from the profile's accords via questionnaire.csv (Q3 / Q1)",workbook + derived
P000253,Amber Spicy No. 16,Amber Spicy,warm spicy; sweet; fruity; tobacco,Red Fruits; Pink Pepper; Saffron,Red Fruits; Pink Pepper; Saffron,Cinnamon; Chilli Accord,Cinnamon; Chilli Accord,Tobacco; Benzoin; Woods,Tobacco; Benzoin; Woods,Men,Fall; Winter,Night,Temperate; Cold,long lasting,strong,Sweet and playful; Dark and mysterious,Evenings out,Fruity‑spicy twist on the Spicebomb DNA with red fruits and chilli over sweet tobacco.,"workbook composition, de-branded; season/gender/longevity/sillage normalised; mood & occasion derived from the profile's accords via questionnaire.csv (Q3 / Q1)",workbook + derived
P000254,Amber Fougere No. 6,Amber Fougere,sweet; coffee; vanilla; warm spicy,Bergamot; Lavender,Bergamot; Lavender,Coffee; Jasmine Absolute,Coffee; Jasmine,Vanilla; Sandalwood; Amber,Vanilla; Sandalwood; Amber,Men,Fall; Winter,Night,Temperate; Cold,moderate,moderate,Warm and cosy; Sweet and playful,Evenings out; Relaxing at home,"Creamy coffee and vanilla with a soft lavender top, gourmand and slightly playful.","workbook composition, de-branded; season/gender/longevity/sillage normalised; mood & occasion derived from the profile's accords via questionnaire.csv (Q3 / Q1)",workbook + derived
P000255,Aromatic Fougere No. 2,Aromatic Fougere,aromatic; fresh spicy; woody; amber,Apple; Bergamot; Ginger,Apple; Bergamot; Ginger,Sage; Juniper Berries; Geranium,Sage; Juniper Berries; Geranium,Timber Silk; Tonka Bean; Cedar; Olibanum,Amberwood; Tonka Bean; Cedar; Olibanum,Men,Spring; Summer; Fall; Winter,Day; Night,Temperate; Hot; Cold,long lasting,moderate,Warm and cosy; Seductive,"Every day, work or study; Sport and the outdoors","Fresh apple‑ginger opening over aromatic herbs and warm amber woods, very versatile.","workbook composition, de-branded; season/gender/longevity/sillage normalised; mood & occasion derived from the profile's accords via questionnaire.csv (Q3 / Q1)",workbook + derived
P000256,Aromatic Fougere No. 3,Aromatic Fougere,fresh spicy; amber; lavender; metallic,Bergamot; Pepper,Bergamot; Pepper,Lavender; Metallic Notes,Lavender; Metallic Notes,Ambroxan; Patchouli,Ambroxan; Patchouli,Men,Spring; Fall,Night,Temperate,long lasting,moderate,Fresh and clean; Warm and cosy,"Every day, work or study; Sport and the outdoors","Clean metallic lavender with peppery freshness and ambroxan, a smoother take on the blue style.","workbook composition, de-branded; season/gender/longevity/sillage normalised; mood & occasion derived from the profile's accords via questionnaire.csv (Q3 / Q1)",workbook + derived
P000257,Amber Spicy No. 17,Amber Spicy,boozy; warm spicy; leather; sweet,Grapefruit; Whiskey Accord,Grapefruit; Whiskey Accord,Cardamom; Lavender,Cardamom; Lavender,Leather; Benzoin; Tonka Bean,Leather; Benzoin; Tonka Bean,Men,Fall; Winter,Night,Temperate; Cold,long lasting,moderate,Sweet and playful; Dark and mysterious,Evenings out,"Whiskey, cardamom, and leather combine into a smooth, intimate club‑style evening scent.","workbook composition, de-branded; season/gender/longevity/sillage normalised; mood & occasion derived from the profile's accords via questionnaire.csv (Q3 / Q1)",workbook + derived
P000258,Woody Spicy No. 27,Woody Spicy,warm spicy; woody; incense; leather,Grapefruit; Black Pepper,Grapefruit; Black Pepper,Leather; Spices,Leather; Spices,Patchouli; Incense; Tonka Bean,Patchouli; Incense; Tonka Bean,Men,Fall; Winter,Night,Temperate; Cold,long lasting,moderate,Dark and mysterious,"Every day, work or study; Evenings out","Dark citrus‑pepper opening leading into leathery, smoky woods, giving a mysterious night vibe.","workbook composition, de-branded; season/gender/longevity/sillage normalised; mood & occasion derived from the profile's accords via questionnaire.csv (Q3 / Q1)",workbook + derived
P000259,Woody Spicy No. 28,Woody Spicy,oud; warm spicy; fruity; woody,Apple; Citrus Notes,Apple; Citrus Notes,Cinnamon; Clove; Saffron,Cinnamon; Clove; Saffron,Oud; Sandalwood; Cypriol (Nagarmotha),Oud; Sandalwood; Cypriol,Men,Fall; Winter,Night,Temperate; Cold,long lasting,strong,Sweet and playful; Dark and mysterious,"Evenings out; Every day, work or study",Combines the Boss Bottled apple‑cinnamon feel with smooth oud and woods for a richer twist.,"workbook composition, de-branded; season/gender/longevity/sillage normalised; mood & occasion derived from the profile's accords via questionnaire.csv (Q3 / Q1)",workbook + derived
P000260,Woody Spicy No. 29,Woody Spicy,citrus; smoky; woody; spicy,Lemon Oil; Pineapple; Bergamot,Lemon; Pineapple; Bergamot,Birch; Jasmine Absolute; Rose,Birch; Jasmine; Rose,Musk (Synthetic); Ambergris; Patchouli; Vanilla,Musk; Ambergris; Patchouli; Vanilla,Men,Spring; Fall,Night,Temperate,long lasting,strong,Fresh and clean; Dark and mysterious,"Sport and the outdoors; Every day, work or study","Sharp citrus‑smoky accord with spicy woods and amber, powerful and very noticeable in the air.","workbook composition, de-branded; season/gender/longevity/sillage normalised; mood & occasion derived from the profile's accords via questionnaire.csv (Q3 / Q1)",workbook + derived
P000261,Woody Floral Fresh No. 1,Woody Floral Fresh,fresh; white floral; woody; aromatic,Rosemary; Red Pepper Berries; Bitter Orange,Rosemary; Red Pepper Berries; Bitter Orange,Neroli; Jasmine Absolute; Ylang‑Ylang,Neroli; Jasmine; Ylang‑Ylang,Sandalwood; Cedar; Patchouli; Vetiver,Sandalwood; Cedar; Patchouli; Vetiver,Men,Spring; Summer,Day,Temperate; Hot,long lasting,moderate,Fresh and clean,"Every day, work or study; Sport and the outdoors","Clean soapy white florals and citrus over smooth woods, a very polished fresh‑formal scent.","workbook composition, de-branded; season/gender/longevity/sillage normalised; mood & occasion derived from the profile's accords via questionnaire.csv (Q3 / Q1)",workbook + derived
P000262,Aromatic Green No. 6,Aromatic Green,green; fresh; citrus; woody,Lemon Oil; Verbena,Lemon; Verbena,Violet Leaf,Violet Leaf,Sandalwood; Ambergris,Sandalwood; Ambergris,Men,Spring; Summer,Day,Temperate; Hot,long lasting,moderate,Fresh and clean; Natural and earthy,"Sport and the outdoors; Every day, work or study",Lush green grass and lemon vibe with a classic barbershop freshness and smooth woody base.,"workbook composition, de-branded; season/gender/longevity/sillage normalised; mood & occasion derived from the profile's accords via questionnaire.csv (Q3 / Q1)",workbook + derived
P000263,Woody Citrus Fresh No. 1,Woody Citrus Fresh,citrus; fruity; woody; fresh,Lemon Oil; Blackcurrant; Spices,Sicilian Lemon; Blackcurrant; Spices,Jasmine Absolute; Patchouli,Jasmine; Patchouli,Cedarwood; Leather; Vanilla; Musk (Synthetic),Cedarwood; Leather; Vanilla; Musk,Unisex,Spring; Summer; Fall,Day; Night,Temperate; Hot,long lasting,strong,Fresh and clean; Sweet and playful,"Sport and the outdoors; Every day, work or study","Sparkling lemon and juicy fruits over dry woods and soft leather, a fresh yet bold everyday scent.","workbook composition, de-branded; season/gender/longevity/sillage normalised; mood & occasion derived from the profile's accords via questionnaire.csv (Q3 / Q1)",workbook + derived
P000264,Aromatic Fresh No. 1,Aromatic Fresh,fresh; citrus; aromatic; musky,Mandarin; Bergamot; Aromatic Spices,Mandarin; Bergamot; Aromatic Spices,Lavender; Coriander; Geranium,Lavender; Coriander; Geranium,Ambroxan; Musk (Synthetic); Balsamic Woods,Ambroxan; Musk; Balsamic Woods,Men,Spring; Summer,Day,Temperate; Hot,long lasting,strong,Fresh and clean; Warm and cosy,"Sport and the outdoors; Every day, work or study","Modern blue‑style freshie with bright citrus and herbs on a musky, ambroxan‑heavy base.","workbook composition, de-branded; season/gender/longevity/sillage normalised; mood & occasion derived from the profile's accords via questionnaire.csv (Q3 / Q1)",workbook + derived
P000265,Aquatic Woody No. 1,Aquatic Woody,marine; salty; woody; fresh,Sea Salt Accord; Green Notes,Sea Salt Accord; Green Notes,Marine Notes; Aromatic Herbs,Marine Notes; Aromatic Herbs,Cedarwood; Amber‑like Woods,Cedarwood; Amber‑like Woods,Unisex,Spring; Summer,Day,Temperate; Hot,long lasting,moderate,Fresh and clean,"Sport and the outdoors; Every day, work or study","Realistic salty sea‑air impression with subtle herbs and woods, like walking near a marina.","workbook composition, de-branded; season/gender/longevity/sillage normalised; mood & occasion derived from the profile's accords via questionnaire.csv (Q3 / Q1)",workbook + derived
P000266,Citrus Woody Fresh No. 1,Citrus Woody Fresh,citrus; woody; fruity; fresh,Bergamot; Pineapple; Grapefruit,Bergamot; Pineapple; Grapefruit,Jasmine Absolute; Patchouli,Jasmine; Patchouli,Cedar; Vetiver; Oakmoss,Cedar; Vetiver; Oakmoss,Unisex,Spring; Summer,Day; Night,Temperate; Hot,long lasting,strong,Fresh and clean; Sweet and playful,"Sport and the outdoors; Every day, work or study","Sharp citrus‑pineapple brightness over mossy woods, a very fresh yet powerful niche signature.","workbook composition, de-branded; season/gender/longevity/sillage normalised; mood & occasion derived from the profile's accords via questionnaire.csv (Q3 / Q1)",workbook + derived
P000267,Marine Aromatic No. 1,Marine Aromatic,marine; salty; citrus; fresh; green,Lemon Oil; Bergamot; Sea Salt,Lemon; Bergamot; Sea Salt,Seaweed Accord; Vetiver,Seaweed Accord; Vetiver,Oakmoss; Cedar; Amber Notes,Oakmoss; Cedar; Amber Notes,Unisex,Spring; Summer,Day,Temperate; Hot,moderate,moderate,Fresh and clean; Natural and earthy,"Sport and the outdoors; Every day, work or study","Breezy seaside lemon with seaweed and woods, airy and natural‑smelling rather than sweet.","workbook composition, de-branded; season/gender/longevity/sillage normalised; mood & occasion derived from the profile's accords via questionnaire.csv (Q3 / Q1)",workbook + derived
P000268,Aromatic Fresh No. 2,Aromatic Fresh,fresh; green; citrus; musky,Bergamot; Mandarin; Green Tea,Bergamot; Mandarin; Green Tea,Blackcurrant; Ozonic Notes,Blackcurrant; Ozonic Notes,Musk (Synthetic); Sandalwood,Musk; Sandalwood,Unisex,Spring; Summer,Day,Temperate; Hot,long lasting,moderate,Fresh and clean; Warm and cosy,"Sport and the outdoors; Every day, work or study",Cool green tea and citrus accord with an inky blackcurrant twist and clean musky base.,"workbook composition, de-branded; season/gender/longevity/sillage normalised; mood & occasion derived from the profile's accords via questionnaire.csv (Q3 / Q1)",workbook + derived
P000269,Citrus Aromatic No. 18,Citrus Aromatic,soapy; citrus; fresh; musky,Bergamot; Neroli,Bergamot; Neroli,White Florals,White Florals,Musk (Synthetic); Woods,Clean Musk; Woods,Unisex,Spring; Summer,Day,Temperate; Hot,moderate,intimate,Fresh and clean; Warm and cosy,"Sport and the outdoors; Every day, work or study","Ultra‑soapy, shower‑fresh citrus musk that feels like clean skin and white towels.","workbook composition, de-branded; season/gender/longevity/sillage normalised; mood & occasion derived from the profile's accords via questionnaire.csv (Q3 / Q1)",workbook + derived
P000270,Aromatic Fresh No. 3,Aromatic Fresh,aromatic; citrus; green; woody,Grapefruit; Bitter Orange; Aromatic Herbs,Grapefruit; Bitter Orange; Aromatic Herbs,Cypress; Lavender; Green Notes,Cypress; Lavender; Green Notes,Cedar; Vetiver; Musk (Synthetic),Cedar; Vetiver; Musk,Unisex,Spring; Fall,Day,Temperate,moderate,moderate,Fresh and clean; Natural and earthy,"Sport and the outdoors; Every day, work or study","Bitter citrus and herbs over crisp woods, a fresh aromatic choice from a quieter niche house.","workbook composition, de-branded; season/gender/longevity/sillage normalised; mood & occasion derived from the profile's accords via questionnaire.csv (Q3 / Q1)",workbook + derived
P000271,Citrus Aromatic No. 19,Citrus Aromatic,citrus; fresh; floral; woody,Grapefruit; Bergamot; Lemon Oil,Grapefruit; Bergamot; Lemon,Lavender; Ionone Alpha; Rose,Lavender; Violet; Rose,Cedarwood; Sandalwood; Musk (Synthetic),Cedarwood; Sandalwood; Musk,Men,Spring; Summer,Day,Temperate; Hot,long lasting,moderate,Fresh and clean; Elegant and classic,"Sport and the outdoors; Every day, work or study",Sparkling citrus barbershop style with a smooth lavender‑violet heart and clean woody base.,"workbook composition, de-branded; season/gender/longevity/sillage normalised; mood & occasion derived from the profile's accords via questionnaire.csv (Q3 / Q1)",workbook + derived
P000272,Woody Aromatic No. 32,Woody Aromatic,smoky; green; fresh spicy; woody,Green Mango; Pink Pepper; Cardamom,Green Mango; Pink Pepper; Cardamom,Incense; Papyrus; Spices,Incense; Papyrus; Spices,Vetiver; Myrrh; Woods,Vetiver; Myrrh; Woods,Unisex,Spring; Fall,Day,Temperate,moderate,moderate,Natural and earthy; Fresh and clean,"Sport and the outdoors; Every day, work or study","Airy, smoky‑green composition inspired by West African incense rituals, fresh yet meditative.","workbook composition, de-branded; season/gender/longevity/sillage normalised; mood & occasion derived from the profile's accords via questionnaire.csv (Q3 / Q1)",workbook + derived
P000273,Aromatic Aquatic No. 4,Aromatic Aquatic,salty; citrus; aromatic; fresh,Grapefruit; Bigarade (Bitter Orange); Salt,Grapefruit; Bigarade (Bitter Orange); Salt,Sage; Hedione; Orange Blossom,Sage; Hedione; Orange Blossom,Cashmeran; Musk (Synthetic),Cashmeran; White Musk,Unisex,Spring; Summer,Day,Temperate; Hot,moderate,moderate,Fresh and clean,"Sport and the outdoors; Every day, work or study","Gentle salty citrus breeze with soft florals and musks, like a light coastal morning.","workbook composition, de-branded; season/gender/longevity/sillage normalised; mood & occasion derived from the profile's accords via questionnaire.csv (Q3 / Q1)",workbook + derived
P000274,Citrus Musky No. 1,Citrus Musky,citrus; fresh; musky; floral,Bergamot; Lemon Oil,Bergamot; Lemon,Jasmine Absolute; Rose,Jasmine; Rose,Musk (Synthetic); Woods,White Musk; Woods,Unisex,Spring; Summer,Day,Temperate; Hot,long lasting,moderate,Fresh and clean; Warm and cosy,"Sport and the outdoors; Every day, work or study",Elevated “fresh laundry” effect with bright citrus and sheer florals over a strong musky base.,"workbook composition, de-branded; season/gender/longevity/sillage normalised; mood & occasion derived from the profile's accords via questionnaire.csv (Q3 / Q1)",workbook + derived
P000275,Green Fruity No. 1,Green Fruity,green; fresh; fruity; woody,Bergamot,Bergamot,Galbanum; Leather Accord,Galbanum; Leather Accord,Patchouli; Black Amber,Patchouli; Black Amber,Unisex,Spring; Summer,Day,Temperate; Hot,long lasting,moderate,Sweet and playful; Natural and earthy,"Sport and the outdoors; Every day, work or study","Sharp green bergamot and galbanum with a subtle leather shadow, crisp like morning air.","workbook composition, de-branded; season/gender/longevity/sillage normalised; mood & occasion derived from the profile's accords via questionnaire.csv (Q3 / Q1)",workbook + derived
P000276,Citrus Aromatic No. 20,Citrus Aromatic,citrus; fresh; green; musky,Lime; Mint; Blackcurrant; Neroli,Lime; Cool Mint; Blackcurrant; Neroli,Mimosa; Green Notes,Mimosa; Green Notes,White Musks,White Musks,Unisex,Spring; Summer,Day,Temperate; Hot,moderate,moderate,Fresh and clean; Warm and cosy,"Sport and the outdoors; Every day, work or study","Bright lime‑mint and neroli over airy musks, giving a very clean, almost weightless freshness.","workbook composition, de-branded; season/gender/longevity/sillage normalised; mood & occasion derived from the profile's accords via questionnaire.csv (Q3 / Q1)",workbook + derived
P000277,Woody Fruity No. 2,Woody Fruity,fruity; honeyed; warm; fresh‑sweet,Pineapple; Dried Fruits; Citrus Nuances,Pineapple; Dried Fruits; Citrus Nuances,Grape; Honey; Cocoa,Grape; Honey; Cocoa,Tonka Bean; Woods; Vanilla,Tonka Bean; Woods; Vanilla,Unisex,Spring; Fall,Day,Temperate,moderate,intimate,Sweet and playful; Warm and cosy,Relaxing at home; Evenings out,"Light boozy‑fruity sweetness with a fresh opening, like a gentle cognac with dried fruits.","workbook composition, de-branded; season/gender/longevity/sillage normalised; mood & occasion derived from the profile's accords via questionnaire.csv (Q3 / Q1)",workbook + derived
P000278,Green Aromatic No. 1,Green Aromatic,minty; green; fresh; herbal,Mint; Grapefruit; Green Notes,Mint; Grapefruit; Green Notes,Rose; Aromatic Herbs,Rose; Aromatic Herbs,Musk (Synthetic); Light Woods,White Musk; Light Woods,Unisex,Spring; Summer,Day,Temperate; Hot,moderate,moderate,Natural and earthy; Fresh and clean,"Sport and the outdoors; Every day, work or study","Cool mint and garden herbs over a sheer musky base, very breezy and “Los Angeles rooftop” fresh.","workbook composition, de-branded; season/gender/longevity/sillage normalised; mood & occasion derived from the profile's accords via questionnaire.csv (Q3 / Q1)",workbook + derived
P000279,Green Floral No. 1,Green Floral,green; fresh; earthy; floral,Tomato Leaf; Violet Leaf,Tomato Leaf; Violet Leaf,Iris (Orris); Orris; Hedgerow Florals,Iris; Orris; Hedgerow Florals,Moss; Soft Woods,Moss; Soft Woods,Unisex,Spring; Fall,Day,Temperate,moderate,intimate,Natural and earthy; Fresh and clean,"Sport and the outdoors; Every day, work or study","Dewy garden‑green vibe with tomato leaf and violets, smelling like crushed stems and petals.","workbook composition, de-branded; season/gender/longevity/sillage normalised; mood & occasion derived from the profile's accords via questionnaire.csv (Q3 / Q1)",workbook + derived
P000280,Marine Amber No. 1,Marine Amber,marine; fresh; amber; floral,Marine Notes; Orange; Aromatic Citrus,Marine Notes; Orange; Aromatic Citrus,Orange Blossom; Jasmine Absolute; Spices,Orange Blossom; Jasmine; Spices,Grey Amber; Woods,Grey Amber; Woods,Unisex,Summer; Fall,Night,Hot; Temperate,long lasting,strong,Warm and cosy; Seductive,"Sport and the outdoors; Every day, work or study","Intense salty‑marine accord with bright citrus and deep amber, a dramatic ocean‑inspired scent.","workbook composition, de-branded; season/gender/longevity/sillage normalised; mood & occasion derived from the profile's accords via questionnaire.csv (Q3 / Q1)",workbook + derived
P000281,Woody Aromatic No. 33,Woody Aromatic,woody; fresh spicy; green; amber,Cardamom; Cedar Shavings,Cardamom; Cedar Shavings,Patchouli; Musk (Synthetic),Patchouli; Musk,Ambermarine Base; Soft Woods,Amber Accord; Soft Woods,Unisex,Spring; Fall,Day,Temperate,moderate,intimate,Warm and cosy; Seductive,"Sport and the outdoors; Every day, work or study","Dry Scandinavian‑style woods with cardamom and soft greenery, airy but slightly warm.","workbook composition, de-branded; season/gender/longevity/sillage normalised; mood & occasion derived from the profile's accords via questionnaire.csv (Q3 / Q1)",workbook + derived
P000282,Aromatic Green No. 7,Aromatic Green,citrus; herbal; green; woody,Lemon Oil; Bitter Orange,Lemon; Bitter Orange,Sage; Wild Herbs,Sage; Wild Herbs,Patchouli; Cedarwood,Patchouli; Cedarwood,Unisex,Spring; Summer,Day,Temperate; Hot,moderate,moderate,Natural and earthy; Fresh and clean,"Sport and the outdoors; Every day, work or study","Tart lemon and aromatic sage over clean patchouli woods, crisp and countryside‑fresh.","workbook composition, de-branded; season/gender/longevity/sillage normalised; mood & occasion derived from the profile's accords via questionnaire.csv (Q3 / Q1)",workbook + derived
P000283,Floral Fresh No. 1,Floral Fresh,fig; rose; green; suede; fresh,Fig Leaf; Bergamot,Fig Leaf; Bergamot,Rose Centifolia; Peony,Rose Centifolia; Peony,Suede Accord; Soft Woods,Suede Accord; Soft Woods,Unisex,Spring; Summer,Day,Temperate; Hot,moderate,moderate,Sweet and playful; Natural and earthy,"Sport and the outdoors; Every day, work or study","Dewy fig and rose with a light suede undertone, giving a breezy, modern floral freshness.","workbook composition, de-branded; season/gender/longevity/sillage normalised; mood & occasion derived from the profile's accords via questionnaire.csv (Q3 / Q1)",workbook + derived
P000284,Leather Aromatic No. 1,Leather Aromatic,green; leather; fresh spicy; herbal,Juniper Berries; Pink Pepper; Clary Sage,Juniper Berries; Pink Pepper; Clary Sage,Mate; Green Notes,Mate; Green Notes,Leather; Birch; Tonka Bean,Leather; Birch; Tonka Bean,Unisex,Spring; Fall,Night,Temperate,long lasting,strong,Natural and earthy; Fresh and clean,"Sport and the outdoors; Every day, work or study","Sharp green herbs and juniper over smoky leather, like cool air over a countryside road.","workbook composition, de-branded; season/gender/longevity/sillage normalised; mood & occasion derived from the profile's accords via questionnaire.csv (Q3 / Q1)",workbook + derived
P000285,Aquatic Aromatic No. 1,Aquatic Aromatic,marine; citrus; aromatic; fresh,Grapefruit; Sea Spray Accord,Grapefruit; Sea Spray Accord,Rosemary; Lavender,Rosemary; Lavender,Driftwood; Musk (Synthetic),Driftwood; White Musk,Unisex,Spring; Summer,Day,Temperate; Hot,moderate,moderate,Fresh and clean,"Sport and the outdoors; Every day, work or study","Clean salty citrus with herbal touches and pale woods, evoking a cold Nordic shoreline.","workbook composition, de-branded; season/gender/longevity/sillage normalised; mood & occasion derived from the profile's accords via questionnaire.csv (Q3 / Q1)",workbook + derived
P000286,Woody Floral Fresh No. 2,Woody Floral Fresh,iris; green; fresh; woody,Green Notes; Citrusy Sparkles,Green Notes; Citrusy Sparkles,Iris (Orris); Mimosa,Iris; Mimosa,Sandalwood; Vanilla‑like Woods,Sandalwood; Vanilla‑like Woods,Unisex,Spring; Fall,Day,Temperate,long lasting,moderate,Natural and earthy; Fresh and clean,"Sport and the outdoors; Every day, work or study","Velvety iris growing out of green, slightly dusty fields, fresh yet creamy and comforting.","workbook composition, de-branded; season/gender/longevity/sillage normalised; mood & occasion derived from the profile's accords via questionnaire.csv (Q3 / Q1)",workbook + derived
P000287,Woody Aromatic No. 34,Woody Aromatic,green; earthy; spicy; resinous,Lentisque; Cedarwood,Lentisque; Cedarwood,Patchouli; Spices,Patchouli; Spices,Sandalwood; Resins,Sandalwood; Resins,Unisex,Spring; Fall,Night,Temperate,long lasting,moderate,Natural and earthy; Warm and cosy,Evenings out; Sport and the outdoors,"Green lentisque and cedar give an herbal freshness that slowly turns dark, earthy, and resinous.","workbook composition, de-branded; season/gender/longevity/sillage normalised; mood & occasion derived from the profile's accords via questionnaire.csv (Q3 / Q1)",workbook + derived
P000288,Green Aromatic No. 2,Green Aromatic,green; fresh; woody; floral,Birch Leaves; Pine Needles,Birch Leaves; Pine Needles,Florol; Wildflowers,Lily of the Valley; Wildflowers,Moss; Soft Woods,Moss; Soft Woods,Unisex,Spring; Summer,Day,Temperate; Hot,moderate,intimate,Natural and earthy; Fresh and clean,"Sport and the outdoors; Every day, work or study","Smells like walking through a Scandinavian forest in early spring, with sap, leaves, and light flowers.","workbook composition, de-branded; season/gender/longevity/sillage normalised; mood & occasion derived from the profile's accords via questionnaire.csv (Q3 / Q1)",workbook + derived
P000289,Floral Green No. 3,Floral Green,floral; green; fresh; powdery,Bergamot; Green Leaves,Bergamot; Green Leaves,Orange Blossom; Jasmine Absolute,Orange Blossom; Jasmine,Musk (Synthetic); Soft Woods,Musk; Soft Woods,Unisex,Spring; Summer,Day,Temperate; Hot,moderate,intimate,Natural and earthy; Fresh and clean,Sport and the outdoors; Relaxing at home,"Gentle green‑citrus opening into soft white florals and clean musks, subtle and very wearable.","workbook composition, de-branded; season/gender/longevity/sillage normalised; mood & occasion derived from the profile's accords via questionnaire.csv (Q3 / Q1)",workbook + derived
P000290,Woody Green No. 1,Woody Green,coniferous; green; fresh; resinous,Fir Needles; Pine; Bergamot,Fir Needles; Pine; Bergamot,Herbs; Spices,Herbs; Spices,Balsamic Resins; Woods,Balsamic Resins; Woods,Unisex,Fall; Winter,Day,Temperate; Cold,long lasting,moderate,Warm and cosy; Seductive,"Sport and the outdoors; Every day, work or study","Bitter green fir and pine with aromatic herbs, a cool forest scent that stays airy rather than heavy.","workbook composition, de-branded; season/gender/longevity/sillage normalised; mood & occasion derived from the profile's accords via questionnaire.csv (Q3 / Q1)",workbook + derived
P000291,Woody / Chypre No. 1,Woody / Chypre,powdery; iris; woody; violet; fresh spicy,Neroli; Black Pepper; Cardamom; Carrot Seeds,Neroli; Black Pepper; Cardamom; Carrot Seeds,Iris (Orris); Ionone Alpha; Geranium; Mate,Iris; Violet; Geranium; Mate,Amber; Cedar; Patchouli; Sandalwood,Amber; Cedar; Patchouli; Sandalwood,Unisex,Spring; Fall,Day,Temperate,moderate,soft,Fresh and clean; Elegant and classic,"Every day, work or study; Sport and the outdoors",,"workbook composition, de-branded; season/gender/longevity/sillage normalised; mood & occasion derived from the profile's accords via questionnaire.csv (Q3 / Q1)",workbook + derived
P000292,Aromatic Fougere No. 4,Aromatic Fougere,marine; aromatic; fresh spicy; citrus; lavender,Sea Notes; Bergamot; Mandarin,Sea Notes; Bergamot; Green Mandarin,Rosemary; Lavender; Cypress; Mastic,Rosemary; Lavender; Cypress; Mastic,Mineral Notes; Musk (Synthetic); Patchouli; Amber,Mineral Notes; Musk; Patchouli; Amber,Unisex,Spring; Summer,Day,Temperate; Hot,moderate,Moderate,Fresh and clean,"Sport and the outdoors; Every day, work or study",,"workbook composition, de-branded; season/gender/longevity/sillage normalised; mood & occasion derived from the profile's accords via questionnaire.csv (Q3 / Q1)",workbook + derived
P000293,Aromatic Aquatic No. 5,Aromatic Aquatic,aquatic; marine; citrus; fresh spicy; aromatic,Mandarin; Orange,Mandarin; Orange,Seaweed; Lavender; Cotton Flower,Seaweed; Lavender; Cotton Flower,Cedarwood; Patchouli; Amber,Cedarwood; Patchouli; Amber,Unisex,Spring; Summer,Day,Temperate; Hot,moderate,soft,Fresh and clean,"Sport and the outdoors; Every day, work or study",,"workbook composition, de-branded; season/gender/longevity/sillage normalised; mood & occasion derived from the profile's accords via questionnaire.csv (Q3 / Q1)",workbook + derived
P000294,Aromatic Fougere No. 5,Aromatic Fougere,fresh spicy; aromatic; citrus; herbal; woody,Bergamot; Ginger; Aldehyde C-11,Bergamot; Ginger; Aldehydes,Sage; Geranium; Violet Leaf,Sage; Geranium; Violet Leaf,Cedar; Ambergris; Incense,Cedar; Ambergris; Incense,Unisex,Spring; Summer,Day; Night,Temperate; Hot,Moderate,Moderate,Fresh and clean; Natural and earthy,"Sport and the outdoors; Every day, work or study",,"workbook composition, de-branded; season/gender/longevity/sillage normalised; mood & occasion derived from the profile's accords via questionnaire.csv (Q3 / Q1)",workbook + derived
P000295,Citrus Aromatic No. 21,Citrus Aromatic,citrus; fresh; musky; clean; powdery,Bergamot,Calabrian Bergamot,Grapefruit Blossom,Grapefruit Blossom,Musk (Synthetic),White Musk,Unisex,Spring; Summer,Day,Temperate; Hot,moderate,soft,Fresh and clean; Warm and cosy,"Every day, work or study; Sport and the outdoors",,"workbook composition, de-branded; season/gender/longevity/sillage normalised; mood & occasion derived from the profile's accords via questionnaire.csv (Q3 / Q1)",workbook + derived
P000296,Aromatic Fougere No. 6,Aromatic Fougere,citrus; aromatic; fresh spicy; floral; woody,Lemon Oil; Neroli; Bergamot; Rose de Mai,Lemon; Neroli; Bergamot; Rose de Mai,Hyacinth; Cedar; Clary Sage; Geranium,Hyacinth; Cedar; Clary Sage; Geranium,Tonka Bean; Musk (Synthetic); Amber,Tonka Bean; Musk; Amber,Unisex,Spring; Summer,Day,Temperate; Hot,moderate,Moderate,Fresh and clean; Elegant and classic,"Sport and the outdoors; Every day, work or study",,"workbook composition, de-branded; season/gender/longevity/sillage normalised; mood & occasion derived from the profile's accords via questionnaire.csv (Q3 / Q1)",workbook + derived
P000297,Woody Aromatic No. 35,Woody Aromatic,citrus; woody; amber; aromatic; fresh spicy,Lemon Oil; Grapefruit; Mint; Pink Pepper,Lemon; Grapefruit; Mint; Pink Pepper,Ginger; Iso E Super; Nutmeg; Jasmine Absolute,Ginger; Iso E Super; Nutmeg; Jasmine,Incense; Cedar; Vetiver; Sandalwood; Patchouli,Incense; Cedar; Vetiver; Sandalwood; Patchouli,Unisex,Spring; Summer; Fall; Winter,Day; Night,Temperate; Hot; Cold,Moderate,Moderate,Fresh and clean; Warm and cosy,"Sport and the outdoors; Every day, work or study",,"workbook composition, de-branded; season/gender/longevity/sillage normalised; mood & occasion derived from the profile's accords via questionnaire.csv (Q3 / Q1)",workbook + derived
P000298,Woody Aromatic No. 36,Woody Aromatic,citrus; fresh spicy; herbal; woody; floral,Grapefruit; Rosemary; Cedar Leaf,Grapefruit; Rosemary; Cedar Leaf,Ylang-Ylang; Tuberose,Ylang-Ylang; Tuberose,Cedarwood; Vetiver; Suede,Cedarwood; Vetiver; Suede,Unisex,Spring; Summer,Day,Temperate; Hot,moderate,soft,Fresh and clean; Natural and earthy,"Sport and the outdoors; Every day, work or study",,"workbook composition, de-branded; season/gender/longevity/sillage normalised; mood & occasion derived from the profile's accords via questionnaire.csv (Q3 / Q1)",workbook + derived
P000299,Woody Aquatic No. 4,Woody Aquatic,aquatic; green; fruity; fresh; floral,Green Leaves; Apple,Green Leaves; Apple,Mimosa; Lotus,Mimosa; Lotus,Cedarwood; Oakmoss; Amber; Musk (Synthetic),Cedarwood; Oakmoss; Amber; Musk,Unisex,Spring; Summer,Day,Temperate; Hot,moderate,soft,Sweet and playful; Natural and earthy,"Sport and the outdoors; Every day, work or study",,"workbook composition, de-branded; season/gender/longevity/sillage normalised; mood & occasion derived from the profile's accords via questionnaire.csv (Q3 / Q1)",workbook + derived
P000300,Aromatic Fougere No. 7,Aromatic Fougere,aromatic; fresh spicy; citrus; herbal; woody,Lemon Oil; Rosemary; Bergamot; Grapefruit,Lemon; Rosemary; Bergamot; Grapefruit,Mint; Water Notes; Sage; Tea,Mint; Water Notes; Sage; Tea,Oakmoss; Amber; Patchouli; Iso E Super,Oakmoss; Amber; Patchouli; Iso E Super,Unisex,Spring; Summer,Day,Temperate; Hot,moderate,Moderate,Fresh and clean; Natural and earthy,"Sport and the outdoors; Every day, work or study",,"workbook composition, de-branded; season/gender/longevity/sillage normalised; mood & occasion derived from the profile's accords via questionnaire.csv (Q3 / Q1)",workbook + derived
P000301,Woody Spicy No. 30,Woody Spicy,woody; oud; warm spicy; aromatic; amber,Rosewood; Cardamom,Rosewood; Cardamom,Oud; Sandalwood; Vetiver,Oud; Sandalwood; Vetiver,Tonka Bean; Vanilla; Amber,Tonka Bean; Vanilla; Amber,Unisex,Fall; Winter,Night,Temperate; Cold,long lasting,moderate,Warm and cosy; Seductive,"Evenings out; Every day, work or study","Rare oud blended with exotic spices and woods; smoky yet smooth, versatile and elegant.","workbook composition, de-branded; season/gender/longevity/sillage normalised; mood & occasion derived from the profile's accords via questionnaire.csv (Q3 / Q1)",workbook + derived
P000302,Oriental Woody No. 1,Oriental Woody,oud; leather; warm spicy; woody,Bitter Orange; Neroli; Black Pepper,Bitter Orange; Neroli; Black Pepper,Saffron; Cardamom,Saffron; Cardamom,Oud; Patchouli; Leather,Oud; Patchouli; Leather,Men,Fall; Winter,Night,Temperate; Cold,moderate,strong,Dark and mysterious,"Evenings out; Every day, work or study","Spicy resinous oud with leather undertones; smooth, modern, approachable — a beginner’s oud.","workbook composition, de-branded; season/gender/longevity/sillage normalised; mood & occasion derived from the profile's accords via questionnaire.csv (Q3 / Q1)",workbook + derived
P000303,Oriental Woody No. 2,Oriental Woody,oud; amber; leather; smoky; resinous,Incense; Olibanum,Incense; Olibanum,Oud Synthetic; Dry Woods,Oud Accord; Dry Woods,Ambergris; Leather,Ambergris; Leather,Unisex,Fall; Winter,Night,Temperate; Cold,long lasting,strong,Dark and mysterious; Warm and cosy,Evenings out; A special occasion,"Bold smoky oud with frankincense and leather; dark, mysterious, powerful yet refined.","workbook composition, de-branded; season/gender/longevity/sillage normalised; mood & occasion derived from the profile's accords via questionnaire.csv (Q3 / Q1)",workbook + derived
P000304,Oriental Woody No. 3,Oriental Woody,oud; amber; smoky; resinous; rose,Saffron,Saffron,Oud; Rose,Oud; Rose,Sandalwood; Myrrh; Frankincense,Sandalwood; Myrrh; Frankincense,Unisex,Fall; Winter,Night,Temperate; Cold,long lasting,strong,Dark and mysterious; Warm and cosy,Evenings out; A special occasion,"Regal oud with incense, rose, and resins; mystical and complex, part of Armani’s “Mille et Une Nuits.”","workbook composition, de-branded; season/gender/longevity/sillage normalised; mood & occasion derived from the profile's accords via questionnaire.csv (Q3 / Q1)",workbook + derived
P000305,Woody Spicy No. 31,Woody Spicy,citrus; oud; woody; musky,Lemon Oil; Pink Pepper; Bergamot,Lemon; Pink Pepper; Bergamot,Cedar; Angelica; Galbanum,Cedar; Angelica; Galbanum,Oud; Sandalwood; Musk (Synthetic),Oud; Sandalwood; Musk,Unisex,Fall; Winter,Day; Night,Temperate; Cold,long lasting,moderate,Warm and cosy; Seductive,"Every day, work or study; Sport and the outdoors","Majestic oud softened by citrus and woods; elegant, refined, regal.","workbook composition, de-branded; season/gender/longevity/sillage normalised; mood & occasion derived from the profile's accords via questionnaire.csv (Q3 / Q1)",workbook + derived
P000306,Amber Woody No. 5,Amber Woody,oud; amber; warm spicy; woody,Mandarin Orange,Mandarin Orange,Oud; Patchouli,Oud; Patchouli,Myrrh; Labdanum; Amber,Myrrh; Labdanum; Amber,Men,Fall; Winter,Night,Temperate; Cold,long lasting,strong,Warm and cosy; Seductive,Evenings out; A special occasion,"A pioneering oud fragrance; warm, resinous, intense, merging oud with amber and myrrh.","workbook composition, de-branded; season/gender/longevity/sillage normalised; mood & occasion derived from the profile's accords via questionnaire.csv (Q3 / Q1)",workbook + derived
P000307,Oriental Woody No. 4,Oriental Woody,leather; oud; smoky; animalic,Bergamot,Bergamot,Cardamom; Clove; Jasmine Absolute,Cardamom; Clove; Jasmine,Leather; Oud; Sandalwood; Patchouli; Timber Silk,Leather; Oud; Sandalwood; Patchouli; Amberwood,Unisex,Fall; Winter,Night,Temperate; Cold,long lasting,strong,Dark and mysterious; Seductive,Evenings out; A special occasion,"Bold smoky oud fused with raw leather; intense, animalic, daring.","workbook composition, de-branded; season/gender/longevity/sillage normalised; mood & occasion derived from the profile's accords via questionnaire.csv (Q3 / Q1)",workbook + derived
P000308,Ambery Floral No. 1,Ambery Floral,oud; rose; violet; vanilla,Violet Accord,Violet Accord,Rose,Turkish Rose; Bulgarian Rose,Oud; Benzoin; Amber; Vanilla,Oud; Benzoin; Amber; Vanilla,Unisex,Fall; Winter,Night,Temperate; Cold,very long lasting,enormous,Warm and cosy; Elegant and classic,Relaxing at home; Evenings out,"Luxurious oud-rose with powdery violet and vanilla; opulent, silky, sensual.","workbook composition, de-branded; season/gender/longevity/sillage normalised; mood & occasion derived from the profile's accords via questionnaire.csv (Q3 / Q1)",workbook + derived
P000309,Woody Oriental No. 8,Woody Oriental,citrus; oud; leather; fresh spicy,Bergamot; Italian Orange,Calabrian Bergamot; Italian Orange,Oud; Coriander; Amyris,Oud; Coriander; Amyris,Leather; Cedarwood; Sandalwood; Patchouli; Musk (Synthetic),Leather; Cedarwood; Sandalwood; Patchouli; Musk,Unisex,Fall; Winter,Night,Temperate; Cold,long lasting,strong,Fresh and clean; Dark and mysterious,"Sport and the outdoors; Every day, work or study",Refined citrus freshness fused with deep oud-leather richness; Italian elegance meets Middle Eastern depth.,"workbook composition, de-branded; season/gender/longevity/sillage normalised; mood & occasion derived from the profile's accords via questionnaire.csv (Q3 / Q1)",workbook + derived
P000310,Oriental Leather No. 1,Oriental Leather,oud; leather; amber; smoky,Raspberry; Saffron; Thyme,Raspberry; Saffron; Thyme,Jasmine Absolute; Artemisia; Incense,Jasmine; Artemisia; Incense,Oud; Leather; Amber; Suede,Oud; Leather; Amber; Suede,Men,Fall; Winter,Night,Temperate; Cold,long lasting,strong,Dark and mysterious; Warm and cosy,Evenings out; A special occasion,"Cult Middle Eastern fragrance; raspberry, saffron, smoky leather with oud; rich, sensual,","workbook composition, de-branded; season/gender/longevity/sillage normalised; mood & occasion derived from the profile's accords via questionnaire.csv (Q3 / Q1)",workbook + derived
P000311,Oriental Woody No. 5,Oriental Woody,oud; amber; smoky; balsamic; spicy,Bergamot; Oregano; Pimento,Bergamot; Oregano; Pimento,Amber; Frankincense; Cistus,Amber; Frankincense; Cistus,Oud; Leather; Patchouli; Sandalwood,Oud; Leather; Patchouli; Sandalwood,Men,Fall; Winter,Night,Temperate; Cold,very long lasting,enormous,Dark and mysterious; Warm and cosy,Evenings out; A special occasion,"A powerhouse of smoky incense, amber, and oud; complex, dramatic, and legendary for its strength.","workbook composition, de-branded; season/gender/longevity/sillage normalised; mood & occasion derived from the profile's accords via questionnaire.csv (Q3 / Q1)",workbook + derived
P000312,Oriental Woody No. 6,Oriental Woody,oud; amber; vanilla; fruity; floral,Lavender; Apple; Cinnamon,Lavender; Apple; Cinnamon,Rose; Cedar; Florol,Rose; Cedar; Lily of the Valley,Oud; Sandalwood; Musk (Synthetic); Amber; Vanilla,Oud; Sandalwood; Musk; Amber; Vanilla,Unisex,Fall; Winter,Night,Temperate; Cold,very long lasting,enormous,Warm and cosy; Sweet and playful,Evenings out; A special occasion,"A luxurious oud-vanilla blend with apple and rose; opulent, smooth, and highly refined.","workbook composition, de-branded; season/gender/longevity/sillage normalised; mood & occasion derived from the profile's accords via questionnaire.csv (Q3 / Q1)",workbook + derived
P000313,Oriental Spicy No. 2,Oriental Spicy,oud; amber; rose; spicy; balsamic,Lemon Oil; Bergamot; Lime,Lemon; Bergamot; Lime,Rose; Fig; Jasmine Absolute,Rose; Fig; Jasmine,Oud; Ambergris; Saffron; Cinnamon; Patchouli,Oud; Ambergris; Saffron; Cinnamon; Patchouli,Unisex,Fall; Winter,Night,Temperate; Cold,very long lasting,enormous,Warm and cosy; Seductive,Evenings out; A special occasion,"A rich oud-amber composition with rose and spices; decadent, sensual, and commanding.","workbook composition, de-branded; season/gender/longevity/sillage normalised; mood & occasion derived from the profile's accords via questionnaire.csv (Q3 / Q1)",workbook + derived
P000314,Woody Spicy No. 32,Woody Spicy,oud; spicy; herbal; musky,Lavender; Saffron,Lavender; Saffron,Oud; Patchouli,Oud; Patchouli,Musk (Synthetic),Musk,Unisex,Fall; Winter,Night,Temperate; Cold,very long lasting,strong,Warm and cosy; Seductive,Evenings out; Sport and the outdoors,"A modern oud fragrance with saffron and lavender; bold, powerful, and magnetic.","workbook composition, de-branded; season/gender/longevity/sillage normalised; mood & occasion derived from the profile's accords via questionnaire.csv (Q3 / Q1)",workbook + derived
P000315,Oriental Woody No. 7,Oriental Woody,oud; smoky; resinous; balsamic,—,—,Oud,Oud,Oud; Amber; Resins,Oud; Amber; Resins,Unisex,Fall; Winter,Night,Temperate; Cold,very long lasting,strong,Dark and mysterious; Warm and cosy,Evenings out; A special occasion,"A pure oud soliflore; raw, smoky, resinous, and uncompromising, showcasing oud in its truest form.","workbook composition, de-branded; season/gender/longevity/sillage normalised; mood & occasion derived from the profile's accords via questionnaire.csv (Q3 / Q1)",workbook + derived
P000316,Floral Woody Musk No. 5,Floral Woody Musk,oud; rose; patchouli; musky,Rose,Rose,Oud; Patchouli,Oud; Patchouli,Musk (Synthetic); Mandarin Orange,Musk; Mandarin Orange,Unisex,Fall; Winter,Night,Temperate; Cold,very long lasting,enormous,Warm and cosy; Seductive,"Relaxing at home; Every day, work or study","Iconic rose-oud pairing with patchouli and musk; dark, intense, and unforgettable.","workbook composition, de-branded; season/gender/longevity/sillage normalised; mood & occasion derived from the profile's accords via questionnaire.csv (Q3 / Q1)",workbook + derived
P000317,Oriental Woody No. 8,Oriental Woody,oud; leather; fruity; smoky,Tomato Leaf; Freesia,Tomato Leaf; Freesia,Rose; Sandalwood,Rose; Sandalwood,Oud; Leather; Amber; Musk (Synthetic),Oud; Leather; Amber; Musk,Men,Fall; Winter,Night,Temperate; Cold,long lasting,strong,Dark and mysterious; Sweet and playful,Evenings out; A special occasion,"A bold oud-leather fragrance with fruity freshness; daring, smoky, and masculine.","workbook composition, de-branded; season/gender/longevity/sillage normalised; mood & occasion derived from the profile's accords via questionnaire.csv (Q3 / Q1)",workbook + derived
P000318,Oriental Woody No. 9,Oriental Woody,oud; resinous; smoky; balsamic,—,—,Pure Oud,Pure Oud,Pure Oud,Pure Oud,Unisex,Fall; Winter,Night,Temperate; Cold,very long lasting,strong,Dark and mysterious; Warm and cosy,Evenings out; A special occasion,"A traditional Middle Eastern oud oil; raw, resinous, and deeply authentic.","workbook composition, de-branded; season/gender/longevity/sillage normalised; mood & occasion derived from the profile's accords via questionnaire.csv (Q3 / Q1)",workbook + derived
P000319,Oriental Woody No. 10,Oriental Woody,oud; spicy; resinous; woody,Saffron; Elemi,Saffron; Elemi,Oud; Cedar,Oud; Cedar,Patchouli,Patchouli,Unisex,Fall; Winter,Night,Temperate; Cold,very long lasting,strong,Warm and cosy; Seductive,Evenings out; A special occasion,"A refined oud with saffron and cedar; resinous, spicy, and elegant.","workbook composition, de-branded; season/gender/longevity/sillage normalised; mood & occasion derived from the profile's accords via questionnaire.csv (Q3 / Q1)",workbook + derived
P000320,Oriental Woody No. 11,Oriental Woody,oud; amber; smoky; spicy,Spices,Spices,Oud; Amber,Oud; Amber,Leather; Patchouli,Leather; Patchouli,Unisex,Fall; Winter,Night,Temperate; Cold,long lasting,strong,Dark and mysterious; Warm and cosy,Evenings out; A special occasion,"Affordable niche-style oud; smoky, spicy, and warm with amber depth.","workbook composition, de-branded; season/gender/longevity/sillage normalised; mood & occasion derived from the profile's accords via questionnaire.csv (Q3 / Q1)",workbook + derived
P000321,Oriental Spicy No. 3,Oriental Spicy,oud; smoky; spicy; balsamic,Pink Pepper; Cardamom; Saffron,Pink Pepper; Cardamom; Saffron,Geranium; Myrrh,Geranium; Myrrh,Oud; Leather; Patchouli; Sandalwood,Oud; Leather; Patchouli; Sandalwood,Men,Fall; Winter,Night,Temperate; Cold,very long lasting,enormous,Dark and mysterious; Warm and cosy,Evenings out; A special occasion,"A dramatic oud-spice composition with smoky incense and leather; bold, mysterious, and commanding.","workbook composition, de-branded; season/gender/longevity/sillage normalised; mood & occasion derived from the profile's accords via questionnaire.csv (Q3 / Q1)",workbook + derived
P000322,Oriental Floral No. 2,Oriental Floral,oud; fruity; sweet; floral,Sicilian Orange; Pear; Fig,Sicilian Orange; Pear; Fig,Jasmine Absolute; Patchouli,Jasmine; Patchouli,Oud; Leather; Vanilla; Musk (Synthetic),Oud; Leather; Vanilla; Musk,Unisex,Fall; Winter,Night,Temperate; Cold,very long lasting,strong,Sweet and playful; Elegant and classic,Evenings out; A special occasion,"A playful oud-fruity blend with fig and pear; sweet yet powerful, with Montale’s signature oud.","workbook composition, de-branded; season/gender/longevity/sillage normalised; mood & occasion derived from the profile's accords via questionnaire.csv (Q3 / Q1)",workbook + derived
P000323,Woody Chypre No. 1,Woody Chypre,oud; smoky; woody; earthy,Limoncello; Incense,Limoncello; Incense,Patchouli; Papyrus,Patchouli; Papyrus,Oud; Moss; Tobacco,Oud; Moss; Tobacco,Unisex,Fall; Winter,Night,Temperate; Cold,long lasting,strong,Dark and mysterious; Natural and earthy,"Every day, work or study; Evenings out","A smoky oud with tobacco and moss; dark, earthy, and sophisticated.","workbook composition, de-branded; season/gender/longevity/sillage normalised; mood & occasion derived from the profile's accords via questionnaire.csv (Q3 / Q1)",workbook + derived
P000324,Oriental Woody No. 12,Oriental Woody,oud; amber; spicy; woody,Apple; White Pepper,Apple; White Pepper,Cardamom; Lavender,Cardamom; Lavender,Oud; Amber; Patchouli,Oud; Amber; Patchouli,Unisex,Fall; Winter,Night,Temperate; Cold,long lasting,strong,Warm and cosy; Seductive,Evenings out; A special occasion,A modern oud-amber fragrance with spicy freshness; elegant and versatile.,"workbook composition, de-branded; season/gender/longevity/sillage normalised; mood & occasion derived from the profile's accords via questionnaire.csv (Q3 / Q1)",workbook + derived
P000325,Oriental Floral No. 3,Oriental Floral,oud; fruity; floral; musky,Tomato Leaf; Freesia,Tomato Leaf; Freesia,Rose; Sandalwood,Rose; Sandalwood,Oud; Leather; Amber; Musk (Synthetic),Oud; Leather; Amber; Musk,Women,Fall; Winter,Night,Temperate; Cold,long lasting,strong,Warm and cosy; Sweet and playful,"Relaxing at home; Every day, work or study","A bold oud-floral with rose and leather; daring, smoky, and feminine.","workbook composition, de-branded; season/gender/longevity/sillage normalised; mood & occasion derived from the profile's accords via questionnaire.csv (Q3 / Q1)",workbook + derived
P000326,Oriental Woody No. 13,Oriental Woody,oud; fruity; amber; sweet,Fruity Notes,Fruity Notes,Floral Notes,Floral Notes,Oud; Amber; Musk (Synthetic),Oud; Amber; Musk,Unisex,Fall; Winter,Night,Temperate; Cold,very long lasting,enormous,Sweet and playful; Warm and cosy,Evenings out; A special occasion,"A poetic oud-fruity fragrance; rich, opulent, and artistic, part of Xerjoff’s Join the Club collection.","workbook composition, de-branded; season/gender/longevity/sillage normalised; mood & occasion derived from the profile's accords via questionnaire.csv (Q3 / Q1)",workbook + derived
P000327,Oriental Woody No. 14,Oriental Woody,oud; musky; amber; floral,Lemon Oil; Bergamot,Lemon; Bergamot,Rose; Jasmine Absolute,Rose; Jasmine,Oud; Musk (Synthetic); Sandalwood; Ambergris,Oud; Musk; Sandalwood; Ambergris,Unisex,Fall; Winter,Night,Temperate; Cold,very long lasting,enormous,Warm and cosy; Seductive,Evenings out; A special occasion,"A sensual oud-musk blend with rose and ambergris; opulent, smooth, and magnetic.","workbook composition, de-branded; season/gender/longevity/sillage normalised; mood & occasion derived from the profile's accords via questionnaire.csv (Q3 / Q1)",workbook + derived
P000328,Oriental Floral No. 4,Oriental Floral,oud; rose; violet; musky,Bergamot,Bergamot,Rose; Ionone Alpha,Bulgarian Rose; Violet,Oud; Papyrus,Oud; Papyrus,Unisex,Fall; Winter,Night,Temperate; Cold,very long lasting,strong,Warm and cosy; Seductive,"Relaxing at home; Every day, work or study","A silky oud-rose composition with violet and papyrus; airy yet deep, refined and elegant.","workbook composition, de-branded; season/gender/longevity/sillage normalised; mood & occasion derived from the profile's accords via questionnaire.csv (Q3 / Q1)",workbook + derived
P000329,Oriental Woody No. 15,Oriental Woody,oud; smoky; spicy; leather,Spices,Spices,Oud; Patchouli,Oud; Patchouli,Leather; Amber; Musk (Synthetic),Leather; Amber; Musk,Unisex,Fall; Winter,Night,Temperate; Cold,long lasting,strong,Dark and mysterious,Evenings out; A special occasion,Affordable powerhouse oud with smoky leather and amber; bold and long-lasting.,"workbook composition, de-branded; season/gender/longevity/sillage normalised; mood & occasion derived from the profile's accords via questionnaire.csv (Q3 / Q1)",workbook + derived
P000330,Oriental Woody No. 16,Oriental Woody,oud; smoky; sweet; resinous,Incense; Spices,Incense; Spices,Oud; Guaiacwood,Oud; Guaiac Wood,Vanilla; Amber; Musk (Synthetic),Vanilla; Amber; Musk,Unisex,Fall; Winter,Night,Temperate; Cold,very long lasting,strong,Dark and mysterious; Warm and cosy,Evenings out; A special occasion,A cult-favorite Middle Eastern oud with smoky vanilla and amber; sweet yet powerful.,"workbook composition, de-branded; season/gender/longevity/sillage normalised; mood & occasion derived from the profile's accords via questionnaire.csv (Q3 / Q1)",workbook + derived
P000331,Oriental Spicy No. 4,Oriental Spicy,oud; spicy; balsamic; smoky,Saffron; Ginger; Cumin,Saffron; Ginger; Cumin,Frankincense; Immortelle; Labdanum,Frankincense; Immortelle; Labdanum,Oud; Licorice; Tonka Bean,Oud; Licorice; Tonka Bean,Men,Fall; Winter,Night,Temperate; Cold,very long lasting,enormous,Dark and mysterious; Warm and cosy,Evenings out; A special occasion,"A complex oud-spice blend with incense and balsamic notes; mystical, daring, and powerful.","workbook composition, de-branded; season/gender/longevity/sillage normalised; mood & occasion derived from the profile's accords via questionnaire.csv (Q3 / Q1)",workbook + derived
P000332,Leather No. 1,Leather,oud; leather; smoky; animalic,Cardamom,Cardamom,Oud; Leather,Oud; Leather,Amber; Musk (Synthetic),Amber; Musk,Unisex,Fall; Winter,Night,Temperate; Cold,very long lasting,strong,Dark and mysterious; Seductive,Evenings out; A special occasion,"A bold oud-leather fragrance; smoky, animalic, and unapologetically intense.","workbook composition, de-branded; season/gender/longevity/sillage normalised; mood & occasion derived from the profile's accords via questionnaire.csv (Q3 / Q1)",workbook + derived
P000333,Floral Oriental No. 7,Floral Oriental,oud; rose; floral; balsamic,Rose,Turkish Rose,Oud; Saffron,Oud; Saffron,Amber; Musk (Synthetic),Amber; Musk,Unisex,Fall; Winter,Night,Temperate; Cold,very long lasting,strong,Warm and cosy; Seductive,Evenings out; A special occasion,A sensual oud-rose composition with saffron and amber; opulent and romantic.,"workbook composition, de-branded; season/gender/longevity/sillage normalised; mood & occasion derived from the profile's accords via questionnaire.csv (Q3 / Q1)",workbook + derived
P000334,Oriental Floral No. 5,Oriental Floral,oud; fruity; floral; musky,Peach; Pear; Apple,Peach; Pear; Apple,Rose; Jasmine Absolute,Rose; Jasmine,Oud; Musk (Synthetic); Amber,Oud; Musk; Amber,Unisex,Fall; Winter,Night,Temperate; Cold,long lasting,strong,Warm and cosy; Sweet and playful,"Relaxing at home; Every day, work or study","A fruity-floral oud with peach and rose; elegant, modern, and versatile.","workbook composition, de-branded; season/gender/longevity/sillage normalised; mood & occasion derived from the profile's accords via questionnaire.csv (Q3 / Q1)",workbook + derived
P000335,Oriental Woody No. 17,Oriental Woody,oud; fresh; musky; woody,Bergamot; Lavender,Bergamot; Lavender,Oud; Rose,Oud; Rose,Musk (Synthetic); Sandalwood,Musk; Sandalwood,Men,Spring; Fall,Day,Temperate,long lasting,moderate,Warm and cosy; Seductive,"Every day, work or study; Sport and the outdoors","A fresh oud with lavender and rose; lighter, versatile, and wearable daily.","workbook composition, de-branded; season/gender/longevity/sillage normalised; mood & occasion derived from the profile's accords via questionnaire.csv (Q3 / Q1)",workbook + derived
P000336,Oriental Woody No. 18,Oriental Woody,oud; spicy; resinous; balsamic,Spices,Spices,Oud; Cedar,Oud; Cedar,Amber; Musk (Synthetic),Amber; Musk,Unisex,Fall; Winter,Night,Temperate; Cold,very long lasting,enormous,Warm and cosy; Seductive,Evenings out; A special occasion,"A rich oud-spice fragrance from Xerjoff’s Oud Stars line; deep, resinous, and commanding.","workbook composition, de-branded; season/gender/longevity/sillage normalised; mood & occasion derived from the profile's accords via questionnaire.csv (Q3 / Q1)",workbook + derived
P000337,Oriental Woody No. 19,Oriental Woody,oud; rose; spicy; balsamic,Lemon Oil; Bergamot,Lemon; Bergamot,Rose; Jasmine Absolute,Rose; Jasmine,Oud; Sandalwood; Ambergris,Oud; Sandalwood; Ambergris,Unisex,Fall; Winter,Night,Temperate; Cold,very long lasting,enormous,Warm and cosy; Seductive,Evenings out; A special occasion,A classic oud-rose composition with ambergris and sandalwood; opulent and timeless.,"workbook composition, de-branded; season/gender/longevity/sillage normalised; mood & occasion derived from the profile's accords via questionnaire.csv (Q3 / Q1)",workbook + derived
P000338,Oriental Woody No. 20,Oriental Woody,oud; spicy; resinous; woody,Saffron; Elemi,Saffron; Elemi,Oud; Cedar,Oud; Cedar,Patchouli,Patchouli,Unisex,Fall; Winter,Night,Temperate; Cold,very long lasting,strong,Warm and cosy; Seductive,Evenings out; A special occasion,"A concentrated oud with saffron and cedar; resinous, elegant, and long-lasting.","workbook composition, de-branded; season/gender/longevity/sillage normalised; mood & occasion derived from the profile's accords via questionnaire.csv (Q3 / Q1)",workbook + derived
P000339,Oriental Woody No. 21,Oriental Woody,oud; smoky; spicy; amber,Spices,Spices,Oud; Patchouli,Oud; Patchouli,Amber; Musk (Synthetic),Amber; Musk,Unisex,Fall; Winter,Night,Temperate; Cold,long lasting,strong,Dark and mysterious; Warm and cosy,Evenings out; A special occasion,Affordable smoky oud with amber and patchouli; bold and long-lasting.,"workbook composition, de-branded; season/gender/longevity/sillage normalised; mood & occasion derived from the profile's accords via questionnaire.csv (Q3 / Q1)",workbook + derived
P000340,Oriental Woody No. 22,Oriental Woody,oud; sweet; fruity; musky,Raspberry; Saffron,Raspberry; Saffron,Oud; Rose,Oud; Rose,Amber; Musk (Synthetic),Amber; Musk,Unisex,Fall; Winter,Night,Temperate; Cold,very long lasting,strong,Sweet and playful; Warm and cosy,Evenings out; Relaxing at home,"A sweet oud-rose fragrance with raspberry and saffron; rich, sensual, and modern.","workbook composition, de-branded; season/gender/longevity/sillage normalised; mood & occasion derived from the profile's accords via questionnaire.csv (Q3 / Q1)",workbook + derived
P000341,Woody Spicy No. 33,Woody Spicy,earthy; citrus; woody; mineral,Orange; Grapefruit,Orange; Grapefruit,Pepper; Pelargonium,Pepper; Pelargonium,Vetiver; Cedar; Patchouli,Vetiver; Cedar; Patchouli,Men,Spring; Fall,Day,Temperate,long lasting,moderate,Natural and earthy; Fresh and clean,"Sport and the outdoors; Every day, work or study","Iconic earthy fragrance with vetiver and mineral notes; evokes soil, citrus, and wood in harmony.","workbook composition, de-branded; season/gender/longevity/sillage normalised; mood & occasion derived from the profile's accords via questionnaire.csv (Q3 / Q1)",workbook + derived
P000342,Woody Aromatic No. 37,Woody Aromatic,earthy; vetiver; woody; green,Bergamot; Bitter Orange,Bergamot; Bitter Orange,Vetiver,Vetiver,Sandalwood; Cedar; Oakmoss,Sandalwood; Cedar; Oakmoss,Unisex,Fall; Winter,Day,Temperate; Cold,very long lasting,strong,Natural and earthy,"Sport and the outdoors; Every day, work or study","A pure vetiver masterpiece; raw, earthy, and elegant with mossy depth.","workbook composition, de-branded; season/gender/longevity/sillage normalised; mood & occasion derived from the profile's accords via questionnaire.csv (Q3 / Q1)",workbook + derived
P000343,Woody Aromatic No. 38,Woody Aromatic,earthy; woody; smoky; vetiver,Cypress,Cypress,Vetiver,Vetiver,Cashmere Wood; Musk (Synthetic),Cashmere Wood; Musk,Men,Fall; Winter,Night,Temperate; Cold,very long lasting,enormous,Natural and earthy; Dark and mysterious,"Every day, work or study","Dark, brooding vetiver with smoky woods; mysterious, minimalist, and powerful.","workbook composition, de-branded; season/gender/longevity/sillage normalised; mood & occasion derived from the profile's accords via questionnaire.csv (Q3 / Q1)",workbook + derived
P000344,Woody No. 4,Woody,earthy; woody; smoky; vetiver,Pink Pepper,Pink Pepper,Vetiver,Vetiver,Sandalwood; Tobacco,Sandalwood; Tobacco,Unisex,Fall; Winter,Night,Temperate; Cold,very long lasting,strong,Natural and earthy; Dark and mysterious,"Every day, work or study","A refined vetiver fragrance; earthy, smoky, and elegant, inspired by autumn forests.","workbook composition, de-branded; season/gender/longevity/sillage normalised; mood & occasion derived from the profile's accords via questionnaire.csv (Q3 / Q1)",workbook + derived
P000345,Woody No. 5,Woody,earthy; woody; musky,Citron; Calamansi,Citron; Calamansi,Vetiver,Vetiver,Terrae Accord; Musk (Synthetic),Terrae Accord; Musk,Men,Spring; Fall,Day,Temperate,long lasting,moderate,Warm and cosy; Seductive,"Every day, work or study; Relaxing at home","Celebrates earth’s richness with vetiver and mineral notes; grounded, warm, and modern.","workbook composition, de-branded; season/gender/longevity/sillage normalised; mood & occasion derived from the profile's accords via questionnaire.csv (Q3 / Q1)",workbook + derived
P000346,Woody No. 6,Woody,earthy; woody; spicy; resinous,Pepper; Bergamot,Pepper; Bergamot,Cedar; Vetiver,Cedar; Vetiver,Oud; Sandalwood; Patchouli,Oud; Sandalwood; Patchouli,Unisex,Fall; Winter,Night,Temperate; Cold,long lasting,strong,Warm and cosy; Seductive,"Evenings out; Every day, work or study","A forest in a bottle; earthy woods with spice and resin, avant-garde yet wearable.","workbook composition, de-branded; season/gender/longevity/sillage normalised; mood & occasion derived from the profile's accords via questionnaire.csv (Q3 / Q1)",workbook + derived
P000347,Oriental Fougere No. 1,Oriental Fougere,earthy; smoky; leather; woody,Wormwood; Basil,Wormwood; Basil,Incense; Rose,Incense; Rose,Vetiver; Leather; Oakmoss,Vetiver; Leather; Oakmoss,Men,Fall; Winter,Night,Temperate; Cold,very long lasting,enormous,Dark and mysterious; Natural and earthy,"Every day, work or study","Dark, complex fragrance with earthy vetiver, leather, and incense; mysterious and bold.","workbook composition, de-branded; season/gender/longevity/sillage normalised; mood & occasion derived from the profile's accords via questionnaire.csv (Q3 / Q1)",workbook + derived
P000348,Woody Aromatic No. 39,Woody Aromatic,earthy; green; woody; fruity,Fig Leaf,Fig Leaf,Fig; Coconut,Fig; Coconut,Cedar; Woody Notes,Cedar; Woody Notes,Unisex,Spring; Summer,Day,Temperate; Hot,long lasting,moderate,Natural and earthy; Sweet and playful,"Sport and the outdoors; Every day, work or study","Earthy fig and woods; evokes the whole fig tree — leaves, fruit, and bark.","workbook composition, de-branded; season/gender/longevity/sillage normalised; mood & occasion derived from the profile's accords via questionnaire.csv (Q3 / Q1)",workbook + derived
P000349,Woody Spicy No. 34,Woody Spicy,earthy; woody; spicy; herbal,Bergamot; Violet Leaf,Bergamot; Violet Leaf,Cinnamon; Pimento,Cinnamon; Pimento,Tobacco; Musk (Synthetic); Myrrh,Tobacco; Musk; Myrrh,Men,Fall; Winter,Day,Temperate; Cold,moderate,moderate,Natural and earthy,"Sport and the outdoors; Every day, work or study",Earthy tobacco and woods with spicy warmth; refined and masculine.,"workbook composition, de-branded; season/gender/longevity/sillage normalised; mood & occasion derived from the profile's accords via questionnaire.csv (Q3 / Q1)",workbook + derived
P000350,Woody Spicy No. 35,Woody Spicy,earthy; smoky; woody; leather,Bergamot; Grapefruit,Bergamot; Grapefruit,Leather; Spices,Leather; Spices,Vetiver; Patchouli; Incense,Vetiver; Patchouli; Incense,Men,Fall; Winter,Night,Temperate; Cold,long lasting,strong,Dark and mysterious; Natural and earthy,"Every day, work or study","A dark, earthy fragrance with vetiver, incense, and leather; mysterious and bold.","workbook composition, de-branded; season/gender/longevity/sillage normalised; mood & occasion derived from the profile's accords via questionnaire.csv (Q3 / Q1)",workbook + derived
P000351,Woody Aromatic No. 40,Woody Aromatic,earthy; woody; citrus; green,Bergamot; Lemon Oil; Neroli,Bergamot; Lemon; Neroli,Vetiver; Tobacco,Vetiver; Tobacco,Tonka Bean; Nutmeg,Tonka Bean; Nutmeg,Men,Spring; Fall,Day,Temperate,long lasting,moderate,Natural and earthy; Fresh and clean,"Sport and the outdoors; Every day, work or study",Classic earthy vetiver with citrus brightness and tobacco depth; timeless and elegant.,"workbook composition, de-branded; season/gender/longevity/sillage normalised; mood & occasion derived from the profile's accords via questionnaire.csv (Q3 / Q1)",workbook + derived
P000352,Woody Aromatic No. 41,Woody Aromatic,earthy; woody; patchouli; leather,Tarragon; Cinnamon,Tarragon; Cinnamon,Patchouli; Vetiver,Patchouli; Vetiver,Leather; Civet,Leather; Civet,Men,Fall; Winter,Night,Temperate; Cold,very long lasting,strong,Natural and earthy; Dark and mysterious,"Every day, work or study",A bold earthy patchouli-leather fragrance; vintage powerhouse with rugged masculinity.,"workbook composition, de-branded; season/gender/longevity/sillage normalised; mood & occasion derived from the profile's accords via questionnaire.csv (Q3 / Q1)",workbook + derived
P000353,Woody Chypre No. 2,Woody Chypre,earthy; mossy; citrus; spicy,Lemon Oil; Neroli,Lemon; Neroli,Cardamom; Ginger,Cardamom; Ginger,Oakmoss; Vetiver,Oakmoss; Vetiver,Men,Spring; Fall,Day,Temperate,long lasting,moderate,Natural and earthy; Fresh and clean,Sport and the outdoors; Evenings out,Elegant earthy chypre with moss and vetiver; refined and classic.,"workbook composition, de-branded; season/gender/longevity/sillage normalised; mood & occasion derived from the profile's accords via questionnaire.csv (Q3 / Q1)",workbook + derived
P000354,Oriental Fruity No. 1,Oriental Fruity,earthy; resinous; woody; balsamic,Blackberry; Orange,Blackberry; Orange,Frankincense; Honey,Frankincense; Honey,Oud; Patchouli; Myrrh,Oud; Patchouli; Myrrh,Men,Fall; Winter,Night,Temperate; Cold,very long lasting,enormous,Warm and cosy; Seductive,"Every day, work or study; Evenings out","Complex earthy-resinous fragrance with oud, patchouli, and incense; opulent and majestic.","workbook composition, de-branded; season/gender/longevity/sillage normalised; mood & occasion derived from the profile's accords via questionnaire.csv (Q3 / Q1)",workbook + derived
P000355,Woody Aromatic No. 42,Woody Aromatic,earthy; woody; sandalwood; spicy,Cypress; Rosewood,Cypress; Rosewood,Cedar,Cedar,Sandalwood; Amber,Sandalwood; Amber,Unisex,Spring; Fall,Day,Temperate,long lasting,moderate,Natural and earthy,"Every day, work or study; Evenings out",Earthy sandalwood fragrance with cedar and cypress; meditative and calming.,"workbook composition, de-branded; season/gender/longevity/sillage normalised; mood & occasion derived from the profile's accords via questionnaire.csv (Q3 / Q1)",workbook + derived
P000356,Woody Chypre No. 3,Woody Chypre,earthy; smoky; woody; spicy,Aldehyde C-11; Nutmeg,Aldehydes; Nutmeg,Vetiver; Saffron,Vetiver; Saffron,Incense; Leather,Incense; Leather,Men,Fall; Winter,Night,Temperate; Cold,long lasting,strong,Natural and earthy; Dark and mysterious,"Every day, work or study; Evenings out",Earthy incense and vetiver with smoky leather; avant-garde and bold.,"workbook composition, de-branded; season/gender/longevity/sillage normalised; mood & occasion derived from the profile's accords via questionnaire.csv (Q3 / Q1)",workbook + derived
P000357,Woody Aromatic No. 43,Woody Aromatic,earthy; smoky; spicy; resinous,Pink Pepper; Cardamom,Pink Pepper; Cardamom,Vetiver; Papyrus,Vetiver; Papyrus,Myrrh; Incense,Myrrh; Incense,Unisex,Fall; Winter,Day,Temperate; Cold,long lasting,strong,Warm and cosy; Seductive,Evenings out; A special occasion,Inspired by African rituals; earthy vetiver with incense and papyrus.,"workbook composition, de-branded; season/gender/longevity/sillage normalised; mood & occasion derived from the profile's accords via questionnaire.csv (Q3 / Q1)",workbook + derived
P000358,Aromatic Fougere No. 8,Aromatic Fougere,earthy; musky; spicy; animalic,Aldehyde C-11; Artemisia,Aldehydes; Artemisia,Patchouli; Carnation,Patchouli; Carnation,Oakmoss; Leather,Oakmoss; Leather,Men,Fall; Winter,Night,Temperate; Cold,very long lasting,enormous,Seductive; Warm and cosy,"Relaxing at home; Every day, work or study",Iconic powerhouse fragrance; earthy oakmoss and leather with animalic depth.,"workbook composition, de-branded; season/gender/longevity/sillage normalised; mood & occasion derived from the profile's accords via questionnaire.csv (Q3 / Q1)",workbook + derived
P000359,Woody Aromatic No. 44,Woody Aromatic,earthy; woody; citrus; green,Neroli; Bergamot,Neroli; Bergamot,Vetiver; Cypress,Vetiver; Cypress,Cedar; Amber,Cedar; Amber,Men,Spring; Summer,Day,Temperate; Hot,long lasting,moderate,Natural and earthy; Fresh and clean,"Sport and the outdoors; Every day, work or study","Earthy woods with neroli freshness; modern, natural, and uplifting.","workbook composition, de-branded; season/gender/longevity/sillage normalised; mood & occasion derived from the profile's accords via questionnaire.csv (Q3 / Q1)",workbook + derived
P000360,Woody Aromatic No. 45,Woody Aromatic,earthy; green; woody; fresh,Bergamot; Tarragon,Bergamot; Tarragon,Vetiver; Ginger,Vetiver; Ginger,Cedar; Amber,Cedar; Amber,Unisex,Spring; Summer,Day,Temperate; Hot,long lasting,moderate,Natural and earthy; Fresh and clean,"Sport and the outdoors; Every day, work or study","Transparent earthy vetiver with ginger and cedar; clean, modern, and refined.","workbook composition, de-branded; season/gender/longevity/sillage normalised; mood & occasion derived from the profile's accords via questionnaire.csv (Q3 / Q1)",workbook + derived
P000361,Woody Spicy No. 36,Woody Spicy,earthy; woody; spicy; citrus,Bitter Orange; Birch Leaf,Bitter Orange; Birch Leaf,Cardamom; Pepper,Cardamom; Pepper,Vetiver; Cedar,Vetiver; Cedar,Men,Spring; Fall,Day,Temperate,long lasting,moderate,Natural and earthy; Fresh and clean,"Sport and the outdoors; Every day, work or study","A crisp earthy-spicy fragrance with vetiver and woods; refined, modern, and versatile.","workbook composition, de-branded; season/gender/longevity/sillage normalised; mood & occasion derived from the profile's accords via questionnaire.csv (Q3 / Q1)",workbook + derived
P000362,Woody Spicy No. 37,Woody Spicy,earthy; vetiver; citrus; woody,Grapefruit; Orange Blossom,Grapefruit; Orange Blossom,Nutmeg; Vetiver,Nutmeg; Vetiver,Amber; Oakmoss,Amber; Oakmoss,Men,Spring; Fall,Day,Temperate,long lasting,strong,Natural and earthy; Fresh and clean,"Sport and the outdoors; Every day, work or study","Clean, earthy vetiver with citrus brightness; elegant and professional.","workbook composition, de-branded; season/gender/longevity/sillage normalised; mood & occasion derived from the profile's accords via questionnaire.csv (Q3 / Q1)",workbook + derived
P000363,Citrus Aromatic No. 22,Citrus Aromatic,earthy; musky; green; citrus,Bergamot; Neroli,Bergamot; Neroli,Petitgrain,Petitgrain,Musk (Synthetic),White Musk,Unisex,Spring; Summer,Day,Temperate; Hot,moderate,moderate,Natural and earthy; Warm and cosy,Sport and the outdoors; Relaxing at home,Minimalist earthy-green cologne with musky freshness; clean and addictive.,"workbook composition, de-branded; season/gender/longevity/sillage normalised; mood & occasion derived from the profile's accords via questionnaire.csv (Q3 / Q1)",workbook + derived
P000364,Aromatic Fougere No. 9,Aromatic Fougere,earthy; woody; metallic; lavender,Aldehyde C-11; Cardamom,Aldehydes; Cardamom,Lavender; Beeswax,Lavender; Beeswax,Oakmoss; Tonka Bean,Oakmoss; Tonka Bean,Men,Fall; Winter,Day,Temperate; Cold,long lasting,strong,Fresh and clean; Natural and earthy,"Every day, work or study; Sport and the outdoors",Earthy fougère with metallic and mossy notes; inspired by a tailor’s workshop.,"workbook composition, de-branded; season/gender/longevity/sillage normalised; mood & occasion derived from the profile's accords via questionnaire.csv (Q3 / Q1)",workbook + derived
P000365,Woody Aromatic No. 46,Woody Aromatic,earthy; woody; herbal; spicy,Lavender; Basil,Lavender; Basil,Vetiver; Patchouli,Vetiver; Patchouli,Oakmoss; Sandalwood,Oakmoss; Sandalwood,Men,Fall; Winter,Night,Temperate; Cold,very long lasting,strong,Natural and earthy,"Sport and the outdoors; Every day, work or study","A powerhouse earthy fragrance with vetiver, patchouli, and moss; bold and masculine.","workbook composition, de-branded; season/gender/longevity/sillage normalised; mood & occasion derived from the profile's accords via questionnaire.csv (Q3 / Q1)",workbook + derived
P000366,Aromatic Green No. 8,Aromatic Green,earthy; green; woody; fresh,Ivy; Cyclamen,Ivy; Cyclamen,Geranium,Geranium,Musk (Synthetic); Woods,Musk; Woods,Unisex,Spring; Summer,Day,Temperate; Hot,moderate,moderate,Natural and earthy; Fresh and clean,"Sport and the outdoors; Every day, work or study","Earthy-green ivy fragrance; crisp, natural, and airy.","workbook composition, de-branded; season/gender/longevity/sillage normalised; mood & occasion derived from the profile's accords via questionnaire.csv (Q3 / Q1)",workbook + derived
P000367,Oriental Woody No. 23,Oriental Woody,earthy; leather; citrus; spicy,Lemon Oil; Bergamot,Lemon; Bergamot,Rose; Cinnamon,Rose; Cinnamon,Leather; Patchouli,Leather; Patchouli,Men,Fall; Winter,Night,Temperate; Cold,long lasting,strong,Natural and earthy; Fresh and clean,Sport and the outdoors; Evenings out,"Earthy leather with citrus and spice; elegant, classic, and refined.","workbook composition, de-branded; season/gender/longevity/sillage normalised; mood & occasion derived from the profile's accords via questionnaire.csv (Q3 / Q1)",workbook + derived
P000368,Woody Aromatic No. 47,Woody Aromatic,earthy; incense; smoky; woody,Cypress,Cypress,Vetiver; Incense,Vetiver; Incense,Coffee; Patchouli,Coffee; Patchouli,Unisex,Fall; Winter,Night,Temperate; Cold,very long lasting,enormous,Dark and mysterious; Natural and earthy,"Every day, work or study","Earthy incense fragrance inspired by Japanese temples; meditative, smoky, and spiritual.","workbook composition, de-branded; season/gender/longevity/sillage normalised; mood & occasion derived from the profile's accords via questionnaire.csv (Q3 / Q1)",workbook + derived
P000369,Leather No. 2,Leather,earthy; leather; woody; spicy,Lemon Oil; Sage,Lemon; Sage,Patchouli; Vetiver,Patchouli; Vetiver,Leather; Oakmoss,Leather; Oakmoss,Men,Fall; Winter,Night,Temperate; Cold,very long lasting,strong,Natural and earthy; Dark and mysterious,"Every day, work or study; Evenings out","Earthy leather with moss and vetiver; classic, bold, and sophisticated.","workbook composition, de-branded; season/gender/longevity/sillage normalised; mood & occasion derived from the profile's accords via questionnaire.csv (Q3 / Q1)",workbook + derived
P000370,Aromatic Fougere No. 10,Aromatic Fougere,earthy; woody; spicy; musky,Cinnamon; Bergamot,Cinnamon; Bergamot,Vetiver; Lavender,Vetiver; Lavender,Amber; Tonka Bean,Amber; Tonka Bean,Men,Fall; Winter,Night,Temperate; Cold,long lasting,strong,Warm and cosy; Seductive,"Every day, work or study; Relaxing at home",Earthy fougère with spicy warmth and amber depth; modern twist on a classic.,"workbook composition, de-branded; season/gender/longevity/sillage normalised; mood & occasion derived from the profile's accords via questionnaire.csv (Q3 / Q1)",workbook + derived
P000371,Woody Aromatic No. 48,Woody Aromatic,earthy; woody; smoky; resinous,Bergamot; Saffron,Bergamot; Saffron,Cedar; Vetiver,Cedar; Vetiver,Oakmoss; Musk (Synthetic),Oakmoss; Musk,Unisex,Fall; Winter,Night,Temperate; Cold,long lasting,strong,Warm and cosy; Seductive,"Every day, work or study; Evenings out",A smoky-earthy fragrance inspired by forests; resinous woods with moss and vetiver.,"workbook composition, de-branded; season/gender/longevity/sillage normalised; mood & occasion derived from the profile's accords via questionnaire.csv (Q3 / Q1)",workbook + derived
P000372,Woody Oriental No. 9,Woody Oriental,earthy; smoky; resinous; vanilla,Vanilla,Madagascar Vanilla,Myrrh; Benzoin,Myrrh; Benzoin,Oakmoss; Guaiacwood,Oakmoss; Guaiac Wood,Unisex,Fall; Winter,Night,Temperate; Cold,very long lasting,strong,Warm and cosy; Seductive,Relaxing at home; Evenings out,A cult indie scent; earthy vanilla wrapped in smoky resins and woods.,"workbook composition, de-branded; season/gender/longevity/sillage normalised; mood & occasion derived from the profile's accords via questionnaire.csv (Q3 / Q1)",workbook + derived
P000373,Aromatic Green No. 9,Aromatic Green,earthy; damp; animalic; fruity,Soil Tincture; Banana,Soil Tincture; Banana,Vetiver; Myrrh,Vetiver; Myrrh,Musk (Synthetic); Leather,Musk; Leather,Unisex,Fall; Winter,Night,Temperate; Cold,very long lasting,enormous,Sweet and playful; Seductive,,A daring earthy fragrance evoking caves and damp soil; animalic yet fascinating.,"workbook composition, de-branded; season/gender/longevity/sillage normalised; mood & occasion derived from the profile's accords via questionnaire.csv (Q3 / Q1)",workbook + derived
P000374,Woody Aromatic No. 49,Woody Aromatic,earthy; smoky; mineral; resinous,Aldehyde C-11,Aldehydes,Vetiver; Cedar,Vetiver; Cedar,Amber; Musk (Synthetic),Amber; Musk,Unisex,Fall; Winter,Night,Temperate; Cold,long lasting,strong,Warm and cosy; Seductive,Sport and the outdoors; Evenings out,Minimalist earthy fragrance with mineral smoke and resin; avant-garde and bold.,"workbook composition, de-branded; season/gender/longevity/sillage normalised; mood & occasion derived from the profile's accords via questionnaire.csv (Q3 / Q1)",workbook + derived
P000375,Woody No. 7,Woody,earthy; smoky; vetiver; resinous,Vetiver,Vetiver,Birch Tar,Birch Tar,Oakmoss; Woods,Oakmoss; Woods,Unisex,Fall; Winter,Night,Temperate; Cold,very long lasting,enormous,Natural and earthy; Warm and cosy,Evenings out; A special occasion,A raw earthy vetiver with smoke and tar; uncompromisingly dark and powerful.,"workbook composition, de-branded; season/gender/longevity/sillage normalised; mood & occasion derived from the profile's accords via questionnaire.csv (Q3 / Q1)",workbook + derived
P000376,Woody Aromatic No. 50,Woody Aromatic,earthy; smoky; herbal; resinous,Pine; Herbs,Pine; Herbs,Vetiver; Incense,Vetiver; Incense,Oakmoss; Amber,Oakmoss; Amber,Unisex,Fall; Winter,Night,Temperate; Cold,long lasting,strong,Natural and earthy; Warm and cosy,Sport and the outdoors; Evenings out,Inspired by witchcraft; earthy incense and woods with herbal smoke.,"workbook composition, de-branded; season/gender/longevity/sillage normalised; mood & occasion derived from the profile's accords via questionnaire.csv (Q3 / Q1)",workbook + derived
P000377,Leather No. 3,Leather,earthy; smoky; leathery; resinous,Rum; Tobacco,Rum; Tobacco,Oud; Vetiver,Oud; Vetiver,Leather; Oakmoss,Leather; Oakmoss,Men,Fall; Winter,Night,Temperate; Cold,very long lasting,strong,Dark and mysterious; Warm and cosy,Evenings out; A special occasion,"A bold earthy leather with rum and tobacco; dark, historical, and intense.","workbook composition, de-branded; season/gender/longevity/sillage normalised; mood & occasion derived from the profile's accords via questionnaire.csv (Q3 / Q1)",workbook + derived
P000378,Leather No. 4,Leather,earthy; leathery; woody; smoky,Saffron; Cumin,Saffron; Cumin,Oud; Vetiver,Oud; Vetiver,Leather; Sandalwood,Leather; Sandalwood,Unisex,Fall; Winter,Night,Temperate; Cold,long lasting,strong,Dark and mysterious; Natural and earthy,"Every day, work or study",Earthy leather with vetiver and oud; refined yet rugged.,"workbook composition, de-branded; season/gender/longevity/sillage normalised; mood & occasion derived from the profile's accords via questionnaire.csv (Q3 / Q1)",workbook + derived
P000379,Woody Aromatic No. 51,Woody Aromatic,earthy; green; woody; resinous,Fir; Bergamot,Fir; Bergamot,Violet Leaf; Oakmoss,Violet Leaf; Oakmoss,Vetiver; Cedar,Vetiver; Cedar,Unisex,Spring; Fall,Day,Temperate,long lasting,moderate,Natural and earthy; Warm and cosy,"Sport and the outdoors; Every day, work or study",Evokes a walk in the woods; earthy greens with moss and vetiver.,"workbook composition, de-branded; season/gender/longevity/sillage normalised; mood & occasion derived from the profile's accords via questionnaire.csv (Q3 / Q1)",workbook + derived
P000380,Oriental Spicy No. 5,Oriental Spicy,earthy; musky; spicy; resinous,Cinnamon; Clove,Cinnamon; Clove,Vetiver; Patchouli,Vetiver; Patchouli,Musk (Synthetic); Amber,Musk; Amber,Unisex,Fall; Winter,Night,Temperate; Cold,very long lasting,strong,Warm and cosy; Seductive,Evenings out; Relaxing at home,"An indie reinterpretation of musky-earthy accords; bold, resinous, and sensual.","workbook composition, de-branded; season/gender/longevity/sillage normalised; mood & occasion derived from the profile's accords via questionnaire.csv (Q3 / Q1)",workbook + derived
P000381,Woody Aromatic No. 52,Woody Aromatic,earthy; resinous; smoky; coniferous,Pine Resin,Pine Resin,Fir; Cypress,Fir; Cypress,Moss; Incense,Moss; Incense,Unisex,Fall; Winter,Night,Temperate; Cold,very long lasting,enormous,Natural and earthy; Warm and cosy,Sport and the outdoors; Evenings out,"A cult earthy forest scent; dense conifer resins, moss, and incense — like walking in a dark forest.","workbook composition, de-branded; season/gender/longevity/sillage normalised; mood & occasion derived from the profile's accords via questionnaire.csv (Q3 / Q1)",workbook + derived
P000382,Woody No. 8,Woody,earthy; woody; smoky; herbal,Cypress,Cypress,Patchouli; Cedar,Patchouli; Cedar,Sandalwood; Moss,Sandalwood; Moss,Unisex,Fall; Winter,Day,Temperate; Cold,long lasting,strong,Natural and earthy; Dark and mysterious,"Sport and the outdoors; Every day, work or study","Natural earthy woods with patchouli and moss; artisanal, raw, and grounded.","workbook composition, de-branded; season/gender/longevity/sillage normalised; mood & occasion derived from the profile's accords via questionnaire.csv (Q3 / Q1)",workbook + derived
P000383,Chypre No. 1,Chypre,earthy; mossy; green; woody,Galbanum; Lemon Oil,Galbanum; Lemon,Narcissus; Oakmoss,Narcissus; Oakmoss,Vetiver; Resin,Vetiver; Resin,Unisex,Spring; Fall,Day,Temperate,very long lasting,strong,Natural and earthy,"Sport and the outdoors; Every day, work or study","A modern chypre with earthy oakmoss and narcissus; mystical, green, and forest-like.","workbook composition, de-branded; season/gender/longevity/sillage normalised; mood & occasion derived from the profile's accords via questionnaire.csv (Q3 / Q1)",workbook + derived
P000384,Aromatic Green No. 10,Aromatic Green,earthy; herbal; woody; spicy,Lime; Basil,Lime; Basil,Vetiver; Coriander,Vetiver; Coriander,Patchouli; Cedar,Patchouli; Cedar,Unisex,Spring; Summer,Day,Temperate; Hot,long lasting,moderate,Natural and earthy,"Sport and the outdoors; Every day, work or study","Earthy-green fragrance with herbs and vetiver; crisp, natural, and uplifting.","workbook composition, de-branded; season/gender/longevity/sillage normalised; mood & occasion derived from the profile's accords via questionnaire.csv (Q3 / Q1)",workbook + derived
P000385,Woody Aromatic No. 53,Woody Aromatic,earthy; smoky; herbal; grassy,Bergamot; Thyme,Bergamot; Thyme,Sage; Grass,Sage; Grass,Vetiver; Amber,Vetiver; Amber,Unisex,Summer; Fall,Day,Hot; Temperate,long lasting,strong,Natural and earthy; Dark and mysterious,Sport and the outdoors,"Earthy grass and sage with smoky vetiver; rugged, wild, and outdoorsy.","workbook composition, de-branded; season/gender/longevity/sillage normalised; mood & occasion derived from the profile's accords via questionnaire.csv (Q3 / Q1)",workbook + derived
P000386,Aromatic No. 3,Aromatic,earthy; smoky; tea; resinous,Mint; Black Pepper,Mint; Black Pepper,Tea; Leather,Tea; Leather,Incense; Vetiver,Incense; Vetiver,Unisex,Fall; Winter,Night,Temperate; Cold,very long lasting,strong,Natural and earthy; Warm and cosy,Sport and the outdoors; Evenings out,"Earthy tea and leather with smoky incense; evocative, mysterious, and niche.","workbook composition, de-branded; season/gender/longevity/sillage normalised; mood & occasion derived from the profile's accords via questionnaire.csv (Q3 / Q1)",workbook + derived
P000387,Oriental Woody No. 24,Oriental Woody,earthy; spicy; resinous; balsamic,Cardamom; Clove,Cardamom; Clove,Patchouli; Labdanum,Patchouli; Labdanum,Vetiver; Amber,Vetiver; Amber,Unisex,Fall; Winter,Night,Temperate; Cold,very long lasting,strong,Warm and cosy; Seductive,Evenings out; A special occasion,Natural earthy patchouli with spices and amber; artisanal and bold.,"workbook composition, de-branded; season/gender/longevity/sillage normalised; mood & occasion derived from the profile's accords via questionnaire.csv (Q3 / Q1)",workbook + derived
P000388,Woody Aromatic No. 54,Woody Aromatic,earthy; smoky; resinous; spicy,Grapefruit; Lemon Oil,Grapefruit; Lemon,Black Pepper; Vetiver,Black Pepper; Vetiver,Cedar; Amber,Cedar; Amber,Unisex,Fall; Winter,Day,Temperate; Cold,long lasting,moderate,Warm and cosy; Seductive,Evenings out; A special occasion,Earthy vetiver with smoky woods and pepper; urban yet grounded.,"workbook composition, de-branded; season/gender/longevity/sillage normalised; mood & occasion derived from the profile's accords via questionnaire.csv (Q3 / Q1)",workbook + derived
P000389,Aromatic Fougere No. 11,Aromatic Fougere,earthy; spicy; woody; mossy,Ginger; Cardamom,Ginger; Cardamom,Vetiver; Patchouli,Vetiver; Patchouli,Oakmoss; Tobacco,Oakmoss; Tobacco,Men,Fall; Winter,Night,Temperate; Cold,very long lasting,strong,Natural and earthy,"Every day, work or study; Evenings out","Earthy fougère with patchouli, moss, and tobacco; bold, vintage-inspired niche.","workbook composition, de-branded; season/gender/longevity/sillage normalised; mood & occasion derived from the profile's accords via questionnaire.csv (Q3 / Q1)",workbook + derived
P000390,Woody Aromatic No. 55,Woody Aromatic,earthy; smoky; resinous; balsamic,Citrus; Spices,Citrus; Spices,Vetiver; Patchouli,Vetiver; Patchouli,Oud; Moss,Oud; Moss,Unisex,Fall; Winter,Night,Temperate; Cold,very long lasting,enormous,Warm and cosy; Seductive,Evenings out; A special occasion,"Experimental earthy fragrance with smoky vetiver, moss, and oud; daring and artistic","workbook composition, de-branded; season/gender/longevity/sillage normalised; mood & occasion derived from the profile's accords via questionnaire.csv (Q3 / Q1)",workbook + derived
P000391,Oriental Floral No. 6,Oriental Floral,earthy; honey; resinous; tobacco,Orange Blossom; Neroli,Orange Blossom; Neroli,Tobacco; Honey,Tobacco; Honey,Vetiver; Resins,Vetiver; Resins,Unisex,Fall; Winter,Night,Temperate; Cold,very long lasting,strong,Warm and cosy; Sweet and playful,Evenings out; A special occasion,"Natural earthy honey-tobacco with vetiver; warm, artisanal, and enveloping.","workbook composition, de-branded; season/gender/longevity/sillage normalised; mood & occasion derived from the profile's accords via questionnaire.csv (Q3 / Q1)",workbook + derived
P000392,Woody Aromatic No. 56,Woody Aromatic,earthy; smoky; resinous; spicy,Pine; Spices,Pine; Spices,Vetiver; Cedar,Vetiver; Cedar,Moss; Amber,Moss; Amber,Unisex,Fall; Winter,Night,Temperate; Cold,very long lasting,enormous,Warm and cosy; Seductive,Evenings out; A special occasion,Dense earthy forest scent with pine smoke and moss; raw and atmospheric.,"workbook composition, de-branded; season/gender/longevity/sillage normalised; mood & occasion derived from the profile's accords via questionnaire.csv (Q3 / Q1)",workbook + derived
P000393,Woody Aromatic No. 57,Woody Aromatic,earthy; resinous; smoky; green,Fir; Cedar,Fir; Cedar,Violet Leaf; Oakmoss,Violet Leaf; Oakmoss,Vetiver; Amber,Vetiver; Amber,Unisex,Fall; Winter,Night,Temperate; Cold,long lasting,strong,Natural and earthy; Warm and cosy,Sport and the outdoors; Evenings out,Earthy woods with moss and vetiver; evocative of twilight forests.,"workbook composition, de-branded; season/gender/longevity/sillage normalised; mood & occasion derived from the profile's accords via questionnaire.csv (Q3 / Q1)",workbook + derived
P000394,Leather No. 5,Leather,earthy; leathery; smoky; mossy,Bergamot,Bergamot,Leather; Jasmine Absolute,Leather; Jasmine,Oakmoss; Vetiver,Oakmoss; Vetiver,Unisex,Fall; Winter,Night,Temperate; Cold,very long lasting,strong,Natural and earthy; Dark and mysterious,,Vintage-style earthy leather with moss and vetiver; bold and artisanal.,"workbook composition, de-branded; season/gender/longevity/sillage normalised; mood & occasion derived from the profile's accords via questionnaire.csv (Q3 / Q1)",workbook + derived
P000395,Woody Smoky No. 1,Woody Smoky,earthy; smoky; resinous; woody,Whiskey; Tobacco,Whiskey; Tobacco,Incense; Patchouli,Incense; Patchouli,Vetiver; Oakmoss,Vetiver; Oakmoss,Unisex,Fall; Winter,Night,Temperate; Cold,very long lasting,enormous,Warm and cosy; Seductive,"Every day, work or study; Evenings out","A cult smoky-earthy fragrance; incense, tobacco, and vetiver dominate.","workbook composition, de-branded; season/gender/longevity/sillage normalised; mood & occasion derived from the profile's accords via questionnaire.csv (Q3 / Q1)",workbook + derived
P000396,Aromatic Green No. 11,Aromatic Green,earthy; mossy; green; woody,Galbanum; Herbs,Galbanum; Herbs,Oakmoss; Vetiver,Oakmoss; Vetiver,Cedar; Amber,Cedar; Amber,Unisex,Spring; Fall,Day,Temperate,long lasting,strong,Natural and earthy,"Sport and the outdoors; Every day, work or study",A modern earthy-green fragrance; moss and vetiver with herbal brightness.,"workbook composition, de-branded; season/gender/longevity/sillage normalised; mood & occasion derived from the profile's accords via questionnaire.csv (Q3 / Q1)",workbook + derived
P000397,Leather No. 6,Leather,earthy; leathery; smoky; resinous,Spices,Spices,Leather; Patchouli,Leather; Patchouli,Vetiver; Moss,Vetiver; Moss,Unisex,Fall; Winter,Night,Temperate; Cold,long lasting,strong,Dark and mysterious; Warm and cosy,Evenings out; A special occasion,Earthy leather with patchouli and moss; rugged and niche.,"workbook composition, de-branded; season/gender/longevity/sillage normalised; mood & occasion derived from the profile's accords via questionnaire.csv (Q3 / Q1)",workbook + derived
P000398,Chypre No. 2,Chypre,earthy; mossy; leathery; green,Lemon Oil; Tangerine,Lemon; Tangerine,Oakmoss; Vetiver,Oakmoss; Vetiver,Leather; Patchouli,Leather; Patchouli,Unisex,Spring; Fall,Day,Temperate,very long lasting,strong,Natural and earthy; Dark and mysterious,Sport and the outdoors,A bold earthy chypre with moss and leather; vintage-inspired yet modern.,"workbook composition, de-branded; season/gender/longevity/sillage normalised; mood & occasion derived from the profile's accords via questionnaire.csv (Q3 / Q1)",workbook + derived
P000399,Aromatic Green No. 12,Aromatic Green,earthy; resinous; herbal; green,Basil; Mint,Basil; Mint,Vetiver; Patchouli,Vetiver; Patchouli,Amber; Moss,Amber; Moss,Unisex,Spring; Fall,Day,Temperate,long lasting,moderate,Natural and earthy; Warm and cosy,Sport and the outdoors; Evenings out,Natural earthy-green fragrance; herbal brightness with moss and amber.,"workbook composition, de-branded; season/gender/longevity/sillage normalised; mood & occasion derived from the profile's accords via questionnaire.csv (Q3 / Q1)",workbook + derived
P000400,Aromatic No. 4,Aromatic,earthy; herbal; resinous; smoky,Spices; Herbs,Spices; Herbs,Vetiver; Patchouli,Vetiver; Patchouli,Amber; Moss,Amber; Moss,Unisex,Fall; Winter,Night,Temperate; Cold,very long lasting,strong,Natural and earthy; Warm and cosy,Sport and the outdoors; Evenings out,An artisanal earthy-herbal fragrance; smoky resins with moss and vetiver.,"workbook composition, de-branded; season/gender/longevity/sillage normalised; mood & occasion derived from the profile's accords via questionnaire.csv (Q3 / Q1)",workbook + derived
P000401,Leather No. 7,Leather,leathery; spicy; woody; balsamic,Black Pepper; Saffron,Black Pepper; Saffron,Violet Leaf; Nutmeg,Violet Leaf; Nutmeg,Leather; Patchouli; Ambroxan,Leather; Patchouli; Ambroxan,Men,Fall; Winter,Night,Temperate; Cold,very long lasting,strong,Warm and cosy; Seductive,"Evenings out; Every day, work or study","A refined leather with spicy and woody depth; elegant, niche, and modern.","workbook composition, de-branded; season/gender/longevity/sillage normalised; mood & occasion derived from the profile's accords via questionnaire.csv (Q3 / Q1)",workbook + derived
P000402,Leather No. 8,Leather,leathery; smoky; spicy; animalic,Cinnamon; Black Pepper,Cinnamon; Black Pepper,Leather; Castoreum,Leather; Castoreum,Vetiver; Amber,Vetiver; Amber,Unisex,Fall; Winter,Night,Temperate; Cold,very long lasting,enormous,Dark and mysterious; Seductive,Evenings out,"A bold, animalic leather with spice and musk; daring and sensual.","workbook composition, de-branded; season/gender/longevity/sillage normalised; mood & occasion derived from the profile's accords via questionnaire.csv (Q3 / Q1)",workbook + derived
P000403,Leather No. 9,Leather,leathery; mossy; smoky; animalic,Aldehyde C-11; Bergamot,Aldehydes; Bergamot,Leather; Oakmoss,Leather; Oakmoss,Civet; Vetiver,Civet; Vetiver,Unisex,Fall; Winter,Night,Temperate; Cold,very long lasting,strong,Dark and mysterious; Seductive,,Vintage-style leather chypre with civet and moss; bold and artistic.,"workbook composition, de-branded; season/gender/longevity/sillage normalised; mood & occasion derived from the profile's accords via questionnaire.csv (Q3 / Q1)",workbook + derived
P000404,Leather No. 10,Leather,leathery; spicy; resinous; smoky,Saffron; Ginger,Saffron; Ginger,Leather; Rose,Leather; Rose,Myrrh; Oud,Myrrh; Oud,Unisex,Fall; Winter,Night,Temperate; Cold,very long lasting,strong,Dark and mysterious; Warm and cosy,Evenings out; A special occasion,"A spicy leather with oud and rose; exotic, resinous, and opulent.","workbook composition, de-branded; season/gender/longevity/sillage normalised; mood & occasion derived from the profile's accords via questionnaire.csv (Q3 / Q1)",workbook + derived
P000405,Leather No. 11,Leather,leathery; floral; woody; smoky,Osmanthus; Bergamot,Osmanthus; Bergamot,Leather; Jasmine Absolute,Leather; Jasmine,Sandalwood; Vetiver,Sandalwood; Vetiver,Unisex,Fall; Winter,Night,Temperate; Cold,long lasting,strong,Dark and mysterious; Elegant and classic,"Every day, work or study",A delicate floral leather with osmanthus and sandalwood; elegant and niche.,"workbook composition, de-branded; season/gender/longevity/sillage normalised; mood & occasion derived from the profile's accords via questionnaire.csv (Q3 / Q1)",workbook + derived
P000406,Leather No. 12,Leather,leathery; smoky; spicy; resinous,Spices,Spices,Leather; Rose,Leather; Rose,Amber; Oud,Amber; Oud,Unisex,Fall; Winter,Night,Temperate; Cold,long lasting,strong,Dark and mysterious; Warm and cosy,Evenings out; A special occasion,"Turkish-inspired leather with rose and oud; rich, smoky, and exotic.","workbook composition, de-branded; season/gender/longevity/sillage normalised; mood & occasion derived from the profile's accords via questionnaire.csv (Q3 / Q1)",workbook + derived
P000407,Leather No. 13,Leather,leathery; powdery; floral; musky,Aldehyde C-11; Iris (Orris),Aldehydes; Iris,Leather; Ionone Alpha,Leather; Violet,Musk (Synthetic); Sandalwood,Musk; Sandalwood,Unisex,Fall; Winter,Night,Temperate; Cold,long lasting,moderate,Warm and cosy; Seductive,"Relaxing at home; Every day, work or study","A soft, powdery leather with iris and musk; elegant and luminous.","workbook composition, de-branded; season/gender/longevity/sillage normalised; mood & occasion derived from the profile's accords via questionnaire.csv (Q3 / Q1)",workbook + derived
P000408,Leather No. 14,Leather,leathery; smoky; spicy; woody,Pink Pepper; Saffron,Pink Pepper; Saffron,Leather; Incense,Leather; Incense,Patchouli; Amber,Patchouli; Amber,Unisex,Fall; Winter,Night,Temperate; Cold,very long lasting,strong,Dark and mysterious,"Every day, work or study; Evenings out",A smoky leather with incense and spice; mysterious and bold.,"workbook composition, de-branded; season/gender/longevity/sillage normalised; mood & occasion derived from the profile's accords via questionnaire.csv (Q3 / Q1)",workbook + derived
P000409,Leather No. 15,Leather,leathery; smoky; woody; spicy,Saffron; Bergamot,Saffron; Bergamot,Leather; Patchouli,Leather; Patchouli,Oud; Vetiver,Oud; Vetiver,Unisex,Fall; Winter,Night,Temperate; Cold,very long lasting,strong,Dark and mysterious,"Every day, work or study; Evenings out",Andalusian-inspired leather with oud and saffron; rich and exotic.,"workbook composition, de-branded; season/gender/longevity/sillage normalised; mood & occasion derived from the profile's accords via questionnaire.csv (Q3 / Q1)",workbook + derived
P000410,Leather No. 16,Leather,leathery; smoky; woody; green,Pine; Juniper,Pine; Juniper,Leather; Incense,Leather; Incense,Vetiver; Moss,Vetiver; Moss,Unisex,Fall; Winter,Night,Temperate; Cold,long lasting,strong,Dark and mysterious; Natural and earthy,"Sport and the outdoors; Every day, work or study","Nordic forest leather with pine and moss; fresh, smoky, and niche.","workbook composition, de-branded; season/gender/longevity/sillage normalised; mood & occasion derived from the profile's accords via questionnaire.csv (Q3 / Q1)",workbook + derived
P000411,Woody Aromatic No. 58,Woody Aromatic,earthy; resinous; smoky; coniferous,Pine Resin,Pine Resin,Fir; Cypress,Fir; Cypress,Moss; Incense,Moss; Incense,Unisex,Fall; Winter,Night,Temperate; Cold,very long lasting,enormous,Natural and earthy; Warm and cosy,Sport and the outdoors; Evenings out,A dense forest scent with conifer resins and moss; raw and atmospheric.,"workbook composition, de-branded; season/gender/longevity/sillage normalised; mood & occasion derived from the profile's accords via questionnaire.csv (Q3 / Q1)",workbook + derived
P000412,Woody Oriental No. 10,Woody Oriental,earthy; smoky; resinous; vanilla,Vanilla,Madagascar Vanilla,Myrrh; Benzoin,Myrrh; Benzoin,Oakmoss; Guaiacwood,Oakmoss; Guaiac Wood,Unisex,Fall; Winter,Night,Temperate; Cold,very long lasting,strong,Warm and cosy; Seductive,Relaxing at home; Evenings out,Earthy vanilla wrapped in smoky resins and woods.,"workbook composition, de-branded; season/gender/longevity/sillage normalised; mood & occasion derived from the profile's accords via questionnaire.csv (Q3 / Q1)",workbook + derived
P000413,Aromatic Green No. 13,Aromatic Green,earthy; damp; animalic; fruity,Soil Tincture; Banana,Soil Tincture; Banana,Vetiver; Myrrh,Vetiver; Myrrh,Musk (Synthetic); Leather,Musk; Leather,Unisex,Fall; Winter,Night,Temperate; Cold,very long lasting,enormous,Sweet and playful; Seductive,,Evokes caves and damp soil; animalic yet fascinating.,"workbook composition, de-branded; season/gender/longevity/sillage normalised; mood & occasion derived from the profile's accords via questionnaire.csv (Q3 / Q1)",workbook + derived
P000414,Leather No. 17,Leather,leathery; spicy; woody; balsamic,Black Pepper; Saffron,Black Pepper; Saffron,Violet Leaf; Nutmeg,Violet Leaf; Nutmeg,Leather; Patchouli; Ambroxan,Leather; Patchouli; Ambroxan,Men,Fall; Winter,Night,Temperate; Cold,very long lasting,strong,Warm and cosy; Seductive,"Evenings out; Every day, work or study",A refined leather with spicy and woody depth.,"workbook composition, de-branded; season/gender/longevity/sillage normalised; mood & occasion derived from the profile's accords via questionnaire.csv (Q3 / Q1)",workbook + derived
P000415,Oriental Floral No. 7,Oriental Floral,earthy; honey; resinous; tobacco,Orange Blossom; Neroli,Orange Blossom; Neroli,Tobacco; Honey,Tobacco; Honey,Vetiver; Resins,Vetiver; Resins,Unisex,Fall; Winter,Night,Temperate; Cold,very long lasting,strong,Warm and cosy; Sweet and playful,Evenings out; A special occasion,Natural earthy honey-tobacco with vetiver.,"workbook composition, de-branded; season/gender/longevity/sillage normalised; mood & occasion derived from the profile's accords via questionnaire.csv (Q3 / Q1)",workbook + derived
P000416,Woody No. 9,Woody,earthy; smoky; vetiver; resinous,Vetiver,Vetiver,Birch Tar,Birch Tar,Oakmoss; Woods,Oakmoss; Woods,Unisex,Fall; Winter,Night,Temperate; Cold,very long lasting,enormous,Natural and earthy; Warm and cosy,Evenings out; A special occasion,Raw earthy vetiver with smoke and tar.,"workbook composition, de-branded; season/gender/longevity/sillage normalised; mood & occasion derived from the profile's accords via questionnaire.csv (Q3 / Q1)",workbook + derived
P000417,Leather No. 18,Leather,leathery; smoky; spicy; animalic,Cinnamon; Black Pepper,Cinnamon; Black Pepper,Leather; Castoreum,Leather; Castoreum,Vetiver; Amber,Vetiver; Amber,Unisex,Fall; Winter,Night,Temperate; Cold,very long lasting,enormous,Dark and mysterious; Seductive,Evenings out,"Bold, animalic leather with spice and musk.","workbook composition, de-branded; season/gender/longevity/sillage normalised; mood & occasion derived from the profile's accords via questionnaire.csv (Q3 / Q1)",workbook + derived
P000418,Woody No. 10,Woody,earthy; woody; smoky; herbal,Cypress,Cypress,Patchouli; Cedar,Patchouli; Cedar,Sandalwood; Moss,Sandalwood; Moss,Unisex,Fall; Winter,Day,Temperate; Cold,long lasting,strong,Natural and earthy; Dark and mysterious,"Sport and the outdoors; Every day, work or study",Natural earthy woods with patchouli and moss.,"workbook composition, de-branded; season/gender/longevity/sillage normalised; mood & occasion derived from the profile's accords via questionnaire.csv (Q3 / Q1)",workbook + derived
P000419,Leather No. 19,Leather,leathery; smoky; resinous; sweet,Rum; Immortelle,Rum; Immortelle,Leather; Tobacco,Leather; Tobacco,Incense; Amber,Incense; Amber,Unisex,Fall; Winter,Night,Temperate; Cold,very long lasting,enormous,Dark and mysterious; Warm and cosy,Evenings out; A special occasion,Smoky tobacco and rum wrapped in supple leather.,"workbook composition, de-branded; season/gender/longevity/sillage normalised; mood & occasion derived from the profile's accords via questionnaire.csv (Q3 / Q1)",workbook + derived
P000420,Woody Aromatic No. 59,Woody Aromatic,earthy; green; woody; resinous,Fir; Bergamot,Fir; Bergamot,Violet Leaf; Oakmoss,Violet Leaf; Oakmoss,Vetiver; Cedar,Vetiver; Cedar,Unisex,Spring; Fall,Day,Temperate,long lasting,moderate,Natural and earthy; Warm and cosy,"Sport and the outdoors; Every day, work or study",Evokes a walk in the woods; earthy greens with moss.,"workbook composition, de-branded; season/gender/longevity/sillage normalised; mood & occasion derived from the profile's accords via questionnaire.csv (Q3 / Q1)",workbook + derived
P000421,Woody Aromatic No. 60,Woody Aromatic,earthy; smoky; herbal; grassy,Bergamot; Thyme,Bergamot; Thyme,Sage; Grass,Sage; Grass,Vetiver; Amber,Vetiver; Amber,Unisex,Summer; Fall,Day,Hot; Temperate,long lasting,strong,Natural and earthy; Dark and mysterious,Sport and the outdoors,Earthy grass and sage with smoky vetiver.,"workbook composition, de-branded; season/gender/longevity/sillage normalised; mood & occasion derived from the profile's accords via questionnaire.csv (Q3 / Q1)",workbook + derived
P000422,Leather No. 20,Leather,leathery; mossy; smoky; animalic,Aldehyde C-11; Bergamot,Aldehydes; Bergamot,Leather; Oakmoss,Leather; Oakmoss,Civet; Vetiver,Civet; Vetiver,Unisex,Fall; Winter,Night,Temperate; Cold,very long lasting,strong,Dark and mysterious; Seductive,,Vintage-style leather chypre with civet and moss.,"workbook composition, de-branded; season/gender/longevity/sillage normalised; mood & occasion derived from the profile's accords via questionnaire.csv (Q3 / Q1)",workbook + derived
P000423,Aromatic No. 5,Aromatic,inky; woody; smoky; metallic,Black Ink,Black Ink,Vetiver; Birch,Vetiver; Birch,Benzoin; Iso E Super,Benzoin; Iso E Super,Unisex,Fall; Winter,Night,Temperate; Cold,long lasting,strong,Fresh and clean; Dark and mysterious,"Every day, work or study",Evokes the scent of ink and paper; dark and modern.,"workbook composition, de-branded; season/gender/longevity/sillage normalised; mood & occasion derived from the profile's accords via questionnaire.csv (Q3 / Q1)",workbook + derived
P000424,Aromatic No. 6,Aromatic,earthy; smoky; tea; resinous,Mint; Black Pepper,Mint; Black Pepper,Tea; Leather,Tea; Leather,Incense; Vetiver,Incense; Vetiver,Unisex,Fall; Winter,Night,Temperate; Cold,very long lasting,strong,Natural and earthy; Warm and cosy,Sport and the outdoors; Evenings out,Earthy tea and leather with smoky incense.,"workbook composition, de-branded; season/gender/longevity/sillage normalised; mood & occasion derived from the profile's accords via questionnaire.csv (Q3 / Q1)",workbook + derived
P000425,Aromatic Green No. 14,Aromatic Green,earthy; resinous; herbal; green,Basil; Mint,Basil; Mint,Vetiver; Patchouli,Vetiver; Patchouli,Amber; Moss,Amber; Moss,Unisex,Spring; Fall,Day,Temperate,long lasting,moderate,Natural and earthy; Warm and cosy,Sport and the outdoors; Evenings out,Herbal brightness with moss and amber.,"workbook composition, de-branded; season/gender/longevity/sillage normalised; mood & occasion derived from the profile's accords via questionnaire.csv (Q3 / Q1)",workbook + derived
P000426,Woody Smoky No. 2,Woody Smoky,earthy; smoky; resinous; woody,Whiskey; Tobacco,Whiskey; Tobacco,Incense; Patchouli,Incense; Patchouli,Vetiver; Oakmoss,Vetiver; Oakmoss,Unisex,Fall; Winter,Night,Temperate; Cold,very long lasting,enormous,Warm and cosy; Seductive,"Every day, work or study; Evenings out",Smoky-earthy fragrance with incense and tobacco.,"workbook composition, de-branded; season/gender/longevity/sillage normalised; mood & occasion derived from the profile's accords via questionnaire.csv (Q3 / Q1)",workbook + derived
P000427,Chypre No. 3,Chypre,earthy; mossy; leathery; smoky,Ginger; Bergamot,Ginger; Bergamot,Vetiver; Patchouli,Vetiver; Patchouli,Oakmoss; Leather,Oakmoss; Leather,Unisex,Fall; Winter,Night,Temperate; Cold,very long lasting,strong,Natural and earthy; Dark and mysterious,,Bold earthy chypre with vetiver and moss.,"workbook composition, de-branded; season/gender/longevity/sillage normalised; mood & occasion derived from the profile's accords via questionnaire.csv (Q3 / Q1)",workbook + derived
P000428,Leather No. 21,Leather,leathery; smoky; resinous; woody,Spices,Spices,Leather; Tobacco,Leather; Tobacco,Oud; Amber,Oud; Amber,Unisex,Fall; Winter,Night,Temperate; Cold,long lasting,strong,Dark and mysterious; Warm and cosy,"Every day, work or study; Evenings out",Mexican-inspired leather with tobacco and oud.,"workbook composition, de-branded; season/gender/longevity/sillage normalised; mood & occasion derived from the profile's accords via questionnaire.csv (Q3 / Q1)",workbook + derived
P000429,Aromatic No. 7,Aromatic,earthy; herbal; resinous; smoky,Spices; Herbs,Spices; Herbs,Vetiver; Patchouli,Vetiver; Patchouli,Amber; Moss,Amber; Moss,Unisex,Fall; Winter,Night,Temperate; Cold,very long lasting,strong,Natural and earthy; Warm and cosy,Sport and the outdoors; Evenings out,Artisanal earthy-herbal fragrance with smoky resins.,"workbook composition, de-branded; season/gender/longevity/sillage normalised; mood & occasion derived from the profile's accords via questionnaire.csv (Q3 / Q1)",workbook + derived
P000430,Leather No. 22,Leather,leathery; floral; woody; smoky,Osmanthus; Bergamot,Osmanthus; Bergamot,Leather; Jasmine Absolute,Leather; Jasmine,Sandalwood; Vetiver,Sandalwood; Vetiver,Unisex,Fall; Winter,Night,Temperate; Cold,long lasting,strong,Dark and mysterious; Elegant and classic,"Every day, work or study",Floral leather with osmanthus and sandalwood.,"workbook composition, de-branded; season/gender/longevity/sillage normalised; mood & occasion derived from the profile's accords via questionnaire.csv (Q3 / Q1)",workbook + derived
P000431,Floral Woody Musk No. 6,Floral Woody Musk,powdery; floral; musky; sweet,Iris (Orris); Almond,Iris; Almond,Rose; Tonka Bean,Rose; Tonka Bean,Musk (Synthetic); Cedar,Musk; Cedar,Women,Spring; Fall,Day,Temperate,moderate,intimate,Warm and cosy; Sweet and playful,"Relaxing at home; Every day, work or study",A soft powdery floral with almond and musk; elegant and skin-close.,"workbook composition, de-branded; season/gender/longevity/sillage normalised; mood & occasion derived from the profile's accords via questionnaire.csv (Q3 / Q1)",workbook + derived
P000432,Aromatic Green No. 15,Aromatic Green,green; citrus; earthy; spicy,Grapefruit; Black Pepper,Grapefruit; Black Pepper,Clary Sage; Vetiver,Clary Sage; Vetiver,Ambergris; Tonka,Ambergris; Tonka,Unisex,Spring; Summer,Day,Temperate; Hot,long lasting,moderate,Natural and earthy; Fresh and clean,Sport and the outdoors; Evenings out,"A bright, spicy-green vetiver with citrus and ambergris.","workbook composition, de-branded; season/gender/longevity/sillage normalised; mood & occasion derived from the profile's accords via questionnaire.csv (Q3 / Q1)",workbook + derived
P000433,Oriental Spicy No. 6,Oriental Spicy,amber; woody; spicy; smoky,Coriander; Petitgrain,Coriander; Petitgrain,Cumin; Jasmine Absolute,Cumin; Jasmine,Amber; Cedar,Amber; Cedar,Unisex,Fall; Winter,Night,Temperate; Cold,very long lasting,strong,Warm and cosy; Seductive,"Evenings out; Every day, work or study",Iconic desert-inspired amber with smoky spices and dry woods.,"workbook composition, de-branded; season/gender/longevity/sillage normalised; mood & occasion derived from the profile's accords via questionnaire.csv (Q3 / Q1)",workbook + derived
P000434,Chypre Floral No. 1,Chypre Floral,rose; spicy; citrus; woody,Ginger; Pepper,Ginger; Pepper,Rose; Jasmine Absolute,Rose; Jasmine,Patchouli; Incense,Patchouli; Incense,Women,Fall; Winter,Night,Temperate; Cold,long lasting,strong,Fresh and clean; Elegant and classic,"Sport and the outdoors; Every day, work or study",A spicy rose with incense and patchouli; bold and theatrical.,"workbook composition, de-branded; season/gender/longevity/sillage normalised; mood & occasion derived from the profile's accords via questionnaire.csv (Q3 / Q1)",workbook + derived
P000435,Aquatic No. 1,Aquatic,salty; marine; citrus; woody,Lemon Oil; Bergamot,Lemon; Bergamot,Seaweed; Salt,Seaweed; Salt,Vetiver; Cedar,Vetiver; Cedar,Unisex,Spring; Summer,Day,Temperate; Hot,moderate,moderate,Fresh and clean,"Sport and the outdoors; Every day, work or study",A breezy marine scent with sea salt and vetiver; fresh and coastal.,"workbook composition, de-branded; season/gender/longevity/sillage normalised; mood & occasion derived from the profile's accords via questionnaire.csv (Q3 / Q1)",workbook + derived
P000436,Oriental Gourmand No. 3,Oriental Gourmand,musky; chocolate; sweet; earthy,Cocoa; Coffee,Cocoa; Coffee,Vetiver; Patchouli,Vetiver; Patchouli,Musk (Synthetic); Amber,Musk; Amber,Unisex,Fall; Winter,Night,Temperate; Cold,long lasting,strong,Warm and cosy; Sweet and playful,"Relaxing at home; Every day, work or study",Earthy gourmand with cocoa and vetiver; sensual and niche.,"workbook composition, de-branded; season/gender/longevity/sillage normalised; mood & occasion derived from the profile's accords via questionnaire.csv (Q3 / Q1)",workbook + derived
P000437,Floral Green No. 4,Floral Green,green; floral; aquatic; fresh,Green Notes; Water Lily,Green Notes; Water Lily,Magnolia; Peony,Magnolia; Peony,Musk (Synthetic); Woodsy Notes,Musk; Woodsy Notes,Women,Spring; Summer,Day,Temperate; Hot,moderate,intimate,Natural and earthy; Fresh and clean,"Sport and the outdoors; Every day, work or study",A dewy green floral with aquatic freshness; delicate and airy.,"workbook composition, de-branded; season/gender/longevity/sillage normalised; mood & occasion derived from the profile's accords via questionnaire.csv (Q3 / Q1)",workbook + derived
P000438,Woody No. 11,Woody,incense; woody; green; earthy,Cypress; Coffee,Cypress; Coffee,Vetiver; Incense,Vetiver; Incense,Patchouli; Amber,Patchouli; Amber,Unisex,Fall; Winter,Night,Temperate; Cold,very long lasting,enormous,Natural and earthy; Dark and mysterious,"Sport and the outdoors; Every day, work or study",A meditative incense with earthy vetiver and smoky woods.,"workbook composition, de-branded; season/gender/longevity/sillage normalised; mood & occasion derived from the profile's accords via questionnaire.csv (Q3 / Q1)",workbook + derived
P000439,Leather No. 23,Leather,leathery; tobacco; spicy; woody,Rum; Lime,Rum; Lime,Tobacco; Leather,Tobacco; Leather,Patchouli; Vanilla,Patchouli; Vanilla,Unisex,Fall; Winter,Night,Temperate; Cold,long lasting,strong,Dark and mysterious,"Every day, work or study; Evenings out",A warm leather with rum and tobacco; rich and inviting.,"workbook composition, de-branded; season/gender/longevity/sillage normalised; mood & occasion derived from the profile's accords via questionnaire.csv (Q3 / Q1)",workbook + derived
P000440,Oriental No. 10,Oriental,leathery; animalic; sweet; woody,Ginger; Cardamom,Ginger; Cardamom,Leather; Toffee,Leather; Toffee,Musk (Synthetic); Wood,Musk; Wood,Unisex,Fall; Winter,Night,Temperate; Cold,moderate,moderate,Sweet and playful; Seductive,"Every day, work or study; Evenings out",A circus-inspired leather with toffee and sawdust; quirky and niche.,"workbook composition, de-branded; season/gender/longevity/sillage normalised; mood & occasion derived from the profile's accords via questionnaire.csv (Q3 / Q1)",workbook + derived
P000441,Spicy Oriental No. 2,Spicy Oriental,smoky; tea; spicy; sweet,Bergamot; Star Anise,Bergamot; Star Anise,Cinnamon; Ginger,Cinnamon; Ginger,Honey; Tobacco,Honey; Tobacco,Unisex,Fall; Winter,Day,Temperate; Cold,long lasting,moderate,Sweet and playful; Natural and earthy,Evenings out; Sport and the outdoors,A smoky tea scent with honey and spices; cozy and comforting.,"workbook composition, de-branded; season/gender/longevity/sillage normalised; mood & occasion derived from the profile's accords via questionnaire.csv (Q3 / Q1)",workbook + derived
P000442,Floral No. 14,Floral,iris; incense; woody; powdery,Angelica; Juniper,Angelica; Juniper,Iris (Orris); Clove,Iris; Clove,Leather; Ambergris,Leather; Ambergris,Unisex,Spring; Fall,Day,Temperate,long lasting,moderate,Elegant and classic; Dark and mysterious,"Relaxing at home; Every day, work or study",A smoky iris with incense and leather; elegant and mysterious.,"workbook composition, de-branded; season/gender/longevity/sillage normalised; mood & occasion derived from the profile's accords via questionnaire.csv (Q3 / Q1)",workbook + derived
P000443,Woody Spicy No. 38,Woody Spicy,milky; spicy; powdery; woody,Cardamom; Star Anise,Cardamom; Star Anise,Almond Milk; Iris (Orris),Almond Milk; Iris,Sandalwood; Tonka,Sandalwood; Tonka,Unisex,Fall; Winter,Day,Temperate; Cold,moderate,intimate,Sweet and playful,Evenings out; Relaxing at home,"A soft, milky-spicy scent with iris and sandalwood; warm and subtle.","workbook composition, de-branded; season/gender/longevity/sillage normalised; mood & occasion derived from the profile's accords via questionnaire.csv (Q3 / Q1)",workbook + derived
P000444,Woody Spicy No. 39,Woody Spicy,smoky; woody; spicy; aromatic,Cade Oil; Cardamom,Cade Oil; Cardamom,Labdanum; Dark Berries,Labdanum; Dark Berries,Burnt Match; Vetiver,Burnt Match; Vetiver,Unisex,Fall; Winter,Night,Temperate; Cold,long lasting,strong,Fresh and clean; Dark and mysterious,"Every day, work or study; Sport and the outdoors","A smoky, urban scent with burnt match and dark woods.","workbook composition, de-branded; season/gender/longevity/sillage normalised; mood & occasion derived from the profile's accords via questionnaire.csv (Q3 / Q1)",workbook + derived
P000445,Floral Green No. 5,Floral Green,green; tuberose; earthy; smoky,Galbanum; Angelica,Galbanum; Angelica,Tuberose; Iris (Orris),Tuberose; Iris,Leather; Tobacco,Leather; Tobacco,Unisex,Spring; Fall,Night,Temperate,very long lasting,strong,Natural and earthy; Dark and mysterious,Sport and the outdoors; A special occasion,"A dark, green tuberose with leather and smoke; avant-garde and bold.","workbook composition, de-branded; season/gender/longevity/sillage normalised; mood & occasion derived from the profile's accords via questionnaire.csv (Q3 / Q1)",workbook + derived
P000446,Woody Aromatic No. 61,Woody Aromatic,woody; citrus; herbal; earthy,Incense; Bergamot,Incense; Bergamot,Clary Sage; Blackcurrant,Clary Sage; Blackcurrant,Cedar; Patchouli,Cedar; Patchouli,Unisex,Spring; Summer,Day,Temperate; Hot,moderate,moderate,Natural and earthy; Fresh and clean,"Sport and the outdoors; Every day, work or study",A fresh herbal-woody scent with incense and citrus.,"workbook composition, de-branded; season/gender/longevity/sillage normalised; mood & occasion derived from the profile's accords via questionnaire.csv (Q3 / Q1)",workbook + derived
P000447,Chypre Floral No. 2,Chypre Floral,rose; spicy; citrus; amber,Bergamot; Pink Pepper,Bergamot; Pink Pepper,Rose; Jasmine Absolute,Rose; Jasmine,Ambergris; Patchouli,Ambergris; Patchouli,Women,Spring; Fall,Day,Temperate,long lasting,moderate,Warm and cosy; Seductive,Evenings out; Sport and the outdoors,A spicy rose chypre with ambergris and patchouli.,"workbook composition, de-branded; season/gender/longevity/sillage normalised; mood & occasion derived from the profile's accords via questionnaire.csv (Q3 / Q1)",workbook + derived
P000448,Oriental No. 11,Oriental,musky; earthy; powdery; woody,Neroli; Oakmoss,Neroli; Oakmoss,Amber; Patchouli,Amber; Patchouli,Vanilla; Musk (Synthetic),Vanilla; Musk,Women,Fall; Winter,Night,Temperate; Cold,long lasting,intimate,Warm and cosy; Seductive,"Relaxing at home; Every day, work or study",A skin-scent with musky-earthy tones; intimate and nostalgic.,"workbook composition, de-branded; season/gender/longevity/sillage normalised; mood & occasion derived from the profile's accords via questionnaire.csv (Q3 / Q1)",workbook + derived
P000449,Aromatic No. 8,Aromatic,minty; green; fresh; citrus,Mint; Grapefruit,Mint; Grapefruit,Rose; Cassis,Rose; Cassis,Musk (Synthetic),White Musk,Unisex,Spring; Summer,Day,Temperate; Hot,moderate,moderate,Fresh and clean; Natural and earthy,"Sport and the outdoors; Every day, work or study",A fresh minty-green scent with rose and musk; airy and modern.,"workbook composition, de-branded; season/gender/longevity/sillage normalised; mood & occasion derived from the profile's accords via questionnaire.csv (Q3 / Q1)",workbook + derived
P000450,Oriental No. 12,Oriental,musky; leathery; animalic; powdery,Bergamot; Lavender,Bergamot; Lavender,Iris (Orris); Leather,Iris; Leather,Castoreum; Amber,Castoreum; Amber,Unisex,Fall; Winter,Night,Temperate; Cold,very long lasting,enormous,Seductive; Warm and cosy,"Relaxing at home; Every day, work or study","A sensual, animalic leather with powdery iris and musk.","workbook composition, de-branded; season/gender/longevity/sillage normalised; mood & occasion derived from the profile's accords via questionnaire.csv (Q3 / Q1)",workbook + derived
A00001,Floral Aldehyde archetype (Curtis 1994),Floral Aldehyde,aldehydic; floral; woody; powdery; musky,Muguet (Lily-of-the-Valley) base; Jasmin base; Rose base; Linalool,,gamma-Methyl ionone; Bergamot Oil Italian; Coumarin; Ylang-Ylang Oil Extra,,Musk ketone; Sandalwood Oil; Vetivert Oil Reunion; Aldehyde C12 lauric 10%,,Unisex,Spring; Summer; Fall; Winter,Day; Night,Temperate; Hot; Cold,Long lasting,Moderate,Elegant and classic,A special occasion,"The classical floral aldehyde structure as taught in the literature, kept as a reference profile for the composer.","Curtis & Williams, An Introduction to Perfumery (1994) Ch 10/11, PDF p.482",book
A00002,Chypre archetype (Curtis 1994),Chypre,chypre; mossy; woody; citrus; floral; animalic,Bergamot Oil FCF; Sandalwood Oil E.I.; Vetivert Oil Bourbon; Rose base,,Oakmoss Absolute decolourised; Jasmin base; Patchouli Oil light; gamma-Methyl ionone,,Musk ketone; Clary Sage Oil; Neroli Oil reconstituted,,Unisex,Spring; Summer; Fall; Winter,Day; Night,Temperate; Hot; Cold,Long lasting,Moderate,Elegant and classic,A special occasion,"The classical chypre structure as taught in the literature, kept as a reference profile for the composer.","Curtis & Williams, An Introduction to Perfumery (1994) Ch 10/11, PDF p.484",book
A00003,Aromatic Fougère archetype (Curtis 1994),Aromatic Fougère,aromatic; lavender; mossy; woody; sweet,Lavender Oil French; Coumarin; Vetivert Oil Bourbon; Bergamot Oil FCF,,Oakmoss Absolute; Rose base; Jasmin base; iso-Amyl salicylate,,Patchouli Oil light; Geranium Oil Bourbon,,Unisex,Spring; Summer; Fall; Winter,Day; Night,Temperate; Hot; Cold,Long lasting,Moderate,Elegant and classic,A special occasion,"The classical aromatic fougère structure as taught in the literature, kept as a reference profile for the composer.","Curtis & Williams, An Introduction to Perfumery (1994) Ch 10/11, PDF p.487",book
A00004,Citrus Aromatic archetype (Curtis 1994),Citrus Aromatic,citrus; aromatic; fresh; herbal; floral,Lemon Oil; Bergamot Oil furanocoumarin-free; Benzoin resinoid Siam; Lavender Oil French,,Geraniol; Linalyl acetate; Heliotropine; Musk ketone,,Petitgrain Oil Bigarade; Rosemary Oil; Citral,,Unisex,Spring; Summer; Fall; Winter,Day; Night,Temperate; Hot; Cold,Long lasting,Moderate,Elegant and classic,A special occasion,"The classical citrus aromatic structure as taught in the literature, kept as a reference profile for the composer.","Curtis & Williams, An Introduction to Perfumery (1994) Ch 10/11, PDF p.548",book
A00005,Aromatic archetype (Curtis 1994),Aromatic,lavender; aromatic; citrus; musky,Lavender Oil French; Bergamot Oil FCF; Lemon Oil Sicilian; Neroli Oil reconstituted,,Benzoin Resinoid; Geranium Oil Reunion; Sweet Orange Oil; Musk ketone,,,,Unisex,Spring; Summer; Fall; Winter,Day; Night,Temperate; Hot; Cold,Long lasting,Moderate,Elegant and classic,A special occasion,"The classical aromatic structure as taught in the literature, kept as a reference profile for the composer.","Curtis & Williams, An Introduction to Perfumery (1994) Ch 10/11, PDF p.485",book
