Material,Kind,Chemical_Name,Curtis_Note_Class,Intensity_1_6,Code_P_or_T,Code_S_or_B,Code_B_or_D,Code_C,Appearance,Storage,Stability,IFRA_1994_superseded,Applications,Occurrence,Natural_Source,Geographical_Source,Production,Chief_Constituents,Experiment,Source
Acetophenone,aroma chemical,Phenyl methyl ketone,Top,4,FLO HAW MIM,,,SWEPGT HSH,"Colourless, mobile liquid",May become discoloured on prolonged storage,Generally stable No recommended restrictions,,"At low dosage levels in Lilac, Hawthorn, etc., mainly in perfumes for toilet soaps and household products","Labdanum, Castoreum",,,,,With a Lilac base (page 449),"Curtis & Williams, An Introduction to Perfumery (1994) Ch 5 monograph, PDF p.165"
Aldehyde C8,aroma chemical,Octanal,Top,5,Fry FRU CIT,ORS,,SHP,"Colourless, mobile liquid",Cool place and small headspace essential,"Easily oxidised, with production of sour notes No recommended restrictions",,"In small dosages for top notes of Rose, Jasmin, Neroli, Orange Blossom and Eaux de Cologne. Long-lasting","Citrus oils, Pine and Lemongrass oils",,,,,With a Jasmin base (page 448),"Curtis & Williams, An Introduction to Perfumery (1994) Ch 5 monograph, PDF p.165"
Aldehyde C9,aroma chemical,Nonanal,Middle,5,FTYWXYFLO CIT,ROS ORS,,SHPFRE,,,,,,,,,,,,"Curtis & Williams, An Introduction to Perfumery (1994) Ch 5 monograph, PDF p.166"
Aldehyde C10,aroma chemical,Decanal,Basic,5,FTYCIT,ORS,,SWE,"Colourless, mobile liquid",Cool place and small headspace essential,"Easily oxidised, with production of unpleasant notes No recommended restrictions",,"In small dosages in florals, such as Rose, Jasmin and Violet, also for citrus accords and Lavender. Long-lasting","Citrus oils, Pine oils, Coriander and Lavender oils",,,,,With a Violet base (page 456),"Curtis & Williams, An Introduction to Perfumery (1994) Ch 5 monograph, PDF p.166"
Aldehyde C11 (-enic),aroma chemical,Undec-10-en-1-al,Basic,5,WXY 'smouldering,CIT ORS VIO,CIT ORS VIO,,"Colourless, mobile liquid",Cool place and small headspace essential,"Polymerises rather easily, with reduction of odour strength",No recommended restrictions,"In small dosages for Rose, Jasmin and other florals, and in larger proportions for aldehyde bases",Not reported,,,,,"As a 10% solution, with a mixture of Sandalwood Oil, E.I. 90% and Patchouli Oil,","Curtis & Williams, An Introduction to Perfumery (1994) Ch 5 monograph, PDF p.167"
Aldehyde C11 (-ylic),aroma chemical,Undecanal,Basic,4,Fry FLO,WDY CIT ORS,,FRE,"Colourless, mobile liquid",Cool place and small headspace essential,"Polymerises rather easily, with reduction of odour strength No recommended restrictions",,"Citrus, floral and fantasy compositions",Bergamot and Bitter Orange oils,,,,,To replace aldehyde Cll (-enic) in Rose base skeleton formula No. 3 (page 453),"Curtis & Williams, An Introduction to Perfumery (1994) Ch 5 monograph, PDF p.167"
Aldehyde C12 (lauric),aroma chemical,Dodecanal,Middle,4,FTYWXY,FLO LOV VIO,BAL,SWEFRE,"Colourless, mobile liquid","Even, cool temperature and small headspace essential","Polymerises very easily, with reduction of odour strength and precipitation of polymer No recommended restrictions",,"Jasmin, Lilac, Muguet and Tuberose; but it is extremely versatile",Rue and Bitter Orange oils,,,,,"With a Violet base, skeleton formula No. 1 (page 456)","Curtis & Williams, An Introduction to Perfumery (1994) Ch 5 monograph, PDF p.168"
Aldehyde C12 (MNA),aroma chemical,Methyl nonyl acetaldehyde,Basic,5,GGRHERFTY,AMB,,,"Colourless, mobile liquid",Cool place and small headspace necessary,"Stable, but capable of oxidation with production of sour notes No recommended restrictions",,"At low dosage levels in fine fragrance generally, particularly in Chypre, green fragrances and aldehydic types",Not reported,,,,,"As a 10% solution, with gamma-methyl ionone","Curtis & Williams, An Introduction to Perfumery (1994) Ch 5 monograph, PDF p.168"
"Aldehyde C14, peach, so-called",aroma chemical,gamma-Undecalactone,Basic,5,FRUPCH,OLY,OLY,SWE,"Colourless to pale yellow, slightly viscous liquid",No special precautions,"Stable. Extremely powerful, diffusive and persistent odour, so needs care in handling to prevent spills No recommended restrictions",,"At low dosage levels in Jasmin, Lilac, Tuberose and Gardenia, also for fashionable Peach notes in fine fragrances",Not reported,,,,,"(a) As a 10% solution, with a Gardenia base page 445 (b) repeat experiment (a), using the same quantity of the 100% 'aldehyde C14t, and compare","Curtis & Williams, An Introduction to Perfumery (1994) Ch 5 monograph, PDF p.169"
"Aldehyde C16, strawberry, so-called",aroma chemical,The ethyl ester of methyl phenyl glycidic acid,Basic,4,FRUSBY,,,SWE,"Colourless, slightly viscous liquid",No special precautions,Stable No recommended restrictions,,"At low dosage levels for fruity notes in Jasmin, Lilac, Rose and Orange Flower; also more generally, as a sweetening agent",Not reported,,,,,"As a 10% solution, with a mixture of equal parts of geraniol and citronellol","Curtis & Williams, An Introduction to Perfumery (1994) Ch 5 monograph, PDF p.169"
"Aldehyde C18, coconut, so-called",aroma chemical,gamma-Nonalactone,Basic,4,COC,FLO,,DEL,"Colourless to pale yellow, slightly viscous liquid",No special precautions,Stable No recommended restrictions,,"Heavier perfumes, such as Jasmin, Tuberose and Gardenia, and in Orientals as a sweetening fixative",Not reported,,,,,"As a 10% solution, with iso-amyl salicylate","Curtis & Williams, An Introduction to Perfumery (1994) Ch 5 monograph, PDF p.170"
Allyl amyl glycollate,aroma chemical,,Top,5,FRUPNA,GRN,,SHP,"Colourless, mobile liquid",No special precautions,Stable No recommended restrictions,,For the reinforcement of green and Oriental-type perfumes,Not reported,,,,,"As a 10% solution, with a 1% solution of cis-3-hexenol in 'Lyral' (IFF)","Curtis & Williams, An Introduction to Perfumery (1994) Ch 5 monograph, PDF p.170"
Allyl caproate,aroma chemical,Allyl octanoate,Top,5,FRUPNA,,,PGT,"Colourless to pale yellow, mobile liquid",No special precautions,Stable Recommended to use only when level of free allyl alcohol is less than 0.1%,,"In low dosages in Eaux de Cologne and Oriental types, and for fruity notes in fashion fragrances",Not reported,,,,,With Sweet Orange Oil. Compare results with the results of a corresponding experiment on allyl cyclohexyl propionate,"Curtis & Williams, An Introduction to Perfumery (1994) Ch 5 monograph, PDF p.171"
Allyl cyclohexyl propionate,aroma chemical,Allyl-3-cyclohexyl propionate,Middle,4,FRUPNA,,,SMO SWE,"Colourless, mobile liquid",No special precautions,Stable,Recommended to use only when level of free allyl alcohol is less than 0.1%,"Fruity top notes, with smoother effect than allyl caproate",Not reported,,,,,(a) With linalyl acetate and (b) with Sweet Orange Oil. Compare results with a corresponding experiment on allyl caproate,"Curtis & Williams, An Introduction to Perfumery (1994) Ch 5 monograph, PDF p.171"
Amylcinnamic aldehyde,aroma chemical,alpha-n-Amylcinnamic aldehyde,Basic,2,Fry FLO JAS,LLY,,,,,"Stable, but can oxidise with production of coarse or almondy notes, in which condition it is not fit for use No recommended restrictions",,"Widely used in Jasmin, and in other florals where a fatty nuance is required, sometimes in combination with the hexyl homologue (qv)",Not reported,,,,,Try the effect of omitting this chemical from a Jasmin base (page 448),"Curtis & Williams, An Introduction to Perfumery (1994) Ch 5 monograph, PDF p.172"
iso-Amyl salicylate,aroma chemical,iso-Amyl-2-hydroxybenzoate,Top,3,FLO HER CLO,GRE,GRE,SWE,"Colourless, mobile liquid",Avoid contact with ferrous metal,Stable No recommended restrictions,,"Extremely versatile; used in Carnation, Hyacinth and and in many other perfume types",Grapes,,,,,Try the effect of omitting this chemical from the Carnation skeleton formula No. 1 (page 444),"Curtis & Williams, An Introduction to Perfumery (1994) Ch 5 monograph, PDF p.172"
Anisaldehyde,aroma chemical,4-Methoxybenzaldehyde,Middle,4,FLO HAW,HAY,,SWE,"Colourless to slightly yellow, mobile liquid",Small headspace necessary,"Stable, but can oxidise to odourless anisic acid",No recommended restrictions,"Lilac, Hawthorn and other floral, also non-floral, perfume types","Mimosa, and as a minor constituent of Vanilla",,,,,With a Rose base (page 453),"Curtis & Williams, An Introduction to Perfumery (1994) Ch 5 monograph, PDF p.173"
Anisyl acetate,aroma chemical,4-Methoxybenzyl acetate,Middle,4,CAS VAN BAL,FLO HAW,,RIC,"Colourless, mobile liquid",No special precautions,Stable,No recommended restrictions,"Lilac, Gardenia, Honeysuckle and other florals, also to produce 'powdery' fragrance effects",Minor constituent of Vanilla,,,,,With terpineol (purest available grade),"Curtis & Williams, An Introduction to Perfumery (1994) Ch 5 monograph, PDF p.173"
Aurantiol,aroma chemical,Hydroxycitronellal/methyl anthranilate Schiff base,Basic,3,LIN OFL,,,SWE,,,Stable No recommended restrictions,,"Very versatile, widely used in Orange Blossom, Neroli, Sweet Pea, Honeysuckle, Eaux de Cologne, Chypre etc. Very persistent",Not reported,,,,,"As a 20% solution, with Bergamot Oil, furanocoumarin-free","Curtis & Williams, An Introduction to Perfumery (1994) Ch 5 monograph, PDF p.174"
Benzaldehyde,aroma chemical,,Top,5,ALM,,,SWE,"Colourless, mobile liquid",Small headspace advisable,"Stable, but is readily oxidised in air to colourless, almost odourless, benzoic acid No recommended restrictions",,"In traces in certain florals, eg Lilac, Sweet Pea, also, in larger proportions, in so-called 'nitrobenzene' and other perfumes for industrial and household products","In the volatile oils from the kernels of Bitter Almond, Peach and Apricot; also in Ylang-Ylang, Cinnamon Bark, Cassia and other essential oils",,,,,"As a 1% solution, with a Sweet Pea base (page 454)","Curtis & Williams, An Introduction to Perfumery (1994) Ch 5 monograph, PDF p.174"
Benzophenone,aroma chemical,Diphenyl ketone,Basic,1,ROS GER,PDR,,SWE,Colourless crystals,No special precautions,Stable No recommended restrictions,,"Widely used in Oriental-type fragrances, and as a fixative for florals, such as Rose, Geranium, Lily-of-the-Valley and Sweet Pea",Not reported,,,,,Try 6% as a fixative in a Rose base (page 453),"Curtis & Williams, An Introduction to Perfumery (1994) Ch 5 monograph, PDF p.175"
Benzyl acetate,aroma chemical,,Top,4,FLO FRU JAS,,,SWELHTFRE THN,"Colourless, mobile liquid",Flammable liquid; keep container tightly closed and in a cool place,Stable No recommended restrictions,,Extremely versatile in perfumes of many types throughout the whole price range. Almost essential in Jasmin and Gardenia,"In Jasmin, Tuberose and Hyacinth Absolutes, and in Ylang-Ylang and Neroli oils, also in in Apple, Cherry and Raspberry",,,,,Try the effect of omitting this chemical from the Jasmin base skeleton formula no 1 (page 448),"Curtis & Williams, An Introduction to Perfumery (1994) Ch 5 monograph, PDF p.175"
Benzyl alcohol,aroma chemical,,Middle,1,NON,,,,"Colourless, mobile liquid","No special precautions, but can oxidise to benzaldehyde and dibenzyl ether, with the onset of almondy notes. In this condition should not be used as a perfume ingredient",Stable No recommended restrictions,,As a blender in floral fragrances. Has some fixative action,"In Jasmin, Narcissus, Tuberose and Violet Leaf Absolutes, and in Ylang-Ylang, Neroli and Clove oils",,,,,Try the fragrance effect of introducing 7% of benzyl alcohol into any of the Lilac skeleton formulae (page 449),"Curtis & Williams, An Introduction to Perfumery (1994) Ch 5 monograph, PDF p.176"
Benzyl butyrate,aroma chemical,,Middle,4,FRUFLO,JAS,,I-IVY,"Colourless, mobile liquid",No special precautions,Stable No recommended restrictions,,"In small dosages, as a fruity modifier for Jasmin, Rose, Muguet and other floral perfumes",Not reported,,,,,"Try the effect of transposing the quantities of benzyl butyrate and benzyl alcohol in the Jasmin base, skeleton formula No. 1 (page 448)","Curtis & Williams, An Introduction to Perfumery (1994) Ch 5 monograph, PDF p.176"
Benzyl iso-eugenol,aroma chemical,Benzyl iso-eugenyl methyl ether,Middle,1,FLO ROS CNA,,,SWE,Colourless crystals,No special precautions,Stable,No recommended restrictions,"In Rose, Lilac and Violet, also Oriental perfumes, Good fixative",Not reported,,,,,Try the fixative effect of 5 parts of benzyl iso-eugenol in the Lilac skeleton formula No. 1 (page 449),"Curtis & Williams, An Introduction to Perfumery (1994) Ch 5 monograph, PDF p.177"
Benzyl phenylacetate,aroma chemical,,Middle,1,FLO,HNY,HNY,SYVE,"Colourless, slightly viscous liquid",No special precautions,Stable,No recommended restrictions,"Mainly in toilet soaps and cosmetics, as a fixative, and in Oriental fragrances",Not reported,,,,,"Try 7%, as a fixative for phenyl propyl alcohol","Curtis & Williams, An Introduction to Perfumery (1994) Ch 5 monograph, PDF p.177"
Benzyl propionate,aroma chemical,,Top,4,FRET FLO JAS,,,LHT SWE,"Colourless, mobile liquid",No special precautions,Stable No recommended restrictions,,"To impart a fruity accent to floral notes, such as Jasmin and Rose",Not reported,,,,,Use this chemical to introduce a discreet fruity note into a Rose base (page 453),"Curtis & Williams, An Introduction to Perfumery (1994) Ch 5 monograph, PDF p.178"
Benzyl salicylate,aroma chemical,,Top,2,FLO BAL,,,SWE,"Colourless, mobile liquid",Avoid contact with ferrous metals,Stable No recommended restrictions,,"Useful solvent for crystalline, musk-smelling aroma chemicals. Blender and fixative for florals, such as Carnation, Jasmin, Lilac and Wallflower",Ylang-Ylang Oils and Carnation Absolute,,,,,"Compare the effect of including benzyl salicylate in Carnation base skeleton formula No. 1 (page 444) at maximum recommended dosage, with the fragrance of the original formulation without this chemical","Curtis & Williams, An Introduction to Perfumery (1994) Ch 5 monograph, PDF p.178"
iso-Bornyl acetate,aroma chemical,,Middle,3,PIN CAM,OLY,BAL,,"Colourless, mobile liquid",No special precautions,Stable No recommended restrictions,,"Largely in Pine and herbal fragrances for bathtime and household products, masculine fragrances and soaps",Not reported,,,,,With linalyl acetate,"Curtis & Williams, An Introduction to Perfumery (1994) Ch 5 monograph, PDF p.179"
iso-Butyl phenylacetate,aroma chemical,,Top,4,ROS MUS,GRN,wxy,,"Colourless, mobile liquid",No special precautions,Stable No recommended restrictions,,"For fresh, 'natural' effects in Rose, also in other florals, such as Sweet Pea, Orchid, Tuberose, Hyacinth, Carnation and Freesia",Not reported,,,,,"Investigate the freshening effect, if any, of iso-butyl phenylacetate on a Hyacinth base (page 447) from 1% to 5%, by weight, starting with 0.1 g of the chemical and 9.9 g of the base, and then 0.2 g of the chemical and 9.8 g of the base, and so on","Curtis & Williams, An Introduction to Perfumery (1994) Ch 5 monograph, PDF p.179"
iso-Butyl quinoline,aroma chemical,,Middle,5,ERTWDY MOS,SPI,SPI,,"Pale yellow to brownish-yellow, mobile liquid","Glass or unlacquered aluminium containers under cool, dark conditions",Stable No recommended restrictions,,"Traces as a lifting agent in woody notes, especially if formulated with Patchouli and/or Vetivert Oils, and with mossy notes",Not reported,,,,,"As a 10% solution, with gamma-methyl ionone","Curtis & Williams, An Introduction to Perfumery (1994) Ch 5 monograph, PDF p.180"
Cedrol,aroma chemical,,Basic,1,WDY CED,,,,Colourless crystals,No special precautions,Stable No recommended restrictions,,"A commercial grade of cedrol, having a more powerful odour than the pure grade, is used as a fixative for soap perfumes and in perfumes for household and industrial products",In Cedarwood and Cypress oils,,,,,With iso-bornyl acetate,"Curtis & Williams, An Introduction to Perfumery (1994) Ch 5 monograph, PDF p.180"
Cinnamic aldehyde,aroma chemical,3-Phenylprop-2-en-1-al,Middle,4,SPI CIN BAL,,,SWE WRM,"Yellow, slightly viscous liquid","Small headspace. This material is readily oxidised by atmospheric oxygen to odourless crystals of cinnamic acid. Must be fully protected from light, particularly sunlight","Can discolour white soaps. Unstable in media of high pH Recommended to be used as a fragrance ingredient in conjunction with substances preventing sensitisation as, for example, equal weights of eugenol or d-limonene",,"As recommended by IFRA, in heavy florals and Oriental perfumes, also as a sweetening agent. In small dosages, can enhance the floral character of Rose and Hyacinth compositions","In Cinnamon, Cassia and Patchouli Oils",,,,,"As a 10% solution, with 10% of d-limonene, as recommended by IFRA, with citronellol, for comparison of results with those of the experiment with cinnamyl nitrile","Curtis & Williams, An Introduction to Perfumery (1994) Ch 5 monograph, PDF p.181"
Cinnamyl acetate,aroma chemical,3-Phenylprop-2-en-1-yl acetate,Middle,3,BAL FLO,FRU,SPI,SWE,"Colourless, mobile liquid",No special precautions,Stable,No recommended restrictions,"In carefully controlled dosages, as a fixative for Hyacinth and other florals, also as a modifier for cinnamyl alcohol",In Cassia Oil,,,,,"As a 10% solution in phenylethyl alcohol, with phenylethyl alcohol","Curtis & Williams, An Introduction to Perfumery (1994) Ch 5 monograph, PDF p.181"
Cinnamyl alcohol,aroma chemical,3-Phenylprop-2-en-1-ol,Middle,4,BAL FLO HCT,ROS,,SWE,"White, crystalline mass, or colourless to pale yellow, slightly viscous liquid","Cool place, small headspace, in tightly closed containers",Stable Cinnamyl alcohol should not be used at a level over 4% in a compound,,"In accordance with IFRA recommendations, as a modifier and fixative in Rose, Hyacinth, Lilac, Muguet and other florals, particularly in perfumes for toilet soaps",In Cinnamon Leaf Oil and the absolutes of Hyacinth and Narcissus,,,,,With phenylethyl alcohol,"Curtis & Williams, An Introduction to Perfumery (1994) Ch 5 monograph, PDF p.182"
Cinnamyl nitrile,aroma chemical,Cinnamic acid nitrile,Top,5,SPI CIN,FLO,FLO,,"Colourless, slightly viscous liquid",No special precautions,Unstable in acid media No recommended restrictions,,"In spicy compositions, and in certain florals, such as Hyacinth and Rose; used also, more generally, as a substitute for cinnamic aldehyde, Cinnamon Bark and Cassia Oils, which may give rise to discoloration or other problems of stability",Not reported,,,,,"As a 10% solution, containing 10% of d-limonene, for comparison of the results with those of the experiment with cinnamic aldehyde (qv). The inclusion of d-limonene with cinnamyl nitrile in this experiment is necessary only to ensure comparability with the solution of cinnamic aldehyde containing d-limonene as a quenching agent, as recommended by IFRA","Curtis & Williams, An Introduction to Perfumery (1994) Ch 5 monograph, PDF p.182"
Citral,aroma chemical,"cis- and trans-3,7-Dimethylocta-2-6-dienals (neral and geranial, respectively)",Middle,4,CITLEM,BNT,BNT,,"Colourless, mobile liquid when pure","Cool place and small headspace necessary. Becomes pale yellow, darkening on exposure to air and sunlight","Contact with alkaline media promotes deterioration. Citral can give rise to severe discoloration in the presence of anthranilates, indole and other amines, also quinoline derivatives and other nitrogen-containing compounds, as aroma chemicals or as contained in materials of natural origin Recommended to be used as a fragrance ingredient in conjunction with substances preventing sensitisation, as for example, 25% of d- limonene, or mixed citrus terpenes, or alpha-pinene",,"With reference to IFRA recommendations, in Lemon and Verbena type fragrances, Eaux de Cologne, and for its Lemon effect in coloured soaps. Feedstock for the manufacture of ionones","In many essential oils as, for example, those of Lemon, Lemongrass, Lisea cubeba, Verbena, Lime, Rose, Geranium, Lavender and Pepper",,,,,"(a) Use a 25% solution of d-limonene in citral, with linalyl acetate (b) To observe discoloration caused by citral, use a 25% solution of d- limonene in citral (called 'citral solution') as follows: [i] citral solution 50%; methyl anthranilate 50%, [iil citral solution 90%; isobutyl quinoline 10% and [iiil citral solution 98%; indole 2%. Make up 2 x 5 g of each of [i] [ii] and [iii] in vials of colourless glass, label them and place one set in sunlight and the other in a cool, dark place using, with each set, some of the final solution from experiment (a) as colour control. Examine for colour and odour every 24 hours","Curtis & Williams, An Introduction to Perfumery (1994) Ch 5 monograph, PDF p.183"
Citronellal,aroma chemical,"3,7-Dimethyloct-6-en-1-al",Middle,5,ROS LEM,GRE,WDY,FREI-IAR,"Colourless, mobile liquid","Cool place, small headspace, in tightly closed containers","Rather poor in contact with air or alkali, and in sunlight No recommended restrictions",,"Generally, in perfumes for household and industrial products. Can produce interesting and unusual effects in certain fine fragrance accords",In Citronella and Eucalyptus citriodora oils,,,,,"As a 10% solution, with a solution of 2% methyl phenyl carbinyl acetate in Lyral (IFF)","Curtis & Williams, An Introduction to Perfumery (1994) Ch 5 monograph, PDF p.184"
Citronellol,aroma chemical,"3,7-Dimethyloct-6-en-1-ol",Top,3,FLO ROS,,,SWELHT,"Colourless, mobile liquid",Not in aluminium containers,Stable No recommended restrictions,,"As a major ingredient of florals, such as Rose, Geranium and Muguet, for its fresh, floral effect","Main constituent of Rose Otto and Citronella oils. Isomer 3,7- dimethyloct-7-en-1-ol in Geranium Oil",,,,,"With Lyral (IFF), for comparison with the result of the experiment with I-citronellol","Curtis & Williams, An Introduction to Perfumery (1994) Ch 5 monograph, PDF p.184"
l-Citronellol,aroma chemical,,Top,3,FLO ROS,WXY,WXY,SWEFRELHT,"Colourless, mobile liquid",Not in aluminium containers,Stable No recommended restrictions,,"For fine, fresh, 'natural' fragrance effects in Rose, Geranium and Muguet","Main constituent of Geranium Oil, from which this alcohol is isolated, and of Rose Otto",,,,,"With Lyral (IFF), for comparison with the result of the experiment with citronellol","Curtis & Williams, An Introduction to Perfumery (1994) Ch 5 monograph, PDF p.185"
Citronellyl acetate,aroma chemical,"3,7-Dimethyloct-6-en-1-yl acetate",Top,3,FRUROS,,,FRE,"Colourless, mobile liquid",No special precautions,Stable No recommended restrictions,,"Widely used as a modifier in Rose, Carnation, Lavender, Muguet and Eaux de Cologne",In Citronella and Geranium oils,,,,,With Lavender Oil—for comparison with the result of experiment (b) with geranyl acetate,"Curtis & Williams, An Introduction to Perfumery (1994) Ch 5 monograph, PDF p.185"
Civettone,aroma chemical,Cycloheptadec-9-en-1-one,Basic,4,MUS,,,SWE DEL,,,,,"Oriental type perfumes, and for the high quality reproduction of Civet absolute","Civet, and preparations of Civet",,,,,"(N.B. it would be useful to carry out this experiment, in exactly the same way, on cyclopentadecanolide and muscone, at the same time as the experiment with civettone, so that the results may be compared. Instructions are given accordingly.) Using a labelled beaker, prepare 50 g of any one completed fragrance experiment (see chapter 10, page 457 et seq), which you consider would be suitable as a personal fragrance. Label four, 50-ml beakers as follows: (a) 0.1% civettone in compound, (b) 0.1% cyclopentadecanolide in compound, (c) 0.1% muscone in compound and (d) control: compound only. Weigh into beaker (a) 0.01 g of civettone, and make up to 10.00 g with your perfume compound. Stir to dissolve the civettone. Similarly, make 0.1% solutions of cyclopentadecanolide and muscone in the respective beakers, and finally weigh 10 g of the perfume compound without any additions into beaker (d). N.B. Use a perfectly clean stirring rod for stirring each of the solutions. Close the beakers with cling film. Label four, 15-ml, or 1/2-ounce, amber glass bottles to correspond with the labels on the beakers, and transfer the solutions and control from the beakers to the respective bottles. Allow the solutions to stand, in a cool place, for one week, then chill them in a freezer at about OOC over 24 hours, to precipitate any matter insoluble at this temperature. In the meantime label four, 15-ml, or 1/2-oz, amber bottles as follows: Extrait (a) 10% compound containing 0.1% civettone, Extrait (b) 10% compound containing 0.1% cyclopentadecanolide, Extrait (c)","Curtis & Williams, An Introduction to Perfumery (1994) Ch 5 monograph, PDF p.186"
Coumarin,aroma chemical,2-Hydroxycinnamic acid lactone,Basic,3,HAY AGR,,,SWE WRM,Colourless crystals,No special precautions,Stable No recommended restrictions,,"Chypre and also in Lavender and other herbal-type fragrances, and more generally as a fixative","Absolutes of Tonka, Lavender, Deertongue, Melilot and Narcissus",,,,,"As a 10% solution, with a 10% solution of iso-amyl salicylate","Curtis & Williams, An Introduction to Perfumery (1994) Ch 5 monograph, PDF p.188"
para-Cresyl acetate,aroma chemical,,Top,4,EQU NCS,FLO NCS,FLO NCS,PGT,"Colourless, mobile liquid",No special precautions,Stable No recommended restrictions,,"Sparingly, in Narcissus; in traces for floral emphasis in bouquets. Excess gives horse-like notes","Ylang-Ylang and Cananga oils, and in Wallflower Absolute",,,,,"As a 10% solution, with aurantiols 20%, for comparison with the experiment with para-cresyl isobutyrate","Curtis & Williams, An Introduction to Perfumery (1994) Ch 5 monograph, PDF p.188"
para-Cresyl iso-butyrate,aroma chemical,,Top,4,EQU YLA NCS,LLY,LLY,PGT,"Colourless, mobile liquid",No special precautions,Stable,No recommended restrictions,In very modest dosages in Ylang-Ylang and Narcissus compositions,Not reported,,,,,"As a 10% solution, with aurantiol, 20%, for comparison with the experiment with para-cresyl acetate","Curtis & Williams, An Introduction to Perfumery (1994) Ch 5 monograph, PDF p.189"
para-Cresyl methyl ether,aroma chemical,4-Methoxytoluene,Top,4,YLA WAL (in high,FLO,FLO,PGT SWE SHP,"Colourless, mobile liquid",No special precautions,Stable,No recommended restrictions,"In low dosages for Ylang-Ylang and Wallflower, also in other florals, including Lilac and Jasmin","In Ylang-Ylang and Cananga oils, and in Champaca and Wallflower absolutes. Found also in tomato and cheese",,,,,"As a 10% solution, with gamma-methyl ionone","Curtis & Williams, An Introduction to Perfumery (1994) Ch 5 monograph, PDF p.189"
para-Cresyl phenylacetate,aroma chemical,,Top,2,NCS JON,LLY,LLY,LI--IT,Colourless crystals,No special precautions,Stable No recommended restrictions,,"In small dosages, in Jasmin and other florals, particularly for toilet soaps",Not reported,,,,,With a Hyacinth base (page 447),"Curtis & Williams, An Introduction to Perfumery (1994) Ch 5 monograph, PDF p.190"
Cyclamen aldehyde,aroma chemical,4-iso-Propyl-alpha-methyl hydrocinnamic aldehyde,Middle,4,FLO LIN CYC GRN,LLY,,,"When fresh, colourless, only slightly viscous, liquid","Small headspace, in tightly closed containers","Stable, rapidly polymerises in air, becomes viscous Maximum content of cyclamen alcohol 1.5%",,"Widely used, in Cyclamen, Muguet, Lilac, Magnolia, Orange Blossom and other floral fragrances. Deteriorates on heating",Not reported,,,,,With an Orange Blossom base (page 452),"Curtis & Williams, An Introduction to Perfumery (1994) Ch 5 monograph, PDF p.190"
Dihydrojasmone,aroma chemical,2-Pentyl-3-methylcyclopent-2-en-1-one,Middle,5,CELFLO,MYR,,WRM,"Pale yellow, mobile liquid","Cool place. Essential to store with smallest possible headspace, in tightly closed container","Stable, but may cause discoloration No recommended restrictions",,"In low doasages, as a floraliser in fruity-floral compositions, such as Jasmin, Magnolia and Tuberose",Not reported,,,,,"As a 1% solution, with a Tuberose base (page 455)","Curtis & Williams, An Introduction to Perfumery (1994) Ch 5 monograph, PDF p.191"
Dihydromyrcenol,aroma chemical,"2,6-Dimethyloct-7-en-2-ol",Middle,4,CITLIM,FLO,,,"Almost colourless, mobile liquid","Small headspace; moderate, even temperature","Has some tendency to polymerise, with increase in viscosity and reduction of odour strength No recommended restrictions",,"Used as a major ingredient of citrus-lime fragrances. As a freshener in Hyacinth, Lilac and Lily-of-the-Valley and for distinction in Rose compounds",Not reported,,,,,"As a 20% solution, with a Rose composition (page 453)","Curtis & Williams, An Introduction to Perfumery (1994) Ch 5 monograph, PDF p.191"
Dimethyl benzyl carbinol,aroma chemical,,Top,2,FLO LLC HER,WDY,,WRM,,,,,,,,,,,,"Curtis & Williams, An Introduction to Perfumery (1994) Ch 5 monograph, PDF p.192"
Dimethyl benzyl carbinyl acetate,aroma chemical,,Top,4,FLOJAS,CITLEM,HERSGE,FRE,Colourless crystals or fused solid,No special precautions,Stable No recommended restrictions,,"Lily-of-the-Valley, Jasmin, Rose, and other florals, also Chypre, frequently in perfumes for toilet soap",Not reported,,,,,"As a replacement for cyclamen aldehyde in the Lily-of-the-Valley base, skeleton formula No. 2 (page 450)","Curtis & Williams, An Introduction to Perfumery (1994) Ch 5 monograph, PDF p.192"
Dimethyl benzyl carbinyl butyrate,aroma chemical,,Top,3,FRUPRN HER,,,WRMSWE,"Colourless, mobile liquid",No special precautions,Stable,No recommended restrictions,"A rare 'dried fruit' odour among aroma chemicals. For fruity notes in florals as, for example, Rose, Jasmin and Tuberose, also in Chypre and other perfume types",Not reported,,,,,With phenylethyl alcohol,"Curtis & Williams, An Introduction to Perfumery (1994) Ch 5 monograph, PDF p.193"
Diphenyl methane,aroma chemical,,Top,4,GER GRN,FLO,,HSH,"Colourless, fused crystals, or colourless, mobile liquid","If pure, can be kept molten, if desired, at about 280C, without deterioration",Stable,No recommended restrictions,"For Rose and Geranium effects, particularly in perfumes for toilet soaps",Not reported,,,,,"With dimethyl octanol, for comparison of the results of the experiment with diphenyl oxide","Curtis & Williams, An Introduction to Perfumery (1994) Ch 5 monograph, PDF p.193"
Diphenyl oxide,aroma chemical,,Top,4,GERGRN,FLO,,HSH,"Colourless, fused crystals or colourless liquid","If pure, can be kept molten, if desired, at about 280C, without deterioration",Stable No recommended restrictions,,"For Rose and Geranium effects, particularly in perfumes for toilet soaps",Not reported,,,,,"With dimethyl octanol, for comparison of the results with those of the experiment with diphenyl methane Dipropylene glycol","Curtis & Williams, An Introduction to Perfumery (1994) Ch 5 monograph, PDF p.194"
Eucalyptol,aroma chemical,"1, 8-Cineole",Top,5,CNL *,,,FRECOO,"Colourless, mobile liquid",No special precautions,Stable No recommended restrictions,,"In carefully controlled dosages, to impart 'freshness' to herbaceous type fragrances; in higher dosages, for 'medicated' notes; also as a masking agent for malodours","In Eucalyptus Oil, in many other essential oils of Eucalyptus and other species, and in Tuberose Absolute",,,,,"With linalyl acetate, or Lavender Oil.","Curtis & Williams, An Introduction to Perfumery (1994) Ch 5 monograph, PDF p.195"
Eugenol,aroma chemical,4-Allyl-2-methoxyphenol,Middle,4,SPICLO,FLO CNA,,PGT,"Colourless to pale yellow, mobile liquid",In tightly closed containers; avoid contact with ferrous metal,"Darkens on exposure to air, particularly under alkaline conditions; will discolour in contact with ferrous metal No recommended restrictions",,"In Carnation, and in other spicy fragrances, also in Rose and Oriental- type perfumes","Principal constituent of Clove, Cinnamon Leaf and Pimento oils. Occurs also in Patchouli, Ylang-Ylang and Bay oils, Rose Otto and the absolutes of Jasmin and Osmanthus",,,,,With iso-amyl salicylate,"Curtis & Williams, An Introduction to Perfumery (1994) Ch 5 monograph, PDF p.195"
iso-Eugenol,aroma chemical,4-Propenyl-2-methoxyphenol,Basic,2,FLO CNA,SPI CLO,,SWEWRM,"Almost colourless or slightly yellow, slightly viscous liquid",Small headspace; in tightly closed containers; avoid contact with ferrous metal,"Polymerises in contact with air, with reduction in odour strength and increase of viscosity. May cause discoloration Recommended not to be used at a level over 1% in a perfume compound",,Formerly a major ingredient of Carnation and some Oriental perfumes. Can enhance the floral character of a perfume compound to an appreciable extent even at IFRA-recommended dosage levels,"In Ylang-Ylang, Nutmeg and Clove oils",,,,,With phenylethyl alcohol,"Curtis & Williams, An Introduction to Perfumery (1994) Ch 5 monograph, PDF p.196"
Eugenyl acetate,aroma chemical,4-Allyl-2-methoxyphenyl acetate,Middle,3,FLO CNA SPI CLV,BAL,FRU,FRESWE,"Colourless crystalline mass or pale yellow, mobile liquid",No special precautions,Unstable in alkaline media No recommended restrictions,,"To enhance the fresh, floral character of Carnation compositions, and for freshness in spicy-floral perfumes containing eugenol",In Clove Bud Oil,,,,,"As a 10% ethanolic (alcoholic) solution, with a 5% ethanolic solution of iso-amyl salicylate, for comparison of the result with the result of the corresponding experiment with iso-eugenyl acetate","Curtis & Williams, An Introduction to Perfumery (1994) Ch 5 monograph, PDF p.196"
iso-Eugenyl acetate,aroma chemical,4-Propenyl-2-methoxyphenyl acetate,Basic,2,BAL FRU,FLO ROS,SPI CLO,WRMSWE,Colourless fused solid or colourless crystals,No special precautions,May discolour white soaps No recommended restrictions,,"Fixative for Carnation, also used in florals, eg Lilac and Heliotrope, and in herbaceous fragrances",Not reported,,,,,Try the effect of omitting iso-eugenyl acetate from the skeleton formula 2 for a Carnation base (page 444) in comparison with the complete formulation,"Curtis & Williams, An Introduction to Perfumery (1994) Ch 5 monograph, PDF p.197"
Exaltolide (Firmenich),aroma chemical,15-Hydroxypentadecanoic acid lactone,Basic,4,MUS BBY,,,SWE DEL,"Colourless, crystalline mass, or colourless, viscous liquid",No special precautions,Stable No recommended restrictions,,"At very low dosage levels, acts as a fixative and, at the same time, as an intensifier of the other fragrance notes present in a fine perfume when applied to the skin",In Angelica Root Oil,,,,,See the recommended experiment with civettone,"Curtis & Williams, An Introduction to Perfumery (1994) Ch 5 monograph, PDF p.197"
Farnesol,aroma chemical,"3,7,11-Trimethyldodeca-2,6,10-trien-1-ol",Basic,1,FLO LIN LOV,OLY,OLY,SWEDEL,,,,,,,,,,,,"Curtis & Williams, An Introduction to Perfumery (1994) Ch 5 monograph, PDF p.198"
Geraniol,aroma chemical,"trans-3,7-Dimethylocta-2,6-dien-1-ol",Middle,4,ROS FLO,,,SWEWRM,,,Stable,,"and most other types of perfumes, throughout the price range","Is a principal constituent of Rose Otto, and of Citronella, Geranium and Palmarosa oils. Occurs very widely as a minor constituent of essential oils",,,,,Use as a replacement for citronellol in Honeysuckle base skeleton formula No. 1 (page 446),"Curtis & Williams, An Introduction to Perfumery (1994) Ch 5 monograph, PDF p.198"
Geranyl acetate,aroma chemical,"trans-3,7-Dimethylocta-2,6-dien-1-yl acetate",Middle,3,FLO ROS FRU,GRN,LVD,SWE,"Colourless, mobile liquid",No special precautions,Stable No recommended restrictions,,"To modify and sweeten Rose, Geranium, Lavender and Ciü•us fragrance compositions","Minor component of Lavender, Neroli, Geranium, Citronella, Carrot Seed, Coriander and other essential oils",,,,,"(a) Try the effect on the fragrance of using 10 times the stated amount of geranyl acetate in the Rose base, skeleton formula No. 3 (page* ) (b) With Lavender Oil","Curtis & Williams, An Introduction to Perfumery (1994) Ch 5 monograph, PDF p.199"
Geranyl butyrate,aroma chemical,"trans-3,7-Dimethylocta-2,6-dien-1-yl butyrate",Top,4,FLO ROS,FRU,,SWE HVY,"Colourless, mobile liquid",No special precautions,Stable. Must be completely free from rancid notes No recommended restrictions,,"As a useful modifier for geranyl acetate in Rose, Geranium, Lavender and other perfume compositions",Not reported,,,,,Try the effect of replacing 10% of the geraniol in an experimental Rose base (page 453) with geranyl butyrate,"Curtis & Williams, An Introduction to Perfumery (1994) Ch 5 monograph, PDF p.199"
Geranyl nitrile,aroma chemical,"cis- and trans-3,7-Dimethylocta-2,6-dien-1-nitrile",Middle,4,LEMGRE OLY,,,FRE,"Colourless to pale yellow, mobile liquid",No special precautions,"Stable in alkaline media, unstable in even weakly acidic media No recommended restrictions",,"Imparts a note of Lemon to perfume compositions; particularly suitable for soap, but cannot alone substitute for citral",Not reported,,,,,Compare the odour effect of 5% geranyl nitrile in lemon terpenes with that of 5% citral in the same lemon terpenes,"Curtis & Williams, An Introduction to Perfumery (1994) Ch 5 monograph, PDF p.200"
Hedione (Firmenich),aroma chemical,Methyl dihydrojasmonate,Middle,4,FLOJAS,LEM,LEM,SOFFREWRM,"Colourless, mobile liquid","Minimum headspace, in tightly closed containers. Must be protected from light",Stable. May give rise to odour change in perfumes for talcum powder No recommended restrictions,,"Extremely versatile in floral fragrances for its radiance and diffusive power. For original fragrance effects in Chypre, Oriental perfume types, modern Eaux de Cologne and Lily-of-the-Valley",Not reported,,,,,With a Jasmin fragrance composition (page 448),"Curtis & Williams, An Introduction to Perfumery (1994) Ch 5 monograph, PDF p.200"
Heliotropine,aroma chemical,"3,4-Methylenedioxybenzaldehyde",Middle,2,FLO HLT,,,SWE WRM PDR,Colourless crystals,"Always away from indole, qv, in non-porous, hermetically sealed containers","Stable. May cause disoloration, eg with Indole and anthranilates No recommended restrictions",,"In Lilac, Sweet Pea, Heliotrope, Muguet and Honeysuckle, and in non- floral perfume types",Tahiti Vanilla,,,,,"As a 5% solution, with a 5% solution of musk ketone","Curtis & Williams, An Introduction to Perfumery (1994) Ch 5 monograph, PDF p.201"
cis-3-Hexenol,aroma chemical,cis-Hex-3-en-1-ol; 'Leaf alcohol',Top,5,GRNGRS,FRU,,FRE,"Colourless, mobile liquid",No special precautions,Cool place and small headspace essential No recommended restrictions,,"In traces, for 'natural' foliage effects in Muguet, Lilac, Wallflower, Carnation and other florals; also in modern Chypre and compositions","Widely, in green leaves, and as a trace constituent of many essential oils",,,,,"As a 10% solution, with the result of the the recommended experiment on a Lily-of-the-Valley composition (page 450)","Curtis & Williams, An Introduction to Perfumery (1994) Ch 5 monograph, PDF p.201"
cis-3-Hexenyl acetate,aroma chemical,cis-Hex-3-en-1-yl acetate,Top,5,GRNFRU BNA,,,FRE,"Colourless, mobile liquid",No special precautions,Stable No recommended restrictions,,"Frequently, in traces, either alone or in combination with the parent alcohol, for 'natural' foliage effects _in florals and in other perfume types","Widely, in green leaves and fruits, as a trace constituent of many essential oils",,,,,"As a 10% solution, with the result of the recommended experiment on a Jasmin composition (page 448)","Curtis & Williams, An Introduction to Perfumery (1994) Ch 5 monograph, PDF p.202"
cis-3-Hexenyl salicylate,aroma chemical,cis-Hex-3-en-1-yl 2-hydroxybenzoate,Middle,4,FLO BAL GRN,,,SWE,"Colourless, slightly viscous liquid",Not in contact with ferrous metals,"Stable, but can give rise to discoloration in the presence of iron No recommended restrictions",,An elegant modifier for floral and woody notes,Not reported,,,,,With Sandalwood Oil,"Curtis & Williams, An Introduction to Perfumery (1994) Ch 5 monograph, PDF p.202"
Hexylcinnamic aldehyde,aroma chemical,,Basic,2,FLO Fry JAS,,,FRE,"Pale yellow, mobile liquid",No special precautions,"Stable, but must be free from harsh notes to be suitable for use",No recommended restrictions,"Widely used in Jasmin and other florals, where a certain fatty inflection is required, sometimes in combination with the amyl homologue, which is more fatty, less floral in odour",Not reported,,,,,Evaluate the effect of introducing this chemical into the Acacia base skeleton formula No. 1 (page 443),"Curtis & Williams, An Introduction to Perfumery (1994) Ch 5 monograph, PDF p.203"
Hydratropic aldehyde,aroma chemical,2-Phenylpropanal (isomeric with hydrocinnamic aldehyde),Middle,4,GREFLO HCT,,,,"Colourless, mobile liquid","Cool place, small headspace, in tightly closed containers. Deteriorates if heated",Moderately stable No recommended restrictions,,"For Hyacinth, also Rose, Lilac, Jonquil and other fresh floral compositions. Widely used in perfumes for soaps",Not reported,,,,,"See the monograph on hydrocinnamic aldehyde (page 187). Also, compare the odours of this aldehyde and hydrocinnamic aldehyde, in relation to the difference in their molecular structures","Curtis & Williams, An Introduction to Perfumery (1994) Ch 5 monograph, PDF p.203"
Phenylpropyl aldehyde,aroma chemical,3-Phenylpropanal,Middle,3,BAL ERT GRN 'dead,SPI,SPI,,"Colourless, mobile liquid","Cool place, small headspace, in tightly closed containers. Deteriorates if heated",Moderately stable No recommended restrictions,,"In Rose, Lilac, Sweet Pea and Heliotrope fragrances, also in Fougere. A useful ingredient of fresh fragrances of almost any type",In Ceylon Cinnamon Bark Oil,,,,,"Compare the fragrance effect of this aldehyde with that of hydratropic aldehyde, with which it is isomeric, by progressive admixture of the aldehydes, in separate experiments, with the following Rose accord: geraniol 55, citronellol 40, phenylethyl alcohol 5","Curtis & Williams, An Introduction to Perfumery (1994) Ch 5 monograph, PDF p.204"
Hydroxycitronellal,aroma chemical,"7-Hydroxy-3,7-dimethyloctan-1-al",Basic,3,FLO LIN LOV,,,SWEFRE,"Colourless, slightly viscous liquid",Small headspace; tightly sealed containers,"Unstable in alkaline media, should not be heated",Not to be used at a level over 5% in compounds,"Very widely, within the IFRA recomendations, in Muguet, Lilac and other floral perfumes. Good fixative",Not reported,,,,,"With laevo-citronellol, or citronellol","Curtis & Williams, An Introduction to Perfumery (1994) Ch 5 monograph, PDF p.205"
Hydroxycitronellal dimethylacetal,aroma chemical,"1,1-Dimethoxy-7-hydroxy-3,7-dimethyloctan-7-ol",Basic,1,GRNFLO,,,FRE LHT,"Colourless, mobile liquid",No special precautions,Stable,No recommended restrictions,As a more stable substitute for hydroxycitronellal,Not reported,,,,,With anisyl acetate,"Curtis & Williams, An Introduction to Perfumery (1994) Ch 5 monograph, PDF p.205"
para-Hydroxyphenylbutanone,aroma chemical,4-(4-Hydroxyphenyl)-butan-2-one,Middle,3,FRURBY,,,SWEWRM,,,Stable,,,,,,,,"As a 10% solution, with gamma-methyl ionone and citronellol in balanced proportions","Curtis & Williams, An Introduction to Perfumery (1994) Ch 5 monograph, PDF p.206"
Indole,aroma chemical,,Middle,5,NAP ANM FCL,JAS (in high dilution),JAS (in high dilution),HSH,Colourless crystals when pure,"Must be protected from light, and isolated from all other materials, in a tightly sealed, non-porous container, both in the laboratory and compounding room","Can give rise to severe discoloration, particularly with aldehydes and ketones, or on exposure to sunlight No recommended restrictions",,"In very carefully adjusted dosages, as a floraliser, particularly in Jasmin and Lilac, and in others of the heavier floral compositions","In Orange Flower, Jasmin, Wallflower and Jonquil absolutes",,,,,"Use double the recommended maximum dose of indole, 10% solution, in any experimental Jasmin base","Curtis & Williams, An Introduction to Perfumery (1994) Ch 5 monograph, PDF p.206"
alpha-Ionone,aroma chemical,"4-(2,6,6-Trimethylcyclohex-2-enyl)-but-3-en-2-one",Middle,4,FLO VIO,WDY,FRU (RBY-1ike),SWE,"Almost colourless to pale yellow, mobile liquid",No special precautions,Stable No recommended restrictions,,"In almost every Violet composition, also in Rose, as a floraliser. Can contribute to the quality of non-floral perfumes, and produce attractive, 'powdery' notes with such materials as heliotropine and vanillin","In Boronia and Cassie absolutes, and as a minor constituent of other aromatic extracts",,,,,With any of the Honeysuckle base skeleton formulae (page 446),"Curtis & Williams, An Introduction to Perfumery (1994) Ch 5 monograph, PDF p.207"
beta-Ionone,aroma chemical,"4-(2,6,6-Trimethylcyclohex-1-enyl)-but-3-en-2-one",Middle,4,WDY FLO VIO,WDY,FRUGRN,,"Almost colourless to pale yellow, mobile liquid",No special precautions,Stable No recommended restrictions,,In Violet and woody fragrances. Blends well with fruity notes,"In Boronia, Cassie and Osmanthus absolutes, and in Henna flowers",,,,,With a Tuberose base (page 455),"Curtis & Williams, An Introduction to Perfumery (1994) Ch 5 monograph, PDF p.207"
cis-Jasmone,aroma chemical,3-Methyl-2-(cis-pent-2-en-1-yl)-cyclopent-2-en-1-one,Middle,5,SPICEL,FLO FRU,,WRM,"Pale yellow, slightly viscous liquid",Should be stored with minimum headspace in a tightly closed container,Stable No recommended restrictions,,"In traces, to impart warmth and floral depth to almost any type of perfume composition.",In Jasmin Absolute,,,,,"As a 1% solution, in a Jasmin composition","Curtis & Williams, An Introduction to Perfumery (1994) Ch 5 monograph, PDF p.208"
Lilial (Givaudan-Roure),aroma chemical,p-tert-Butyl alpha-methylhydrocinnamic aldehyde,Middle,4,LIN FLO GRE,LLY,,SWEFRE,"Colourless to very pale yellow, slightly viscous liquid","Small headspace, in tightly closed containers","Is fairly rapidly oxidised in air, with the formation of a crust of colourless crystals round the closure of the storage container, but this does not affect the odour properties of the material if the deposit is carefully removed No recommended restrictions",,"Very widely used in Muguet, Lily, Lilac, Orange Flower and other florals; also, as a floraliser, in Chypre, Fougere, and many other types of perfumes",Not reported,,,,,With ethylene brassylate,"Curtis & Williams, An Introduction to Perfumery (1994) Ch 5 monograph, PDF p.208"
Linalool,aroma chemical,"3,7-Dimethylocta-1,6-dien-3-ol",Top,4,FLO WDY,CIT,CIT,SWEFRELHT,Colourless mobile liquid,No special precautions,Stable No recommended restrictions,,"Of almost universal application in floral, and in many non-floral fragrance types. Needs judicious blending with other materials, also effective fixation","A principal constituent of Rose Otto, and in Rosewood, Lavender, Bergamot and Coriander oils. Occurs also as a minor constituent of Geranium, Tangerine, Neroli and many other essential oils",,,,,Omit from any Lily-of-the-Valley base experiment (page 450) and compare with the complete compound,"Curtis & Williams, An Introduction to Perfumery (1994) Ch 5 monograph, PDF p.209"
Linalyl acetate,aroma chemical,"3,7-Dimethylocta-1,6-dien-3-yl acetate",Top,4,HER LAV BER,,,SWEFRE,"Colourless, mobile liquid",No special precautions,Stable No recommended restrictions,,"In the reproduction of Bergamot, Lavender and Petitgrain oils, and as an ingredient of Eaux de Cologne, and of floral perfumes, such as Neroli, Lilac and Jasmin","In Lavender, Bergamot, Bitter Orange, Neroli, Clary Sage, and many other essential oils",,,,,"With methyl anthranilate, for a NerolifPetitgrain note","Curtis & Williams, An Introduction to Perfumery (1994) Ch 5 monograph, PDF p.209"
Linalyl cinnamate,aroma chemical,,Middle,3,LOVLLY BAL,,,SWEHVY,"Almost colourless, slightly viscous liquid",No special precautions,Stable No recommended restrictions,,Superior fragrance-contributing fixative for Lily-of-the-Valley and other delicate florals,Not reported,,,,,"With laevo-citronellol, containing 5—10% of Lilial (Givaudan-Roure) for a Muguet note o","Curtis & Williams, An Introduction to Perfumery (1994) Ch 5 monograph, PDF p.210"
Lyral (IFF),aroma chemical,3(4-Hydroxy-4-methylpentyl)-cyclohex-3-en-1-al,Basic,4,FLO LILLIN,,,SWELHTDEL,Colourless viscous liquid,No special precautions,In alkaline media is more stable than hydroxycitronellal No recommended restrictions,,"Muguet, Lilac and other floral perfumes, with, or as a substitute for, hydroxycitronellal",Not reported,,,,,With alpha-ionone,"Curtis & Williams, An Introduction to Perfumery (1994) Ch 5 monograph, PDF p.210"
l-Menthol,aroma chemical,2-iso-Propyl-5-methylcyclohexanol,Middle,4,MIN PMT (Standard for,,,,Colourless crystals,"In tightly sealed, non-porous containers",Stable,No recommended restrictions,"In very small dosages as a lifting agent in Lavender, Rose, Geranium, Chypre and fragrances. Has an important application for cooling effects in some Eaux de Cologne and after-shave lotions in trace proportions only","In Peppermint, Geranium and Mentha arvensis oils",,,,,"As a 10% solution, with a Rose composition (page 453)","Curtis & Williams, An Introduction to Perfumery (1994) Ch 5 monograph, PDF p.211"
2-Methoxy-3-iso-butyl pyrazine,aroma chemical,,Top,6,GRNERT AGR,,,PGT DIF,"Colourless, mobile liquid","Usually as a dilute solution (0.1% or weaker), in a tightly sealed container, preferably isolated from all other materials",Stable,No recommended restrictions,"This intensely odorous material finds application, in the barest traces, in the reproduction of Galbanum, Hyacinth and other natural fragrance notes where the special quality of its green odour character is important",In Bell Peppers and preparations of Galbanum,,,,,"By serial dilution in propylene glycol, find the highest dilution of this substituted pyrazine which can just be smelled in this medium","Curtis & Williams, An Introduction to Perfumery (1994) Ch 5 monograph, PDF p.211"
Methoxycitronellal,aroma chemical,"7-Methoxy-3,7-dimethyloctan-1-al",Middle,3,FLO GRNLOV,,,SWEFRE,"Colourless, mobile liquid",No special precautions,Stable No recommended restrictions,,As a partial or total substitute for hydroxycitronellal in Muguet and other floral compositions. Requires firm fixation for a prolonged effect,Not reported,,,,,With citronellol,"Curtis & Williams, An Introduction to Perfumery (1994) Ch 5 monograph, PDF p.212"
para-Methylacetophenone,aroma chemical,I-Acetyl-4-methylbenzene,Middle,4,FLO MM (when,FRU,,SWEPGT,"Colourless, mobile liquid",No special precautions,Stable No recommended restrictions,,"In Chypre, Lavender, Hawthorn and Mimosa compositions, also in herbaceous fragrances, where this material can be a partial or total replacement for coumarin",In Rosewood and Cabreuva oils,,,,,With anisaldehyde,"Curtis & Williams, An Introduction to Perfumery (1994) Ch 5 monograph, PDF p.212"
Methyl n-amyl ketone,aroma chemical,Heptan-2-one,Top,4,FRUMIN SMT,SPI,,SWELHT HSH,"Colourless, mobile liquid",No special precautions,Stable,No recommended restrictions,Can add fresh fruitiness to the top notes of herbal and spicy perfumes,In Clove and some other essential oils,,,,,"With eugenol, using a 10% solution of methyl amyl ketone in eugenol, for comparison with the odour of Clove Bud Oil, by selective fatigue to the experimental solution","Curtis & Williams, An Introduction to Perfumery (1994) Ch 5 monograph, PDF p.213"
Methyl anthranilate,aroma chemical,Methyl 2-aminobenzoate,Middle,4,OFL,FRU,,DRY HSH,"Colourless, mobile liquid, showing a blue fluorescence",No special precautions; may be kept as a liquid at 250C,"Can give rise to discoloration, particularly if used in conjunction with certain aldehydes or ketones, or with nitro-musks",No recommended restrictions,"Usually in small dosages, in Orange Flower, other heavy florals, and in Oriental-type fragrances","In the essential oils and absolutes of many flowers, including Orange Flower, Tuberose and Ylang-Ylang, also as a minor constituent of most of the citrus oils",,,,,With phenylethyl alcohol,"Curtis & Williams, An Introduction to Perfumery (1994) Ch 5 monograph, PDF p.213"
Methyl benzoate,aroma chemical,,Top,4,FLO YLA,FRU,FRU,SWE HVY PGT,"Colourless, mobile liquid",No special precautions,Stable No recommended restrictions,,"In synthetic reproductions of Ylang-Ylang and Tuberose, also in Rose, Geranium, Sandalwood and Musk fragrances","In Ylang-Ylang oils, and the absolutes of Tuberose and Jonquil",,,,,With Vetivert Oil,"Curtis & Williams, An Introduction to Perfumery (1994) Ch 5 monograph, PDF p.214"
Methyl eugenol,aroma chemical,"3,4-Dimethoxy allylbenzene",Middle,3,FLO CNA SPI CLO,,,DEL WRM,"Colourless, slightly viscous liquid",No special precautions,Stable No recommended restrictions,,"Imparts background warmth to Carnation, Lilac, Ylang-Ylang and other florals, also to perfumes for masculine products","In Rose, Basil, Ylang-Ylang and Huon Pine oils, and as a minor constituent of Pimento Oil and Hyacinth Absolute",,,,,"Use as a substitute for methyl iso-eugenol in Carnation base, skeleton formula No. 1 (page 444)","Curtis & Williams, An Introduction to Perfumery (1994) Ch 5 monograph, PDF p.214"
Methyl iso-eugenol,aroma chemical,"3,4-Dimethoxypropenylbenzene",Basic,2,FLO CNA,SPI,SPI,SWEWRM,"Colourless, slightly viscous liquid",No special precautions,Stable,No recommended restrictions,"In Carnation compositions, and for spicy effects in Rose, Ylang-Ylang and other florals; also in Oriental perfumes","Is the main aromatic constituent of Orthodon methylisoeugenoliferum, and a minor constituent of many other essential oils",,,,,With linalool,"Curtis & Williams, An Introduction to Perfumery (1994) Ch 5 monograph, PDF p.215"
Methyl heptine carbonate,aroma chemical,Methyl oct-2-ynoate,Top,5,GRN,VEG,FTY,DIF,"Colourless to slightly yellow, mobile liquid",No special precautions,Limited in alkaline media Recommended that methyl heptine (and methyl octine) carbonate be limited to 0.01 % of a perfume compound,,Bare traces are effective for highly appreciated Violet Leaf effects in Violet and other floral fragrances,Not reported,,,,,"As a 0.05% solution, with gamma-methyl ionone, for comparison with the result of the experiment with methyl nonylenate (qv)","Curtis & Williams, An Introduction to Perfumery (1994) Ch 5 monograph, PDF p.215"
gamma-Methyl ionone,aroma chemical,alpha-iso-Methyl ionone,Middle,4,FLO VIO,WDY,LEA,SOFRIC,"Colourless to slightly yellow, mobile liquid",No special precautions,Stable No recommended restrictions,,"Extremely versatile, fulfilling requirements for fine and richly floral character in Violet, woody and leather compositions",Not reported,,,,,With iso-amyl salicylate,"Curtis & Williams, An Introduction to Perfumery (1994) Ch 5 monograph, PDF p.216"
Methyl beta-naphthyl ketone,aroma chemical,2-Acetyl naphthalene,Basic,4,FLO OFL,,,SWE,Colourless crystals,No special precautions,Stable No recommended restrictions,,"In Orange Flower, Eaux de Cologne, Honeysuckle and Sweet Pea fragrances, where this material contributes to the floral quality required, and acts a fixative",Not reported,,,,,"As a 20% solution, with Lyral (IFF)","Curtis & Williams, An Introduction to Perfumery (1994) Ch 5 monograph, PDF p.216"
Methyl nonylenate,aroma chemical,Methyl non-2-enoate,Top,5,GRN LFY,Fry,,DIF,"Colourless, mobile liquid",No special precautions,More stable than methyl heptine carbonate No recommended restrictions,,"As a substitute for the valuable, but IFRA-restricted, methyl heptine carbonate, and for green effects in fruity top note accords",Not reported,,,,,"As a 0.05% solution, with gamma-methyl ionone, for comparison with the result of the experiment with methyl heptine carbonate","Curtis & Williams, An Introduction to Perfumery (1994) Ch 5 monograph, PDF p.217"
Methyl phenylacetate,aroma chemical,,Top,4,HNY,MUS,JAS PNA,DIF,"Colourless, mobile liquid",No special precautions,Stable,No recommended restrictions,"For honey notes in Rose and other sweet florals, also in Oriental-type perfumes, in carefully confrolled dosages",Not reported,,,,,As a 10% solution with (a) geraniol and (b) citronellol,"Curtis & Williams, An Introduction to Perfumery (1994) Ch 5 monograph, PDF p.217"
Methyl phenyl carbinyl acetate,aroma chemical,,Top,4,GREGDN,,,HAR,,,,,,,,,,,,"Curtis & Williams, An Introduction to Perfumery (1994) Ch 5 monograph, PDF p.218"
Methyl salicylate,aroma chemical,Methyl 2-hydroxybenzoate,Top,4,MED WTG,,,SWEPGT,"Colourless, mobile liquid",Avoid contact with ferrous metals,"Stable, but can give rise to discoloration in the presence of iron No recommended restrictions",,"In synthetic reproductions of Ylang-Ylang, and in Tuberose and other heavy florals. In traces, imparts interesting notes to Mimosa and Cassie",Principal constituent of Wintergreen Oil; minor constituent of Ylang- Ylang Oil and the absolutes of Carnation and Tuberose,,,,,"As a 10% solution, with linalyl cinnamate or Lyral (IFF)","Curtis & Williams, An Introduction to Perfumery (1994) Ch 5 monograph, PDF p.218"
Muscone,aroma chemical,3-Methylcyclopentadecan-1-one,Basic,4,MUS FRUBBY,,,SWE SOF,"Colourless, crystalline mass, or colourless, viscous liquid",No special precautions,Stable No recommended restrictions,,"In fine perfumery, as an exalting fixative for perfumes for extrait and toilet water",A constituent of natural Musk,,,,,See monograph on civettone (pages 169 and 170),"Curtis & Williams, An Introduction to Perfumery (1994) Ch 5 monograph, PDF p.219"
Musk ketone,aroma chemical,"2,6-Dinitro-3,5-dimethyl-4-acetyl-tertiary-butylbenzene",Basic,3,MUS FLO ANM,,,SOF SWEWRM,Pale yellow crystals,"Must be protected from light, darkens on exposure to daylight","May give rise to discoloration as, for example, with amines such as indole and anthranilates, also certain aldehydes No recommended restrictions",,"In heavy florals and Oriental perfumes. Blends well with benzyl salicylate or methyl ionones to produce attractive, 'powdery' effects",Not reported,,,,,"As a 20% solution in benzyl benzoate, with a 20% solution of gamma- methyl ionone","Curtis & Williams, An Introduction to Perfumery (1994) Ch 5 monograph, PDF p.219"
Musk T (Takasago),aroma chemical,Ethylene brassylate,Basic,3,ANMMUS,OLY,,SWE,"Colourless, somewhat viscous liquid",No special precautions,Stable No recommended restrictions,,"For the intensification of floral notes, and as a fixative",Not reported,,,,,With gamma-methyl ionone,"Curtis & Williams, An Introduction to Perfumery (1994) Ch 5 monograph, PDF p.220"
Musk xylene,aroma chemical,"2,4,6-Trinintro-3, 5-dimethyl-tertiary-butylbenzene",Basic,3,MUS,ANM,ANM,SWE,Pale yellow crystals,Must be protected from light. Darkens on exposure to daylight,"May give rise to discoloration as, for example, with amines, such as indole and anthranilates, also certain aldehydes No recommended restrictions",,"Mainly in perfumes for soaps, and for household and indusfrial products, where use of the finer musk ketone would exceed briefing cost limitations. Used also as a fixative",Not reported,,,,,"As a 20% solution in benzyl benzoate, with 20% solution of Lavandin Oil","Curtis & Williams, An Introduction to Perfumery (1994) Ch 5 monograph, PDF p.220"
Nerol,aroma chemical,"cis-3,7-Dimethylocta-2,6-dien-1-ol",Middle,3,FLO ROS,MAR FRU APL,SWD,FRE,Colourless to pale yellow liquid,Not in aluminium containers,Stable No recommended restrictions,,"In Magnolia, Neroli, Jasmin, Lilac and other sweet, floral perfumes, also Lily-of-the-Valley, Orchid and in Eaux de Cologne","Together with geraniol, in Rose Otto and in many essential oils, such as those of Neroli, Petitgrain, Lavender, Lemongrass, Palmarosa and oils from citrus fruits",,,,,Try the effect of omitting nerol from Narcissus base skeleton formula 2 (page 451),"Curtis & Williams, An Introduction to Perfumery (1994) Ch 5 monograph, PDF p.221"
Nonadienal,aroma chemical,Nona-2-trans-6-cis-dienal,Top,6,GRE VEG CBR,LFY,,DIF,"Colourless to pale yellow, mobile liquid",In tightly sealed containers,Fairly stable No recommended restrictions,,In bare traces for Violet Leaf and Cucumber green fragrance effects,In Violet Leaf and Mimosa absolutes,,,,,"As a 1% solution, with alpha-ionone","Curtis & Williams, An Introduction to Perfumery (1994) Ch 5 monograph, PDF p.221"
"Nonane-1,3-diol diacetate",aroma chemical,,Middle,5,FLO JAS HER,OLY,,WRM,"Colourless, slightly viscous liquid",No special precautions,Stable,No recommended restrictions,"To supply oily and herbaceous notes to Jasmin compositions. Used also in Hyacinth and Lavender, and in Eau de Cologne type fragrances",Not reported,,,,,With a Jasmin base (see page 448),"Curtis & Williams, An Introduction to Perfumery (1994) Ch 5 monograph, PDF p.222"
Octenol,aroma chemical,Oct-1-en-3-ol,Middle,5,FGL,ERT,ERT,SWE,"Colourless, mobile liquid",No special precautions,Stable No recommended restrictions,,"In carefully controlled dosages, in reconstitutions of Lavender and Lavandin oils.",In Savory Oil,,,,,"As a 5% solution, with a 2:1 blend of linalyl acetate and linalool","Curtis & Williams, An Introduction to Perfumery (1994) Ch 5 monograph, PDF p.222"
Phenylacetaldehyde,aroma chemical,,Middle,4,GRNCRE,HSH,ERT,PGT,"Colourless, mobile liquid",No special precautions,Stable No recommended restrictions,,"To impart freshness and greeness to Lily-of-the-Valley, Rose, Lilac, and Geranium, Chypre and Fou@re",Not reported,,,,,"This material is sometimes advocated as a substitute for phenylacetaldehyde. Try using it as a weight-for-weight substitute for the phenylacetaldehyde in the Hyacinth perfume outlined on page 447, remembering that the aldehyde may be available as a 50% solution in phenylethyl alcohol","Curtis & Williams, An Introduction to Perfumery (1994) Ch 5 monograph, PDF p.223"
Phenylacetic acid,aroma chemical,,Basic,3,1--1NY ANMCIV,FLO,,SWE,,,,,,,,,,,,"Curtis & Williams, An Introduction to Perfumery (1994) Ch 5 monograph, PDF p.224"
Phenylethyl acetate,aroma chemical,2-Phenylethyl acetate,Top,3,FLO ROS HNY,FRU,GRELFY,SWE,"Colourless, mobile liquid",No special precautions,Stable No recommended restrictions,,"A versatile modifier in floral fragrances, such as Rose, Jasmin, Hyacinth and Mignonette. Used also as in Oriental-type perfumes",Not reported,,,,,With Lyral (IFF),"Curtis & Williams, An Introduction to Perfumery (1994) Ch 5 monograph, PDF p.224"
Phenylethyl alcohol,aroma chemical,2-Phenylethanol,Top,3,FLO ROS,GRN,GRN,,"Colourless, mobile liquid",No special precautions,Stable No recommended restrictions,,"One of the most versatile and widely used of aroma chemicals, phenyl ethyl alcohol will, in appropriate dosages, improve the character of almost any fragrance, from simple florals to sophisticated aldehydics, Chypre, Fougöre, etc, and their modern interpretations","Widely in essential oils, such as Rose Otto, and in the oils of Neroli, Geranium and Ylang-Ylang",,,,,"With linalool, to find a point of olfactory balance","Curtis & Williams, An Introduction to Perfumery (1994) Ch 5 monograph, PDF p.225"
Phenylethyl iso-butyrate,aroma chemical,2-Phenylethyl iso•butyrate,Middle,3,FRU,FLO ROS,,FRE,Colourless slightly viscous liquid,No special precautions,Stable No recommended restrictions,,"For fruity notes in Jasmin, Lilac, Hyacinth, Plumeria and other floral, heavy-floral and 'white flowers' perfume compositions",Not reported,,,,,With a Jasmin base experiment (see page 448),"Curtis & Williams, An Introduction to Perfumery (1994) Ch 5 monograph, PDF p.225"
Phenylethyl phenylacetate,aroma chemical,,Basic,3,FLO ROS HCT,BAL,,SWE HVY,Colourless to slightly yellow liquid,No special precautions,Stable No recommended restrictions,,"In Rose, and for long-lasting Rose-Hyacinth fragrance effects in Lilac, Jasmin and other florals; also in non-floral fragrance types",Not reported,,,,,With Musk T (Takasago),"Curtis & Williams, An Introduction to Perfumery (1994) Ch 5 monograph, PDF p.226"
Rhodinol,aroma chemical,,Top,4,FLO ROS,,,SWEWRM,Colourless to pale yellow liquid,No special precautions,Stable No recommended restrictions,,"For high quality Rose, Muguet and the other floral compositions; frequently used in conjunction with phenylethyl alcohol","As 'rose alcohols' and their esters, in Geranium Oil",,,,,Use as a substitute for citronellol in a Lily-of-the-Valley base (see,"Curtis & Williams, An Introduction to Perfumery (1994) Ch 5 monograph, PDF p.226"
Rosalva (IFF),aroma chemical,Dec-9-en-1-ol,Top,4,OLY ROS,,,FREDIF,"Colourless, slightly viscous liquid",No special precautions,Stable No recommended restrictions,,"In carefully controlled dosages, as a lifting agent in Rose and other floral compositions",Not reported,,,,,"As a 10% solution, with rhodinol (or I-citronellol, or citronellol)","Curtis & Williams, An Introduction to Perfumery (1994) Ch 5 monograph, PDF p.227"
laevo-Rose oxide,aroma chemical,laevo-trans-Tetrahydro-4-methyl-2-(2-methylprop-1-enyl)-pyran,Top,4,GRN,FLO,ROS,HSH DIF,"Colourless to pale yellow, mobile liquid",No special precautions,Stable No recommended restrictions,,"As a modifier of sweet, mild Rose effects in Geranium compositions, and as a lifting agent in floral fragrances generally",In Bulgarian Rose Otto,,,,,As a 5% solution in a Rose base (see page 453),"Curtis & Williams, An Introduction to Perfumery (1994) Ch 5 monograph, PDF p.227"
alpha-Terpineol,aroma chemical,I-Methyl-4-isopropylcyclohex-1-en-8-ol,Middle,5,FLO LLW (when,,,SWE,,,,,"impurities in lower grades of this material give notes of Pine and distilled Lime Oil rendering the product more suitable as an ingredient of Pine fragrances for disinfectants, bathtime preparations, etc","In Pine, Juniper, Cypress, Nutmeg and Rosewood oils, also in some citrus oils and in Jasmin and Tuberose absolutes",,,,,Omit from a Gardenia base (see page 445) and note the odour effect,"Curtis & Williams, An Introduction to Perfumery (1994) Ch 5 monograph, PDF p.228"
Tetrahydrogeraniol,aroma chemical,"3, I-Dimethyloctan-l-ol",Middle,3,ROS WXY,,,DRY,"Colourless, mobile liquid",Not in aluminium containers,Stable No recommended restrictions,,"In Rose compositions, frequently in conjunction with 'rose alcohols', also in floral fragrances more generally",Not reported,,,,,"With methoxycitronellol, or Lyral (IFF), for comparison with the result of a corresponding experiment with tetrahydrolinalool","Curtis & Williams, An Introduction to Perfumery (1994) Ch 5 monograph, PDF p.228"
Tetrahydrolinalool,aroma chemical,"3,7-Dimethyloctan-3-ol",Middle,3,FLO ROS LLY,,,SWE PDR,"Colourless, mobile liquid",Avoid aluminium containers,Stable No recommended restrictions,,"To enhance the effect of linalool in Rose, Lily-of-the-Valley, Lilac Jasmin and other floral fragrances",Not reported,,,,,"With methoxycitronellal, or Lyral (IFF), for comparison with the result of a corresponding experiment with tetrahydrogeraniol (qv). Also, compare the odours of these two alcohols, in relation to the difference in the position of the hydroxy group Trichloromethylphenylcarbinyl","Curtis & Williams, An Introduction to Perfumery (1994) Ch 5 monograph, PDF p.229"
Trichloromethylphenylcarbinyl acetate,aroma chemical,,Basic,2,FLO ROS,GRN BAL,,PDR,Colourless crystals,Avoid aluminium containers,Stable,No recommended restrictions,"As a fixative in Rose and Geranium fragrances, and in Rose compositions for bath salts, toilet soaps, face and talcum powders",Not reported,,,,,"As a 10% solution, with a 10% solution of phenylethyl alcohol","Curtis & Williams, An Introduction to Perfumery (1994) Ch 5 monograph, PDF p.229"
Vanillin,aroma chemical,4-Hydroxy-3-methoxybenzaldehyde,Basic,3,VAN,,,SWEPDR,,,,,,,,,,,,"Curtis & Williams, An Introduction to Perfumery (1994) Ch 5 monograph, PDF p.230"
Vertenex (IFF),aroma chemical,p-tert-Butyl cyclohexyl acetate,Top,3,WDYFRU,ORR,,SWE SOFFRE,,,,,,,,,,,,"Curtis & Williams, An Introduction to Perfumery (1994) Ch 5 monograph, PDF p.230"
Vetiverol,aroma chemical,A mixture of bicyclo- and tricyclo- vetiverols,Basic,2,ERT BAL,WDY,WDY,SWE WRM,"Colourless to pale yellow, viscous liquid",No special precautions,Stable,No recommended restrictions,"In fine woody and oriental fragrances, also in Chypre as a contribution to the fragrance profile and for effective fixation","In Vetivert Oil, from which vetiverol is isolated",,,,,With the result of the experiment with isobutyl quinoline and gamma- methyl ionone,"Curtis & Williams, An Introduction to Perfumery (1994) Ch 5 monograph, PDF p.231"
Vetiveryl acetate,aroma chemical,A mixture of bicyclo- and tricyclo- vetiveryl acetates,Basic,3,WDY,,,DRY FRE,"Colourless to pale yellow, viscous liquid",No special precautions,"Stable True vetiveryl acetate is the acetate of vetiverol, a mixture of isomeric alcohols isolated from Vetiver Oil, the use of which as a fragrance ingredient is not recommended by IFRA to be A related though different, product is acetylated Vetivert Oil, known as 'vetivert acetate' which is recommended by IFRA to be used as a fragrance ingredient only if produced by methods which give products free from allergens",,"Effective in Chypre, Oriental and aldehydic perfume types as a lifting and freshening agent, imparting also excellent fixation",Not reported,,,,,With the result of the experiment with para-tertiary-butyl cyclohexyl acetate and gamma-methyl ionone,"Curtis & Williams, An Introduction to Perfumery (1994) Ch 5 monograph, PDF p.231"
Ambergris Tincture,natural,,Basic,2,SOF PDR ERT,ERT MOS MAR,No further change (3 days),,"Golden yellow to brown, mobile liquid",In tightly closed containers to prevent evaporation of alcohol,Stable,,As a blender and fixative in fine fragrances,,"A pathological, intestinal secretion of the sperm whale, Physeter catodon","Any ocean or seashore, whaling stations",Maceration with ethanol,"Ambreine, alpha-ambrinols, beta-ionone, dihydro-gamma ionone, gamma-cyclo-homogeraniol, ambra-aldehyde No recommended restrictions","Assuming a 6% tincture, try 1% in a Lily-of-the-Valley base (see page 450). Allow to stand for one month, then compare with the same base without Ambergris Artemisia Oil","Curtis & Williams, An Introduction to Perfumery (1994) Ch 6 monograph, PDF p.259"
Artemisia Oil,natural,,Middle,4,SWE FRE HER,SWE WRM HER CAM,DRY BAL WDY (6 hours),,"Colourless to pale yellow, mobile liquid",No special precautions,Stable,,"Widely used in masculine fragrances, but always in small dosages, Chypre, Fou@re, and to impart warmth and freshness to variants of Eau de Cologne",,"Aerial parts of the flowering herb, Artemisia herba-alba","France, Germany, Morocco, India, People's Republic of China",Steam distillation,"Thujones, camphor, cineole, artemisia alcohol, santolina alcohol, lyratol, yomogi alcohol, borneol No recommended restrictions","As a 20% solution, with Lavender Oil. Compare the effect with that of Davana Oil, in 20% solution","Curtis & Williams, An Introduction to Perfumery (1994) Ch 6 monograph, PDF p.259"
"Basil Oil, Sweet",natural,,Middle,3,,,,,Colourless to pale yellow mobile liquid,No special precautions,Stable,,"For its characteristic, warm herbal-anisic notes in Chypre, floral-aldehydic and modern Fou@re perfume types",,"Flowering tops of the herb, Ocimum basilicum","USA, France",Steam distillation,"Estragole (methyl chavicol), linalool, terpinyl acetate, cineole, eugenol, ocimene No recommended restrictions","As a 20% solution, with Lavender Oil Benzoin Resinoid, Siam","Curtis & Williams, An Introduction to Perfumery (1994) Ch 6 monograph, PDF p.260"
"Benzoin Resinoid, Siam",natural,,Basic,2,,,,,"Golden brown, resinous solid or semi-solid",No special precautions,Stable,,"In carefully controlled dosages, as a fixative for light, floral perfumes. Excessive proportions of Benzoin Resinoid in a perfume give rise to suppression of the fragrance and the appearance of a note of Friar's Balsam",,"The solidified, pathological secretion produced on incising the bark of the small tree, Styrax tonkinensis",Laos,"Extraction with volatile, hydrocarbon solvents","Coniferyl benzoate, vanillin, benzoic acid, odourless resin No recommended restrictions","Compare the fixative effect of 5% Benzoin Resinoid in a Carnation base (page 444), with the same perfume without the resinoid","Curtis & Williams, An Introduction to Perfumery (1994) Ch 6 monograph, PDF p.260"
Bergamot Oil,natural,,Top,3,FRE SHP LEM,SWE RIC HER PPR FLO,NON HER DRY (18 hours),,"Orange to yellowish green, mobile liquid",Refrigerate,"Sensitive to oxidation; perfume compounds containing Bergamot Oil must be stored in tightly closed containers, in a cool place","In perfumes for products intended for applications to areas of the skin exposed to sunshine, excluding preparations which are washed off the skin, not more than the equivalent of 75 parts per million (ppm) of 5-methoxypsoralen in the perfume compound","Usually as the furanocoumarin- (5-methoxypsoralen-) free, or terpeneless, oil. Used very widely in Eau de Cologne, masculine colognes and other toilet waters, also in Chypre, and many other masculine and feminine fragrance types to impart freshness and sweetness in the top note",,"Outer rind of freshly picked fruits of Citrus bergamia, grafted onto Bitter Orange tree stubs","Southern Italy, Morocco, Guinea",Expression,"Limonene, linalool, linalyl acetate, geranial, neral, alpha- terpineol, terpinen-4-ol, aldehydes C9, CIO, furanocoumarins (methoxypsoralens)","With methyl anthranilate Birch Tar Oil, Rectified","Curtis & Williams, An Introduction to Perfumery (1994) Ch 6 monograph, PDF p.261"
"Birch Tar Oil, Rectified",natural,,Basic,5,DIF PHE SMK,SWE PHE OLY,WRM PHE WDY (5 days),,"Pale yellow to brown, mobile liquid",No special precautions,May give rise to discoloration in the presence of traces of iron,,"In traces, for 'smoky' effects in Chypre and and in Leather bases",,"The bark of birch trees, various species of Betula",CIS,"Steam distillation of birch tar, produced by pyrolysis of birch bark","Cresols, xylenols, creosol, No recommended restrictions","As a 5% solution, with gamma-methyl ionone","Curtis & Williams, An Introduction to Perfumery (1994) Ch 6 monograph, PDF p.261"
Cananga Oil,natural,,Middle,4,,,,,"Yellow to greenish yellow, mobile liquid",No special precautions,Stable,No recommended restrictions,"Largely in soap perfumery, in floral fragrances such as Jasmin, Lilac and Hyacinth, also in Oriental-type perfumes",,Flowers of Cananga odorata,Indonesia,Continuous water distillation (compare Ylang-Ylang Oil),"Linalool, linalyl acetate, benzyl acetate, eugenol, methyl benzoate, methyl salicylate","Carefully establish the optimum level of Ylang-Ylang Oil Extra, to give observable 'lift' to an experimental Jasmin base (page 448), then compare with the effect of the same proportion of Cananga Oil in the same base. Compare also the effect of the same proportion of Ylang-Ylang Oil, No. 3 (see monograph) Carrot Seed Oil","Curtis & Williams, An Introduction to Perfumery (1994) Ch 6 monograph, PDF p.262"
Carrot Seed Oil,natural,,Top,5,,,,,"Yellow to orange brown, mobile liquid",No special precautions,Stable,,"Usually in traces, in Chypre, Oriental and floral- aldehydic perfume compositions",,Dried seeds of Daucus carota,"France, Holland",Steam distillation,"Carotol, daucol, geraniol, geranyl acetate, I-limonene, alpha- and beta-pinenes, caryophyllene, caryophyllene oxide, sabinene No recommended restrictions","As a 10% solution, with beta-ionone","Curtis & Williams, An Introduction to Perfumery (1994) Ch 6 monograph, PDF p.262"
"Cassia Oil, Rectified",natural,,Middle,3,SWE WRM SPI,SWE SPI WDY RES,Little change (3 days),,"Pale to dark yellow, slightly viscous liquid",No special precautions,May give rise to discoloration with traces of iron. Content of cinnamic aldehyde readily oxidises to almost odourless cinnamic acid,Not over 1% in a perfume compound,Mainly as an ingredient of heavier types of perfumes for toilet soaps. Used also for the isolation of cinnamic aldehyde,,Leaves and twigs of Cinnamomum cassia,"People's Republic of China, India",Steam distillation,"Cinnamic aldehyde, cinnamyl alcohol, phenylpropyl acetate, salicylic aldehyde, benzaldehyde, eugenol, coumarin, methyl benzoate",With Vertenex (IFF) Cassie Absolute,"Curtis & Williams, An Introduction to Perfumery (1994) Ch 6 monograph, PDF p.263"
Cassie Absolute,natural,,Basic,3,FLO HER,WRM FLO SPI PDR,WRM SPI Fry (24 hours),,"Yellow to pale brown, viscous liquid",Cool place essential,Stable,No recommended restrictions,"In fine fragrance, usually as a supporting note to increase floral impact",,Flowers of cultivated frees of Acacia famesiana,"France, Morocco, Egypt",Extraction of Cassie Concrete with ethanol,"Alpha-ionone, beta-ionone, benzaldehyde, benzyl acetate, geranial, anisaldehyde, aldehydes C6, C7, C8 and C9, geranyl acetate, methyl salicylate","As a 10% solution, with alpha-ionone","Curtis & Williams, An Introduction to Perfumery (1994) Ch 6 monograph, PDF p.263"
Castoreum Tincture,natural,,Basic,3,,,,,"Brown, mobile liquid",In tightly closed containers to prevent evaporation of alcohol,Stable,,In small dosages as a fixative in Oriental-type perfumes and heavy Chypres; in larger proportions as a basic ingredient of 'leather' fragrances,,"The dried oil glands of the beaver, Castor fiber","Canada, CIS",Maceration with ethanol,"Phenols, para-methoxyacetophenone, benzyl esters, salicylic aldehyde, ionone derivatives, derivatives of pyazine and other nitrogen-containing constituents No recommended restrictions","With Sandalwood Oil, East Indian, containing 2% of gamma- methyl ionone Cedarwood Oil, Virginian, Rectified","Curtis & Williams, An Introduction to Perfumery (1994) Ch 6 monograph, PDF p.264"
"Cedarwood Oil, Virginian, Rectified",natural,,Top,3,,,,,"Colourless or very pale yellow, slightly viscous liquid","Avoid cold storage, to prevent crystallisation of cedrol",Stable,,"As a fixative in woody perfumes for household products, and in soap perfumery",,Sawdust of Juniperus virginiana,USA,Steam distillation,"Cedrol, cedrenol, cedrene No recommended restrictions",With gamma-methyl ionone,"Curtis & Williams, An Introduction to Perfumery (1994) Ch 6 monograph, PDF p.264"
Celery Seed Oil,natural,,Basic,5,SPI DIF,SPI WRM RIC,DRY WRM SPI RIC (36 hours),,"Pale yellow to golden yellow, mobile liquid",Cool place essential,Stable,No recommended restrictions,"In small dosages, to impart warmth to heavy floral fragrances, such as Tuberose and Gardenia, and to Oriental-type compositions",,Crushed seeds of Apium graveolens,"France, Holland, People's Republic of China, India",Steam distillation,"d-Limonene, selinene, sedanolide, sedanolic acid anhydride, 3-butylidene phthalide, caryophyllene","As a 10% solution, with Labdanum Absolute or Resinoid Chamomile Oil, German","Curtis & Williams, An Introduction to Perfumery (1994) Ch 6 monograph, PDF p.265"
"Chamomile Oil, German",natural,,Middle,4,SWE HER FRU,SWE HAY TOB,TOB HER DRY (48 hours),,"Deep blue, mobile liquid",No special precautions,Stable,,"In traces, for imparting long-lasting, special herbal notes to almost any perfume",,Dried flowers of Chamomilla recutita,"Germany, Hungary, CIS",Steam distillation,"Bisabolol oxide, farnesene, farnesol, nerolidol, cineole, pulegone, borneol, chamazulene No recommended restrictions","As a 10% solution, in a Jasmin base (page 448). Compare the effect with that of a 10% solution of Roman Chamomile Oil, in the same proportion in the same base, in a parallel experiment","Curtis & Williams, An Introduction to Perfumery (1994) Ch 6 monograph, PDF p.265"
"Chamomile Oil, Roman",natural,,Top,4,,,,,"Pale blue, mobile liquid",No special precautions,Stable,,"In small dosages, in Oriental-type compositions and in certain florals as, for example, Carnation",,Florets of Anthemis nobilis,"England, Belgium, France",Steam distillation,"Esters of angelic and tiglic acids, chamazulene No recommended restrictions","As a 10% solution, in a Jasmin base (page 448). Compare the effect with that of 10% solution of German Chamomile Oil, in the same proportion, in the same base, in a parallel experiment Cinnamon Bark Oil","Curtis & Williams, An Introduction to Perfumery (1994) Ch 6 monograph, PDF p.266"
Cinnamon Bark Oil,natural,,Middle,3,,,,,"Pale yellow to brown-yellow, slightly viscous liquid",No special precautions,Stable,,"In small dosages in Oriental compositions, in certain florals as, for example, Carnation, and in traces as a general floraliser",,"Dried, inner bark of coppiced trees of Cinnamomum zeylanicum","Sri Lanka, Indonesia",Steam distillation,"Cinnamic aldehyde, eugenol, eugenyl acetate, cinnamyl acetate, benzaldehyde, caryophyllene, humulene Not over 1 % in a perfume compound","As a 10% solution, in a Carnation base (page 444)","Curtis & Williams, An Introduction to Perfumery (1994) Ch 6 monograph, PDF p.266"
Cistus Oil,natural,,Basic,5,DRY HER AMB,RIC WRM AMB BAL,DRY BAL AMB WDY,,"Golden yellow, somewhat viscous liquid",No special precautions,Stable,,"In traces, in perfumes for masculine colognes, where it blends well with Lavender and spicy notes",,"The product commonly known as 'Cistus Oilt is obtained from crude Labdanum, the natural oleoresin of Cistus ladaniferus. True Cistus Oil is obtained from the aerial parts of the plant",Spain,Steam distillation,"2,2,6-trimethylcyclohexanone, verbenone, bornyl acetate, alpha-pinene, para-cymene, camphene No recommended restrictions","As a 5% solution, with Lavender Oil Citronella Oil, Ceylon","Curtis & Williams, An Introduction to Perfumery (1994) Ch 6 monograph, PDF p.267"
"Citronella Oil, Ceylon",natural,,Top,4,FREGRN WDY,WDY CAM FLO ROS,WDY ROS HER (3 days),,"Yellow to brownish yellow, mobile liquid",No special precautions,Stable,,"In perfumes for household products, such as cleansing agents, floor polishes, detergents and soaps, and in industrial perfumes",,"Dried leaves of the grass, Andropogon nardus",Sri Lanka,Steam distillation,"Geraniol, citronellal, citronellol, methyl eugenol, camphene, borneol No recommended restrictions","With terpinyl acetate. Compare the effect with that of (a) Citronella Oil, Java and (b) Eucalyptus citriodora Oil, in parallel experiments","Curtis & Williams, An Introduction to Perfumery (1994) Ch 6 monograph, PDF p.267"
"Citronella Oil, Java",natural,,Middle,4,,,,,"Colourless to pale yellow, mobile liquid",No special precautions,Stable,,"In perfumes for household products, such as cleansing agents, floor polishes, detergents and soaps, and in industrial perfumes",,"Dried leaves of the grass, Andropogon nardus","China, Indonesia, Malaysia, Guatemala",Steam distillation,"Ciü•onellal, geraniol, citronellol, elemol No recommended resfrictions","With terpinyl acetate. Compare the effect with that of (a) Citronella Oil, Ceylon and (b) Eucalyptus citriodora oil, in parallel experiments Civet Tincture","Curtis & Williams, An Introduction to Perfumery (1994) Ch 6 monograph, PDF p.268"
Civet Tincture,natural,,Basic,3,,,,,"Pale brown, mobile liquid","In tightly closed containers, to prevent evaporation of alcohol",Stable,,"To impart lift and fixation to delicate floral fragrances, such as Lily-of-the-Valley, and in Chypre-type perfumes",,"The dried abdominal gland of male and female civets, Viverra civetta","Ethiopia, India, People's Republic of China",Maceration with ethanol,"Civetone, civetol and other macrocyclic compounds; skatole No recommended restrictions",Determine the maximum percentage by weight of Civet Tincture of known strength that can be incorporated into an experimental Lily-of-the-Valley base (page 450) without the Civet note becoming consciously perceptible,"Curtis & Williams, An Introduction to Perfumery (1994) Ch 6 monograph, PDF p.268"
Clary Sage Oil,natural,,Middle,3,SWE LHT HER AMB,SOF HER AMB,DRY WDY CED (48 hours),,Colourless to pale yellow liquid,No special precautions,Stable,,"For its distinctive notes, and as a fixative, in Chypre, Oriental and herbal perfume types; also, in very small dosages, as a blender in almost any perfume",,Aerial parts of Salvia sclarea,"Europe, CIS, USA",Steam distillation,"Linalool, linalyl acetate, caryophyllene, geranyl acetate, sclareol, trans-hex-2-en-1-al, methyl hexyl ether, borneol, iso- borneol No recommended restrictions",With Bergamot Oil Clove Bud Oil,"Curtis & Williams, An Introduction to Perfumery (1994) Ch 6 monograph, PDF p.269"
Clove Bud Oil,natural,,Middle,3,FRE FRU SPI,SWE RIC SPI WDY,CLV BAL FRU (72 hours),,"Almost colourless to pale brown, mobile liquid",In tightly sealed containers; avoid contact with iron,"Stable, but gives rise to discoloration in the presence of iron",,"In spicy and Carnation perfumes, also, in small dosages, for imparting richness to almost any perfume",,"Comminuted, sun-dried, unopened flower buds of Eugenia caryophyllata","Zanzibar, Madagascar, Comoro Islands",Water distillation (in countries to which cloves are exported),"Eugenol, derivatives of eugenol, caryophyllene, methyl amyl ketone No recommended restrictions","With iso-amyl salicylate. Compare the effect with that of Clove Leaf Oil, rectified, in a parallel experiment","Curtis & Williams, An Introduction to Perfumery (1994) Ch 6 monograph, PDF p.269"
"Clove Leaf Oil, Rectified",natural,,Middle,3,,,,,"Pale yellow, mobile liquid",In tightly sealed containers; avoid contact with iron,"Stable, but gives rise to discoloration in the presence of iron",No recommended restrictions,"In spicy perfumes for brown toilet soaps, where inevitable darkening, due to oxidation of eugenol in the presence of an alkali, is rendered imperceptible by the brown colouring. Used also for the isolation of eugenol, from which iso-eugenol may be manufactured",,Leaves of Eugenia caryophyllata,Madagascar,Water distillation,"Eugenol, derivatives of eugenol, caryophyllene, methyl amyl ketone",With iso-amyl salicylate. Compare the effect with that of Clove Bud Oil in a parallel experiment Clove Stem Oil,"Curtis & Williams, An Introduction to Perfumery (1994) Ch 6 monograph, PDF p.270"
Clove Stem Oil,natural,,Middle,3,,,,,"Colourless to pale yellow, mobile liquid",In tightly sealed containers; avoid contact with iron,Stable,No recommended restrictions,"For spicy notes in Oriental-type perfumes and in spicy, masculine fragrances. Used also for the isolation of eugenol",,Sun-dried flower stalks of Eugenia caryophyllata,Zanzibar,Steam distillation,"Eugenol, derivatives of eugenol, caryophyllene, methyl amyl ketone",With linalool,"Curtis & Williams, An Introduction to Perfumery (1994) Ch 6 monograph, PDF p.270"
Coriander Oil,natural,,Top,4,SPI PPR WDY,WDY FLO SPI,NON (18 hours),,"Colourless to pale yellow, mobile liquid",No special precautions,Stable,,"In floral compositions, such as Jasmin, Lilac and Honeysuckle, also in Oriental-type perfume compositions",,"Crushed, fully ripe fruits of Coriandrum sativum","CIS, Holland, India, South America","Steam distillation, with cohobation","Linalool, linalyl acetate, geraniol, geranyl acetate, camphor, pinene, limonene, para-cymene No recommended restrictions","As a 10% solution, with Sandalwood Oil Davana Oil","Curtis & Williams, An Introduction to Perfumery (1994) Ch 6 monograph, PDF p.271"
Davana Oil,natural,,Middle,4,HER BAL CAM GRN,HER BAL,BAL (30 hours),,"Golden yellow, slightly viscous liquid",No special precautions,Stable,,"In perfumes for masculine colognes, and in Chypre, Fou@re and Oriental fragrance types",,Aerial parts of Artemisia pallens,Southern India,Steam distillation,"Isomers of davanone, allo-davanone, artemone No recommended restrictions","As a 20% solution, with Lavender Oil. Compare the effect with that of Artemisia Oil, in 20% solution, in a parallel experiment","Curtis & Williams, An Introduction to Perfumery (1994) Ch 6 monograph, PDF p.271"
"Elemi Resinoid, Prepared",natural,,Middle,3,,,,,"Clear, pale yellow to yellow, solid mass",No special precautions,Stable,,As a freshening fixative for citrus compositions and Eaux de Cologne; also in,,The pathological exudate from Canarium commune,Philippine Islands,Extraction with volatile solvents,"Limonene, elemol, elemicin, phellandrenes, para-cymene, pinenes, sabinene, odourless resin No recommended restrictions","Try 0.5% and 1% as a fixative, with Lemongrass Oil of good quality, in parallel experiments Eucalyptus citriodora Oil","Curtis & Williams, An Introduction to Perfumery (1994) Ch 6 monograph, PDF p.272"
Eucalyptus citriodora Oil,natural,,Middle,4,,,,,"Colourless to pale yellow, mobile liquid",No special precautions,Stable,,"Largely for the isolation of citronellal, which may be converted into hydroxycitronellal. Used also as a freshening and lifting agent in soap perfumes",,Leaves of Eucalyptus citriodora,"South America, South Africa, Indonesia",Steam distillation,"Citronellal, cineole, citronellol, citronellyl acetate, caryophyllene, linalool No recommended restrictions","With terpinyl acetate. Compare the effect with that of (a) Citronella Oil, Ceylon, and (b) Citronella Oil, Java, in parallel experiments","Curtis & Williams, An Introduction to Perfumery (1994) Ch 6 monograph, PDF p.272"
"Eucalyptus globulus Oil, Rectified",natural,,Top,4,FRECNL,CNL,DRY ALD GRN (6 hours),,"Colourless, mobile liquid",No special precautions,Stable,No recommended restrictions,"As a freshening agent in perfumes for household products, and soaps, and in industrial perfumes. Also for the isolation of eucalyptol (1,8-cineole)",,Leaves of Eucalyptus globulus and Eucalyptus smithii trees,"Algeria, South America",Steam distillation,"Eucalyptol (cineole), para-cymene, alpha-pinene, myrcene, citronellal, linalool",With Lemongrass Oil Galbanum Oil,"Curtis & Williams, An Introduction to Perfumery (1994) Ch 6 monograph, PDF p.273"
Galbanum Oil,natural,,Top,5,FRE SHP GRN CON,GRN PIN WDY BAL AGR,DRY ERT SPI (24 hours),,"Colourless to pale yellow, mobile liquid","Cool place, in tightly sealed containers, under the smallest possible headspace",readily undergoes oxidation and Terpene content polymerisation on exposure of the oil to air,No recommended restrictions,"Very widely used, to contribute its characteristic green notes to 'green' perfume types; also, well concealed by other notes, to lend character to Chypre and and to impart nuances of natural greenness to Hyacinth, Narcissus and Gardenia compositions",,The natural oleo-gum-resin exuded by Ferula galbaniflua and certain other species of Ferula,"Iran, Lebanon, Turkey",Steam distillation (in countries into which crude Galbanum is imported),"Substituted pyrazines, delta-3-carene, thio-esters, beta-pinene, linalool, linalyl acetate","As a 10% solution, with Lavender Oil","Curtis & Williams, An Introduction to Perfumery (1994) Ch 6 monograph, PDF p.273"
"Galbanum Resinoid, Prepared",natural,,Basic,4,,,,,"Golden brown, viscous liquid or semi-solid","In tightly closed containers, to prevent loss of top notes from the content of essential oil",Stable,,"As a fixative for perfumes characterised by green notes as, for example, Hyacinth and Narcissus, also in Chypre, and Oriental-type perfumes",,The natural oleo-gum-resin exuded by Ferula galbaniflua and certain other species of Ferula,"Iran, Lebanon, Turkey",By admixture with a suitable plasticiser and filtration of the solution so produced,"Substituted pyrazines, pinenes, macrocyclic and other lactones, odourless gum and resin No recommended restrictions",With a 5% solution of phenylacetaldehyde in phenylethyl alcohol Geranium Oil,"Curtis & Williams, An Introduction to Perfumery (1994) Ch 6 monograph, PDF p.274"
Geranium Oil,natural,,Middle,4,,,,,"Pale yellow to pale green, mobile liquid",No special precautions,Stable,,"In Rose and other florals, and in non-floral perfumes, for augmenting floral power and depth. Frequently used in perfumes for toilet preparations",,Leaves and green branches of Pelargonium graveolens,"Réunion, Algeria, Morocco",Steam distillation,"Geraniol, geranyl formate, citronellol, citronellyl formate, geranyl tiglate, linalool, alpha-terpineol, menthone, iso- menthone No recommended restrictions","Using a 10% solution, with phenylethyl alcohol","Curtis & Williams, An Introduction to Perfumery (1994) Ch 6 monograph, PDF p.274"
Guaiacwood Oil,natural,,Middle,2,SOF SWE ROS,SWE ROS WDY,NON (48 hours),,"Pale brown, crystalline mass",No special precautions,Stable,,"As a blender and fixative for woody-floral perfumes for almost any type of product, from toilet soap up to fine fragrance. Used also for the isolation of guaiol, from which guaiyl acetate may be manufactured",,Finely comminuted wood of Bulnesia sarmienti,"Argentina, Paraguay",Steam distillation,"Guaiol, guaiene No recommended restrictions",With gamma-methylionone Immortelle Absolute,"Curtis & Williams, An Introduction to Perfumery (1994) Ch 6 monograph, PDF p.275"
Immortelle Absolute,natural,,Basic,3,SWE HER,HER FLO WDY HAY,SPI FRU (5 days),,"Dark brown to olive green, very viscous liquid",No special precautions,Stable,,"As a blender in Rose and Oriental-type perfumes, and in masculine fragrances to impart sweet, honey-like notes. In Chypre, and other fragrance types",,Flowers of Helichrysum angustifolium,"France, Spain, Italy",Extraction of Immortelle Concrete with ethanol,"Eugenol, linalool, substituted unsaturated diketones, alpha- pinene No recommended restrictions",As a 5% solution with a Rose Base (page 453),"Curtis & Williams, An Introduction to Perfumery (1994) Ch 6 monograph, PDF p.275"
Jasmin Absolute,natural,,Middle,3,,,,,"Reddish brown, rather viscous liquid","Cool place essential to preserve quality of this expensive, but regularly used, absolute",Content of indole may give rise to discoloration,,"In fine fragrance as an ingredient of almost every kind of feminine perfume and, at lower dosage levels, in fine masculine fragrances. Very frequently in combination with Rose Otto and/or Rose Absolute, to provide the floral heart of a composition",,Freshly picked flowers of Jasminum officinalis,"France, Egypt, Italy, People's Republic of China",Extraction of Jasmin Concrete with ethanol,"Benzyl acetate, benzyl alcohol, benzyl benzoate, linalool, eugenol, indole, cis-jasmone, cis-phytol and phytyl acetate, methyl jasmonate, cis-hex-3-en-1-yl benzoate, jasmin lactone, 8-geranyl-linalool No recommended restrictions","As a 10% solution, with a 10% solution of Rose de Mai Absolute Juniper Berry Oil","Curtis & Williams, An Introduction to Perfumery (1994) Ch 6 monograph, PDF p.276"
Juniper Berry Oil,natural,,Middle,4,,,,,"Colourless to very pale yellow, mobile liquid",No special precautions,Stable,,"For introducing sweet, balsamic notes into conifer, Chypre and Fou@re-type perfumes for masculine lotions and room fresheners",,"Crushed, partially dried, ripe fruits of Juniperus communis","Europe, India, North America",Steam distillation,"Pinenes, myrcene, camphene, delta-3-carene, para-cymene, bornyl acetate, alpha-terpineol, terpinenol-4, limonene, cadinene No recommended restrictions",With linalool,"Curtis & Williams, An Introduction to Perfumery (1994) Ch 6 monograph, PDF p.276"
Labdanum Resinoid,natural,,Basic,3,Very little of distinction,SWE BAL AMB,DRY WDY AMB (3 days),,"Very dark brown, viscous liquid",No special precautions,Stable,,"As a fixative, blender and sweetening agent for Chypre, and other non-floral fragrance types, also for Oriental-type perfumes",,The natural resinous exudate from Cistus ladaniferus,Spain,"Immersion in boiling water, followed by clarification","2,6,6-Trimethylcyclohex-3-en-1-one, ethyl dihydrocinnamate, derivatives of acetophenone, 1- and 2-phenylethyl alcohols, benzyl alcohol, rose oxides, 3,7-dimethylocta-2,5,7-trien-1-ol, odourless resin No recommended restrictions",With isobornyl acetate Lavandin Oil,"Curtis & Williams, An Introduction to Perfumery (1994) Ch 6 monograph, PDF p.277"
Lavandin Oil,natural,,Top,4,FRE CNL,RIC HER LVD WDY,DEL HER (24 hours),,"Colourless to pale yellow, mobile liquid",No special precautions,Stable,,"For its fresh, herby notes in perfumes for toilet soaps, also for household products, such as detergents and air fresheners",,Aerial parts of Lavandula hybrida,"France, Spain",Steam distillation,"Linalool, linalyl acetate, cineole, camphor, ethyl amyl ketone, lavandulol, lavandulyl acetate, borneol, pinene, camphene No recommended restrictions",With Patchouli Oil,"Curtis & Williams, An Introduction to Perfumery (1994) Ch 6 monograph, PDF p.277"
Lavender Absolute,natural,,Middle,3,,,,,"Dark green, semi-liquid or solid",No special precautions,Stable,,"In Chypre, Eaux de Cologne, woodland and herbal fragrances",,Aerial parts of Lavandula officinalis,Southern France,Extraction of Lavender Concrete with ethanol,"Linalool, linalyl acetate, coumarin No recommended restrictions",With geraniol Lavender Oil,"Curtis & Williams, An Introduction to Perfumery (1994) Ch 6 monograph, PDF p.278"
Lavender Oil,natural,,Top,4,,,,,"Colourless to pale yellow, mobile liquid",No special precautions,Stable,,"In Chypre, and Eaux de Cologne, also in many other perfume types for the freshness it confers upon the top note",,Aerial parts of Lavandula officinalis,"Southern France, Bulgaria, Italy, Tasmania",Steam distillation,"Linalool, linalyl acetate, linalyl propionate, ethyl amyl ketone, limonenes, pinene, caryophyllene, cineole, lavandulyl acetate No recommended restrictions",With Musk T (Takasago),"Curtis & Williams, An Introduction to Perfumery (1994) Ch 6 monograph, PDF p.278"
"Lavender Oil, Spike",natural,,Top,4,FRE CAM,CAM HER LVD,None perceptible (36 hours),,"Colourless to pale yellow, mobile liquid",No special requirements,Stable,,"In perfumes for air fresheners, insecticides and disinfectants, and for household products, also in perfumes for toilet soaps",,Flowering tops of Lavandula latifolia,"France, Spain, Italy",Steam distillation,"Linalool, camphor, pinenes, camphene, cineole, terpinenol-4, alpha-terpineol, geraniol, borneol No recommended restrictions","With iso-amyl salicylate Lemongrass Oil, Rectified","Curtis & Williams, An Introduction to Perfumery (1994) Ch 6 monograph, PDF p.279"
"Lemongrass Oil, Rectified",natural,,Middle,4,FRE crr LEM,LEM GRE Fry HER,FRE LEM FRU (48 hours),,"Yellow to amber, very slightly viscous liquid",No special precautions,"Stable, excepting in alkaline or acidic media",,"Mainly as an ingredient of industrial perfumes. May be used also for the isolation of citral, itself a perfume ingredient, which is readily transformed into a variety of pseudo-ionones, from which the corresponding ionones may be prepared",,Fresh or partially dried leaves of Cymbopogon citratus,"India, Africa, Central America",Steam distillation,"Citral, 6-methylhept-5-en-2-one, myrcene, linalool, geranyl acetate No recommended restrictions",With terpinyl acetate. Compare the effect with that of Litsea cubeba Oil in a parallel experiment,"Curtis & Williams, An Introduction to Perfumery (1994) Ch 6 monograph, PDF p.279"
"Lemon Oil, Cold Pressed",natural,,Top,3,,,,,"Pale yellow to greenish yellow, mobile liquid","Best preserved under a nitrogen blanket, in a cool place","Stable, but deteriorates rapidly on exposure to air",,"In citrus and other Eaux de Cologne and toilet waters; also, more generally, as a freshening top note component",,Outer rind of the fruits of Citrus limonum,"Italy, USA, South Africa, Cyprus",Expression,"Citral, d-limonene, linalool, aldehydes C8, CIO, C12, pinenes, alpha-terpineol, citronellol, geranyl acetate, furanocoumarins In perfumes for products intended for applications to the skin exposed to sunshine, excluding preparations which are washed off the skin, not more than 10% of Lemon Oil in a perfume compound","With Petitgrain Oil, Paraguay or Bigarade Lime Oil, Distilled","Curtis & Williams, An Introduction to Perfumery (1994) Ch 6 monograph, PDF p.280"
"Lime Oil, Distilled",natural,,Top,4,,,,,"Colourless to pale yellow, mobile liquid","Essential to store in a cool place, in tightly closed containers","Stable, but deteriorates rapidly on exposure to air",,In perfumes for Eaux de Cologne and other toilet waters,,"Outer rind of the fruits, also juice, of Citrus aurantifolia",West Indies,Steam distillation of crushed peel and juice,"Citral, aldehydes C8, C9, and CIO, alpha-terpineol, geraniol, geranyl acetate, linalool, cineole, pinenes, para-cymene, terpinolene No recommended restrictions",With a 10% solution of Coriander Oil in linalool,"Curtis & Williams, An Introduction to Perfumery (1994) Ch 6 monograph, PDF p.280"
Litsea cubeba Oil,natural,,Middle,4,FRE LEM,SWE FRE LEM,SHP LEM (48 hours),,"Pale yellow, mobile liquid",No special precautions,"Stable, except in alkaline or acidic media",No recommended restrictions,"Mainly as an ingredient of perfumes for household products and industrial perfumes. May be used also for the isolation of citral, from which ionones and their derivatives may be manufactured",,Fruits of Litsea cubeba,"People's Republic of China, Japan",Steam distillation,"Citral, limonene, cineole, citronellal, caryophyllene",With a 20% solution of methyl anthranilate in terpinyl acetate Mandarin Oil,"Curtis & Williams, An Introduction to Perfumery (1994) Ch 6 monograph, PDF p.281"
Mandarin Oil,natural,,Top,3,SWE FRU,SWE SOF FRU ORS,NON (6 hours),,"Yellow to orange-brown, mobile liquid","Cool place, in tightly sealed containers","Stable, but deteriorates fairly rapidly on exposure to air",,As a modifier of citrus notes in Eaux de Cologne and other toilet waters,,Outer rind of the fruits of Citrus reticulata,"Italy, Cyprus, Spain",Expression,"Gamma-terpinene, methyl-N-methyl anthranilate, limonene, pinenes, myrcene, aldehydes C8, C C 10' 12 No recommended restrictions",With a 20% solution of methyl anthranilate in linalyl acetate,"Curtis & Williams, An Introduction to Perfumery (1994) Ch 6 monograph, PDF p.281"
Mimosa Absolute,natural,,Top,3,,,,,"Yellow to amber, very viscous, syrupy liquid",No special precautions,Stable,,"In Muguet, Lilac and Violet bases, also as a lifting and harmonising agent in many perfume types",,Flowers of Acacia dealbata,Southern France,Extraction of Mimosa Concrete with ethanol,"Phenylethyl alcohol, aldehydes C9 and C 10, cis-hex-3-en-l-yl acetate, benzaldehyde, linalool, ethyl benzoate, anethole, cis- jasmone, anisaldehyde, 2-trans-6-cis-nonadien-1-al No recommended restrictions",With a mixture of equal parts of Lyral (IFF) and I-citronellol Musk Tincture,"Curtis & Williams, An Introduction to Perfumery (1994) Ch 6 monograph, PDF p.282"
Musk Tincture,natural,,Top,4,,,,,"Brown, mobile liquid","In tightly closed containers, to prevent evaporation of alcohol",Stable,,"In small dosages, as a radiating fixative for almost any fine fragrance composition",,"Abdominal gland of the male musk deer, Moschus moschiferus","Himalayas, Southern China, Tibet",Maceration with ethanol,"Muscone, muscol, muscopyridine, muscopyran, and other macrocyclic compounds No recommended restrictions","With a Rose base (page 453), just above the minimum level of conscious perception. Allow the experiment to stand for one month at ordinary temperature, together with a control without Musk, then compare, for fixative effect","Curtis & Williams, An Introduction to Perfumery (1994) Ch 6 monograph, PDF p.282"
Myrrh Resinoid,natural,,Basic,3,LHT FRE SPI,WRM SPI BAL,No further change (24 hours),,"Dark or orange brown, extremely viscous liquid",No special precautions,Stable,,"In Oriental, Chypre, conifer and woody type perfumes, as a fixative adding sweetness and depth to the composition",,The natural oleo-gum-resin exuded from Commiphora molmol and other species of Commiphora,"Saudi Arabia, Ethiopia",Extraction with volatile solvents,"Curzerene, curzerenone, lindestrene, dihydropyrocurzerenone, alpha-copaene, bourbonene, beta-elemene, odourless resin No recommended restrictions","With a Tuberose base (page 455), for comparison of the effect with that of Opoponax Resinoid in a parallel experiment Neroli Oil, Bigarade","Curtis & Williams, An Introduction to Perfumery (1994) Ch 6 monograph, PDF p.283"
"Neroli Oil, Bigarade",natural,,Top,4,LHTFLO BIT,FLO HER GRN,FLO OFL (18 hours),,"Pale yellow, mobile liquid",Nitrogen blanket preferable; essential when storing large quantities,Deteriorates rapidly if exposed to air and/or sunlight,,"In fine perfumery, as an almost irreplaceable ingredient of Eaux de Cologne, and of the top note complex of fine perfumes, to which it imparts freshness and lightness of a distinctive character",,"Flowers of cultivated trees of Citrus aurantium, var amara","Southern France, Tunisia, Italy",Water distillation,"Linalool, linalyl acetate, methyl anthranilate, citral, nerol, farnesol, alpha-terpineol, limonene, pinenes, gamma-terpinene No recommended restrictions","(a) With Lavender Oil; and (b) with an Orange Blossom base (page 452). In both (a) and (b), compare the effects of Orange Flower Absolute with those of Neroli Oil, in parallel experiments","Curtis & Williams, An Introduction to Perfumery (1994) Ch 6 monograph, PDF p.283"
Oakmoss Absolute,natural,,Basic,3,,,,,"Dark green, almost solid, amorphous mass, developing colourless needle crystals in the headspace",No special precautions,Stable,,"To impart richness, depth and fixation, together with its unique fragrance character, in Chypre and compositions. Oakmoss also finds applications in aldehydic, Oriental, conifer-type and woody perfumes and toilet waters for feminine or masculine use",,"The lichen, Evernia prunastri",Central and Southern Europe,Extraction of Oakmoss Concrete with ethanol,"Ethyl everninate, ethyl divaricatinate, ethyl haematommate, methyl beta-orcinol carboxylate, orcinyl monomethyl ether, borneol and esters of borneol, linalool, cineole Restricted to 3% in perfume compounds","With a 5% solution of coumarin in Lavender Oil, for comparison with the effect of Treemoss Absolute in a parallel experiment, within the IFRA-recommended limitation Olibanum Resinoid","Curtis & Williams, An Introduction to Perfumery (1994) Ch 6 monograph, PDF p.284"
Olibanum Resinoid,natural,,Basic,2,,,,,"Golden yellow to reddish brown, clear, viscous liquid",No special precautions,Stable,No recommended resü•ictions,"As a fixative, particularly in Oriental and spicy types of compositions",,The natural oleo-gum-resin exuded from Boswellia carterii and other species of Boswellia,"Oman, Somali Republic",Extraction with volatile hydrocarbons,"Pinenes, thujene, terpineol, methyl chavicol, para-cymene, terpinyl acetate, odourless resin",With a 5% solution of Cinnamon Bark Oil in Sandalwood Oil,"Curtis & Williams, An Introduction to Perfumery (1994) Ch 6 monograph, PDF p.284"
Opopanax Resinoid,natural,,Basic,3,FRE WRM SPI BAL,WRM BAL SPI FLO,WRM SPI RES (24 hours),,"Dark brown, resinous mass",No special precautions,Stable,,"Mostly in fine perfumery, as a fixative for heavier florals, in Oriental compositions and in powdery perfume bases",,The natural oleo-gum-resin exuded by Commiphora erythroea,Somali Republic,Extraction with volatile hydrocarbon solvents or ethanol,"Bisabolenes, alpha-elemene, caryophyllene, alpha- bergamotene, cadinene, odourless resin Only products obtained by extraction or steam distillation should be used",With a Tuberose base (page 455) Orange Flower Absolute,"Curtis & Williams, An Introduction to Perfumery (1994) Ch 6 monograph, PDF p.285"
Orange Flower Absolute,natural,,Middle,4,FRE FLO OFL,RIC HVY FLO OFL ANM,FLO HVY GRN ANM 24 hours,,"Dark or orange brown, rather viscous liquid",Tightly closed container and smallest feasible headspace,Slowly darkens; content of indole can give rise to discoloration,,"Mainly in fine perfumery for its fragrant bouquet, in many different types of compositions as, for example, floral, Eau de Cologne, Chypre and Oriental-type fragrances",,"Freshly picked flowers of cultivated trees of Citrus aurantium, var amara","France, Italy, South Africa",Extraction of Orange Flower Concrete with ethanol,"Linalool, linalyl acetate, methyl anthranilate, indole, farnesol, alpha-terpineol, nerolidyl acetate, linalool oxide, cis-jasmone, ocimene, limonene No recommended restrictions","(a) With Lavender Oil and (b) with an Orange Blossom experiment (page 452). In both cases, compare with the effects of Neroli Oil in parallel experiments","Curtis & Williams, An Introduction to Perfumery (1994) Ch 6 monograph, PDF p.285"
"Orange Oil, Sweet",natural,,Top,4,,,,,"Pale orange-yellow to brownish orange, mobile liquid","Cool place, tightly closed containers essential",Stable,,"In Eau de Cologne, Chypre, and aldehydic types of perfume compounds",,"Outer rind of the fruits of Citrus aurantium, var dulcis","USA, Spain, South Africa, Israel",Expression,"d-Limonene, citral, linalool, methyl anthranilate, aldehydes C8 and CIO, nerol, geraniol, alpha-terpineol No recommended restrictions",With methyl anthranilate Orris Oil (Orris 'Concrete'),"Curtis & Williams, An Introduction to Perfumery (1994) Ch 6 monograph, PDF p.286"
Orris Oil (Orris 'Concrete'),natural,,Top,4,,,,,"White, waxy solid",Cool place and tightly sealed container essential to preserve quality,Stable,,"In fine perfumery, where its distinctive odour lends character and quality to fragrances such as Violet and Mimosa. Notes of Orris are fundamental to the bouquet of many successful extrait perfumes and toilet waters",,"The finely comminuted rhizome of Iris pallida, peeled and dried for three years","France (from imported material), Morocco",Steam distillation in equipment designed to accommodate a solid distillate,"Isomers of irone, myristic acid, furfural, aldehydes C9, C 10 non-2-en-1-al, linalool, geraniol No recommended restrictions","As a 20% solution, with an accord of Rose, Jasmin and Orange Blossom. See experiments (pages 453, 448 and 452, respectively)","Curtis & Williams, An Introduction to Perfumery (1994) Ch 6 monograph, PDF p.286"
Palmarosa Oil,natural,,Middle,4,FRE FLO ROS,SWE ROS FRU,Geraniol OLY (48 hours),,"Pale yellow to olive green, mobile liquid",No special precautions,Stable,,"For its lingering rosy notes in many perfume types in soap or household product perfumery, and for the isolation of geraniol",,"Leaves of the grass, Cymbopogon motia",India,Steam or water distillation,"Geraniol, geranyl acetate, 6-methylhept-5-en-2-one, farnesol, linalool, caryophyllene No recommended restrictions",With Ylang-Ylang Oil No.3 Patchouli Oil,"Curtis & Williams, An Introduction to Perfumery (1994) Ch 6 monograph, PDF p.287"
Patchouli Oil,natural,,Basic,5,SWE RIC HER BAL,SWE CAM ERT WDY BAL,DRY WDY BAL SPI (4 days),,"Light to dark orange brown, slightly viscous liquid",No special precautions,Stable,,"For the varied and otherwise unobtainable effects to which this oil can give rise, usually in very small dosages, in combination with other materials. Frequently, in larger proportions, a fundamental note in Oriental-type perfumes.",,Dried and lightly fermented leaves of Pogostemon patchouli,"Indonesia, Malaysia, Seychelles",Steam distillation,"Norpatchoulenol, patchoulol, patchoulene, camphene, alpha- bulnesene, alpha-guaiene, caryophyllene, seychellene No recommended restrictions","As a 20% solution, with any of the suggested creative experiments (pages 443 to 456) or with accords of these experiments, such as Lily-of-the-Valley (page 450), or Rose (page 453) with Jasmin (page 448)","Curtis & Williams, An Introduction to Perfumery (1994) Ch 6 monograph, PDF p.287"
Peru Balsam Oil,natural,,Basic,3,,,,,"Colourless to pale yellow, somewhat viscous liquid",No special precautions,Stable,,"An excellent fixative of wide applications in Carnation and heavier florals, in Rose and Oriental fragrances",,The pathological oleoresin exuded from the Gunk of Myroxylon pereirae,El Salvador,High-vacuum dry distillation,"Benzyl benzoate, benzyl cinnamate, vanillin, cinnamyl alcohol, nerolidol, farnesol Recommended restriction: 2% in a perfume compound","With a Carnation base (page 444) Petitgrain Oil, Bigarade","Curtis & Williams, An Introduction to Perfumery (1994) Ch 6 monograph, PDF p.288"
"Petitgrain Oil, Bigarade",natural,,Top,4,,,,,"Pale yellow to amber, mobile liquid",No special precautions,Stable,,"In Eaux de Cologne, as a replacement for the very much more costly Neroli Oil, in Neroli perfume bases and fragrances",,"Leaves and green twigs of Citrus aurantium, var amara","Southern France, Tunisia, Italy",Steam distillation,"Linalool, linalyl acetate, geraniol, geranyl acetate, methyl anthranilate, limonenes No recommended restrictions",With Bergamot Oil,"Curtis & Williams, An Introduction to Perfumery (1994) Ch 6 monograph, PDF p.288"
"Petitgrain Oil, Paraguay",natural,,Top,4,BIT FLO SPI,SWE I-IVY FLO WDY,WRM CIT ORB HER 18 hours,,"Pale to dark yellow, mobile liquid",No special precautions,Stable,,"Very widely used in soap perfumery, in Eaux de Cologne, floral and Oriental compositions",,"Leaves and green twigs of cultivated trees of Citrus aurantium, var amara",Paraguay,Steam distillation,"Linalool, linalyl acetate, geraniol, geranyl acetate, methyl anthranilate, limonenes No recommended restrictions","With geranyl nitrile Pine Oil, Siberian","Curtis & Williams, An Introduction to Perfumery (1994) Ch 6 monograph, PDF p.289"
"Pine Oil, Siberian",natural,,Middle,4,FRE CON PIN,SWE PIN BAL OLY,OLY BAL FRU (48 hours),,"Colourless to pale yellow, slightly viscous liquid",No special precautions,Stable,,"In perfumes for foam bath, shower gels and other bathtime preparations, also household products",,"Needles and twigs of the tree, Abies sibirica",Northeastern CIS,Steam distillation,"Pinenes, myrcene, delta-3-carene, bornyl acetate, camphene, phellandrene, bisabolene Essential oils from the Pinus and Abies genera should be used only when they have a peroxide value of less than 10 millimoles of peroxide per litre, determined according to the Essential Oil Association method",With iso-amyl salicylate,"Curtis & Williams, An Introduction to Perfumery (1994) Ch 6 monograph, PDF p.289"
Rose de Mai Absolute,natural,,Middle,5,,,,,"Orange yellow, rather viscous liquid",No special precautions,Stable,,"In fine perfumery and, in small dosages, as a 'naturaliser' of Rose and other floral notes in perfumes for high quality mass- market perfumes as, for example, floral, aldehydic Oriental and Chypre types",,Freshly picked flowers of Rosa centifolia,"France, Morocco",Extraction of Rose de Mai Concrete with ethanol,"Geraniol, geranyl acetate, geranyl isobutyrate, phenylethyl acetate, citronellol, citronellyl acetate, phenylethyl alcohol, eugenol, linalool, nerol, rose oxides aldehydes C9 and CIO, beta-pinene, beta-farnesene No recommended restrictions","As a 10% solution, (a) with a Jasmin base (page 448) and (b) with Sandalwood Oil, East Indian Rosemary Oil","Curtis & Williams, An Introduction to Perfumery (1994) Ch 6 monograph, PDF p.290"
Rosemary Oil,natural,,Middle,4,,,,,"Colourless to pale yellow, mobile liquid",No special precautions,Stable,,"In Eaux de Cologne, Lavender and Oriental fragrances, also in fresh Pine, 'forest', Fougöre and Oriental perfumes for bathtime and household products",,Aerial parts of Rosmarinus officinalis,"Spain, Tunisia, France",Steam distillation,"Borneol, bornyl acetate, cineole, camphor, camphene, limonenes, alpha-terpineol, pinenes No recommended restrictions",With linalyl acetate,"Curtis & Williams, An Introduction to Perfumery (1994) Ch 6 monograph, PDF p.290"
Rose Otto,natural,,Middle,5,wxy ROS,RIC WXY ROS SPI CLO,ROS ALD (5 days),,"Pale yellow liquid, containing colourless, odourless, leafy crystals at cool temperatures. The product liquefies on a warm day, and solidifies to a crystalline mass on a cold day, the transition point being 21 oc for a genuine sample",No special precautions,Stable,,"A costly, but very cost-effective product, finding important, usually low-dosage, use in fine perfumery and in fragrances for mass-market products, to boost floral power and impart natural notes of Rose. Extremely versatile, usable in almost every type of perfume where it can be afforded",,Freshly gathered flowers of Rosa damascena,"Bulgaria, Turkey, CIS","Steam distillation, with cohobation","Citronellol, citronellyl acetate, geraniol, nerol and neryl acetates, phenylethyl alcohol, eugenol, aldehyde C9, rose oxides, rose furan, nerol oxide, beta-damascone, beta- damascenone No recommended restrictions","As a 10% solution, with a Rose base (page 453) Sandalwood Oil, East Indian","Curtis & Williams, An Introduction to Perfumery (1994) Ch 6 monograph, PDF p.291"
"Sandalwood Oil, East Indian",natural,,Basic,2,No distinctive top note,SOF SWE WDY BAL Fry,Little change over many days,,"Pale yellow to darker yellow, moderately viscous liquid",No special precautions,Stable,,"A superior fixative and blender for use, when affordable, in many perfume types, from florals to from aldehydics to Orientals. Only the cost of Sandalwood Oil, East Indian, restricts the use of this outstanding material",,"The comminuted heartwood of mature, cultivated trees of Santalum album",India,Steam distillation,"Alpha- and beta-santalols, alpha- and beta-santalenes, geraniol, citronellol, alpha-terpineol, para-methyl acetophenone, carvone No recommended restrictions","With a balanced blend of Rose and Jasmin bases (pages 453 and 448, respectively)","Curtis & Williams, An Introduction to Perfumery (1994) Ch 6 monograph, PDF p.291"
"Sandalwood Oil, West Indian (Amyris Oil)",natural,,Basic,2,,,,,"Pale yellow to brownish yellow, viscous liquid",No special precautions,Stable,,"As a fixative and blender, mainly for soap perfumes. Used also for the isolation of valerianol, from which nootkatone, used in perfumery for its Grapefruit-related note, is manufactured",,The comminuted heartwood of Amyris balsamifera,"Haiti, Dominican Republic",Steam distillation,"Elemol, eudesmol, valerianol, agarofuran No recommended restrictions","With iso-amyl salicylate, to evaluate the fixative power of this essential oil Styrax Oil","Curtis & Williams, An Introduction to Perfumery (1994) Ch 6 monograph, PDF p.292"
Styrax Oil,natural,,Middle,3,,,,,"Colourless to pale yellow, viscous liquid",No special precautions,Stable,,"In florals, such as Hyacinth, Lilac and Carnation",,The pathological oleoresin exuded from the trunk of the tree Liquidambar orientalis or Liquidambar styraciflua,"Anatolia, USA, Central America",Steam distillation,"Styrene, cinnamyl alcohol, esters of cinnamyl alcohol, ethyl cinnamate No recommended restrictions",With a Hyacinth base (page 447). Compare with the effect of the same proportion of Styrax Resinoid in the same base,"Curtis & Williams, An Introduction to Perfumery (1994) Ch 6 monograph, PDF p.292"
Styrax Resinoid,natural,,Basic,3,SWE BAL RES,SWE BAL FLO HCT,WRM BAL (3 days),,"Dark brown, highly viscous liquid",No special precautions,Stable,,"As a fixative for floral compositions, such as Hyacinth, Lilac and Carnation",,The pathological oleoresin exuded from the trunk of the tree Liquidambar orientalis or Liquidambar styraciflua,"Anatolia, USA, Central America",Extraction with volatile hydrocarbon solvents,"Styrene, cinnamyl alcohol, cinnamic acid, esters of cinnamyl alcohol and of cinnamic acid, vanillin, phenylpropyl alcohol, odourless resin Genuine gums and resins of Styrax should not be used as fragrance ingredients, but rather to use preparations free from allergens, eg, those resulting from neutralisation with aqueous alkali, followed by solvent extraction",With a Hyacinth base (page 447). Compare with the effect of the same proportion of Styrax Oil in the same base Tagetes Oil,"Curtis & Williams, An Introduction to Perfumery (1994) Ch 6 monograph, PDF p.293"
Tagetes Oil,natural,,Middle,4,FRU APL,WRM FRU APL HER,SWE HER MIN (48 hours),,"Golden yellow, slightly viscous liquid",Small headspace; tightly closed containers,Stable,,"In small dosages, in the creation of Apple and other fruity fragrance effects for toilet preparations",,Aerial parts of Tagetes glandulifera—the 'Khaki Bush',Southern Africa,Steam distillation,"linalool, cis-Tagetone, trans-tagetone, dihydrotagetone, ocimene No recommended restrictions","As a 10% solution, with Bergamot Oil","Curtis & Williams, An Introduction to Perfumery (1994) Ch 6 monograph, PDF p.293"
Tarragon Oil (Estragon Oil),natural,,Basic,4,,,,,"Colourless to pale yellow, mobile liquid",No special precautions,Stable,,"Usually in traces, for special effects in Chypre, and 'white flowers' perfume types",,"Aerial parts of the herb, Artemisia dracunculus",France,Steam distillation,"Estragole (methyl chavicol), limonenes, pinenes, sabinene, ocimene, methyl eugenol, elemicin No recommended restrictions","As a 10% solution, with Lavender Oil Thyme Oil, Rectified (White Thyme Oil)","Curtis & Williams, An Introduction to Perfumery (1994) Ch 6 monograph, PDF p.294"
"Thyme Oil, Rectified (White Thyme Oil)",natural,,Top,3,,,,,"Pale yellow, mobile liquid",Avoid contact with iron,Stable,,"To impart fresh and 'medicated' notes to perfumes for toilet soaps; also, in small dosages, in Eaux de Cologne and, in traces, for freshening top notes",,"Partially dried, aerial parts of the herb, Thymus vulgaris, and other species of Thymus","France, Spain",Water-and-steam distillation,"Thymol, alpha-terpineol, camphor, borneol, carvacrol, myrcene No recommended restrictions",With Bergamot Oil,"Curtis & Williams, An Introduction to Perfumery (1994) Ch 6 monograph, PDF p.294"
Tolu Balsam Oil,natural,,Basic,3,SPI PPR,RIC SWE BAL FLO,SWE SPI BAL FRU,,"Colourless to pale yellow, viscous liquid",No special precautions,Stable,No recommended restrictions,"In floral perfumes, such as Honeysuckle, Hyacinth, Gardenia and Tuberose, and as a fixative",,"Pathological oleoresin exuded from the trunk of the tree, Myroxylon toluifera","Colombia, Venezuela","Dry, vacuum distillation of the oleo-resin","Benzyl cinnamate, benzyl benzoate, cinnamyl alcohol, cinnamic aldehyde",With Musk T (Takasago) Tolu Balsam Resinoid,"Curtis & Williams, An Introduction to Perfumery (1994) Ch 6 monograph, PDF p.295"
Tolu Balsam Resinoid,natural,,Basic,3,SWE BAL,BAL VAN FLO,DRY BAL,,"Pale to dark brown, highly viscous liquid",No special precautions,Stable,No recommended restrictions,"As a fixative in floral, floriental, Chypre and Oriental-type perfume compositions, also an ingredient of perfume compounds for Eaux de Cologne and modern, masculine toilet waters",,"Pathological oleo-resin exuded from the trunk of the tree, Myroxylon toluifera","Colombia, Venezuela",Extraction with volatile hydrocarbon solvents,"Cinnamyl alcohol, cinnamic aldehyde, ethyl benzoate, benzyl benzoate, cinnamyl benzoate, benzyl cinnamate, vanillin",With an Orange Blossom base (page 452),"Curtis & Williams, An Introduction to Perfumery (1994) Ch 6 monograph, PDF p.295"
Tonka Absolute,natural,,Basic,3,,,,,Pale brown mass containing colourless crystals,No special precautions,Stable,,"In fine fragrance, as a fixative and contributory odour complex for Chypre, Tabac and Oriental-type compositions",,"The dried, comminuted seeds ('beans') of Dipteryx odorata","Brazil, Venezuela",Extraction of Tonka Concrete with ethanol,Coumarin No recommended restrictions,"As a 20% solution, with Lavender Oil Treemoss Absolute","Curtis & Williams, An Introduction to Perfumery (1994) Ch 6 monograph, PDF p.296"
Treemoss Absolute,natural,,Basic,3,,,,,"Green brown to brown, semi-solid mass",No special precautions,Stable,,"Largely in soap perfumery (if necessary as the decolorised absolute) as a fixative, and to supply the requisite 'mossy' notes in and related perfumes",,The lichens Pseudeverniafuffuracea and Usnea barbata,Central and Southern Europe,Extraction of Treemoss Concrete with ethanol,"Methyl beta-orcinol carboxylate, olivetonide Recommended restriction of 3% in a fragrance compound","With a 5% solution of coumarin in Lavender Oil, for comparison with the effect of Oakmoss Absolute in a parallel experiment","Curtis & Williams, An Introduction to Perfumery (1994) Ch 6 monograph, PDF p.296"
Tuberose Absolute,natural,,Middle,4,SWE FLO GRN,SWE 1--1VY FLO BAL,RIC FLO BIT GRN (24 hours),,"Brown, semi-solid mass",No special precautions,Stable,No recommended restrictions,"In fine fragrance, for sweet and heavy perfumes, such as Gardenia, Lilac and Plumeria, also in Oriental fragrances",,Freshly gathered flowers of Polyanthes tuberosa,"Southern France, Morocco, Republic of China",Extraction of Tuberose Concrete or pommade with ethanol,"Methyl benzoate, benzyl benzoate, methyl salicylate, methyl anthranilate, benzyl alcohol, alpha-terpineol, cineole, farnesol, macrocyclic lactones","As a 10% solution, with Lyral (IFF) Turpentine Oil","Curtis & Williams, An Introduction to Perfumery (1994) Ch 6 monograph, PDF p.297"
Vanilla Absolute,natural,,Basic,3,,,,,"Dark brown, transparent, viscous liquid",No special precautions,"Stable, but can cause discoloration in the presence of alkali or amines (anthranilates, indole etc)",,"In fine perfumery to impart sweetness, richness and depth to heavier florals and Oriental-type fragrances",,"Cured fruits ('beans') of cultivated plants of the orchid Vanilla planifolia, Vanilla pompona and Vanilla tahitensis","Madagascar, Réunion, East Africa, Tahiti",Solvent extraction of the dried fruits,"Vanillin, benzaldehyde, benzoic acid, salicylic aldehyde, 3,4- dihydroxy-benzaldehyde, 4-methoxybenzyl alcohol, ferulic acid No recommended restrictions",As a 10% solution with anisyl acetate Vetivert Oil,"Curtis & Williams, An Introduction to Perfumery (1994) Ch 6 monograph, PDF p.298"
Vetivert Oil,natural,,Basic,4,,,,,"Light amber to dark brown, viscous liquid",No special precautions,Stable,,"Excellent fixative and superior woody note, used in Chypre, woody bases, Oriental-type perfumes and certain florals, such as Rose, Violet and Orchid",,"Rootlets of Vetiveria zizanoides, soaked in water and chopped","Réunion, India, Haiti",Steam distillation,"'Vertiverol' (a mixture of sesquiterpene alcohols), alpha- and beta-vetivones, vetivenene, elemol, alpha-ylangene, khusimone No recommended restrictions",With iso-amyl salicylate,"Curtis & Williams, An Introduction to Perfumery (1994) Ch 6 monograph, PDF p.298"
Violet Leaf Absolute,natural,,Middle,5,GRN DIF,GRN FLO VIO,WDY ERT PDR (5 days),,"Dark green, viscous to mobile liquid",No special precautions,Stable,,"In very small dosages, for natural green effects in floral and almost any other type of perfume where this kind of nuance is required",,"The leaves of the plant, Viola odorata","Southern France, Northern Italy",Extraction of Violet Leaf Concrete with ethanol,"2-trans-6-cis-nonadien-1-al, cis-hex-3-en-1-ol, trans-hex-2- en-l-ol, dodecan-l-ol, cis-hex-3-en-1-yl formate, benzyl alcohol No recommended restrictions","As a 10% solution, with a Violet base (page 456)","Curtis & Williams, An Introduction to Perfumery (1994) Ch 6 monograph, PDF p.299"
