Constituent,Constituent_CAS,Natural,Min_Pct,Max_Pct,Source
Acetophenone,98-86-2,Cistus,0.0,2.2,"Tisserand & Young, Essential Oil Safety 2e (2014), Ch 14 profile 'Acetophenone', PDF p.1918"
Allyl isothiocyanate,57-06-7,Horseradish,44.3,55.7,"Tisserand & Young, Essential Oil Safety 2e (2014), Ch 14 profile 'Allyl isothiocyanate', PDF p.1920"
Allyl isothiocyanate,57-06-7,Mustard,23.2,68.8,"Tisserand & Young, Essential Oil Safety 2e (2014), Ch 14 profile 'Allyl isothiocyanate', PDF p.1920"
(E )-Anethole,4180-23-8,Anise,75.2,96.1,"Tisserand & Young, Essential Oil Safety 2e (2014), Ch 14 profile '(E )-Anethole', PDF p.1924"
(E )-Anethole,4180-23-8,Myrtle (aniseed),95.0,95.0,"Tisserand & Young, Essential Oil Safety 2e (2014), Ch 14 profile '(E )-Anethole', PDF p.1924"
(E )-Anethole,4180-23-8,Fennel (sweet),58.1,92.5,"Tisserand & Young, Essential Oil Safety 2e (2014), Ch 14 profile '(E )-Anethole', PDF p.1924"
(E )-Anethole,4180-23-8,Anise (star),71.2,91.8,"Tisserand & Young, Essential Oil Safety 2e (2014), Ch 14 profile '(E )-Anethole', PDF p.1924"
(E )-Anethole,4180-23-8,Fennel (bitter),52.5,84.3,"Tisserand & Young, Essential Oil Safety 2e (2014), Ch 14 profile '(E )-Anethole', PDF p.1924"
(E )-Anethole,4180-23-8,Betel,0.0,7.8,"Tisserand & Young, Essential Oil Safety 2e (2014), Ch 14 profile '(E )-Anethole', PDF p.1924"
(E )-Anethole,4180-23-8,Damiana,1.0,1.0,"Tisserand & Young, Essential Oil Safety 2e (2014), Ch 14 profile '(E )-Anethole', PDF p.1924"
(Z )-Anethole,25679-28-1,Fennel (sweet),0.0,0.7,"Tisserand & Young, Essential Oil Safety 2e (2014), Ch 14 profile '(Z )-Anethole', PDF p.1931"
(Z )-Anethole,25679-28-1,Anise,0.0,0.5,"Tisserand & Young, Essential Oil Safety 2e (2014), Ch 14 profile '(Z )-Anethole', PDF p.1931"
(Z )-Anethole,25679-28-1,Anise (star),0.0,0.4,"Tisserand & Young, Essential Oil Safety 2e (2014), Ch 14 profile '(Z )-Anethole', PDF p.1931"
(Z )-Anethole,25679-28-1,Fennel (bitter),0.0,0.2,"Tisserand & Young, Essential Oil Safety 2e (2014), Ch 14 profile '(Z )-Anethole', PDF p.1931"
p -Anisaldehyde,123-11-5,Cassie absolute,0.0,17.3,"Tisserand & Young, Essential Oil Safety 2e (2014), Ch 14 profile 'p -Anisaldehyde', PDF p.1931"
p -Anisaldehyde,123-11-5,Anise,0.6,2.0,"Tisserand & Young, Essential Oil Safety 2e (2014), Ch 14 profile 'p -Anisaldehyde', PDF p.1931"
p -Anisaldehyde,123-11-5,Cassia leaf,0.0,1.0,"Tisserand & Young, Essential Oil Safety 2e (2014), Ch 14 profile 'p -Anisaldehyde', PDF p.1931"
4-Methoxy-benzenemethanol. p -Methoxy benzyl alcohol,105-13-5,Anise,0.0,3.5,"Tisserand & Young, Essential Oil Safety 2e (2014), Ch 14 profile '4-Methoxy-benzenemethanol. p -Methoxy benzyl alcohol', PDF p.1933"
methylenedioxybenzene,484-31-1,Dill seed (Indian),20.7,52.5,"Tisserand & Young, Essential Oil Safety 2e (2014), Ch 14 profile 'methylenedioxybenzene', PDF p.1935"
methylenedioxybenzene,484-31-1,Parsley leaf,0.2,5.2,"Tisserand & Young, Essential Oil Safety 2e (2014), Ch 14 profile 'methylenedioxybenzene', PDF p.1935"
methylenedioxybenzene,484-31-1,Piri-piri,0.0,1.4,"Tisserand & Young, Essential Oil Safety 2e (2014), Ch 14 profile 'methylenedioxybenzene', PDF p.1935"
methylenedioxybenzene,523-80-8,Parsleyseed,11.3,67.5,"Tisserand & Young, Essential Oil Safety 2e (2014), Ch 14 profile 'methylenedioxybenzene', PDF p.1936"
1(10)-Aromadendrene,21747-46-6,Patchouli,0.0,3.9,"Tisserand & Young, Essential Oil Safety 2e (2014), Ch 14 profile '1(10)-Aromadendrene', PDF p.1939"
1(10)-Aromadendrene,21747-46-6,Pteronia,3.1,3.1,"Tisserand & Young, Essential Oil Safety 2e (2014), Ch 14 profile '1(10)-Aromadendrene', PDF p.1939"
1(10)-Aromadendrene,21747-46-6,Arina,3.0,3.0,"Tisserand & Young, Essential Oil Safety 2e (2014), Ch 14 profile '1(10)-Aromadendrene', PDF p.1939"
1(10)-Aromadendrene,21747-46-6,Rosalina,0.5,3.0,"Tisserand & Young, Essential Oil Safety 2e (2014), Ch 14 profile '1(10)-Aromadendrene', PDF p.1939"
1(10)-Aromadendrene,21747-46-6,Fern (sweet),1.7,1.7,"Tisserand & Young, Essential Oil Safety 2e (2014), Ch 14 profile '1(10)-Aromadendrene', PDF p.1939"
1(10)-Aromadendrene,21747-46-6,Manuka,0.6,1.1,"Tisserand & Young, Essential Oil Safety 2e (2014), Ch 14 profile '1(10)-Aromadendrene', PDF p.1939"
(+)-Aromadendrene,489-39-4,Rosalina,1.5,4.0,"Tisserand & Young, Essential Oil Safety 2e (2014), Ch 14 profile '(+)-Aromadendrene', PDF p.1939"
(−)-allo -Aromadendrene,25246-27-9,Gurjun,4.0,6.0,"Tisserand & Young, Essential Oil Safety 2e (2014), Ch 14 profile '(−)-allo -Aromadendrene', PDF p.1940"
(−)-allo -Aromadendrene,25246-27-9,Patchouli,0.0,5.0,"Tisserand & Young, Essential Oil Safety 2e (2014), Ch 14 profile '(−)-allo -Aromadendrene', PDF p.1940"
(−)-allo -Aromadendrene,25246-27-9,Cubeb,1.7,4.2,"Tisserand & Young, Essential Oil Safety 2e (2014), Ch 14 profile '(−)-allo -Aromadendrene', PDF p.1940"
(−)-allo -Aromadendrene,25246-27-9,Cardamon (black),3.2,3.2,"Tisserand & Young, Essential Oil Safety 2e (2014), Ch 14 profile '(−)-allo -Aromadendrene', PDF p.1940"
(−)-allo -Aromadendrene,25246-27-9,Phoebe,2.4,2.6,"Tisserand & Young, Essential Oil Safety 2e (2014), Ch 14 profile '(−)-allo -Aromadendrene', PDF p.1940"
(−)-allo -Aromadendrene,25246-27-9,Valerian (European),0.7,2.6,"Tisserand & Young, Essential Oil Safety 2e (2014), Ch 14 profile '(−)-allo -Aromadendrene', PDF p.1940"
(−)-allo -Aromadendrene,25246-27-9,Chaste tree seed,0.0,2.1,"Tisserand & Young, Essential Oil Safety 2e (2014), Ch 14 profile '(−)-allo -Aromadendrene', PDF p.1940"
(−)-allo -Aromadendrene,25246-27-9,Eucalyptus polybractea (cryptone CT),2.0,2.0,"Tisserand & Young, Essential Oil Safety 2e (2014), Ch 14 profile '(−)-allo -Aromadendrene', PDF p.1940"
(−)-allo -Aromadendrene,25246-27-9,Chaste tree leaf,0.0,2.0,"Tisserand & Young, Essential Oil Safety 2e (2014), Ch 14 profile '(−)-allo -Aromadendrene', PDF p.1940"
(−)-allo -Aromadendrene,25246-27-9,Copaiba,0.0,1.8,"Tisserand & Young, Essential Oil Safety 2e (2014), Ch 14 profile '(−)-allo -Aromadendrene', PDF p.1940"
(−)-allo -Aromadendrene,25246-27-9,Cistus,0.0,1.2,"Tisserand & Young, Essential Oil Safety 2e (2014), Ch 14 profile '(−)-allo -Aromadendrene', PDF p.1940"
(−)-allo -Aromadendrene,25246-27-9,Katrafay,0.2,1.0,"Tisserand & Young, Essential Oil Safety 2e (2014), Ch 14 profile '(−)-allo -Aromadendrene', PDF p.1940"
α-Asarone,2883-98-9,Calamus (tetraploid form),1.3,6.8,"Tisserand & Young, Essential Oil Safety 2e (2014), Ch 14 profile 'α-Asarone', PDF p.1941"
α-Asarone,2883-98-9,Cubeb,0.9,3.7,"Tisserand & Young, Essential Oil Safety 2e (2014), Ch 14 profile 'α-Asarone', PDF p.1941"
β-Asarone,5273-86-9,Calamus (tetraploid form),42.5,78.4,"Tisserand & Young, Essential Oil Safety 2e (2014), Ch 14 profile 'β-Asarone', PDF p.1946"
β-Asarone,5273-86-9,Calamus (triploid form),8.0,19.0,"Tisserand & Young, Essential Oil Safety 2e (2014), Ch 14 profile 'β-Asarone', PDF p.1946"
5-ene,512-85-6,Wormseed,41.2,80.0,"Tisserand & Young, Essential Oil Safety 2e (2014), Ch 14 profile '5-ene', PDF p.1949"
5-ene,512-85-6,Boldo,21.25,21.25,"Tisserand & Young, Essential Oil Safety 2e (2014), Ch 14 profile '5-ene', PDF p.1949"
5-ene,512-85-6,Sanna,1.9,1.9,"Tisserand & Young, Essential Oil Safety 2e (2014), Ch 14 profile '5-ene', PDF p.1950"
5-ene,512-85-6,Southernwood,0.8,0.8,"Tisserand & Young, Essential Oil Safety 2e (2014), Ch 14 profile '5-ene', PDF p.1950"
Benzaldehyde,100-52-7,"Almond (bitter, FFPA)",98.0,98.0,"Tisserand & Young, Essential Oil Safety 2e (2014), Ch 14 profile 'Benzaldehyde', PDF p.1951"
Benzaldehyde,100-52-7,"Almond (bitter, unrectified)",95.0,95.0,"Tisserand & Young, Essential Oil Safety 2e (2014), Ch 14 profile 'Benzaldehyde', PDF p.1951"
Benzaldehyde,100-52-7,Cassia leaf,1.1,6.3,"Tisserand & Young, Essential Oil Safety 2e (2014), Ch 14 profile 'Benzaldehyde', PDF p.1951"
Benzaldehyde,100-52-7,Cistus,0.0,2.8,"Tisserand & Young, Essential Oil Safety 2e (2014), Ch 14 profile 'Benzaldehyde', PDF p.1951"
Benzaldehyde,100-52-7,Cassia bark,0.4,2.3,"Tisserand & Young, Essential Oil Safety 2e (2014), Ch 14 profile 'Benzaldehyde', PDF p.1951"
Benzaldehyde,100-52-7,Cinnamon bark,0.0,2.2,"Tisserand & Young, Essential Oil Safety 2e (2014), Ch 14 profile 'Benzaldehyde', PDF p.1951"
Benzoic acid,65-85-0,Benzoin,0.1,18.4,"Tisserand & Young, Essential Oil Safety 2e (2014), Ch 14 profile 'Benzoic acid', PDF p.1956"
Benzoic acid,65-85-0,Peru balsam,1.4,6.3,"Tisserand & Young, Essential Oil Safety 2e (2014), Ch 14 profile 'Benzoic acid', PDF p.1956"
Benzoic acid,65-85-0,Tolu balsam,2.5,2.5,"Tisserand & Young, Essential Oil Safety 2e (2014), Ch 14 profile 'Benzoic acid', PDF p.1956"
Benzyl acetate,140-11-4,Jasmine absolute,15.0,24.5,"Tisserand & Young, Essential Oil Safety 2e (2014), Ch 14 profile 'Benzyl acetate', PDF p.1962"
Benzyl acetate,140-11-4,Ylang-ylang,0.4,12.4,"Tisserand & Young, Essential Oil Safety 2e (2014), Ch 14 profile 'Benzyl acetate', PDF p.1962"
Benzyl acetate,140-11-4,Narcissus absolute,9.5,9.6,"Tisserand & Young, Essential Oil Safety 2e (2014), Ch 14 profile 'Benzyl acetate', PDF p.1962"
Benzyl acetate,140-11-4,Hyacinth absolute,8.1,8.1,"Tisserand & Young, Essential Oil Safety 2e (2014), Ch 14 profile 'Benzyl acetate', PDF p.1962"
Benzyl acetate,140-11-4,Jasmine sambac absolute,4.3,4.3,"Tisserand & Young, Essential Oil Safety 2e (2014), Ch 14 profile 'Benzyl acetate', PDF p.1962"
Benzyl acetate,140-11-4,Champaca absolute (orange),0.1,4.0,"Tisserand & Young, Essential Oil Safety 2e (2014), Ch 14 profile 'Benzyl acetate', PDF p.1962"
Benzyl acetate,140-11-4,Ylang-ylang absolute,2.8,2.8,"Tisserand & Young, Essential Oil Safety 2e (2014), Ch 14 profile 'Benzyl acetate', PDF p.1962"
Benzyl acetate,140-11-4,Jonquil absolute,1.0,1.0,"Tisserand & Young, Essential Oil Safety 2e (2014), Ch 14 profile 'Benzyl acetate', PDF p.1962"
Benzyl alcohol,100-51-6,Tolu balsam,41.8,41.8,"Tisserand & Young, Essential Oil Safety 2e (2014), Ch 14 profile 'Benzyl alcohol', PDF p.1967"
Benzyl alcohol,100-51-6,Benzoin,38.8,43.4,"Tisserand & Young, Essential Oil Safety 2e (2014), Ch 14 profile 'Benzyl alcohol', PDF p.1967"
Benzyl alcohol,100-51-6,Hyacinth absolute,40.0,40.0,"Tisserand & Young, Essential Oil Safety 2e (2014), Ch 14 profile 'Benzyl alcohol', PDF p.1967"
Benzyl alcohol,100-51-6,Narcissus absolute,1.7,4.8,"Tisserand & Young, Essential Oil Safety 2e (2014), Ch 14 profile 'Benzyl alcohol', PDF p.1967"
Benzyl alcohol,100-51-6,Violet leaf absolute,1.0,2.1,"Tisserand & Young, Essential Oil Safety 2e (2014), Ch 14 profile 'Benzyl alcohol', PDF p.1967"
Benzyl alcohol,100-51-6,Champaca absolute (orange),0.3,2.0,"Tisserand & Young, Essential Oil Safety 2e (2014), Ch 14 profile 'Benzyl alcohol', PDF p.1967"
Benzyl alcohol,100-51-6,Bakul absolute,1.6,1.6,"Tisserand & Young, Essential Oil Safety 2e (2014), Ch 14 profile 'Benzyl alcohol', PDF p.1967"
Benzyl alcohol,100-51-6,Jasmine sambac absolute,1.3,1.3,"Tisserand & Young, Essential Oil Safety 2e (2014), Ch 14 profile 'Benzyl alcohol', PDF p.1967"
Benzoic acid phenylmethyl ester,120-51-4,Peru balsam,59.0,86.2,"Tisserand & Young, Essential Oil Safety 2e (2014), Ch 14 profile 'Benzoic acid phenylmethyl ester', PDF p.1975"
Benzoic acid phenylmethyl ester,120-51-4,Tolu balsam,46.6,46.6,"Tisserand & Young, Essential Oil Safety 2e (2014), Ch 14 profile 'Benzoic acid phenylmethyl ester', PDF p.1975"
Benzoic acid phenylmethyl ester,120-51-4,Benzoin,39.3,50.7,"Tisserand & Young, Essential Oil Safety 2e (2014), Ch 14 profile 'Benzoic acid phenylmethyl ester', PDF p.1975"
Benzoic acid phenylmethyl ester,120-51-4,Jasmine absolute,8.0,20.0,"Tisserand & Young, Essential Oil Safety 2e (2014), Ch 14 profile 'Benzoic acid phenylmethyl ester', PDF p.1975"
Benzoic acid phenylmethyl ester,120-51-4,Ylang-ylang,4.3,14.9,"Tisserand & Young, Essential Oil Safety 2e (2014), Ch 14 profile 'Benzoic acid phenylmethyl ester', PDF p.1975"
Benzoic acid phenylmethyl ester,120-51-4,Carnation absolute,5.0,14.6,"Tisserand & Young, Essential Oil Safety 2e (2014), Ch 14 profile 'Benzoic acid phenylmethyl ester', PDF p.1975"
Benzoic acid phenylmethyl ester,120-51-4,Massoia,8.1,13.4,"Tisserand & Young, Essential Oil Safety 2e (2014), Ch 14 profile 'Benzoic acid phenylmethyl ester', PDF p.1975"
Benzoic acid phenylmethyl ester,120-51-4,Ylang-ylang absolute,11.8,11.8,"Tisserand & Young, Essential Oil Safety 2e (2014), Ch 14 profile 'Benzoic acid phenylmethyl ester', PDF p.1975"
Benzoic acid phenylmethyl ester,120-51-4,Narcissus absolute,0.7,8.9,"Tisserand & Young, Essential Oil Safety 2e (2014), Ch 14 profile 'Benzoic acid phenylmethyl ester', PDF p.1975"
Benzoic acid phenylmethyl ester,120-51-4,Tuberose absolute,8.3,8.3,"Tisserand & Young, Essential Oil Safety 2e (2014), Ch 14 profile 'Benzoic acid phenylmethyl ester', PDF p.1975"
Benzoic acid phenylmethyl ester,120-51-4,Hyacinth absolute,6.0,6.0,"Tisserand & Young, Essential Oil Safety 2e (2014), Ch 14 profile 'Benzoic acid phenylmethyl ester', PDF p.1975"
Benzoic acid phenylmethyl ester,120-51-4,Jonquil absolute,4.4,4.4,"Tisserand & Young, Essential Oil Safety 2e (2014), Ch 14 profile 'Benzoic acid phenylmethyl ester', PDF p.1975"
Benzoic acid phenylmethyl ester,120-51-4,Cinnamon leaf,0.0,4.1,"Tisserand & Young, Essential Oil Safety 2e (2014), Ch 14 profile 'Benzoic acid phenylmethyl ester', PDF p.1976"
Benzoic acid phenylmethyl ester,120-51-4,Ginger lily absolute,2.9,2.9,"Tisserand & Young, Essential Oil Safety 2e (2014), Ch 14 profile 'Benzoic acid phenylmethyl ester', PDF p.1976"
Benzoic acid phenylmethyl ester,120-51-4,Cassia leaf,0.0,2.9,"Tisserand & Young, Essential Oil Safety 2e (2014), Ch 14 profile 'Benzoic acid phenylmethyl ester', PDF p.1976"
Benzoic acid phenylmethyl ester,120-51-4,Cananga,2.0,2.0,"Tisserand & Young, Essential Oil Safety 2e (2014), Ch 14 profile 'Benzoic acid phenylmethyl ester', PDF p.1976"
Benzoic acid phenylmethyl ester,120-51-4,Bakul absolute,1.1,1.1,"Tisserand & Young, Essential Oil Safety 2e (2014), Ch 14 profile 'Benzoic acid phenylmethyl ester', PDF p.1976"
Benzoic acid phenylmethyl ester,120-51-4,Cassia bark,0.0,1.0,"Tisserand & Young, Essential Oil Safety 2e (2014), Ch 14 profile 'Benzoic acid phenylmethyl ester', PDF p.1976"
Benzoic acid phenylmethyl ester,120-51-4,Cinnamon bark,0.0,1.0,"Tisserand & Young, Essential Oil Safety 2e (2014), Ch 14 profile 'Benzoic acid phenylmethyl ester', PDF p.1976"
(2E )-Benzyl cinnamate,103-41-3,Peru balsam,0.4,30.1,"Tisserand & Young, Essential Oil Safety 2e (2014), Ch 14 profile '(2E )-Benzyl cinnamate', PDF p.1979"
(2E )-Benzyl cinnamate,103-41-3,Styrax (American)*,1.7,1.7,"Tisserand & Young, Essential Oil Safety 2e (2014), Ch 14 profile '(2E )-Benzyl cinnamate', PDF p.1979"
Cyanotoluene,140-29-4,Karo karoundé absolute,4.8,4.8,"Tisserand & Young, Essential Oil Safety 2e (2014), Ch 14 profile 'Cyanotoluene', PDF p.1981"
Cyanotoluene,140-29-4,Nasturtium absolute,2.0,2.0,"Tisserand & Young, Essential Oil Safety 2e (2014), Ch 14 profile 'Cyanotoluene', PDF p.1981"
Cyanotoluene,140-29-4,Ginger lily absolute,1.3,1.3,"Tisserand & Young, Essential Oil Safety 2e (2014), Ch 14 profile 'Cyanotoluene', PDF p.1981"
Cyanotoluene,140-29-4,Orange flower absolute,1.0,1.0,"Tisserand & Young, Essential Oil Safety 2e (2014), Ch 14 profile 'Cyanotoluene', PDF p.1981"
ester,118-58-1,Ylang-ylang absolute,5.2,5.2,"Tisserand & Young, Essential Oil Safety 2e (2014), Ch 14 profile 'ester', PDF p.1986"
ester,118-58-1,Carnation absolute,3.9,3.9,"Tisserand & Young, Essential Oil Safety 2e (2014), Ch 14 profile 'ester', PDF p.1986"
ester,118-58-1,Ylang-ylang,0.3,3.9,"Tisserand & Young, Essential Oil Safety 2e (2014), Ch 14 profile 'ester', PDF p.1986"
ester,118-58-1,Tuberose absolute,2.6,2.6,"Tisserand & Young, Essential Oil Safety 2e (2014), Ch 14 profile 'ester', PDF p.1986"
Bergapten,484-20-8,Lime expressed,0.17,0.33,"Tisserand & Young, Essential Oil Safety 2e (2014), Ch 14 profile 'Bergapten', PDF p.1991"
Bergapten,484-20-8,Bergamot (expressed),0.11,0.33,"Tisserand & Young, Essential Oil Safety 2e (2014), Ch 14 profile 'Bergapten', PDF p.1991"
Bergapten,484-20-8,Orange (bitter),0.035,0.073,"Tisserand & Young, Essential Oil Safety 2e (2014), Ch 14 profile 'Bergapten', PDF p.1991"
Bergapten,484-20-8,Lemon (expressed),0.0001,0.035,"Tisserand & Young, Essential Oil Safety 2e (2014), Ch 14 profile 'Bergapten', PDF p.1991"
Bergapten,484-20-8,Grapefruit,0.012,0.019,"Tisserand & Young, Essential Oil Safety 2e (2014), Ch 14 profile 'Bergapten', PDF p.1991"
Bergapten,484-20-8,Rue,0.018,0.018,"Tisserand & Young, Essential Oil Safety 2e (2014), Ch 14 profile 'Bergapten', PDF p.1992"
Bergapten,484-20-8,Bergamot (FCF),0.0,0.0091,"Tisserand & Young, Essential Oil Safety 2e (2014), Ch 14 profile 'Bergapten', PDF p.1992"
Bergapten,484-20-8,Angelica root,0.0078,0.0078,"Tisserand & Young, Essential Oil Safety 2e (2014), Ch 14 profile 'Bergapten', PDF p.1992"
Bergapten,484-20-8,Mandarin leaf,0.005,0.005,"Tisserand & Young, Essential Oil Safety 2e (2014), Ch 14 profile 'Bergapten', PDF p.1992"
Bergapten,484-20-8,Tangerine,0.0,0.005,"Tisserand & Young, Essential Oil Safety 2e (2014), Ch 14 profile 'Bergapten', PDF p.1992"
Bergapten,484-20-8,Parsley leaf,0.002,0.002,"Tisserand & Young, Essential Oil Safety 2e (2014), Ch 14 profile 'Bergapten', PDF p.1992"
Bergapten,484-20-8,Mandarin,0.0,0.0003,"Tisserand & Young, Essential Oil Safety 2e (2014), Ch 14 profile 'Bergapten', PDF p.1992"
(−)-α-Bisabolol,23089-26-1,Chamomile (blue),1.6,60.1,"Tisserand & Young, Essential Oil Safety 2e (2014), Ch 14 profile '(−)-α-Bisabolol', PDF p.1996"
(−)-α-Bisabolol,23089-26-1,Balsam poplar,27.4,27.4,"Tisserand & Young, Essential Oil Safety 2e (2014), Ch 14 profile '(−)-α-Bisabolol', PDF p.1996"
(−)-α-Bisabolol,23089-26-1,Sandalwood (W. Australian),4.9,15.0,"Tisserand & Young, Essential Oil Safety 2e (2014), Ch 14 profile '(−)-α-Bisabolol', PDF p.1996"
(−)-α-Bisabolol,23089-26-1,Phoebe,3.3,3.6,"Tisserand & Young, Essential Oil Safety 2e (2014), Ch 14 profile '(−)-α-Bisabolol', PDF p.1996"
(−)-α-Bisabolol,23089-26-1,Chaste tree leaf,0.0,2.7,"Tisserand & Young, Essential Oil Safety 2e (2014), Ch 14 profile '(−)-α-Bisabolol', PDF p.1996"
(−)-α-Bisabolol,23089-26-1,Wormwood ((Z )-epoxy ocimene CT),1.5,2.5,"Tisserand & Young, Essential Oil Safety 2e (2014), Ch 14 profile '(−)-α-Bisabolol', PDF p.1996"
(−)-α-Bisabolol,23089-26-1,Wormwood (β-thujone / (Z )-epoxy ocimene CT),1.7,2.3,"Tisserand & Young, Essential Oil Safety 2e (2014), Ch 14 profile '(−)-α-Bisabolol', PDF p.1996"
(−)-α-Bisabolol,23089-26-1,Chaste tree seed,0.0,1.8,"Tisserand & Young, Essential Oil Safety 2e (2014), Ch 14 profile '(−)-α-Bisabolol', PDF p.1996"
(−)-α-Bisabolol,23089-26-1,Myrtle (bog),1.0,1.0,"Tisserand & Young, Essential Oil Safety 2e (2014), Ch 14 profile '(−)-α-Bisabolol', PDF p.1996"
(−)-epi -α-Bisabolol,78148-59-1,Sage (blue mountain),27.1,27.1,"Tisserand & Young, Essential Oil Safety 2e (2014), Ch 14 profile '(−)-epi -α-Bisabolol', PDF p.1996"
(−)-epi -α-Bisabolol,78148-59-1,Sandalwood (E. African),5.1,5.1,"Tisserand & Young, Essential Oil Safety 2e (2014), Ch 14 profile '(−)-epi -α-Bisabolol', PDF p.1996"
(−)-epi -α-Bisabolol,78148-59-1,Valerian (European),0.0,1.9,"Tisserand & Young, Essential Oil Safety 2e (2014), Ch 14 profile '(−)-epi -α-Bisabolol', PDF p.1996"
(+)-Isoborneol,16725-71-6,Sage (Dalmatian),1.5,23.9,"Tisserand & Young, Essential Oil Safety 2e (2014), Ch 14 profile '(+)-Isoborneol', PDF p.1999"
(+)-Isoborneol,16725-71-6,Thyme (borneol CT),20.0,20.0,"Tisserand & Young, Essential Oil Safety 2e (2014), Ch 14 profile '(+)-Isoborneol', PDF p.1999"
(+)-Isoborneol,16725-71-6,Rosemary (borneol CT),15.6,15.6,"Tisserand & Young, Essential Oil Safety 2e (2014), Ch 14 profile '(+)-Isoborneol', PDF p.1999"
(+)-Isoborneol,16725-71-6,Inula,15.3,15.3,"Tisserand & Young, Essential Oil Safety 2e (2014), Ch 14 profile '(+)-Isoborneol', PDF p.1999"
(+)-Isoborneol,16725-71-6,African bluegrass,6.4,9.5,"Tisserand & Young, Essential Oil Safety 2e (2014), Ch 14 profile '(+)-Isoborneol', PDF p.1999"
(+)-Isoborneol,16725-71-6,Rosemary (camphor CT),2.0,9.0,"Tisserand & Young, Essential Oil Safety 2e (2014), Ch 14 profile '(+)-Isoborneol', PDF p.1999"
(+)-Isoborneol,16725-71-6,Rosemary (bornyl acetate CT),5.0,8.4,"Tisserand & Young, Essential Oil Safety 2e (2014), Ch 14 profile '(+)-Isoborneol', PDF p.1999"
(+)-Isoborneol,16725-71-6,Camphor (Borneo),8.3,8.3,"Tisserand & Young, Essential Oil Safety 2e (2014), Ch 14 profile '(+)-Isoborneol', PDF p.2000"
(+)-Isoborneol,16725-71-6,Tansy,7.8,7.8,"Tisserand & Young, Essential Oil Safety 2e (2014), Ch 14 profile '(+)-Isoborneol', PDF p.2000"
(+)-Isoborneol,16725-71-6,Southernwood,7.3,7.3,"Tisserand & Young, Essential Oil Safety 2e (2014), Ch 14 profile '(+)-Isoborneol', PDF p.2000"
(+)-Isoborneol,16725-71-6,Citronella (Sri Lankan),0.0,6.6,"Tisserand & Young, Essential Oil Safety 2e (2014), Ch 14 profile '(+)-Isoborneol', PDF p.2000"
(+)-Isoborneol,16725-71-6,Sage (Spanish),1.5,6.4,"Tisserand & Young, Essential Oil Safety 2e (2014), Ch 14 profile '(+)-Isoborneol', PDF p.2000"
(+)-Isoborneol,16725-71-6,Marjoram (Spanish),3.8,5.9,"Tisserand & Young, Essential Oil Safety 2e (2014), Ch 14 profile '(+)-Isoborneol', PDF p.2000"
(+)-Isoborneol,16725-71-6,Chamomile (Roman),0.0,5.0,"Tisserand & Young, Essential Oil Safety 2e (2014), Ch 14 profile '(+)-Isoborneol', PDF p.2000"
(−)-Bornyl acetate,5655-61-8,Inula,46.1,46.1,"Tisserand & Young, Essential Oil Safety 2e (2014), Ch 14 profile '(−)-Bornyl acetate', PDF p.2002"
(−)-Bornyl acetate,5655-61-8,Spruce (black),36.8,36.8,"Tisserand & Young, Essential Oil Safety 2e (2014), Ch 14 profile '(−)-Bornyl acetate', PDF p.2002"
(−)-Bornyl acetate,5655-61-8,Valerian (European),0.9,33.5,"Tisserand & Young, Essential Oil Safety 2e (2014), Ch 14 profile '(−)-Bornyl acetate', PDF p.2002"
(−)-Bornyl acetate,5655-61-8,Fir needle (Siberian),31.0,31.0,"Tisserand & Young, Essential Oil Safety 2e (2014), Ch 14 profile '(−)-Bornyl acetate', PDF p.2002"
(−)-Bornyl acetate,5655-61-8,Fir needle (Japanese),27.9,27.9,"Tisserand & Young, Essential Oil Safety 2e (2014), Ch 14 profile '(−)-Bornyl acetate', PDF p.2002"
(−)-Bornyl acetate,5655-61-8,Goldenrod,19.5,19.5,"Tisserand & Young, Essential Oil Safety 2e (2014), Ch 14 profile '(−)-Bornyl acetate', PDF p.2002"
(−)-Bornyl acetate,5655-61-8,Spruce (red),16.4,16.4,"Tisserand & Young, Essential Oil Safety 2e (2014), Ch 14 profile '(−)-Bornyl acetate', PDF p.2002"
(−)-Bornyl acetate,5655-61-8,Fir needle (Canadian),4.9,16.2,"Tisserand & Young, Essential Oil Safety 2e (2014), Ch 14 profile '(−)-Bornyl acetate', PDF p.2002"
(−)-Bornyl acetate,5655-61-8,Coleus,15.0,15.0,"Tisserand & Young, Essential Oil Safety 2e (2014), Ch 14 profile '(−)-Bornyl acetate', PDF p.2002"
(−)-Bornyl acetate,5655-61-8,Rosemary (bornyl acetate CT),11.5,14.3,"Tisserand & Young, Essential Oil Safety 2e (2014), Ch 14 profile '(−)-Bornyl acetate', PDF p.2002"
(−)-Bornyl acetate,5655-61-8,Spruce (white),14.1,14.1,"Tisserand & Young, Essential Oil Safety 2e (2014), Ch 14 profile '(−)-Bornyl acetate', PDF p.2002"
(−)-Bornyl acetate,5655-61-8,Pine (grey),12.5,12.6,"Tisserand & Young, Essential Oil Safety 2e (2014), Ch 14 profile '(−)-Bornyl acetate', PDF p.2002"
(−)-Bornyl acetate,5655-61-8,Silver fir (cones),1.3,12.5,"Tisserand & Young, Essential Oil Safety 2e (2014), Ch 14 profile '(−)-Bornyl acetate', PDF p.2002"
(−)-Bornyl acetate,5655-61-8,Fir (Douglas),10.0,10.0,"Tisserand & Young, Essential Oil Safety 2e (2014), Ch 14 profile '(−)-Bornyl acetate', PDF p.2002"
(−)-Bornyl acetate,5655-61-8,Larch needle,7.9,7.9,"Tisserand & Young, Essential Oil Safety 2e (2014), Ch 14 profile '(−)-Bornyl acetate', PDF p.2002"
(−)-Bornyl acetate,5655-61-8,Pine (dwarf),1.0,7.9,"Tisserand & Young, Essential Oil Safety 2e (2014), Ch 14 profile '(−)-Bornyl acetate', PDF p.2002"
(−)-Bornyl acetate,5655-61-8,Tansy,7.7,7.7,"Tisserand & Young, Essential Oil Safety 2e (2014), Ch 14 profile '(−)-Bornyl acetate', PDF p.2002"
(−)-Bornyl acetate,5655-61-8,Rosemary (verbenone CT),2.0,7.6,"Tisserand & Young, Essential Oil Safety 2e (2014), Ch 14 profile '(−)-Bornyl acetate', PDF p.2002"
(−)-Bornyl acetate,5655-61-8,Hinoki leaf,7.2,7.2,"Tisserand & Young, Essential Oil Safety 2e (2014), Ch 14 profile '(−)-Bornyl acetate', PDF p.2002"
(−)-Bornyl acetate,5655-61-8,Bee balm,1.5,5.7,"Tisserand & Young, Essential Oil Safety 2e (2014), Ch 14 profile '(−)-Bornyl acetate', PDF p.2002"
(−)-Bornyl acetate,5655-61-8,Sage (Dalmatian),0.3,5.7,"Tisserand & Young, Essential Oil Safety 2e (2014), Ch 14 profile '(−)-Bornyl acetate', PDF p.2002"
(−)-Bornyl acetate,5655-61-8,Boswellia frereana,0.0,5.6,"Tisserand & Young, Essential Oil Safety 2e (2014), Ch 14 profile '(−)-Bornyl acetate', PDF p.2002"
(−)-Bornyl acetate,5655-61-8,Spruce (Norwegian),3.0,5.1,"Tisserand & Young, Essential Oil Safety 2e (2014), Ch 14 profile '(−)-Bornyl acetate', PDF p.2002"
(−)-Bornyl acetate,5655-61-8,Savory (winter),0.0,5.1,"Tisserand & Young, Essential Oil Safety 2e (2014), Ch 14 profile '(−)-Bornyl acetate', PDF p.2002"
Dihydro-3-butylisobenzofuran-1-one,6066-49-5,Celery leaf,6.2,6.2,"Tisserand & Young, Essential Oil Safety 2e (2014), Ch 14 profile 'Dihydro-3-butylisobenzofuran-1-one', PDF p.2003"
Dihydro-3-butylisobenzofuran-1-one,6066-49-5,Celery seed,2.1,3.0,"Tisserand & Young, Essential Oil Safety 2e (2014), Ch 14 profile 'Dihydro-3-butylisobenzofuran-1-one', PDF p.2003"
(E )-3-Butylidene phthalide,,Angelica root (Himalayan),0.4,2.3,"Tisserand & Young, Essential Oil Safety 2e (2014), Ch 14 profile '(E )-3-Butylidene phthalide', PDF p.2004"
(Z )-3-Butylidene phthalide,,Angelica root (Himalayan),11.3,20.5,"Tisserand & Young, Essential Oil Safety 2e (2014), Ch 14 profile '(Z )-3-Butylidene phthalide', PDF p.2004"
(Z )-3-Butylidene phthalide,,Lovage root,1.5,1.5,"Tisserand & Young, Essential Oil Safety 2e (2014), Ch 14 profile '(Z )-3-Butylidene phthalide', PDF p.2004"
(Z )-3-Butylidene phthalide,,Celery seed,2.3,8.0,"Tisserand & Young, Essential Oil Safety 2e (2014), Ch 14 profile '(Z )-3-Butylidene phthalide', PDF p.2004"
γ-Cadinene,1460-97-5,Siam wood,15.6,15.6,"Tisserand & Young, Essential Oil Safety 2e (2014), Ch 14 profile 'γ-Cadinene', PDF p.2005"
γ-Cadinene,1460-97-5,Hinoki wood,12.5,12.5,"Tisserand & Young, Essential Oil Safety 2e (2014), Ch 14 profile 'γ-Cadinene', PDF p.2005"
γ-Cadinene,1460-97-5,Hop,5.5,5.5,"Tisserand & Young, Essential Oil Safety 2e (2014), Ch 14 profile 'γ-Cadinene', PDF p.2005"
γ-Cadinene,1460-97-5,Copaiba,0.0,5.5,"Tisserand & Young, Essential Oil Safety 2e (2014), Ch 14 profile 'γ-Cadinene', PDF p.2005"
γ-Cadinene,1460-97-5,Pine (Scots),0.0,5.4,"Tisserand & Young, Essential Oil Safety 2e (2014), Ch 14 profile 'γ-Cadinene', PDF p.2005"
γ-Cadinene,1460-97-5,Katrafay,1.0,5.0,"Tisserand & Young, Essential Oil Safety 2e (2014), Ch 14 profile 'γ-Cadinene', PDF p.2005"
δ-Cadinene,483-76-1,Siam wood,32.6,32.6,"Tisserand & Young, Essential Oil Safety 2e (2014), Ch 14 profile 'δ-Cadinene', PDF p.2006"
δ-Cadinene,483-76-1,Cade (rectified),24.2,24.2,"Tisserand & Young, Essential Oil Safety 2e (2014), Ch 14 profile 'δ-Cadinene', PDF p.2006"
δ-Cadinene,483-76-1,Cedrela,11.7,11.7,"Tisserand & Young, Essential Oil Safety 2e (2014), Ch 14 profile 'δ-Cadinene', PDF p.2006"
δ-Cadinene,483-76-1,Hinoki wood,10.8,10.8,"Tisserand & Young, Essential Oil Safety 2e (2014), Ch 14 profile 'δ-Cadinene', PDF p.2006"
δ-Cadinene,483-76-1,Ylang-ylang absolute,10.8,10.8,"Tisserand & Young, Essential Oil Safety 2e (2014), Ch 14 profile 'δ-Cadinene', PDF p.2006"
δ-Cadinene,483-76-1,Cubeb,0.0,9.5,"Tisserand & Young, Essential Oil Safety 2e (2014), Ch 14 profile 'δ-Cadinene', PDF p.2006"
δ-Cadinene,483-76-1,Pine (Scots),0.0,9.5,"Tisserand & Young, Essential Oil Safety 2e (2014), Ch 14 profile 'δ-Cadinene', PDF p.2006"
δ-Cadinene,483-76-1,Pepper (pink),4.7,9.1,"Tisserand & Young, Essential Oil Safety 2e (2014), Ch 14 profile 'δ-Cadinene', PDF p.2006"
δ-Cadinene,483-76-1,Rhododendron,9.1,9.1,"Tisserand & Young, Essential Oil Safety 2e (2014), Ch 14 profile 'δ-Cadinene', PDF p.2006"
δ-Cadinene,483-76-1,Cedarwood (Port Orford),8.2,8.2,"Tisserand & Young, Essential Oil Safety 2e (2014), Ch 14 profile 'δ-Cadinene', PDF p.2006"
δ-Cadinene,483-76-1,Copaiba,1.7,7.7,"Tisserand & Young, Essential Oil Safety 2e (2014), Ch 14 profile 'δ-Cadinene', PDF p.2006"
δ-Cadinene,483-76-1,Cangerana,7.4,7.4,"Tisserand & Young, Essential Oil Safety 2e (2014), Ch 14 profile 'δ-Cadinene', PDF p.2006"
δ-Cadinene,483-76-1,Peta,7.4,7.4,"Tisserand & Young, Essential Oil Safety 2e (2014), Ch 14 profile 'δ-Cadinene', PDF p.2006"
δ-Cadinene,483-76-1,Manuka,4.8,7.2,"Tisserand & Young, Essential Oil Safety 2e (2014), Ch 14 profile 'δ-Cadinene', PDF p.2006"
δ-Cadinene,483-76-1,Balsam poplar,6.9,6.9,"Tisserand & Young, Essential Oil Safety 2e (2014), Ch 14 profile 'δ-Cadinene', PDF p.2006"
δ-Cadinene,483-76-1,Muhuhu,6.5,6.5,"Tisserand & Young, Essential Oil Safety 2e (2014), Ch 14 profile 'δ-Cadinene', PDF p.2006"
δ-Cadinene,483-76-1,Cananga,6.0,6.0,"Tisserand & Young, Essential Oil Safety 2e (2014), Ch 14 profile 'δ-Cadinene', PDF p.2006"
δ-Cadinene,483-76-1,Ylang-ylang,0.2,5.2,"Tisserand & Young, Essential Oil Safety 2e (2014), Ch 14 profile 'δ-Cadinene', PDF p.2006"
δ-Cadinene,483-76-1,Chamomile (blue),0.0,5.2,"Tisserand & Young, Essential Oil Safety 2e (2014), Ch 14 profile 'δ-Cadinene', PDF p.2006"
δ-Cadinene,483-76-1,Vassoura,5.1,5.1,"Tisserand & Young, Essential Oil Safety 2e (2014), Ch 14 profile 'δ-Cadinene', PDF p.2006"
(−)-Camphene,5794-04-7,Spruce (Norwegian),7.0,26.5,"Tisserand & Young, Essential Oil Safety 2e (2014), Ch 14 profile '(−)-Camphene', PDF p.2008"
(−)-Camphene,5794-04-7,Fir needle (Siberian),24.2,24.2,"Tisserand & Young, Essential Oil Safety 2e (2014), Ch 14 profile '(−)-Camphene', PDF p.2008"
(−)-Camphene,5794-04-7,Fir needle (Japanese),18.5,18.5,"Tisserand & Young, Essential Oil Safety 2e (2014), Ch 14 profile '(−)-Camphene', PDF p.2008"
(−)-Camphene,5794-04-7,Fir (Douglas),16.7,16.7,"Tisserand & Young, Essential Oil Safety 2e (2014), Ch 14 profile '(−)-Camphene', PDF p.2008"
(−)-Camphene,5794-04-7,Silver fir (needles),14.8,14.8,"Tisserand & Young, Essential Oil Safety 2e (2014), Ch 14 profile '(−)-Camphene', PDF p.2008"
(−)-Camphene,5794-04-7,Valerian (European),0.1,14.4,"Tisserand & Young, Essential Oil Safety 2e (2014), Ch 14 profile '(−)-Camphene', PDF p.2008"
(−)-Camphene,5794-04-7,Spruce (red),12.9,12.9,"Tisserand & Young, Essential Oil Safety 2e (2014), Ch 14 profile '(−)-Camphene', PDF p.2008"
(−)-Camphene,5794-04-7,Pine (grey),2.8,12.1,"Tisserand & Young, Essential Oil Safety 2e (2014), Ch 14 profile '(−)-Camphene', PDF p.2008"
(−)-Camphene,5794-04-7,Sage (Spanish),4.6,10.6,"Tisserand & Young, Essential Oil Safety 2e (2014), Ch 14 profile '(−)-Camphene', PDF p.2008"
(−)-Camphene,5794-04-7,Cistus,1.1,10.3,"Tisserand & Young, Essential Oil Safety 2e (2014), Ch 14 profile '(−)-Camphene', PDF p.2008"
(−)-Camphene,5794-04-7,Rosemary (α-pinene CT),7.0,10.0,"Tisserand & Young, Essential Oil Safety 2e (2014), Ch 14 profile '(−)-Camphene', PDF p.2008"
(−)-Camphene,5794-04-7,Rosemary (camphor CT),2.8,10.0,"Tisserand & Young, Essential Oil Safety 2e (2014), Ch 14 profile '(−)-Camphene', PDF p.2008"
(−)-Camphene,5794-04-7,Spruce (white),9.9,9.9,"Tisserand & Young, Essential Oil Safety 2e (2014), Ch 14 profile '(−)-Camphene', PDF p.2008"
(−)-Camphene,5794-04-7,Fir needle (Canadian),3.5,9.7,"Tisserand & Young, Essential Oil Safety 2e (2014), Ch 14 profile '(−)-Camphene', PDF p.2008"
(−)-Camphene,5794-04-7,Pine (Scots),1.6,9.4,"Tisserand & Young, Essential Oil Safety 2e (2014), Ch 14 profile '(−)-Camphene', PDF p.2008"
(−)-Camphene,5794-04-7,Sage (Dalmatian),0.0,8.6,"Tisserand & Young, Essential Oil Safety 2e (2014), Ch 14 profile '(−)-Camphene', PDF p.2008"
(−)-Camphene,5794-04-7,Spruce (black),8.1,8.1,"Tisserand & Young, Essential Oil Safety 2e (2014), Ch 14 profile '(−)-Camphene', PDF p.2008"
(−)-Camphene,5794-04-7,Silver fir (cones),5.8,8.0,"Tisserand & Young, Essential Oil Safety 2e (2014), Ch 14 profile '(−)-Camphene', PDF p.2008"
(−)-Camphene,5794-04-7,Citronella (Sri Lankan),0.1,8.0,"Tisserand & Young, Essential Oil Safety 2e (2014), Ch 14 profile '(−)-Camphene', PDF p.2008"
(−)-Camphene,5794-04-7,Feverfew,5.4,7.7,"Tisserand & Young, Essential Oil Safety 2e (2014), Ch 14 profile '(−)-Camphene', PDF p.2008"
(−)-Camphene,5794-04-7,Wormwood (annual),1.2,7.3,"Tisserand & Young, Essential Oil Safety 2e (2014), Ch 14 profile '(−)-Camphene', PDF p.2008"
(−)-Camphene,5794-04-7,Rosemary (bornyl acetate CT),5.9,7.0,"Tisserand & Young, Essential Oil Safety 2e (2014), Ch 14 profile '(−)-Camphene', PDF p.2008"
(−)-Camphene,5794-04-7,Labdanum,1.4,7.0,"Tisserand & Young, Essential Oil Safety 2e (2014), Ch 14 profile '(−)-Camphene', PDF p.2008"
(−)-Camphene,5794-04-7,Pine (dwarf),1.3,6.7,"Tisserand & Young, Essential Oil Safety 2e (2014), Ch 14 profile '(−)-Camphene', PDF p.2008"
(−)-Camphene,5794-04-7,Sage (African wild),6.5,6.5,"Tisserand & Young, Essential Oil Safety 2e (2014), Ch 14 profile '(−)-Camphene', PDF p.2008"
(−)-Camphene,5794-04-7,Marjoram (Spanish),4.3,6.0,"Tisserand & Young, Essential Oil Safety 2e (2014), Ch 14 profile '(−)-Camphene', PDF p.2008"
(−)-Camphene,5794-04-7,Chamomile (Roman),0.0,6.0,"Tisserand & Young, Essential Oil Safety 2e (2014), Ch 14 profile '(−)-Camphene', PDF p.2008"
(−)-Camphene,5794-04-7,Lavender (Spanish),2.8,5.5,"Tisserand & Young, Essential Oil Safety 2e (2014), Ch 14 profile '(−)-Camphene', PDF p.2008"
(−)-Camphene,5794-04-7,African bluegrass,3.6,5.4,"Tisserand & Young, Essential Oil Safety 2e (2014), Ch 14 profile '(−)-Camphene', PDF p.2009"
(−)-Camphene,5794-04-7,Pine (white),5.2,5.2,"Tisserand & Young, Essential Oil Safety 2e (2014), Ch 14 profile '(−)-Camphene', PDF p.2009"
(−)-Camphene,5794-04-7,Thyme (borneol CT),5.0,5.0,"Tisserand & Young, Essential Oil Safety 2e (2014), Ch 14 profile '(−)-Camphene', PDF p.2009"
(−)-Camphor,464-48-2,Ho leaf (camphor CT),42.0,84.1,"Tisserand & Young, Essential Oil Safety 2e (2014), Ch 14 profile '(−)-Camphor', PDF p.2010"
(−)-Camphor,464-48-2,Lavender (Spanish),16.4,56.2,"Tisserand & Young, Essential Oil Safety 2e (2014), Ch 14 profile '(−)-Camphor', PDF p.2010"
(−)-Camphor,464-48-2,Wormwood (white),34.0,55.0,"Tisserand & Young, Essential Oil Safety 2e (2014), Ch 14 profile '(−)-Camphor', PDF p.2010"
(−)-Camphor,464-48-2,Sage (Dalmatian),7.3,50.2,"Tisserand & Young, Essential Oil Safety 2e (2014), Ch 14 profile '(−)-Camphor', PDF p.2010"
(−)-Camphor,464-48-2,Feverfew,28.0,44.2,"Tisserand & Young, Essential Oil Safety 2e (2014), Ch 14 profile '(−)-Camphor', PDF p.2010"
(−)-Camphor,464-48-2,Sage (Spanish),12.9,36.1,"Tisserand & Young, Essential Oil Safety 2e (2014), Ch 14 profile '(−)-Camphor', PDF p.2010"
(−)-Camphor,464-48-2,Basil (Madagascan),24.0,30.0,"Tisserand & Young, Essential Oil Safety 2e (2014), Ch 14 profile '(−)-Camphor', PDF p.2010"
(−)-Camphor,464-48-2,Rosemary (camphor CT),17.0,27.3,"Tisserand & Young, Essential Oil Safety 2e (2014), Ch 14 profile '(−)-Camphor', PDF p.2011"
(−)-Camphor,464-48-2,Lavender (spike),10.8,23.2,"Tisserand & Young, Essential Oil Safety 2e (2014), Ch 14 profile '(−)-Camphor', PDF p.2011"
(−)-Camphor,464-48-2,"Mugwort (common, camphor/thujone CT)",20.8,20.8,"Tisserand & Young, Essential Oil Safety 2e (2014), Ch 14 profile '(−)-Camphor', PDF p.2011"
(−)-Camphor,464-48-2,Rosemary (α-pinene CT),6.6,20.7,"Tisserand & Young, Essential Oil Safety 2e (2014), Ch 14 profile '(−)-Camphor', PDF p.2011"
(−)-Camphor,464-48-2,Finger root,16.9,16.9,"Tisserand & Young, Essential Oil Safety 2e (2014), Ch 14 profile '(−)-Camphor', PDF p.2011"
(−)-Camphor,464-48-2,Fenugreek,16.3,16.3,"Tisserand & Young, Essential Oil Safety 2e (2014), Ch 14 profile '(−)-Camphor', PDF p.2011"
(−)-Camphor,464-48-2,Rosemary (borneol CT),15.3,15.3,"Tisserand & Young, Essential Oil Safety 2e (2014), Ch 14 profile '(−)-Camphor', PDF p.2011"
(−)-Camphor,464-48-2,Rosemary (verbenone CT),11.3,14.9,"Tisserand & Young, Essential Oil Safety 2e (2014), Ch 14 profile '(−)-Camphor', PDF p.2011"
(−)-Camphor,464-48-2,Rosemary (cineole CT),7.4,14.9,"Tisserand & Young, Essential Oil Safety 2e (2014), Ch 14 profile '(−)-Camphor', PDF p.2011"
(−)-Camphor,464-48-2,Galangal (greater),5.0,14.0,"Tisserand & Young, Essential Oil Safety 2e (2014), Ch 14 profile '(−)-Camphor', PDF p.2011"
(−)-Camphor,464-48-2,Yarrow (green),13.7,13.7,"Tisserand & Young, Essential Oil Safety 2e (2014), Ch 14 profile '(−)-Camphor', PDF p.2011"
(−)-Camphor,464-48-2,Tansy (blue),3.1,12.4,"Tisserand & Young, Essential Oil Safety 2e (2014), Ch 14 profile '(−)-Camphor', PDF p.2011"
(−)-Camphor,464-48-2,Lavandin Grosso,6.6,12.2,"Tisserand & Young, Essential Oil Safety 2e (2014), Ch 14 profile '(−)-Camphor', PDF p.2011"
(−)-Camphor,464-48-2,Mugwort (great),11.8,11.8,"Tisserand & Young, Essential Oil Safety 2e (2014), Ch 14 profile '(−)-Camphor', PDF p.2011"
(−)-Camphor,464-48-2,Wormwood (annual),0.0,11.5,"Tisserand & Young, Essential Oil Safety 2e (2014), Ch 14 profile '(−)-Camphor', PDF p.2011"
(−)-Camphor,464-48-2,Mango ginger,11.2,11.2,"Tisserand & Young, Essential Oil Safety 2e (2014), Ch 14 profile '(−)-Camphor', PDF p.2011"
(−)-Camphor,464-48-2,Lanyana,11.0,11.0,"Tisserand & Young, Essential Oil Safety 2e (2014), Ch 14 profile '(−)-Camphor', PDF p.2011"
(−)-Camphor,464-48-2,Lavandin Abrialis,7.0,11.0,"Tisserand & Young, Essential Oil Safety 2e (2014), Ch 14 profile '(−)-Camphor', PDF p.2011"
(−)-Camphor,464-48-2,Rosemary (bornyl acetate CT),9.9,10.4,"Tisserand & Young, Essential Oil Safety 2e (2014), Ch 14 profile '(−)-Camphor', PDF p.2011"
(−)-Camphor,464-48-2,Marjoram (Spanish),5.5,8.9,"Tisserand & Young, Essential Oil Safety 2e (2014), Ch 14 profile '(−)-Camphor', PDF p.2011"
(−)-Camphor,464-48-2,Zedoary,1.7,7.8,"Tisserand & Young, Essential Oil Safety 2e (2014), Ch 14 profile '(−)-Camphor', PDF p.2011"
(−)-Camphor,464-48-2,Coriander seed,1.6,7.7,"Tisserand & Young, Essential Oil Safety 2e (2014), Ch 14 profile '(−)-Camphor', PDF p.2011"
(−)-Camphor,464-48-2,Sassafras albidum,1.2,6.8,"Tisserand & Young, Essential Oil Safety 2e (2014), Ch 14 profile '(−)-Camphor', PDF p.2011"
(−)-Camphor,464-48-2,Spruce (red),6.1,6.1,"Tisserand & Young, Essential Oil Safety 2e (2014), Ch 14 profile '(−)-Camphor', PDF p.2011"
(−)-Camphor,464-48-2,Cedarwood (Port Orford),5.9,5.9,"Tisserand & Young, Essential Oil Safety 2e (2014), Ch 14 profile '(−)-Camphor', PDF p.2011"
(−)-Camphor,464-48-2,Lavandin Super,4.5,5.3,"Tisserand & Young, Essential Oil Safety 2e (2014), Ch 14 profile '(−)-Camphor', PDF p.2011"
(−)-Camphor,464-48-2,Spruce (black),4.9,4.9,"Tisserand & Young, Essential Oil Safety 2e (2014), Ch 14 profile '(−)-Camphor', PDF p.2011"
(−)-Camphor,464-48-2,Rosemary (β-myrcene CT),2.1,4.4,"Tisserand & Young, Essential Oil Safety 2e (2014), Ch 14 profile '(−)-Camphor', PDF p.2011"
(−)-Camphor,464-48-2,Turmeric (wild),2.4,3.9,"Tisserand & Young, Essential Oil Safety 2e (2014), Ch 14 profile '(−)-Camphor', PDF p.2011"
(−)-Camphor,464-48-2,Yarrow (chamazulene CT),3.3,3.3,"Tisserand & Young, Essential Oil Safety 2e (2014), Ch 14 profile '(−)-Camphor', PDF p.2011"
(−)-Camphor,464-48-2,Tansy,3.2,3.2,"Tisserand & Young, Essential Oil Safety 2e (2014), Ch 14 profile '(−)-Camphor', PDF p.2011"
(−)-Camphor,464-48-2,Camphor (brown),3.0,3.0,"Tisserand & Young, Essential Oil Safety 2e (2014), Ch 14 profile '(−)-Camphor', PDF p.2011"
(−)-Camphor,464-48-2,Ocotea odorifera,0.7,2.9,"Tisserand & Young, Essential Oil Safety 2e (2014), Ch 14 profile '(−)-Camphor', PDF p.2011"
(−)-Camphor,464-48-2,Sage (Greek),2.8,2.8,"Tisserand & Young, Essential Oil Safety 2e (2014), Ch 14 profile '(−)-Camphor', PDF p.2011"
(−)-Camphor,464-48-2,Southernwood,2.8,2.8,"Tisserand & Young, Essential Oil Safety 2e (2014), Ch 14 profile '(−)-Camphor', PDF p.2011"
(−)-Camphor,464-48-2,Spruce (white),2.8,2.8,"Tisserand & Young, Essential Oil Safety 2e (2014), Ch 14 profile '(−)-Camphor', PDF p.2011"
(−)-Camphor,464-48-2,Sage (blue mountain),2.7,2.7,"Tisserand & Young, Essential Oil Safety 2e (2014), Ch 14 profile '(−)-Camphor', PDF p.2012"
(−)-Camphor,464-48-2,Lavender cotton,1.5,2.6,"Tisserand & Young, Essential Oil Safety 2e (2014), Ch 14 profile '(−)-Camphor', PDF p.2012"
(−)-Camphor,464-48-2,Thuja,2.2,2.5,"Tisserand & Young, Essential Oil Safety 2e (2014), Ch 14 profile '(−)-Camphor', PDF p.2012"
(−)-Camphor,464-48-2,Spruce (Norwegian),0.5,2.5,"Tisserand & Young, Essential Oil Safety 2e (2014), Ch 14 profile '(−)-Camphor', PDF p.2012"
(−)-Camphor,464-48-2,Camphor (white),2.4,2.4,"Tisserand & Young, Essential Oil Safety 2e (2014), Ch 14 profile '(−)-Camphor', PDF p.2012"
(−)-Camphor,464-48-2,Snowbush,2.4,2.4,"Tisserand & Young, Essential Oil Safety 2e (2014), Ch 14 profile '(−)-Camphor', PDF p.2012"
(−)-Camphor,464-48-2,Thymus zygis (thymol CT),0.0,1.7,"Tisserand & Young, Essential Oil Safety 2e (2014), Ch 14 profile '(−)-Camphor', PDF p.2012"
(−)-Camphor,464-48-2,Sugandha,1.5,1.5,"Tisserand & Young, Essential Oil Safety 2e (2014), Ch 14 profile '(−)-Camphor', PDF p.2012"
(−)-Camphor,464-48-2,Cinnamon bark,0.0,1.4,"Tisserand & Young, Essential Oil Safety 2e (2014), Ch 14 profile '(−)-Camphor', PDF p.2012"
(−)-Camphor,464-48-2,Sage (white),1.3,1.3,"Tisserand & Young, Essential Oil Safety 2e (2014), Ch 14 profile '(−)-Camphor', PDF p.2012"
(−)-Camphor,464-48-2,Lavender absolute,1.2,1.2,"Tisserand & Young, Essential Oil Safety 2e (2014), Ch 14 profile '(−)-Camphor', PDF p.2012"
(−)-Camphor,464-48-2,Peta,1.2,1.2,"Tisserand & Young, Essential Oil Safety 2e (2014), Ch 14 profile '(−)-Camphor', PDF p.2012"
(−)-Camphor,464-48-2,Artemisia vestita,1.1,1.1,"Tisserand & Young, Essential Oil Safety 2e (2014), Ch 14 profile '(−)-Camphor', PDF p.2012"
(−)-Camphor,464-48-2,Galangal (lesser),1.0,1.0,"Tisserand & Young, Essential Oil Safety 2e (2014), Ch 14 profile '(−)-Camphor', PDF p.2012"
(−)-Camphor,464-48-2,Thymus zygis (carvacrol CT),1.0,1.0,"Tisserand & Young, Essential Oil Safety 2e (2014), Ch 14 profile '(−)-Camphor', PDF p.2012"
(−)-Camphor,464-48-2,Basil (estragole CT),0.0,1.0,"Tisserand & Young, Essential Oil Safety 2e (2014), Ch 14 profile '(−)-Camphor', PDF p.2012"
(1R )-trans -3-Carene,20296-50-8,Sage (blue mountain),38.1,38.1,"Tisserand & Young, Essential Oil Safety 2e (2014), Ch 14 profile '(1R )-trans -3-Carene', PDF p.2021"
(1R )-trans -3-Carene,20296-50-8,Blackcurrant bud,15.0,35.0,"Tisserand & Young, Essential Oil Safety 2e (2014), Ch 14 profile '(1R )-trans -3-Carene', PDF p.2021"
(1R )-trans -3-Carene,20296-50-8,Pine (Scots),0.4,31.8,"Tisserand & Young, Essential Oil Safety 2e (2014), Ch 14 profile '(1R )-trans -3-Carene', PDF p.2021"
(1R )-trans -3-Carene,20296-50-8,Pine (dwarf),0.5,30.1,"Tisserand & Young, Essential Oil Safety 2e (2014), Ch 14 profile '(1R )-trans -3-Carene', PDF p.2021"
(1R )-trans -3-Carene,20296-50-8,Fir needle (Canadian),0.0,27.3,"Tisserand & Young, Essential Oil Safety 2e (2014), Ch 14 profile '(1R )-trans -3-Carene', PDF p.2021"
(1R )-trans -3-Carene,20296-50-8,Pepper (white),25.2,25.2,"Tisserand & Young, Essential Oil Safety 2e (2014), Ch 14 profile '(1R )-trans -3-Carene', PDF p.2021"
(1R )-trans -3-Carene,20296-50-8,Cypress,15.2,21.5,"Tisserand & Young, Essential Oil Safety 2e (2014), Ch 14 profile '(1R )-trans -3-Carene', PDF p.2021"
(1R )-trans -3-Carene,20296-50-8,Blackcurrant bud absolute,12.6,19.0,"Tisserand & Young, Essential Oil Safety 2e (2014), Ch 14 profile '(1R )-trans -3-Carene', PDF p.2021"
(1R )-trans -3-Carene,20296-50-8,Pine (ponderosa),17.2,17.2,"Tisserand & Young, Essential Oil Safety 2e (2014), Ch 14 profile '(1R )-trans -3-Carene', PDF p.2021"
(1R )-trans -3-Carene,20296-50-8,Boswellia rivae,15.7,15.7,"Tisserand & Young, Essential Oil Safety 2e (2014), Ch 14 profile '(1R )-trans -3-Carene', PDF p.2021"
(1R )-trans -3-Carene,20296-50-8,Pepper (black),0.0,15.5,"Tisserand & Young, Essential Oil Safety 2e (2014), Ch 14 profile '(1R )-trans -3-Carene', PDF p.2021"
(1R )-trans -3-Carene,20296-50-8,Larch needle,14.0,14.0,"Tisserand & Young, Essential Oil Safety 2e (2014), Ch 14 profile '(1R )-trans -3-Carene', PDF p.2021"
(1R )-trans -3-Carene,20296-50-8,Angelica root,4.5,13.0,"Tisserand & Young, Essential Oil Safety 2e (2014), Ch 14 profile '(1R )-trans -3-Carene', PDF p.2021"
(1R )-trans -3-Carene,20296-50-8,Pine (grey),7.3,12.7,"Tisserand & Young, Essential Oil Safety 2e (2014), Ch 14 profile '(1R )-trans -3-Carene', PDF p.2022"
(1R )-trans -3-Carene,20296-50-8,Fir needle (Siberian),12.2,12.2,"Tisserand & Young, Essential Oil Safety 2e (2014), Ch 14 profile '(1R )-trans -3-Carene', PDF p.2022"
(1R )-trans -3-Carene,20296-50-8,Galbanum,2.0,12.1,"Tisserand & Young, Essential Oil Safety 2e (2014), Ch 14 profile '(1R )-trans -3-Carene', PDF p.2022"
(1R )-trans -3-Carene,20296-50-8,Spruce (hemlock),11.5,11.5,"Tisserand & Young, Essential Oil Safety 2e (2014), Ch 14 profile '(1R )-trans -3-Carene', PDF p.2022"
(1R )-trans -3-Carene,20296-50-8,Basil (pungent),0.0,10.9,"Tisserand & Young, Essential Oil Safety 2e (2014), Ch 14 profile '(1R )-trans -3-Carene', PDF p.2022"
(1R )-trans -3-Carene,20296-50-8,Turpentine,0.0,10.3,"Tisserand & Young, Essential Oil Safety 2e (2014), Ch 14 profile '(1R )-trans -3-Carene', PDF p.2022"
(1R )-trans -3-Carene,20296-50-8,Boswellia serrata,3.6,9.6,"Tisserand & Young, Essential Oil Safety 2e (2014), Ch 14 profile '(1R )-trans -3-Carene', PDF p.2022"
(1R )-trans -3-Carene,20296-50-8,Narcissus absolute,6.6,8.4,"Tisserand & Young, Essential Oil Safety 2e (2014), Ch 14 profile '(1R )-trans -3-Carene', PDF p.2022"
(1R )-trans -3-Carene,20296-50-8,Pine (red),4.2,7.3,"Tisserand & Young, Essential Oil Safety 2e (2014), Ch 14 profile '(1R )-trans -3-Carene', PDF p.2022"
(1R )-trans -3-Carene,20296-50-8,Spruce (Norwegian),2.5,5.8,"Tisserand & Young, Essential Oil Safety 2e (2014), Ch 14 profile '(1R )-trans -3-Carene', PDF p.2022"
(1R )-trans -3-Carene,20296-50-8,Spruce (red),5.4,5.4,"Tisserand & Young, Essential Oil Safety 2e (2014), Ch 14 profile '(1R )-trans -3-Carene', PDF p.2022"
(1R )-trans -3-Carene,20296-50-8,Ravensara leaf,4.9,5.0,"Tisserand & Young, Essential Oil Safety 2e (2014), Ch 14 profile '(1R )-trans -3-Carene', PDF p.2022"
Carvacrol,499-75-2,Oregano,61.6,83.4,"Tisserand & Young, Essential Oil Safety 2e (2014), Ch 14 profile 'Carvacrol', PDF p.2024"
Carvacrol,499-75-2,Marjoram wild (carvacrol CT),76.4,81.0,"Tisserand & Young, Essential Oil Safety 2e (2014), Ch 14 profile 'Carvacrol', PDF p.2024"
Carvacrol,499-75-2,Savory (winter),46.5,75.0,"Tisserand & Young, Essential Oil Safety 2e (2014), Ch 14 profile 'Carvacrol', PDF p.2024"
Carvacrol,499-75-2,Savory (summer),43.6,70.7,"Tisserand & Young, Essential Oil Safety 2e (2014), Ch 14 profile 'Carvacrol', PDF p.2024"
Carvacrol,499-75-2,Thyme (spike),70.0,70.0,"Tisserand & Young, Essential Oil Safety 2e (2014), Ch 14 profile 'Carvacrol', PDF p.2024"
Carvacrol,499-75-2,Thymus zygis (carvacrol CT),43.9,43.9,"Tisserand & Young, Essential Oil Safety 2e (2014), Ch 14 profile 'Carvacrol', PDF p.2024"
Carvacrol,499-75-2,Thymus vulgaris (carvacrol CT),41.8,41.8,"Tisserand & Young, Essential Oil Safety 2e (2014), Ch 14 profile 'Carvacrol', PDF p.2024"
Carvacrol,499-75-2,Thymus serpyllum,15.6,27.8,"Tisserand & Young, Essential Oil Safety 2e (2014), Ch 14 profile 'Carvacrol', PDF p.2024"
Carvacrol,499-75-2,Oregano (Mexican),0.5,24.8,"Tisserand & Young, Essential Oil Safety 2e (2014), Ch 14 profile 'Carvacrol', PDF p.2024"
Carvacrol,499-75-2,Marjoram wild (linalool CT),23.3,23.3,"Tisserand & Young, Essential Oil Safety 2e (2014), Ch 14 profile 'Carvacrol', PDF p.2024"
Carvacrol,499-75-2,Thymus zygis (thymol/carvacrol CT),22.8,22.8,"Tisserand & Young, Essential Oil Safety 2e (2014), Ch 14 profile 'Carvacrol', PDF p.2024"
Carvacrol,499-75-2,Thyme (limonene CT),20.5,20.5,"Tisserand & Young, Essential Oil Safety 2e (2014), Ch 14 profile 'Carvacrol', PDF p.2024"
Carvacrol,499-75-2,Thyme (borneol CT),20.0,20.0,"Tisserand & Young, Essential Oil Safety 2e (2014), Ch 14 profile 'Carvacrol', PDF p.2024"
Carvacrol,499-75-2,Ajowan,1.0,16.4,"Tisserand & Young, Essential Oil Safety 2e (2014), Ch 14 profile 'Carvacrol', PDF p.2024"
Carvacrol,499-75-2,Thymus vulgaris (thymol CT),5.5,16.3,"Tisserand & Young, Essential Oil Safety 2e (2014), Ch 14 profile 'Carvacrol', PDF p.2024"
Carvacrol,499-75-2,Thyme (lemon),15.4,15.4,"Tisserand & Young, Essential Oil Safety 2e (2014), Ch 14 profile 'Carvacrol', PDF p.2024"
Carvacrol,499-75-2,Thymus zygis (thymol CT),0.0,5.9,"Tisserand & Young, Essential Oil Safety 2e (2014), Ch 14 profile 'Carvacrol', PDF p.2024"
Carvacrol,499-75-2,Black seed,0.5,4.2,"Tisserand & Young, Essential Oil Safety 2e (2014), Ch 14 profile 'Carvacrol', PDF p.2024"
Carvacrol,499-75-2,Verbena (white),0.0,1.8,"Tisserand & Young, Essential Oil Safety 2e (2014), Ch 14 profile 'Carvacrol', PDF p.2024"
Carvacrol,499-75-2,Eucalyptus polybractea (cryptone CT),1.1,1.1,"Tisserand & Young, Essential Oil Safety 2e (2014), Ch 14 profile 'Carvacrol', PDF p.2025"
Carvacrol,499-75-2,Thyme (linalool CT),1.0,1.1,"Tisserand & Young, Essential Oil Safety 2e (2014), Ch 14 profile 'Carvacrol', PDF p.2025"
Carvone,2244-16-8,Caraway,47.3,59.5,"Tisserand & Young, Essential Oil Safety 2e (2014), Ch 14 profile 'Carvone', PDF p.2029"
Carvone,2244-16-8,Dill seed (European),27.3,53.3,"Tisserand & Young, Essential Oil Safety 2e (2014), Ch 14 profile 'Carvone', PDF p.2029"
Carvone,2244-16-8,Verbena (white),43.3,46.1,"Tisserand & Young, Essential Oil Safety 2e (2014), Ch 14 profile 'Carvone', PDF p.2029"
Carvone,2244-16-8,Dill weed,31.6,42.4,"Tisserand & Young, Essential Oil Safety 2e (2014), Ch 14 profile 'Carvone', PDF p.2029"
Carvone,2244-16-8,Dill seed (Indian),17.4,23.1,"Tisserand & Young, Essential Oil Safety 2e (2014), Ch 14 profile 'Carvone', PDF p.2029"
Carvone,6485-40-1,Spearmint,57.2,71.6,"Tisserand & Young, Essential Oil Safety 2e (2014), Ch 14 profile 'Carvone', PDF p.2029"
Carvone,6485-40-1,Balsamite,51.5,51.5,"Tisserand & Young, Essential Oil Safety 2e (2014), Ch 14 profile 'Carvone', PDF p.2029"
cycloundecatriene,6753-98-6,Hop,36.7,36.7,"Tisserand & Young, Essential Oil Safety 2e (2014), Ch 14 profile 'cycloundecatriene', PDF p.2033"
cycloundecatriene,6753-98-6,Cananga,9.2,9.2,"Tisserand & Young, Essential Oil Safety 2e (2014), Ch 14 profile 'cycloundecatriene', PDF p.2033"
cycloundecatriene,6753-98-6,Hemp,4.5,7.4,"Tisserand & Young, Essential Oil Safety 2e (2014), Ch 14 profile 'cycloundecatriene', PDF p.2033"
cycloundecatriene,6753-98-6,Lantana,6.2,6.2,"Tisserand & Young, Essential Oil Safety 2e (2014), Ch 14 profile 'cycloundecatriene', PDF p.2033"
cycloundecatriene,6753-98-6,Copaiba,2.7,6.1,"Tisserand & Young, Essential Oil Safety 2e (2014), Ch 14 profile 'cycloundecatriene', PDF p.2033"
cycloundecatriene,6753-98-6,Geranium,0.0,6.0,"Tisserand & Young, Essential Oil Safety 2e (2014), Ch 14 profile 'cycloundecatriene', PDF p.2033"
cycloundecatriene,6753-98-6,Pilocarpus microphyllus,1.7,5.4,"Tisserand & Young, Essential Oil Safety 2e (2014), Ch 14 profile 'cycloundecatriene', PDF p.2033"
cycloundecatriene,6753-98-6,Rosemary (cineole CT),0.1,5.4,"Tisserand & Young, Essential Oil Safety 2e (2014), Ch 14 profile 'cycloundecatriene', PDF p.2033"
methylenebicyclo[7.2.0]undec-4-ene,,Copaiba,24.7,53.3,"Tisserand & Young, Essential Oil Safety 2e (2014), Ch 14 profile 'methylenebicyclo[7.2.0]undec-4-ene', PDF p.2034"
methylenebicyclo[7.2.0]undec-4-ene,,Pilocarpus microphyllus,23.9,40.6,"Tisserand & Young, Essential Oil Safety 2e (2014), Ch 14 profile 'methylenebicyclo[7.2.0]undec-4-ene', PDF p.2034"
methylenebicyclo[7.2.0]undec-4-ene,,Cananga,38.2,38.2,"Tisserand & Young, Essential Oil Safety 2e (2014), Ch 14 profile 'methylenebicyclo[7.2.0]undec-4-ene', PDF p.2034"
methylenebicyclo[7.2.0]undec-4-ene,,Pepper (black),9.4,30.9,"Tisserand & Young, Essential Oil Safety 2e (2014), Ch 14 profile 'methylenebicyclo[7.2.0]undec-4-ene', PDF p.2034"
methylenebicyclo[7.2.0]undec-4-ene,,Cangerana,28.6,28.6,"Tisserand & Young, Essential Oil Safety 2e (2014), Ch 14 profile 'methylenebicyclo[7.2.0]undec-4-ene', PDF p.2035"
methylenebicyclo[7.2.0]undec-4-ene,,Catnip,6.2,24.6,"Tisserand & Young, Essential Oil Safety 2e (2014), Ch 14 profile 'methylenebicyclo[7.2.0]undec-4-ene', PDF p.2035"
methylenebicyclo[7.2.0]undec-4-ene,,Fern (sweet),24.5,24.5,"Tisserand & Young, Essential Oil Safety 2e (2014), Ch 14 profile 'methylenebicyclo[7.2.0]undec-4-ene', PDF p.2035"
methylenebicyclo[7.2.0]undec-4-ene,,Pepper (white),23.4,23.4,"Tisserand & Young, Essential Oil Safety 2e (2014), Ch 14 profile 'methylenebicyclo[7.2.0]undec-4-ene', PDF p.2035"
methylenebicyclo[7.2.0]undec-4-ene,,Ylang-ylang,1.1,21.5,"Tisserand & Young, Essential Oil Safety 2e (2014), Ch 14 profile 'methylenebicyclo[7.2.0]undec-4-ene', PDF p.2035"
methylenebicyclo[7.2.0]undec-4-ene,,Hemp,13.7,19.4,"Tisserand & Young, Essential Oil Safety 2e (2014), Ch 14 profile 'methylenebicyclo[7.2.0]undec-4-ene', PDF p.2035"
methylenebicyclo[7.2.0]undec-4-ene,,Melissa,0.3,19.1,"Tisserand & Young, Essential Oil Safety 2e (2014), Ch 14 profile 'methylenebicyclo[7.2.0]undec-4-ene', PDF p.2035"
methylenebicyclo[7.2.0]undec-4-ene,,Camphor (Borneo),18.1,18.1,"Tisserand & Young, Essential Oil Safety 2e (2014), Ch 14 profile 'methylenebicyclo[7.2.0]undec-4-ene', PDF p.2035"
methylenebicyclo[7.2.0]undec-4-ene,,Fenugreek,14.6,14.6,"Tisserand & Young, Essential Oil Safety 2e (2014), Ch 14 profile 'methylenebicyclo[7.2.0]undec-4-ene', PDF p.2035"
methylenebicyclo[7.2.0]undec-4-ene,,Blackcurrant bud absolute,9.0,14.0,"Tisserand & Young, Essential Oil Safety 2e (2014), Ch 14 profile 'methylenebicyclo[7.2.0]undec-4-ene', PDF p.2035"
methylenebicyclo[7.2.0]undec-4-ene,,Savory (winter),0.0,13.6,"Tisserand & Young, Essential Oil Safety 2e (2014), Ch 14 profile 'methylenebicyclo[7.2.0]undec-4-ene', PDF p.2035"
methylenebicyclo[7.2.0]undec-4-ene,,Clove stem,3.5,12.4,"Tisserand & Young, Essential Oil Safety 2e (2014), Ch 14 profile 'methylenebicyclo[7.2.0]undec-4-ene', PDF p.2035"
methylenebicyclo[7.2.0]undec-4-ene,,Clove bud,0.6,12.4,"Tisserand & Young, Essential Oil Safety 2e (2014), Ch 14 profile 'methylenebicyclo[7.2.0]undec-4-ene', PDF p.2035"
methylenebicyclo[7.2.0]undec-4-ene,,Lantana,12.0,12.0,"Tisserand & Young, Essential Oil Safety 2e (2014), Ch 14 profile 'methylenebicyclo[7.2.0]undec-4-ene', PDF p.2035"
methylenebicyclo[7.2.0]undec-4-ene,,Pine (black),5.3,11.8,"Tisserand & Young, Essential Oil Safety 2e (2014), Ch 14 profile 'methylenebicyclo[7.2.0]undec-4-ene', PDF p.2035"
methylenebicyclo[7.2.0]undec-4-ene,,Thymus serpyllum,6.0,11.2,"Tisserand & Young, Essential Oil Safety 2e (2014), Ch 14 profile 'methylenebicyclo[7.2.0]undec-4-ene', PDF p.2035"
methylenebicyclo[7.2.0]undec-4-ene,,Myrtle (bog),11.0,11.0,"Tisserand & Young, Essential Oil Safety 2e (2014), Ch 14 profile 'methylenebicyclo[7.2.0]undec-4-ene', PDF p.2035"
methylenebicyclo[7.2.0]undec-4-ene,,Wormwood (annual),0.0,10.9,"Tisserand & Young, Essential Oil Safety 2e (2014), Ch 14 profile 'methylenebicyclo[7.2.0]undec-4-ene', PDF p.2035"
methylenebicyclo[7.2.0]undec-4-ene,,"Mugwort (common, camphor/thujone CT)",10.6,10.6,"Tisserand & Young, Essential Oil Safety 2e (2014), Ch 14 profile 'methylenebicyclo[7.2.0]undec-4-ene', PDF p.2035"
methylenebicyclo[7.2.0]undec-4-ene,,Ylang-ylang absolute,10.0,10.0,"Tisserand & Young, Essential Oil Safety 2e (2014), Ch 14 profile 'methylenebicyclo[7.2.0]undec-4-ene', PDF p.2035"
methylenebicyclo[7.2.0]undec-4-ene,,Basil (hairy),4.3,10.0,"Tisserand & Young, Essential Oil Safety 2e (2014), Ch 14 profile 'methylenebicyclo[7.2.0]undec-4-ene', PDF p.2035"
methylenebicyclo[7.2.0]undec-4-ene,,Hop,9.8,9.8,"Tisserand & Young, Essential Oil Safety 2e (2014), Ch 14 profile 'methylenebicyclo[7.2.0]undec-4-ene', PDF p.2035"
methylenebicyclo[7.2.0]undec-4-ene,,Sage (Dalmatian),0.2,9.7,"Tisserand & Young, Essential Oil Safety 2e (2014), Ch 14 profile 'methylenebicyclo[7.2.0]undec-4-ene', PDF p.2035"
methylenebicyclo[7.2.0]undec-4-ene,,Chaste tree seed,0.8,9.3,"Tisserand & Young, Essential Oil Safety 2e (2014), Ch 14 profile 'methylenebicyclo[7.2.0]undec-4-ene', PDF p.2035"
methylenebicyclo[7.2.0]undec-4-ene,,Chaste tree leaf,2.3,8.9,"Tisserand & Young, Essential Oil Safety 2e (2014), Ch 14 profile 'methylenebicyclo[7.2.0]undec-4-ene', PDF p.2035"
methylenebicyclo[7.2.0]undec-4-ene,,Niaouli (nerolidol CT),0.5,8.7,"Tisserand & Young, Essential Oil Safety 2e (2014), Ch 14 profile 'methylenebicyclo[7.2.0]undec-4-ene', PDF p.2035"
methylenebicyclo[7.2.0]undec-4-ene,,Ravensara leaf,1.5,8.4,"Tisserand & Young, Essential Oil Safety 2e (2014), Ch 14 profile 'methylenebicyclo[7.2.0]undec-4-ene', PDF p.2035"
methylenebicyclo[7.2.0]undec-4-ene,,Longoza,0.8,8.0,"Tisserand & Young, Essential Oil Safety 2e (2014), Ch 14 profile 'methylenebicyclo[7.2.0]undec-4-ene', PDF p.2035"
methylenebicyclo[7.2.0]undec-4-ene,,Betel,0.0,7.8,"Tisserand & Young, Essential Oil Safety 2e (2014), Ch 14 profile 'methylenebicyclo[7.2.0]undec-4-ene', PDF p.2035"
methylenebicyclo[7.2.0]undec-4-ene,,Boswellia sacra (α-pinene CT),1.9,7.5,"Tisserand & Young, Essential Oil Safety 2e (2014), Ch 14 profile 'methylenebicyclo[7.2.0]undec-4-ene', PDF p.2035"
methylenebicyclo[7.2.0]undec-4-ene,,Sugandha,7.4,7.4,"Tisserand & Young, Essential Oil Safety 2e (2014), Ch 14 profile 'methylenebicyclo[7.2.0]undec-4-ene', PDF p.2035"
methylenebicyclo[7.2.0]undec-4-ene,,Curry leaf,7.3,7.3,"Tisserand & Young, Essential Oil Safety 2e (2014), Ch 14 profile 'methylenebicyclo[7.2.0]undec-4-ene', PDF p.2035"
methylenebicyclo[7.2.0]undec-4-ene,,Pimento berry,4.0,6.6,"Tisserand & Young, Essential Oil Safety 2e (2014), Ch 14 profile 'methylenebicyclo[7.2.0]undec-4-ene', PDF p.2035"
methylenebicyclo[7.2.0]undec-4-ene,,Clove leaf,3.5,6.4,"Tisserand & Young, Essential Oil Safety 2e (2014), Ch 14 profile 'methylenebicyclo[7.2.0]undec-4-ene', PDF p.2035"
methylenebicyclo[7.2.0]undec-4-ene,,Thyme (geraniol CT),6.3,6.3,"Tisserand & Young, Essential Oil Safety 2e (2014), Ch 14 profile 'methylenebicyclo[7.2.0]undec-4-ene', PDF p.2035"
methylenebicyclo[7.2.0]undec-4-ene,,Rosemary (cineole CT),0.5,6.3,"Tisserand & Young, Essential Oil Safety 2e (2014), Ch 14 profile 'methylenebicyclo[7.2.0]undec-4-ene', PDF p.2035"
methylenebicyclo[7.2.0]undec-4-ene,,Cade (rectified),6.1,6.1,"Tisserand & Young, Essential Oil Safety 2e (2014), Ch 14 profile 'methylenebicyclo[7.2.0]undec-4-ene', PDF p.2036"
methylenebicyclo[7.2.0]undec-4-ene,,Katrafay,3.0,6.0,"Tisserand & Young, Essential Oil Safety 2e (2014), Ch 14 profile 'methylenebicyclo[7.2.0]undec-4-ene', PDF p.2036"
methylenebicyclo[7.2.0]undec-4-ene,,Lavender,1.8,5.9,"Tisserand & Young, Essential Oil Safety 2e (2014), Ch 14 profile 'methylenebicyclo[7.2.0]undec-4-ene', PDF p.2036"
methylenebicyclo[7.2.0]undec-4-ene,,Cinnamon bark,1.3,5.8,"Tisserand & Young, Essential Oil Safety 2e (2014), Ch 14 profile 'methylenebicyclo[7.2.0]undec-4-ene', PDF p.2036"
methylenebicyclo[7.2.0]undec-4-ene,,Carrot seed,0.7,5.6,"Tisserand & Young, Essential Oil Safety 2e (2014), Ch 14 profile 'methylenebicyclo[7.2.0]undec-4-ene', PDF p.2036"
methylenebicyclo[7.2.0]undec-4-ene,,Sage (Greek),5.5,5.5,"Tisserand & Young, Essential Oil Safety 2e (2014), Ch 14 profile 'methylenebicyclo[7.2.0]undec-4-ene', PDF p.2036"
methylenebicyclo[7.2.0]undec-4-ene,,Vassoura,5.4,5.4,"Tisserand & Young, Essential Oil Safety 2e (2014), Ch 14 profile 'methylenebicyclo[7.2.0]undec-4-ene', PDF p.2036"
methylenebicyclo[7.2.0]undec-4-ene,,Fir needle (Himalayan),5.3,5.3,"Tisserand & Young, Essential Oil Safety 2e (2014), Ch 14 profile 'methylenebicyclo[7.2.0]undec-4-ene', PDF p.2036"
methylenebicyclo[7.2.0]undec-4-ene,,Helichrysum italicum,5.0,5.0,"Tisserand & Young, Essential Oil Safety 2e (2014), Ch 14 profile 'methylenebicyclo[7.2.0]undec-4-ene', PDF p.2036"
methylenebicyclo[7.2.0]undec-4-ene,,Pimento leaf,4.1,5.0,"Tisserand & Young, Essential Oil Safety 2e (2014), Ch 14 profile 'methylenebicyclo[7.2.0]undec-4-ene', PDF p.2036"
"oxatricyclo[8.2.0.04,6 ]dodecane",1139-30-6,Catnip,14.3,19.4,"Tisserand & Young, Essential Oil Safety 2e (2014), Ch 14 profile 'oxatricyclo[8.2.0.04,6 ]dodecane', PDF p.2038"
"oxatricyclo[8.2.0.04,6 ]dodecane",1139-30-6,Pilocarpus microphyllus,2.7,15.4,"Tisserand & Young, Essential Oil Safety 2e (2014), Ch 14 profile 'oxatricyclo[8.2.0.04,6 ]dodecane', PDF p.2038"
"oxatricyclo[8.2.0.04,6 ]dodecane",1139-30-6,Piri-piri,4.6,13.7,"Tisserand & Young, Essential Oil Safety 2e (2014), Ch 14 profile 'oxatricyclo[8.2.0.04,6 ]dodecane', PDF p.2038"
"oxatricyclo[8.2.0.04,6 ]dodecane",1139-30-6,Melissa,0.8,10.0,"Tisserand & Young, Essential Oil Safety 2e (2014), Ch 14 profile 'oxatricyclo[8.2.0.04,6 ]dodecane', PDF p.2038"
"oxatricyclo[8.2.0.04,6 ]dodecane",1139-30-6,Hemp,2.0,5.8,"Tisserand & Young, Essential Oil Safety 2e (2014), Ch 14 profile 'oxatricyclo[8.2.0.04,6 ]dodecane', PDF p.2038"
"oxatricyclo[8.2.0.04,6 ]dodecane",1139-30-6,Pine (Scots),0.0,4.9,"Tisserand & Young, Essential Oil Safety 2e (2014), Ch 14 profile 'oxatricyclo[8.2.0.04,6 ]dodecane', PDF p.2038"
"oxatricyclo[8.2.0.04,6 ]dodecane",1139-30-6,Labdanum,0.0,4.4,"Tisserand & Young, Essential Oil Safety 2e (2014), Ch 14 profile 'oxatricyclo[8.2.0.04,6 ]dodecane', PDF p.2038"
"oxatricyclo[8.2.0.04,6 ]dodecane",1139-30-6,Angelica root (Himalayan),2.0,4.0,"Tisserand & Young, Essential Oil Safety 2e (2014), Ch 14 profile 'oxatricyclo[8.2.0.04,6 ]dodecane', PDF p.2038"
"oxatricyclo[8.2.0.04,6 ]dodecane",1139-30-6,Verbena (lemon),1.8,3.3,"Tisserand & Young, Essential Oil Safety 2e (2014), Ch 14 profile 'oxatricyclo[8.2.0.04,6 ]dodecane', PDF p.2038"
"oxatricyclo[8.2.0.04,6 ]dodecane",1139-30-6,Hyssop (linalool CT),1.7,3.2,"Tisserand & Young, Essential Oil Safety 2e (2014), Ch 14 profile 'oxatricyclo[8.2.0.04,6 ]dodecane', PDF p.2038"
"oxatricyclo[8.2.0.04,6 ]dodecane",1139-30-6,Echinacea,3.0,3.0,"Tisserand & Young, Essential Oil Safety 2e (2014), Ch 14 profile 'oxatricyclo[8.2.0.04,6 ]dodecane', PDF p.2038"
"oxatricyclo[8.2.0.04,6 ]dodecane",1139-30-6,Carrot seed,0.3,2.8,"Tisserand & Young, Essential Oil Safety 2e (2014), Ch 14 profile 'oxatricyclo[8.2.0.04,6 ]dodecane', PDF p.2038"
"oxatricyclo[8.2.0.04,6 ]dodecane",1139-30-6,Helichrysum italicum,2.6,2.6,"Tisserand & Young, Essential Oil Safety 2e (2014), Ch 14 profile 'oxatricyclo[8.2.0.04,6 ]dodecane', PDF p.2038"
"oxatricyclo[8.2.0.04,6 ]dodecane",1139-30-6,Damiana,2.5,2.5,"Tisserand & Young, Essential Oil Safety 2e (2014), Ch 14 profile 'oxatricyclo[8.2.0.04,6 ]dodecane', PDF p.2038"
"oxatricyclo[8.2.0.04,6 ]dodecane",1139-30-6,Chaste tree seed,0.0,2.5,"Tisserand & Young, Essential Oil Safety 2e (2014), Ch 14 profile 'oxatricyclo[8.2.0.04,6 ]dodecane', PDF p.2038"
"oxatricyclo[8.2.0.04,6 ]dodecane",1139-30-6,Inula,2.2,2.2,"Tisserand & Young, Essential Oil Safety 2e (2014), Ch 14 profile 'oxatricyclo[8.2.0.04,6 ]dodecane', PDF p.2038"
"oxatricyclo[8.2.0.04,6 ]dodecane",1139-30-6,Feverfew,1.0,2.1,"Tisserand & Young, Essential Oil Safety 2e (2014), Ch 14 profile 'oxatricyclo[8.2.0.04,6 ]dodecane', PDF p.2038"
"oxatricyclo[8.2.0.04,6 ]dodecane",1139-30-6,Thyme (borneol CT),2.0,2.0,"Tisserand & Young, Essential Oil Safety 2e (2014), Ch 14 profile 'oxatricyclo[8.2.0.04,6 ]dodecane', PDF p.2038"
"oxatricyclo[8.2.0.04,6 ]dodecane",1139-30-6,Palmarosa,0.1,1.8,"Tisserand & Young, Essential Oil Safety 2e (2014), Ch 14 profile 'oxatricyclo[8.2.0.04,6 ]dodecane', PDF p.2038"
"oxatricyclo[8.2.0.04,6 ]dodecane",1139-30-6,Wormwood (annual),0.1,1.6,"Tisserand & Young, Essential Oil Safety 2e (2014), Ch 14 profile 'oxatricyclo[8.2.0.04,6 ]dodecane', PDF p.2038"
"oxatricyclo[8.2.0.04,6 ]dodecane",1139-30-6,Betel,0.0,1.6,"Tisserand & Young, Essential Oil Safety 2e (2014), Ch 14 profile 'oxatricyclo[8.2.0.04,6 ]dodecane', PDF p.2038"
"oxatricyclo[8.2.0.04,6 ]dodecane",1139-30-6,Lemongrass (East Indian),0.0,1.6,"Tisserand & Young, Essential Oil Safety 2e (2014), Ch 14 profile 'oxatricyclo[8.2.0.04,6 ]dodecane', PDF p.2038"
"oxatricyclo[8.2.0.04,6 ]dodecane",1139-30-6,Fern (sweet),1.5,1.5,"Tisserand & Young, Essential Oil Safety 2e (2014), Ch 14 profile 'oxatricyclo[8.2.0.04,6 ]dodecane', PDF p.2038"
"oxatricyclo[8.2.0.04,6 ]dodecane",1139-30-6,Mugwort (common),1.2,1.5,"Tisserand & Young, Essential Oil Safety 2e (2014), Ch 14 profile 'oxatricyclo[8.2.0.04,6 ]dodecane', PDF p.2038"
"oxatricyclo[8.2.0.04,6 ]dodecane",1139-30-6,Boswellia sacra (α-pinene CT),0.0,1.4,"Tisserand & Young, Essential Oil Safety 2e (2014), Ch 14 profile 'oxatricyclo[8.2.0.04,6 ]dodecane', PDF p.2038"
"oxatricyclo[8.2.0.04,6 ]dodecane",1139-30-6,Rosemary (verbenone CT),0.3,1.3,"Tisserand & Young, Essential Oil Safety 2e (2014), Ch 14 profile 'oxatricyclo[8.2.0.04,6 ]dodecane', PDF p.2038"
"oxatricyclo[8.2.0.04,6 ]dodecane",1139-30-6,Phoebe,1.0,1.1,"Tisserand & Young, Essential Oil Safety 2e (2014), Ch 14 profile 'oxatricyclo[8.2.0.04,6 ]dodecane', PDF p.2038"
"oxatricyclo[8.2.0.04,6 ]dodecane",1139-30-6,Mastic,0.0,1.1,"Tisserand & Young, Essential Oil Safety 2e (2014), Ch 14 profile 'oxatricyclo[8.2.0.04,6 ]dodecane', PDF p.2038"
"oxatricyclo[8.2.0.04,6 ]dodecane",1139-30-6,Tansy (blue),0.5,1.0,"Tisserand & Young, Essential Oil Safety 2e (2014), Ch 14 profile 'oxatricyclo[8.2.0.04,6 ]dodecane', PDF p.2038"
"oxatricyclo[8.2.0.04,6 ]dodecane",1139-30-6,Pimento leaf,0.2,1.0,"Tisserand & Young, Essential Oil Safety 2e (2014), Ch 14 profile 'oxatricyclo[8.2.0.04,6 ]dodecane', PDF p.2038"
"tetramethyl-1H -3a,7-methanoazulene",469-61-4,Cedarwood (Virginian),21.1,38.0,"Tisserand & Young, Essential Oil Safety 2e (2014), Ch 14 profile 'tetramethyl-1H -3a,7-methanoazulene', PDF p.2040"
"tetramethyl-1H -3a,7-methanoazulene",469-61-4,Cedarwood (Texan),22.6,30.7,"Tisserand & Young, Essential Oil Safety 2e (2014), Ch 14 profile 'tetramethyl-1H -3a,7-methanoazulene', PDF p.2040"
"tetramethyl-1H -3a,7-methanoazulene",469-61-4,Cedarwood (Himalayan),15.8,15.8,"Tisserand & Young, Essential Oil Safety 2e (2014), Ch 14 profile 'tetramethyl-1H -3a,7-methanoazulene', PDF p.2040"
"tetramethyl-1H -3a,7-methanoazulene",469-61-4,Cade (rectified),15.0,15.0,"Tisserand & Young, Essential Oil Safety 2e (2014), Ch 14 profile 'tetramethyl-1H -3a,7-methanoazulene', PDF p.2040"
"tetramethyl-1H -3a,7-methanoazulene",469-61-4,Cade (unrectified),15.0,15.0,"Tisserand & Young, Essential Oil Safety 2e (2014), Ch 14 profile 'tetramethyl-1H -3a,7-methanoazulene', PDF p.2040"
"tetramethyl-1H -3a,7-methanoazulene",469-61-4,Cedarwood (Chinese),2.1,2.1,"Tisserand & Young, Essential Oil Safety 2e (2014), Ch 14 profile 'tetramethyl-1H -3a,7-methanoazulene', PDF p.2040"
"methylene-1H -3a,7-methanoazulene",546-28-1,Juniperus virginiana,8.2,9.2,"Tisserand & Young, Essential Oil Safety 2e (2014), Ch 14 profile 'methylene-1H -3a,7-methanoazulene', PDF p.2041"
"methylene-1H -3a,7-methanoazulene",546-28-1,Juniperus ashei,5.5,5.5,"Tisserand & Young, Essential Oil Safety 2e (2014), Ch 14 profile 'methylene-1H -3a,7-methanoazulene', PDF p.2041"
"methylene-1H -3a,7-methanoazulene",546-28-1,Hinoki leaf,4.7,4.7,"Tisserand & Young, Essential Oil Safety 2e (2014), Ch 14 profile 'methylene-1H -3a,7-methanoazulene', PDF p.2042"
"methylene-1H -3a,7-methanoazulene",546-28-1,Cedarwood (Himalayan),1.4,1.4,"Tisserand & Young, Essential Oil Safety 2e (2014), Ch 14 profile 'methylene-1H -3a,7-methanoazulene', PDF p.2042"
"tetramethyl-1H -3a,7-methanoazulen-6-ol",77-53-2,Cedarwood (Virginian),12.3,22.2,"Tisserand & Young, Essential Oil Safety 2e (2014), Ch 14 profile 'tetramethyl-1H -3a,7-methanoazulen-6-ol', PDF p.2042"
"tetramethyl-1H -3a,7-methanoazulen-6-ol",77-53-2,Cedarwood (Texan),12.2,19.1,"Tisserand & Young, Essential Oil Safety 2e (2014), Ch 14 profile 'tetramethyl-1H -3a,7-methanoazulen-6-ol', PDF p.2042"
"tetramethyl-1H -3a,7-methanoazulen-6-ol",77-53-2,Cypress,2.0,7.0,"Tisserand & Young, Essential Oil Safety 2e (2014), Ch 14 profile 'tetramethyl-1H -3a,7-methanoazulen-6-ol', PDF p.2043"
"tetramethyl-1H -3a,7-methanoazulen-6-ol",77-53-2,Copaiba,0.0,4.8,"Tisserand & Young, Essential Oil Safety 2e (2014), Ch 14 profile 'tetramethyl-1H -3a,7-methanoazulen-6-ol', PDF p.2043"
"tetramethyl-1H -3a,7-methanoazulen-6-ol",77-53-2,Cedarwood (Himalayan),1.3,1.3,"Tisserand & Young, Essential Oil Safety 2e (2014), Ch 14 profile 'tetramethyl-1H -3a,7-methanoazulen-6-ol', PDF p.2043"
pentaene,529-05-5,Tansy (blue),17.0,38.3,"Tisserand & Young, Essential Oil Safety 2e (2014), Ch 14 profile 'pentaene', PDF p.2044"
pentaene,529-05-5,Chamomile (blue),3.4,23.4,"Tisserand & Young, Essential Oil Safety 2e (2014), Ch 14 profile 'pentaene', PDF p.2044"
pentaene,529-05-5,Mugwort (great),22.4,22.4,"Tisserand & Young, Essential Oil Safety 2e (2014), Ch 14 profile 'pentaene', PDF p.2044"
pentaene,529-05-5,Yarrow (chamazulene CT),19.7,19.7,"Tisserand & Young, Essential Oil Safety 2e (2014), Ch 14 profile 'pentaene', PDF p.2044"
pentaene,529-05-5,Cypress (blue),5.6,5.6,"Tisserand & Young, Essential Oil Safety 2e (2014), Ch 14 profile 'pentaene', PDF p.2044"
pentaene,529-05-5,Chamomile (Roman),0.0,4.4,"Tisserand & Young, Essential Oil Safety 2e (2014), Ch 14 profile 'pentaene', PDF p.2044"
pentaene,529-05-5,Pine (Scots),0.0,1.7,"Tisserand & Young, Essential Oil Safety 2e (2014), Ch 14 profile 'pentaene', PDF p.2044"
"1,4-Cineole",,"Lime (distilled, Mexican)",2.0,3.0,"Tisserand & Young, Essential Oil Safety 2e (2014), Ch 14 profile '1,4-Cineole', PDF p.2044"
"1,4-Cineole",,"Lime (distilled, Persian)",1.8,1.8,"Tisserand & Young, Essential Oil Safety 2e (2014), Ch 14 profile '1,4-Cineole', PDF p.2044"
"1,4-Cineole",,Cedarwood (Port Orford),1.3,1.3,"Tisserand & Young, Essential Oil Safety 2e (2014), Ch 14 profile '1,4-Cineole', PDF p.2044"
"1,4-Cineole",,Eucalyptus plenissima,85.0,95.0,"Tisserand & Young, Essential Oil Safety 2e (2014), Ch 14 profile '1,4-Cineole', PDF p.2046"
"1,4-Cineole",,Eucalyptus polybractea,88.7,91.9,"Tisserand & Young, Essential Oil Safety 2e (2014), Ch 14 profile '1,4-Cineole', PDF p.2046"
"1,4-Cineole",,Eucalyptus globulus,65.4,83.9,"Tisserand & Young, Essential Oil Safety 2e (2014), Ch 14 profile '1,4-Cineole', PDF p.2046"
"1,4-Cineole",,Eucalyptus camaldulensis,46.9,83.7,"Tisserand & Young, Essential Oil Safety 2e (2014), Ch 14 profile '1,4-Cineole', PDF p.2046"
"1,4-Cineole",,Eucalyptus smithii,77.5,77.5,"Tisserand & Young, Essential Oil Safety 2e (2014), Ch 14 profile '1,4-Cineole', PDF p.2046"
"1,4-Cineole",,Eucalyptus maidenii,76.8,76.8,"Tisserand & Young, Essential Oil Safety 2e (2014), Ch 14 profile '1,4-Cineole', PDF p.2046"
"1,4-Cineole",,Cajuput,41.1,70.8,"Tisserand & Young, Essential Oil Safety 2e (2014), Ch 14 profile '1,4-Cineole', PDF p.2046"
"1,4-Cineole",,Sage (white),68.4,68.4,"Tisserand & Young, Essential Oil Safety 2e (2014), Ch 14 profile '1,4-Cineole', PDF p.2046"
"1,4-Cineole",,Niaouli (cineole CT),55.0,65.0,"Tisserand & Young, Essential Oil Safety 2e (2014), Ch 14 profile '1,4-Cineole', PDF p.2046"
"1,4-Cineole",,Eucalyptus radiata,60.4,64.5,"Tisserand & Young, Essential Oil Safety 2e (2014), Ch 14 profile '1,4-Cineole', PDF p.2046"
"1,4-Cineole",,"Ho leaf (cineole CT, Madagascan)",56.7,63.7,"Tisserand & Young, Essential Oil Safety 2e (2014), Ch 14 profile '1,4-Cineole', PDF p.2046"
"1,4-Cineole",,Cardamon (black),61.3,61.3,"Tisserand & Young, Essential Oil Safety 2e (2014), Ch 14 profile '1,4-Cineole', PDF p.2046"
"1,4-Cineole",,Sage (Greek),59.0,59.0,"Tisserand & Young, Essential Oil Safety 2e (2014), Ch 14 profile '1,4-Cineole', PDF p.2046"
"1,4-Cineole",,Marjoram (Spanish),45.1,58.6,"Tisserand & Young, Essential Oil Safety 2e (2014), Ch 14 profile '1,4-Cineole', PDF p.2046"
"1,4-Cineole",,Rosemary (cineole CT),39.0,57.7,"Tisserand & Young, Essential Oil Safety 2e (2014), Ch 14 profile '1,4-Cineole', PDF p.2046"
"1,4-Cineole",,Saro,46.0,53.0,"Tisserand & Young, Essential Oil Safety 2e (2014), Ch 14 profile '1,4-Cineole', PDF p.2046"
"1,4-Cineole",,"Ho leaf (cineole CT, Chinese)",50.0,50.0,"Tisserand & Young, Essential Oil Safety 2e (2014), Ch 14 profile '1,4-Cineole', PDF p.2046"
"1,4-Cineole",,Galangal (lesser),49.6,49.6,"Tisserand & Young, Essential Oil Safety 2e (2014), Ch 14 profile '1,4-Cineole', PDF p.2046"
"1,4-Cineole",,Rambiazana,47.4,47.4,"Tisserand & Young, Essential Oil Safety 2e (2014), Ch 14 profile '1,4-Cineole', PDF p.2046"
"1,4-Cineole",,Cardamon,26.5,44.6,"Tisserand & Young, Essential Oil Safety 2e (2014), Ch 14 profile '1,4-Cineole', PDF p.2046"
"1,4-Cineole",,Sanna,44.3,44.3,"Tisserand & Young, Essential Oil Safety 2e (2014), Ch 14 profile '1,4-Cineole', PDF p.2046"
"1,4-Cineole",,Laurel leaf,38.1,43.5,"Tisserand & Young, Essential Oil Safety 2e (2014), Ch 14 profile '1,4-Cineole', PDF p.2046"
"1,4-Cineole",,Sage (Spanish),12.0,40.3,"Tisserand & Young, Essential Oil Safety 2e (2014), Ch 14 profile '1,4-Cineole', PDF p.2046"
"1,4-Cineole",,Myrtle,18.9,37.5,"Tisserand & Young, Essential Oil Safety 2e (2014), Ch 14 profile '1,4-Cineole', PDF p.2046"
"1,4-Cineole",,Chaste tree leaf,15.6,35.2,"Tisserand & Young, Essential Oil Safety 2e (2014), Ch 14 profile '1,4-Cineole', PDF p.2046"
"1,4-Cineole",,Niaouli (viridiflorol CT),30.0,35.0,"Tisserand & Young, Essential Oil Safety 2e (2014), Ch 14 profile '1,4-Cineole', PDF p.2046"
"1,4-Cineole",,Lavender (spike),28.0,34.9,"Tisserand & Young, Essential Oil Safety 2e (2014), Ch 14 profile '1,4-Cineole', PDF p.2046"
"1,4-Cineole",,Galangal (greater),30.2,33.6,"Tisserand & Young, Essential Oil Safety 2e (2014), Ch 14 profile '1,4-Cineole', PDF p.2046"
"1,4-Cineole",,Fragonia,31.0,33.0,"Tisserand & Young, Essential Oil Safety 2e (2014), Ch 14 profile '1,4-Cineole', PDF p.2046"
"1,4-Cineole",,Eucalyptus macarthurii,28.9,29.0,"Tisserand & Young, Essential Oil Safety 2e (2014), Ch 14 profile '1,4-Cineole', PDF p.2046"
"1,4-Cineole",,Rosalina,18.0,26.0,"Tisserand & Young, Essential Oil Safety 2e (2014), Ch 14 profile '1,4-Cineole', PDF p.2046"
"1,4-Cineole",,Rosemary (α-pinene CT),15.0,25.1,"Tisserand & Young, Essential Oil Safety 2e (2014), Ch 14 profile '1,4-Cineole', PDF p.2046"
"1,4-Cineole",,Chaste tree seed,8.4,23.3,"Tisserand & Young, Essential Oil Safety 2e (2014), Ch 14 profile '1,4-Cineole', PDF p.2046"
"1,4-Cineole",,Rosemary (camphor CT),17.0,22.5,"Tisserand & Young, Essential Oil Safety 2e (2014), Ch 14 profile '1,4-Cineole', PDF p.2046"
"1,4-Cineole",,Tana (+β-phellandrene),16.0,22.0,"Tisserand & Young, Essential Oil Safety 2e (2014), Ch 14 profile '1,4-Cineole', PDF p.2046"
"1,4-Cineole",,Sage (Dalmatian),1.8,21.7,"Tisserand & Young, Essential Oil Safety 2e (2014), Ch 14 profile '1,4-Cineole', PDF p.2046"
"1,4-Cineole",,Boldo,21.1,21.1,"Tisserand & Young, Essential Oil Safety 2e (2014), Ch 14 profile '1,4-Cineole', PDF p.2047"
"1,4-Cineole",,Rosemary (borneol CT),20.0,20.0,"Tisserand & Young, Essential Oil Safety 2e (2014), Ch 14 profile '1,4-Cineole', PDF p.2047"
"1,4-Cineole",,Lanyana,19.1,19.1,"Tisserand & Young, Essential Oil Safety 2e (2014), Ch 14 profile '1,4-Cineole', PDF p.2047"
"1,4-Cineole",,Southernwood,18.6,18.6,"Tisserand & Young, Essential Oil Safety 2e (2014), Ch 14 profile '1,4-Cineole', PDF p.2047"
"1,4-Cineole",,Basil (holy),12.6,16.5,"Tisserand & Young, Essential Oil Safety 2e (2014), Ch 14 profile '1,4-Cineole', PDF p.2047"
"1,4-Cineole",,Eucalyptus polybractea (cryptone CT),16.1,16.1,"Tisserand & Young, Essential Oil Safety 2e (2014), Ch 14 profile '1,4-Cineole', PDF p.2047"
"1,4-Cineole",,Zedoary,2.0,15.9,"Tisserand & Young, Essential Oil Safety 2e (2014), Ch 14 profile '1,4-Cineole', PDF p.2047"
"1,4-Cineole",,Sage (African wild),15.5,15.5,"Tisserand & Young, Essential Oil Safety 2e (2014), Ch 14 profile '1,4-Cineole', PDF p.2047"
(2E )-Cinnamaldehyde,14371-10-9,Cassia leaf,54.6,90.1,"Tisserand & Young, Essential Oil Safety 2e (2014), Ch 14 profile '(2E )-Cinnamaldehyde', PDF p.2055"
(2E )-Cinnamaldehyde,14371-10-9,Cassia bark,73.2,89.4,"Tisserand & Young, Essential Oil Safety 2e (2014), Ch 14 profile '(2E )-Cinnamaldehyde', PDF p.2055"
(2E )-Cinnamaldehyde,14371-10-9,Cinnamon bark,63.1,75.7,"Tisserand & Young, Essential Oil Safety 2e (2014), Ch 14 profile '(2E )-Cinnamaldehyde', PDF p.2056"
(2E )-Cinnamaldehyde,14371-10-9,Bakul absolute,1.3,1.3,"Tisserand & Young, Essential Oil Safety 2e (2014), Ch 14 profile '(2E )-Cinnamaldehyde', PDF p.2056"
(2E )-Cinnamaldehyde,14371-10-9,Cinnamon leaf,0.6,1.1,"Tisserand & Young, Essential Oil Safety 2e (2014), Ch 14 profile '(2E )-Cinnamaldehyde', PDF p.2056"
(2Z )-Cinnamaldehyde,57194-69-1,Cassia bark,0.8,12.3,"Tisserand & Young, Essential Oil Safety 2e (2014), Ch 14 profile '(2Z )-Cinnamaldehyde', PDF p.2056"
(2Z )-Cinnamaldehyde,57194-69-1,Cassia leaf,0.4,10.5,"Tisserand & Young, Essential Oil Safety 2e (2014), Ch 14 profile '(2Z )-Cinnamaldehyde', PDF p.2056"
(2E )-Cinnamic acid,140-10-3,Peru balsam,0.0,5.8,"Tisserand & Young, Essential Oil Safety 2e (2014), Ch 14 profile '(2E )-Cinnamic acid', PDF p.2069"
(2E )-Cinnamic acid,140-10-3,Styrax (American),4.8,4.8,"Tisserand & Young, Essential Oil Safety 2e (2014), Ch 14 profile '(2E )-Cinnamic acid', PDF p.2069"
(2E )-Cinnamic acid,140-10-3,Boronia absolute,4.3,4.3,"Tisserand & Young, Essential Oil Safety 2e (2014), Ch 14 profile '(2E )-Cinnamic acid', PDF p.2069"
(2E )-Cinnamic acid,140-10-3,Styrax (Asian),4.0,4.0,"Tisserand & Young, Essential Oil Safety 2e (2014), Ch 14 profile '(2E )-Cinnamic acid', PDF p.2069"
(2E )-Cinnamic acid,140-10-3,Tolu balsam,2.7,2.7,"Tisserand & Young, Essential Oil Safety 2e (2014), Ch 14 profile '(2E )-Cinnamic acid', PDF p.2069"
(2E )-Cinnamic acid,140-10-3,Benzoin,0.0,1.4,"Tisserand & Young, Essential Oil Safety 2e (2014), Ch 14 profile '(2E )-Cinnamic acid', PDF p.2069"
(2E )-Cinnamic acid,140-10-3,Labdanum,0.0,1.4,"Tisserand & Young, Essential Oil Safety 2e (2014), Ch 14 profile '(2E )-Cinnamic acid', PDF p.2069"
(2Z )-Cinnamic acid,102-94-3,Boronia absolute,1.9,1.9,"Tisserand & Young, Essential Oil Safety 2e (2014), Ch 14 profile '(2Z )-Cinnamic acid', PDF p.2070"
(2Z )-Cinnamyl acetate,77134-01-1,Cassia leaf,1.4,12.5,"Tisserand & Young, Essential Oil Safety 2e (2014), Ch 14 profile '(2Z )-Cinnamyl acetate', PDF p.2072"
(2Z )-Cinnamyl acetate,77134-01-1,Cinnamon bark,0.3,10.6,"Tisserand & Young, Essential Oil Safety 2e (2014), Ch 14 profile '(2Z )-Cinnamyl acetate', PDF p.2072"
(2Z )-Cinnamyl acetate,77134-01-1,Cassia bark,0.1,5.4,"Tisserand & Young, Essential Oil Safety 2e (2014), Ch 14 profile '(2Z )-Cinnamyl acetate', PDF p.2072"
(2Z )-Cinnamyl acetate,77134-01-1,Cinnamon leaf,0.8,4.6,"Tisserand & Young, Essential Oil Safety 2e (2014), Ch 14 profile '(2Z )-Cinnamyl acetate', PDF p.2072"
(2Z )-Cinnamyl acetate,77134-01-1,Ylang-ylang,0.3,4.0,"Tisserand & Young, Essential Oil Safety 2e (2014), Ch 14 profile '(2Z )-Cinnamyl acetate', PDF p.2072"
(2Z )-Cinnamyl acetate,77134-01-1,Bakul absolute,1.2,1.2,"Tisserand & Young, Essential Oil Safety 2e (2014), Ch 14 profile '(2Z )-Cinnamyl acetate', PDF p.2072"
(2Z )-Cinnamyl acetate,77134-01-1,Boswellia sacra (α-pinene CT),0.0,1.0,"Tisserand & Young, Essential Oil Safety 2e (2014), Ch 14 profile '(2Z )-Cinnamyl acetate', PDF p.2072"
(2E )-Cinnamyl alcohol,4407-36-7,Bakul absolute,13.7,13.7,"Tisserand & Young, Essential Oil Safety 2e (2014), Ch 14 profile '(2E )-Cinnamyl alcohol', PDF p.2073"
(2E )-Cinnamyl alcohol,4407-36-7,Hyacinth absolute,11.0,11.0,"Tisserand & Young, Essential Oil Safety 2e (2014), Ch 14 profile '(2E )-Cinnamyl alcohol', PDF p.2073"
(2E )-Cinnamyl alcohol,4407-36-7,Styrax (American),4.1,4.1,"Tisserand & Young, Essential Oil Safety 2e (2014), Ch 14 profile '(2E )-Cinnamyl alcohol', PDF p.2073"
(2E )-Cinnamyl alcohol,4407-36-7,Narcissus absolute,0.8,2.9,"Tisserand & Young, Essential Oil Safety 2e (2014), Ch 14 profile '(2E )-Cinnamyl alcohol', PDF p.2073"
(2E )-Cinnamyl alcohol,4407-36-7,Styrax (Asian),2.0,2.0,"Tisserand & Young, Essential Oil Safety 2e (2014), Ch 14 profile '(2E )-Cinnamyl alcohol', PDF p.2073"
(2E )-Cinnamyl alcohol,4407-36-7,Cinnamon leaf,0.0,0.6,"Tisserand & Young, Essential Oil Safety 2e (2014), Ch 14 profile '(2E )-Cinnamyl alcohol', PDF p.2073"
(2E )-Cinnamyl alcohol,4407-36-7,Cassia leaf,0.0,0.2,"Tisserand & Young, Essential Oil Safety 2e (2014), Ch 14 profile '(2E )-Cinnamyl alcohol', PDF p.2073"
"(Z ,Z )-Cinnamyl cinnamate",,Styrax (American),38.0,38.0,"Tisserand & Young, Essential Oil Safety 2e (2014), Ch 14 profile '(Z ,Z )-Cinnamyl cinnamate', PDF p.2078"
"(Z ,Z )-Cinnamyl cinnamate",,Styrax (Asian),21.0,21.0,"Tisserand & Young, Essential Oil Safety 2e (2014), Ch 14 profile '(Z ,Z )-Cinnamyl cinnamate', PDF p.2079"
Citral,5392-40-5,Myrtle (lemon),90.0,90.0,"Tisserand & Young, Essential Oil Safety 2e (2014), Ch 14 profile 'Citral', PDF p.2079"
Citral,5392-40-5,Lemongrass (East Indian),83.0,83.0,"Tisserand & Young, Essential Oil Safety 2e (2014), Ch 14 profile 'Citral', PDF p.2079"
Citral,5392-40-5,Lemongrass (West Indian),77.0,77.0,"Tisserand & Young, Essential Oil Safety 2e (2014), Ch 14 profile 'Citral', PDF p.2079"
Citral,5392-40-5,Tea tree (lemon-scented),77.0,77.0,"Tisserand & Young, Essential Oil Safety 2e (2014), Ch 14 profile 'Citral', PDF p.2080"
Citral,5392-40-5,May chang,74.0,74.0,"Tisserand & Young, Essential Oil Safety 2e (2014), Ch 14 profile 'Citral', PDF p.2080"
Citral,5392-40-5,Verbena (lemon),68.0,68.0,"Tisserand & Young, Essential Oil Safety 2e (2014), Ch 14 profile 'Citral', PDF p.2080"
Citral,5392-40-5,Myrtle (honey),66.5,66.5,"Tisserand & Young, Essential Oil Safety 2e (2014), Ch 14 profile 'Citral', PDF p.2080"
Citral,5392-40-5,Melissa,64.4,64.4,"Tisserand & Young, Essential Oil Safety 2e (2014), Ch 14 profile 'Citral', PDF p.2080"
Citral,5392-40-5,Lemon leaf,50.0,50.0,"Tisserand & Young, Essential Oil Safety 2e (2014), Ch 14 profile 'Citral', PDF p.2080"
Citral,5392-40-5,Basil (lemon),42.2,42.2,"Tisserand & Young, Essential Oil Safety 2e (2014), Ch 14 profile 'Citral', PDF p.2080"
Citral,5392-40-5,Lemon balm (Australian),17.6,17.6,"Tisserand & Young, Essential Oil Safety 2e (2014), Ch 14 profile 'Citral', PDF p.2080"
Citral,5392-40-5,Thyme (lemon),16.3,16.3,"Tisserand & Young, Essential Oil Safety 2e (2014), Ch 14 profile 'Citral', PDF p.2080"
Citral,5392-40-5,Lime (expressed),4.0,4.0,"Tisserand & Young, Essential Oil Safety 2e (2014), Ch 14 profile 'Citral', PDF p.2080"
Citral,5392-40-5,Bergamot (wild),3.0,3.0,"Tisserand & Young, Essential Oil Safety 2e (2014), Ch 14 profile 'Citral', PDF p.2080"
Citral,5392-40-5,Lemon (distilled),2.5,2.5,"Tisserand & Young, Essential Oil Safety 2e (2014), Ch 14 profile 'Citral', PDF p.2080"
Citral,5392-40-5,Lemon (expressed),2.5,2.5,"Tisserand & Young, Essential Oil Safety 2e (2014), Ch 14 profile 'Citral', PDF p.2080"
Citral,5392-40-5,Orange (sweet),1.5,1.5,"Tisserand & Young, Essential Oil Safety 2e (2014), Ch 14 profile 'Citral', PDF p.2080"
Citral,5392-40-5,Palmarosa,1.2,1.2,"Tisserand & Young, Essential Oil Safety 2e (2014), Ch 14 profile 'Citral', PDF p.2080"
β-Citronellal,5949-05-3,Lemon-scented gum,66.9,86.2,"Tisserand & Young, Essential Oil Safety 2e (2014), Ch 14 profile 'β-Citronellal', PDF p.2089"
β-Citronellal,5949-05-3,Combava leaf,58.9,81.5,"Tisserand & Young, Essential Oil Safety 2e (2014), Ch 14 profile 'β-Citronellal', PDF p.2089"
β-Citronellal,5949-05-3,Citronella (Sri Lankan),5.2,46.8,"Tisserand & Young, Essential Oil Safety 2e (2014), Ch 14 profile 'β-Citronellal', PDF p.2089"
β-Citronellal,5949-05-3,Citronella (Javanese),34.8,42.8,"Tisserand & Young, Essential Oil Safety 2e (2014), Ch 14 profile 'β-Citronellal', PDF p.2089"
β-Citronellal,5949-05-3,Combava fruit,0.4,16.8,"Tisserand & Young, Essential Oil Safety 2e (2014), Ch 14 profile 'β-Citronellal', PDF p.2089"
β-Citronellal,5949-05-3,Melissa,4.5,13.3,"Tisserand & Young, Essential Oil Safety 2e (2014), Ch 14 profile 'β-Citronellal', PDF p.2089"
β-Citronellal,5949-05-3,Tea tree (lemon-scented),6.8,6.8,"Tisserand & Young, Essential Oil Safety 2e (2014), Ch 14 profile 'β-Citronellal', PDF p.2089"
β-Citronellal,5949-05-3,Lemon leaf,1.5,2.9,"Tisserand & Young, Essential Oil Safety 2e (2014), Ch 14 profile 'β-Citronellal', PDF p.2089"
Citronellic acid,2111-53-7,Cypress (emerald),24.3,24.3,"Tisserand & Young, Essential Oil Safety 2e (2014), Ch 14 profile 'Citronellic acid', PDF p.2092"
Citronellic acid,2111-53-7,Chaste tree leaf,0.0,6.6,"Tisserand & Young, Essential Oil Safety 2e (2014), Ch 14 profile 'Citronellic acid', PDF p.2092"
Citronellic acid,2111-53-7,Cypress (jade),1.6,1.6,"Tisserand & Young, Essential Oil Safety 2e (2014), Ch 14 profile 'Citronellic acid', PDF p.2092"
β-Citronellol,7540-51-4,Rose (Japanese),44.5,44.5,"Tisserand & Young, Essential Oil Safety 2e (2014), Ch 14 profile 'β-Citronellol', PDF p.2093"
β-Citronellol,7540-51-4,Rose (Damask),16.0,43.5,"Tisserand & Young, Essential Oil Safety 2e (2014), Ch 14 profile 'β-Citronellol', PDF p.2093"
β-Citronellol,7540-51-4,Citronella (Sri Lankan),3.0,21.8,"Tisserand & Young, Essential Oil Safety 2e (2014), Ch 14 profile 'β-Citronellol', PDF p.2093"
β-Citronellol,7540-51-4,Rose absolute (Provencale),8.8,12.0,"Tisserand & Young, Essential Oil Safety 2e (2014), Ch 14 profile 'β-Citronellol', PDF p.2093"
β-Citronellol,7540-51-4,Citronella (Javanese),9.7,11.5,"Tisserand & Young, Essential Oil Safety 2e (2014), Ch 14 profile 'β-Citronellol', PDF p.2093"
β-Citronellol,7540-51-4,Lemon-scented gum,0.0,5.4,"Tisserand & Young, Essential Oil Safety 2e (2014), Ch 14 profile 'β-Citronellol', PDF p.2093"
β-Citronellol,7540-51-4,Geranium,18.6,47.7,"Tisserand & Young, Essential Oil Safety 2e (2014), Ch 14 profile 'β-Citronellol', PDF p.2093"
β-Citronellol,7540-51-4,Grindelia,1.0,5.0,"Tisserand & Young, Essential Oil Safety 2e (2014), Ch 14 profile 'β-Citronellol', PDF p.2093"
β-Citronellol,7540-51-4,Angelica root (Himalayan),1.5,3.0,"Tisserand & Young, Essential Oil Safety 2e (2014), Ch 14 profile 'β-Citronellol', PDF p.2093"
β-Citronellol,7540-51-4,Combava fruit,2.9,2.9,"Tisserand & Young, Essential Oil Safety 2e (2014), Ch 14 profile 'β-Citronellol', PDF p.2093"
β-Citronellol,7540-51-4,Cedarwood (Port Orford),2.3,2.3,"Tisserand & Young, Essential Oil Safety 2e (2014), Ch 14 profile 'β-Citronellol', PDF p.2093"
β-Citronellol,7540-51-4,Fir (Douglas),2.1,2.1,"Tisserand & Young, Essential Oil Safety 2e (2014), Ch 14 profile 'β-Citronellol', PDF p.2093"
β-Citronellol,7540-51-4,Savory (winter),0.0,1.8,"Tisserand & Young, Essential Oil Safety 2e (2014), Ch 14 profile 'β-Citronellol', PDF p.2093"
β-Citronellol,7540-51-4,White cloud,1.6,1.6,"Tisserand & Young, Essential Oil Safety 2e (2014), Ch 14 profile 'β-Citronellol', PDF p.2093"
β-Citronellyl acetate,67601-05-2,Lemon-scented gum,0.0,9.7,"Tisserand & Young, Essential Oil Safety 2e (2014), Ch 14 profile 'β-Citronellyl acetate', PDF p.2098"
β-Citronellyl acetate,67601-05-2,Chaste tree leaf,0.3,7.8,"Tisserand & Young, Essential Oil Safety 2e (2014), Ch 14 profile 'β-Citronellyl acetate', PDF p.2098"
β-Citronellyl acetate,67601-05-2,Citronella (Sri Lankan),0.9,7.3,"Tisserand & Young, Essential Oil Safety 2e (2014), Ch 14 profile 'β-Citronellyl acetate', PDF p.2098"
β-Citronellyl acetate,67601-05-2,Chaste tree seed,0.2,6.0,"Tisserand & Young, Essential Oil Safety 2e (2014), Ch 14 profile 'β-Citronellyl acetate', PDF p.2098"
β-Citronellyl acetate,67601-05-2,Combava leaf,0.9,5.1,"Tisserand & Young, Essential Oil Safety 2e (2014), Ch 14 profile 'β-Citronellyl acetate', PDF p.2098"
β-Citronellyl acetate,67601-05-2,Angelica root (Himalayan),2.2,3.4,"Tisserand & Young, Essential Oil Safety 2e (2014), Ch 14 profile 'β-Citronellyl acetate', PDF p.2098"
β-Citronellyl acetate,67601-05-2,Rose (Damask),0.2,2.8,"Tisserand & Young, Essential Oil Safety 2e (2014), Ch 14 profile 'β-Citronellyl acetate', PDF p.2098"
β-Citronellyl acetate,67601-05-2,Citronella (Javanese),1.0,2.0,"Tisserand & Young, Essential Oil Safety 2e (2014), Ch 14 profile 'β-Citronellyl acetate', PDF p.2098"
β-Citronellyl acetate,67601-05-2,Combava fruit,0.5,1.5,"Tisserand & Young, Essential Oil Safety 2e (2014), Ch 14 profile 'β-Citronellyl acetate', PDF p.2098"
β-Citronellyl formate,93919-93-8,Geranium,4.8,12.4,"Tisserand & Young, Essential Oil Safety 2e (2014), Ch 14 profile 'β-Citronellyl formate', PDF p.2099"
β-Citronellyl propionate,89460-13-9,Geranium,0.0,2.5,"Tisserand & Young, Essential Oil Safety 2e (2014), Ch 14 profile 'β-Citronellyl propionate', PDF p.2100"
β-Citronellyl propionate,89460-13-9,Khella,1.2,1.2,"Tisserand & Young, Essential Oil Safety 2e (2014), Ch 14 profile 'β-Citronellyl propionate', PDF p.2100"
Citropten,487-06-9,Lime (expressed),0.4,2.2,"Tisserand & Young, Essential Oil Safety 2e (2014), Ch 14 profile 'Citropten', PDF p.2101"
Citropten,487-06-9,Bergamot (expressed),0.01,0.35,"Tisserand & Young, Essential Oil Safety 2e (2014), Ch 14 profile 'Citropten', PDF p.2101"
Citropten,487-06-9,Lemon (expressed),0.05,0.17,"Tisserand & Young, Essential Oil Safety 2e (2014), Ch 14 profile 'Citropten', PDF p.2101"
Citropten,487-06-9,Bergamot (FCF),0.0,0.0052,"Tisserand & Young, Essential Oil Safety 2e (2014), Ch 14 profile 'Citropten', PDF p.2101"
Coumarin,91-64-5,Sweet vernalgrass absolute,68.0,68.0,"Tisserand & Young, Essential Oil Safety 2e (2014), Ch 14 profile 'Coumarin', PDF p.2104"
Coumarin,91-64-5,Tonka absolute,38.7,58.7,"Tisserand & Young, Essential Oil Safety 2e (2014), Ch 14 profile 'Coumarin', PDF p.2104"
Coumarin,91-64-5,Sweet vernalgrass,46.8,46.8,"Tisserand & Young, Essential Oil Safety 2e (2014), Ch 14 profile 'Coumarin', PDF p.2104"
Coumarin,91-64-5,Deertongue absolute,25.0,25.0,"Tisserand & Young, Essential Oil Safety 2e (2014), Ch 14 profile 'Coumarin', PDF p.2104"
Coumarin,91-64-5,Hay absolute,8.0,8.0,"Tisserand & Young, Essential Oil Safety 2e (2014), Ch 14 profile 'Coumarin', PDF p.2104"
Coumarin,91-64-5,Lavender absolute,4.3,4.3,"Tisserand & Young, Essential Oil Safety 2e (2014), Ch 14 profile 'Coumarin', PDF p.2104"
Coumarin,91-64-5,Lavandin absolute,3.0,3.0,"Tisserand & Young, Essential Oil Safety 2e (2014), Ch 14 profile 'Coumarin', PDF p.2104"
Coumarin,91-64-5,Cassia leaf,0.03,2.5,"Tisserand & Young, Essential Oil Safety 2e (2014), Ch 14 profile 'Coumarin', PDF p.2104"
Coumarin,91-64-5,Cassia bark,0.0,1.9,"Tisserand & Young, Essential Oil Safety 2e (2014), Ch 14 profile 'Coumarin', PDF p.2104"
Coumarin,91-64-5,Narcissus absolute,0.0,1.2,"Tisserand & Young, Essential Oil Safety 2e (2014), Ch 14 profile 'Coumarin', PDF p.2104"
p -Cresyl methyl ether,104-93-8,Ylang-ylang,0.4,10.4,"Tisserand & Young, Essential Oil Safety 2e (2014), Ch 14 profile 'p -Cresyl methyl ether', PDF p.2117"
p -Cresyl methyl ether,104-93-8,Ylang-ylang absolute,3.0,3.0,"Tisserand & Young, Essential Oil Safety 2e (2014), Ch 14 profile 'p -Cresyl methyl ether', PDF p.2117"
p -Cresyl methyl ether,104-93-8,Cananga,2.6,2.6,"Tisserand & Young, Essential Oil Safety 2e (2014), Ch 14 profile 'p -Cresyl methyl ether', PDF p.2117"
Cuminaldehyde,122-03-2,Cumin,19.8,40.0,"Tisserand & Young, Essential Oil Safety 2e (2014), Ch 14 profile 'Cuminaldehyde', PDF p.2118"
Cuminaldehyde,122-03-2,Eucalyptus polybractea (cryptone CT),3.3,3.3,"Tisserand & Young, Essential Oil Safety 2e (2014), Ch 14 profile 'Cuminaldehyde', PDF p.2118"
Cuminaldehyde,122-03-2,Labrador tea,1.6,1.6,"Tisserand & Young, Essential Oil Safety 2e (2014), Ch 14 profile 'Cuminaldehyde', PDF p.2118"
Cuminyl alcohol,536-60-7,Cumin,0.2,2.2,"Tisserand & Young, Essential Oil Safety 2e (2014), Ch 14 profile 'Cuminyl alcohol', PDF p.2119"
Cuminyl alcohol,536-60-7,Venetian sumach,1.0,1.0,"Tisserand & Young, Essential Oil Safety 2e (2014), Ch 14 profile 'Cuminyl alcohol', PDF p.2119"
p- Cymene,99-87-6,Black seed,14.7,38.0,"Tisserand & Young, Essential Oil Safety 2e (2014), Ch 14 profile 'p- Cymene', PDF p.2120"
p- Cymene,99-87-6,Thymus zygis (thymol CT),18.9,37.7,"Tisserand & Young, Essential Oil Safety 2e (2014), Ch 14 profile 'p- Cymene', PDF p.2120"
p- Cymene,99-87-6,Oregano (Mexican),7.7,28.0,"Tisserand & Young, Essential Oil Safety 2e (2014), Ch 14 profile 'p- Cymene', PDF p.2120"
p- Cymene,99-87-6,Thymus vulgaris (carvacrol CT),27.4,27.4,"Tisserand & Young, Essential Oil Safety 2e (2014), Ch 14 profile 'p- Cymene', PDF p.2120"
p- Cymene,99-87-6,Camphor (white),24.2,24.2,"Tisserand & Young, Essential Oil Safety 2e (2014), Ch 14 profile 'p- Cymene', PDF p.2120"
p- Cymene,99-87-6,Ajowan,20.8,24.0,"Tisserand & Young, Essential Oil Safety 2e (2014), Ch 14 profile 'p- Cymene', PDF p.2120"
p- Cymene,99-87-6,Thymus zygis (carvacrol CT),20.8,20.8,"Tisserand & Young, Essential Oil Safety 2e (2014), Ch 14 profile 'p- Cymene', PDF p.2120"
p- Cymene,99-87-6,Thymus vulgaris (thymol CT),7.2,18.9,"Tisserand & Young, Essential Oil Safety 2e (2014), Ch 14 profile 'p- Cymene', PDF p.2120"
p- Cymene,99-87-6,Thymus zygis (thymol/carvacrol CT),18.8,18.8,"Tisserand & Young, Essential Oil Safety 2e (2014), Ch 14 profile 'p- Cymene', PDF p.2120"
p- Cymene,99-87-6,Eucalyptus polybractea (cryptone CT),18.3,18.3,"Tisserand & Young, Essential Oil Safety 2e (2014), Ch 14 profile 'p- Cymene', PDF p.2120"
p- Cymene,99-87-6,Cascarilla (Bahamian),10.0,18.0,"Tisserand & Young, Essential Oil Safety 2e (2014), Ch 14 profile 'p- Cymene', PDF p.2120"
p- Cymene,99-87-6,Cumin,5.9,17.5,"Tisserand & Young, Essential Oil Safety 2e (2014), Ch 14 profile 'p- Cymene', PDF p.2120"
p- Cymene,99-87-6,Blackcurrant bud absolute,1.9,15.4,"Tisserand & Young, Essential Oil Safety 2e (2014), Ch 14 profile 'p- Cymene', PDF p.2120"
p- Cymene,99-87-6,Savory (winter),2.2,14.6,"Tisserand & Young, Essential Oil Safety 2e (2014), Ch 14 profile 'p- Cymene', PDF p.2120"
p- Cymene,99-87-6,Boswellia frereana,0.7,11.7,"Tisserand & Young, Essential Oil Safety 2e (2014), Ch 14 profile 'p- Cymene', PDF p.2120"
p- Cymene,99-87-6,Pepper (pink),2.9,11.5,"Tisserand & Young, Essential Oil Safety 2e (2014), Ch 14 profile 'p- Cymene', PDF p.2120"
p- Cymene,99-87-6,Pteronia,11.3,11.3,"Tisserand & Young, Essential Oil Safety 2e (2014), Ch 14 profile 'p- Cymene', PDF p.2120"
p- Cymene,99-87-6,Bee balm,2.1,11.0,"Tisserand & Young, Essential Oil Safety 2e (2014), Ch 14 profile 'p- Cymene', PDF p.2120"
p- Cymene,99-87-6,Oregano,3.0,10.9,"Tisserand & Young, Essential Oil Safety 2e (2014), Ch 14 profile 'p- Cymene', PDF p.2120"
p- Cymene,99-87-6,Lime expressed (Persian),0.4,10.4,"Tisserand & Young, Essential Oil Safety 2e (2014), Ch 14 profile 'p- Cymene', PDF p.2120"
p- Cymene,99-87-6,Thyme (spike),10.1,10.1,"Tisserand & Young, Essential Oil Safety 2e (2014), Ch 14 profile 'p- Cymene', PDF p.2120"
p- Cymene,99-87-6,Angelica root,3.5,9.8,"Tisserand & Young, Essential Oil Safety 2e (2014), Ch 14 profile 'p- Cymene', PDF p.2120"
p- Cymene,99-87-6,Thymus serpyllum,5.7,9.6,"Tisserand & Young, Essential Oil Safety 2e (2014), Ch 14 profile 'p- Cymene', PDF p.2120"
p- Cymene,99-87-6,Boswellia neglecta,9.5,9.5,"Tisserand & Young, Essential Oil Safety 2e (2014), Ch 14 profile 'p- Cymene', PDF p.2120"
p- Cymene,99-87-6,Savory (summer),0.9,8.7,"Tisserand & Young, Essential Oil Safety 2e (2014), Ch 14 profile 'p- Cymene', PDF p.2120"
p- Cymene,99-87-6,Boldo,8.6,8.6,"Tisserand & Young, Essential Oil Safety 2e (2014), Ch 14 profile 'p- Cymene', PDF p.2120"
p- Cymene,99-87-6,Narcissus absolute,1.3,8.5,"Tisserand & Young, Essential Oil Safety 2e (2014), Ch 14 profile 'p- Cymene', PDF p.2120"
p- Cymene,99-87-6,Coriander seed,0.0,8.4,"Tisserand & Young, Essential Oil Safety 2e (2014), Ch 14 profile 'p- Cymene', PDF p.2120"
p- Cymene,99-87-6,Tea tree,0.5,8.0,"Tisserand & Young, Essential Oil Safety 2e (2014), Ch 14 profile 'p- Cymene', PDF p.2120"
p- Cymene,99-87-6,Elemi,1.4,7.7,"Tisserand & Young, Essential Oil Safety 2e (2014), Ch 14 profile 'p- Cymene', PDF p.2120"
p- Cymene,99-87-6,Fir cone (silver),0.1,7.5,"Tisserand & Young, Essential Oil Safety 2e (2014), Ch 14 profile 'p- Cymene', PDF p.2120"
p- Cymene,99-87-6,Boswellia sacra (α-pinene CT),0.0,7.5,"Tisserand & Young, Essential Oil Safety 2e (2014), Ch 14 profile 'p- Cymene', PDF p.2120"
p- Cymene,99-87-6,Southernwood,7.3,7.3,"Tisserand & Young, Essential Oil Safety 2e (2014), Ch 14 profile 'p- Cymene', PDF p.2121"
p- Cymene,99-87-6,Boswellia rivae,7.1,7.1,"Tisserand & Young, Essential Oil Safety 2e (2014), Ch 14 profile 'p- Cymene', PDF p.2121"
p- Cymene,99-87-6,Thyme (limonene CT),7.0,7.0,"Tisserand & Young, Essential Oil Safety 2e (2014), Ch 14 profile 'p- Cymene', PDF p.2121"
p- Cymene,99-87-6,Pine (dwarf),0.4,6.9,"Tisserand & Young, Essential Oil Safety 2e (2014), Ch 14 profile 'p- Cymene', PDF p.2121"
p- Cymene,99-87-6,Cajuput,0.7,6.8,"Tisserand & Young, Essential Oil Safety 2e (2014), Ch 14 profile 'p- Cymene', PDF p.2121"
p- Cymene,99-87-6,Labdanum,2.1,6.3,"Tisserand & Young, Essential Oil Safety 2e (2014), Ch 14 profile 'p- Cymene', PDF p.2121"
p- Cymene,99-87-6,Rosemary (verbenone CT),1.8,6.3,"Tisserand & Young, Essential Oil Safety 2e (2014), Ch 14 profile 'p- Cymene', PDF p.2121"
p- Cymene,99-87-6,Eucalyptus dives,6.1,6.1,"Tisserand & Young, Essential Oil Safety 2e (2014), Ch 14 profile 'p- Cymene', PDF p.2121"
p- Cymene,99-87-6,Marjoram wild (carvacrol CT),5.2,6.0,"Tisserand & Young, Essential Oil Safety 2e (2014), Ch 14 profile 'p- Cymene', PDF p.2121"
p- Cymene,99-87-6,Rosemary (β-myrcene CT),2.4,6.0,"Tisserand & Young, Essential Oil Safety 2e (2014), Ch 14 profile 'p- Cymene', PDF p.2121"
p- Cymene,99-87-6,Marjoram (sweet),2.2,5.3,"Tisserand & Young, Essential Oil Safety 2e (2014), Ch 14 profile 'p- Cymene', PDF p.2121"
Decanoic acid,334-48-5,Blue chamomile (α-bisabolol oxide A / (E )-β-farnesene CT),1.3,1.3,"Tisserand & Young, Essential Oil Safety 2e (2014), Ch 14 profile 'Decanoic acid', PDF p.2122"
Decanoic acid,334-48-5,Sugandha,1.3,1.3,"Tisserand & Young, Essential Oil Safety 2e (2014), Ch 14 profile 'Decanoic acid', PDF p.2122"
Decyl acetate,112-17-4,Ambrette,0.0,5.6,"Tisserand & Young, Essential Oil Safety 2e (2014), Ch 14 profile 'Decyl acetate', PDF p.2123"
Decyl acetate,112-17-4,Thorow-wax,1.2,1.2,"Tisserand & Young, Essential Oil Safety 2e (2014), Ch 14 profile 'Decyl acetate', PDF p.2123"
aldehyde. Laurenobiolide,112-54-9,Kesom,44.1,44.1,"Tisserand & Young, Essential Oil Safety 2e (2014), Ch 14 profile 'aldehyde. Laurenobiolide', PDF p.2134"
aldehyde. Laurenobiolide,112-54-9,Betel,0.0,7.1,"Tisserand & Young, Essential Oil Safety 2e (2014), Ch 14 profile 'aldehyde. Laurenobiolide', PDF p.2134"
aldehyde. Laurenobiolide,112-54-9,Coriander leaf,1.0,1.7,"Tisserand & Young, Essential Oil Safety 2e (2014), Ch 14 profile 'aldehyde. Laurenobiolide', PDF p.2134"
aldehyde. Laurenobiolide,112-54-9,Cistus,0.0,1.1,"Tisserand & Young, Essential Oil Safety 2e (2014), Ch 14 profile 'aldehyde. Laurenobiolide', PDF p.2134"
Dodecyl acetate,112-66-3,Ambrette,0.2,4.0,"Tisserand & Young, Essential Oil Safety 2e (2014), Ch 14 profile 'Dodecyl acetate', PDF p.2135"
Dodecyl acetate,112-66-3,Boronia absolute,3.8,3.8,"Tisserand & Young, Essential Oil Safety 2e (2014), Ch 14 profile 'Dodecyl acetate', PDF p.2135"
(−)-β-Elemene,515-13-9,Atractylis,18.0,18.0,"Tisserand & Young, Essential Oil Safety 2e (2014), Ch 14 profile '(−)-β-Elemene', PDF p.2137"
(−)-β-Elemene,515-13-9,Myrrh,8.7,8.7,"Tisserand & Young, Essential Oil Safety 2e (2014), Ch 14 profile '(−)-β-Elemene', PDF p.2137"
(−)-β-Elemene,515-13-9,Katrafay,3.0,6.0,"Tisserand & Young, Essential Oil Safety 2e (2014), Ch 14 profile '(−)-β-Elemene', PDF p.2137"
(−)-β-Elemene,515-13-9,Copaiba,0.0,4.4,"Tisserand & Young, Essential Oil Safety 2e (2014), Ch 14 profile '(−)-β-Elemene', PDF p.2137"
(−)-β-Elemene,515-13-9,Citronella (Javanese),1.9,3.2,"Tisserand & Young, Essential Oil Safety 2e (2014), Ch 14 profile '(−)-β-Elemene', PDF p.2137"
(−)-β-Elemene,515-13-9,Valerian (European),0.1,3.0,"Tisserand & Young, Essential Oil Safety 2e (2014), Ch 14 profile '(−)-β-Elemene', PDF p.2137"
(−)-β-Elemene,515-13-9,Mango ginger,2.8,2.8,"Tisserand & Young, Essential Oil Safety 2e (2014), Ch 14 profile '(−)-β-Elemene', PDF p.2137"
(−)-β-Elemene,515-13-9,Betel,0.0,2.6,"Tisserand & Young, Essential Oil Safety 2e (2014), Ch 14 profile '(−)-β-Elemene', PDF p.2137"
(−)-β-Elemene,515-13-9,Magnolia leaf,2.4,2.4,"Tisserand & Young, Essential Oil Safety 2e (2014), Ch 14 profile '(−)-β-Elemene', PDF p.2137"
(−)-β-Elemene,515-13-9,Magnolia flower,2.3,2.3,"Tisserand & Young, Essential Oil Safety 2e (2014), Ch 14 profile '(−)-β-Elemene', PDF p.2137"
(−)-β-Elemene,515-13-9,Arina,2.1,2.1,"Tisserand & Young, Essential Oil Safety 2e (2014), Ch 14 profile '(−)-β-Elemene', PDF p.2137"
(−)-β-Elemene,515-13-9,Cascarilla (Bahamian),1.6,2.0,"Tisserand & Young, Essential Oil Safety 2e (2014), Ch 14 profile '(−)-β-Elemene', PDF p.2137"
(−)-β-Elemene,515-13-9,Zedoary,1.5,1.9,"Tisserand & Young, Essential Oil Safety 2e (2014), Ch 14 profile '(−)-β-Elemene', PDF p.2137"
(−)-β-Elemene,515-13-9,Manuka,0.6,1.6,"Tisserand & Young, Essential Oil Safety 2e (2014), Ch 14 profile '(−)-β-Elemene', PDF p.2137"
(−)-β-Elemene,515-13-9,Basil (linalool CT),0.9,1.5,"Tisserand & Young, Essential Oil Safety 2e (2014), Ch 14 profile '(−)-β-Elemene', PDF p.2137"
(−)-β-Elemene,515-13-9,Pilocarpus jaborandi,0.0,1.5,"Tisserand & Young, Essential Oil Safety 2e (2014), Ch 14 profile '(−)-β-Elemene', PDF p.2137"
(−)-β-Elemene,515-13-9,Cangerana,1.3,1.3,"Tisserand & Young, Essential Oil Safety 2e (2014), Ch 14 profile '(−)-β-Elemene', PDF p.2137"
(−)-β-Elemene,515-13-9,Boswellia frereana,0.0,1.3,"Tisserand & Young, Essential Oil Safety 2e (2014), Ch 14 profile '(−)-β-Elemene', PDF p.2137"
(−)-β-Elemene,515-13-9,Patchouli (Chinese),0.0,1.3,"Tisserand & Young, Essential Oil Safety 2e (2014), Ch 14 profile '(−)-β-Elemene', PDF p.2137"
(−)-β-Elemene,515-13-9,Elecampane,1.2,1.2,"Tisserand & Young, Essential Oil Safety 2e (2014), Ch 14 profile '(−)-β-Elemene', PDF p.2137"
(−)-β-Elemene,515-13-9,Cubeb,1.0,1.2,"Tisserand & Young, Essential Oil Safety 2e (2014), Ch 14 profile '(−)-β-Elemene', PDF p.2137"
(−)-β-Elemene,515-13-9,Catnip,0.0,1.2,"Tisserand & Young, Essential Oil Safety 2e (2014), Ch 14 profile '(−)-β-Elemene', PDF p.2137"
(−)-β-Elemene,515-13-9,Turmeric (wild),1.0,1.1,"Tisserand & Young, Essential Oil Safety 2e (2014), Ch 14 profile '(−)-β-Elemene', PDF p.2137"
(−)-β-Elemene,515-13-9,Ravensara leaf,0.0,1.1,"Tisserand & Young, Essential Oil Safety 2e (2014), Ch 14 profile '(−)-β-Elemene', PDF p.2137"
(−)-β-Elemene,515-13-9,Ginger,1.2,1.2,"Tisserand & Young, Essential Oil Safety 2e (2014), Ch 14 profile '(−)-β-Elemene', PDF p.2137"
(−)-β-Elemene,515-13-9,Cascarilla (El Salvadorian),1.0,1.0,"Tisserand & Young, Essential Oil Safety 2e (2014), Ch 14 profile '(−)-β-Elemene', PDF p.2137"
(−)-β-Elemene,515-13-9,Cedarwood (Port Orford),1.0,1.0,"Tisserand & Young, Essential Oil Safety 2e (2014), Ch 14 profile '(−)-β-Elemene', PDF p.2137"
(−)-β-Elemene,515-13-9,Finger root,1.0,1.0,"Tisserand & Young, Essential Oil Safety 2e (2014), Ch 14 profile '(−)-β-Elemene', PDF p.2137"
(−)-β-Elemene,515-13-9,Juniperberry,0.0,1.0,"Tisserand & Young, Essential Oil Safety 2e (2014), Ch 14 profile '(−)-β-Elemene', PDF p.2137"
Elemicin,487-11-6,Elemi,1.8,10.6,"Tisserand & Young, Essential Oil Safety 2e (2014), Ch 14 profile 'Elemicin', PDF p.2139"
Elemicin,487-11-6,Parsleyseed,0.0,8.8,"Tisserand & Young, Essential Oil Safety 2e (2014), Ch 14 profile 'Elemicin', PDF p.2139"
Elemicin,487-11-6,Nutmeg (E. Indian),0.1,4.6,"Tisserand & Young, Essential Oil Safety 2e (2014), Ch 14 profile 'Elemicin', PDF p.2139"
Elemicin,487-11-6,Mace (Indian),3.1,3.1,"Tisserand & Young, Essential Oil Safety 2e (2014), Ch 14 profile 'Elemicin', PDF p.2139"
Elemicin,487-11-6,African bluegrass,1.8,2.7,"Tisserand & Young, Essential Oil Safety 2e (2014), Ch 14 profile 'Elemicin', PDF p.2139"
Elemicin,487-11-6,Thorow-wax,2.0,2.0,"Tisserand & Young, Essential Oil Safety 2e (2014), Ch 14 profile 'Elemicin', PDF p.2139"
Elemicin,487-11-6,Mace (East Indian),0.2,2.0,"Tisserand & Young, Essential Oil Safety 2e (2014), Ch 14 profile 'Elemicin', PDF p.2139"
Elemicin,487-11-6,Snakeroot,1.8,1.8,"Tisserand & Young, Essential Oil Safety 2e (2014), Ch 14 profile 'Elemicin', PDF p.2139"
Elemicin,487-11-6,Nutmeg (W. Indian),1.2,1.4,"Tisserand & Young, Essential Oil Safety 2e (2014), Ch 14 profile 'Elemicin', PDF p.2139"
Elemicin,487-11-6,Cinnamomum rigidissimum,1.2,1.2,"Tisserand & Young, Essential Oil Safety 2e (2014), Ch 14 profile 'Elemicin', PDF p.2139"
Estragole,140-67-0,Ravensara bark,90.0,95.0,"Tisserand & Young, Essential Oil Safety 2e (2014), Ch 14 profile 'Estragole', PDF p.2141"
Estragole,140-67-0,Tarragon,73.3,87.3,"Tisserand & Young, Essential Oil Safety 2e (2014), Ch 14 profile 'Estragole', PDF p.2142"
Estragole,140-67-0,Basil (estragole CT),73.4,87.4,"Tisserand & Young, Essential Oil Safety 2e (2014), Ch 14 profile 'Estragole', PDF p.2142"
Estragole,140-67-0,Marigold (Mexican),84.7,84.7,"Tisserand & Young, Essential Oil Safety 2e (2014), Ch 14 profile 'Estragole', PDF p.2142"
Estragole,140-67-0,Chervil,49.9,81.3,"Tisserand & Young, Essential Oil Safety 2e (2014), Ch 14 profile 'Estragole', PDF p.2142"
Estragole,140-67-0,Basil (Madagascan),45.0,50.0,"Tisserand & Young, Essential Oil Safety 2e (2014), Ch 14 profile 'Estragole', PDF p.2142"
Estragole,140-67-0,Pine (ponderosa),22.0,22.0,"Tisserand & Young, Essential Oil Safety 2e (2014), Ch 14 profile 'Estragole', PDF p.2142"
Estragole,140-67-0,Basil (holy),9.7,12.9,"Tisserand & Young, Essential Oil Safety 2e (2014), Ch 14 profile 'Estragole', PDF p.2142"
Estragole,140-67-0,Ravensara leaf,2.4,11.9,"Tisserand & Young, Essential Oil Safety 2e (2014), Ch 14 profile 'Estragole', PDF p.2142"
Estragole,140-67-0,Anise (star),0.3,6.6,"Tisserand & Young, Essential Oil Safety 2e (2014), Ch 14 profile 'Estragole', PDF p.2142"
Estragole,140-67-0,Fennel (bitter),2.8,6.5,"Tisserand & Young, Essential Oil Safety 2e (2014), Ch 14 profile 'Estragole', PDF p.2142"
Estragole,140-67-0,Fennel (sweet),1.1,4.8,"Tisserand & Young, Essential Oil Safety 2e (2014), Ch 14 profile 'Estragole', PDF p.2142"
Estragole,140-67-0,Betel,0.0,4.8,"Tisserand & Young, Essential Oil Safety 2e (2014), Ch 14 profile 'Estragole', PDF p.2142"
Estragole,140-67-0,Myrtle (aniseed),4.4,4.4,"Tisserand & Young, Essential Oil Safety 2e (2014), Ch 14 profile 'Estragole', PDF p.2142"
Estragole,140-67-0,Anise,0.3,4.0,"Tisserand & Young, Essential Oil Safety 2e (2014), Ch 14 profile 'Estragole', PDF p.2142"
Estragole,140-67-0,Basil (linalool CT),0.2,2.0,"Tisserand & Young, Essential Oil Safety 2e (2014), Ch 14 profile 'Estragole', PDF p.2142"
Estragole,140-67-0,Myrtle,0.0,1.4,"Tisserand & Young, Essential Oil Safety 2e (2014), Ch 14 profile 'Estragole', PDF p.2142"
Estragole,140-67-0,Basil absolute (linalool CT),1.0,1.0,"Tisserand & Young, Essential Oil Safety 2e (2014), Ch 14 profile 'Estragole', PDF p.2142"
Estragole,140-67-0,Basil (methyl cinnamate CT),0.0,0.8,"Tisserand & Young, Essential Oil Safety 2e (2014), Ch 14 profile 'Estragole', PDF p.2142"
Estragole,140-67-0,Damiana (+ myrtenol),0.4,0.4,"Tisserand & Young, Essential Oil Safety 2e (2014), Ch 14 profile 'Estragole', PDF p.2142"
Estragole,140-67-0,Basil (hairy),0.3,0.4,"Tisserand & Young, Essential Oil Safety 2e (2014), Ch 14 profile 'Estragole', PDF p.2142"
Estragole,140-67-0,Boswellia serrata,0.0,0.4,"Tisserand & Young, Essential Oil Safety 2e (2014), Ch 14 profile 'Estragole', PDF p.2142"
Estragole,140-67-0,Tea tree (black),0.3,0.3,"Tisserand & Young, Essential Oil Safety 2e (2014), Ch 14 profile 'Estragole', PDF p.2142"
Estragole,140-67-0,Basil (pungent),0.2,0.2,"Tisserand & Young, Essential Oil Safety 2e (2014), Ch 14 profile 'Estragole', PDF p.2142"
Estragole,140-67-0,Savory (summer),0.0,0.2,"Tisserand & Young, Essential Oil Safety 2e (2014), Ch 14 profile 'Estragole', PDF p.2142"
Estragole,140-67-0,Bay (West Indian),0.0,0.1,"Tisserand & Young, Essential Oil Safety 2e (2014), Ch 14 profile 'Estragole', PDF p.2142"
ethyl ester. Ethyl β-phenylacrylate,103-36-6,Maraba,13.2,16.5,"Tisserand & Young, Essential Oil Safety 2e (2014), Ch 14 profile 'ethyl ester. Ethyl β-phenylacrylate', PDF p.2151"
ethyl ester. Ethyl β-phenylacrylate,103-36-6,Narcissus absolute,0.5,5.6,"Tisserand & Young, Essential Oil Safety 2e (2014), Ch 14 profile 'ethyl ester. Ethyl β-phenylacrylate', PDF p.2151"
ethyl ester. Ethyl β-phenylacrylate,103-36-6,Bakul absolute,1.9,1.9,"Tisserand & Young, Essential Oil Safety 2e (2014), Ch 14 profile 'ethyl ester. Ethyl β-phenylacrylate', PDF p.2151"
ethyl ester. Ethyl β-phenylacrylate,103-36-6,Benzoin,0.8,1.0,"Tisserand & Young, Essential Oil Safety 2e (2014), Ch 14 profile 'ethyl ester. Ethyl β-phenylacrylate', PDF p.2151"
ethyl ester. Ethyl β-phenylacrylate,103-36-6,Tolu balsam,0.8,0.8,"Tisserand & Young, Essential Oil Safety 2e (2014), Ch 14 profile 'ethyl ester. Ethyl β-phenylacrylate', PDF p.2151"
trimethyl-2-naphthylmethanol,473-15-4,Atractylis,26.0,26.0,"Tisserand & Young, Essential Oil Safety 2e (2014), Ch 14 profile 'trimethyl-2-naphthylmethanol', PDF p.2152"
trimethyl-2-naphthylmethanol,473-15-4,Araucaria,25.9,25.9,"Tisserand & Young, Essential Oil Safety 2e (2014), Ch 14 profile 'trimethyl-2-naphthylmethanol', PDF p.2152"
trimethyl-2-naphthylmethanol,473-15-4,Cypress (blue),14.4,14.4,"Tisserand & Young, Essential Oil Safety 2e (2014), Ch 14 profile 'trimethyl-2-naphthylmethanol', PDF p.2152"
trimethyl-2-naphthylmethanol,473-15-4,Phoebe,6.8,8.4,"Tisserand & Young, Essential Oil Safety 2e (2014), Ch 14 profile 'trimethyl-2-naphthylmethanol', PDF p.2152"
trimethyl-2-naphthylmethanol,473-15-4,Valerian (European),0.0,8.3,"Tisserand & Young, Essential Oil Safety 2e (2014), Ch 14 profile 'trimethyl-2-naphthylmethanol', PDF p.2153"
trimethyl-2-naphthylmethanol,473-15-4,Amyris,3.2,7.9,"Tisserand & Young, Essential Oil Safety 2e (2014), Ch 14 profile 'trimethyl-2-naphthylmethanol', PDF p.2153"
trimethyl-2-naphthylmethanol,473-15-4,Tansy (blue),3.5,6.7,"Tisserand & Young, Essential Oil Safety 2e (2014), Ch 14 profile 'trimethyl-2-naphthylmethanol', PDF p.2153"
trimethyl-2-naphthylmethanol,473-15-4,Hinoki leaf,6.5,6.5,"Tisserand & Young, Essential Oil Safety 2e (2014), Ch 14 profile 'trimethyl-2-naphthylmethanol', PDF p.2153"
trimethyl-2-naphthylmethanol,473-15-4,Eucalyptus smithii,6.3,6.3,"Tisserand & Young, Essential Oil Safety 2e (2014), Ch 14 profile 'trimethyl-2-naphthylmethanol', PDF p.2153"
trimethyl-2-naphthylmethanol,473-15-4,Cypress (emerald),5.7,5.7,"Tisserand & Young, Essential Oil Safety 2e (2014), Ch 14 profile 'trimethyl-2-naphthylmethanol', PDF p.2153"
trimethyl-2-naphthylmethanol,473-15-4,Vetiver,0.0,5.2,"Tisserand & Young, Essential Oil Safety 2e (2014), Ch 14 profile 'trimethyl-2-naphthylmethanol', PDF p.2153"
trimethyl-2-naphthylmethanol,473-15-4,Siam wood,4.4,4.4,"Tisserand & Young, Essential Oil Safety 2e (2014), Ch 14 profile 'trimethyl-2-naphthylmethanol', PDF p.2153"
trimethyl-2-naphthylmethanol,473-15-4,Cascarilla (Bahamian),3.0,3.0,"Tisserand & Young, Essential Oil Safety 2e (2014), Ch 14 profile 'trimethyl-2-naphthylmethanol', PDF p.2153"
trimethyl-2-naphthylmethanol,473-15-4,Arina,2.2,2.2,"Tisserand & Young, Essential Oil Safety 2e (2014), Ch 14 profile 'trimethyl-2-naphthylmethanol', PDF p.2153"
trimethyl-2-naphthylmethanol,473-15-4,Sanna,2.2,2.2,"Tisserand & Young, Essential Oil Safety 2e (2014), Ch 14 profile 'trimethyl-2-naphthylmethanol', PDF p.2153"
trimethyl-2-naphthylmethanol,473-15-4,Galangal (greater),0.4,1.1,"Tisserand & Young, Essential Oil Safety 2e (2014), Ch 14 profile 'trimethyl-2-naphthylmethanol', PDF p.2153"
trimethyl-2-naphthylmethanol,473-15-4,Artemisia vestita,1.0,1.0,"Tisserand & Young, Essential Oil Safety 2e (2014), Ch 14 profile 'trimethyl-2-naphthylmethanol', PDF p.2153"
tetramethyl-2-naphthalenemethanol,1209-71-8,Araucaria,19.0,19.0,"Tisserand & Young, Essential Oil Safety 2e (2014), Ch 14 profile 'tetramethyl-2-naphthalenemethanol', PDF p.2154"
tetramethyl-2-naphthalenemethanol,1209-71-8,Coleus,12.5,12.5,"Tisserand & Young, Essential Oil Safety 2e (2014), Ch 14 profile 'tetramethyl-2-naphthalenemethanol', PDF p.2154"
tetramethyl-2-naphthalenemethanol,1209-71-8,Cypress (blue),9.1,9.1,"Tisserand & Young, Essential Oil Safety 2e (2014), Ch 14 profile 'tetramethyl-2-naphthalenemethanol', PDF p.2154"
tetramethyl-2-naphthalenemethanol,1209-71-8,Hinoki leaf,8.3,8.3,"Tisserand & Young, Essential Oil Safety 2e (2014), Ch 14 profile 'tetramethyl-2-naphthalenemethanol', PDF p.2154"
tetramethyl-2-naphthalenemethanol,1209-71-8,Amyris,6.6,8.0,"Tisserand & Young, Essential Oil Safety 2e (2014), Ch 14 profile 'tetramethyl-2-naphthalenemethanol', PDF p.2154"
tetramethyl-2-naphthalenemethanol,1209-71-8,Siam wood,3.0,3.0,"Tisserand & Young, Essential Oil Safety 2e (2014), Ch 14 profile 'tetramethyl-2-naphthalenemethanol', PDF p.2154"
tetramethyl-2-naphthalenemethanol,1209-71-8,Cypress (emerald),2.4,2.4,"Tisserand & Young, Essential Oil Safety 2e (2014), Ch 14 profile 'tetramethyl-2-naphthalenemethanol', PDF p.2154"
Eugenol,97-53-0,Clove bud,73.5,96.9,"Tisserand & Young, Essential Oil Safety 2e (2014), Ch 14 profile 'Eugenol', PDF p.2156"
Eugenol,97-53-0,Clove leaf,77.0,88.0,"Tisserand & Young, Essential Oil Safety 2e (2014), Ch 14 profile 'Eugenol', PDF p.2156"
Eugenol,97-53-0,Cinnamon leaf,68.6,87.0,"Tisserand & Young, Essential Oil Safety 2e (2014), Ch 14 profile 'Eugenol', PDF p.2156"
Eugenol,97-53-0,Clove stem,76.4,84.8,"Tisserand & Young, Essential Oil Safety 2e (2014), Ch 14 profile 'Eugenol', PDF p.2156"
Eugenol,97-53-0,Pimento leaf,66.0,84.0,"Tisserand & Young, Essential Oil Safety 2e (2014), Ch 14 profile 'Eugenol', PDF p.2156"
Eugenol,97-53-0,Pimento berry,67.0,80.0,"Tisserand & Young, Essential Oil Safety 2e (2014), Ch 14 profile 'Eugenol', PDF p.2156"
Eugenol,97-53-0,Tejpat,78.0,78.0,"Tisserand & Young, Essential Oil Safety 2e (2014), Ch 14 profile 'Eugenol', PDF p.2156"
Eugenol,97-53-0,Basil (pungent),62.9,62.9,"Tisserand & Young, Essential Oil Safety 2e (2014), Ch 14 profile 'Eugenol', PDF p.2156"
Eugenol,97-53-0,Bay (West Indian),44.4,56.2,"Tisserand & Young, Essential Oil Safety 2e (2014), Ch 14 profile 'Eugenol', PDF p.2156"
Eugenol,97-53-0,Basil (holy),31.9,50.4,"Tisserand & Young, Essential Oil Safety 2e (2014), Ch 14 profile 'Eugenol', PDF p.2156"
Eugenol,97-53-0,Basil absolute (linalool CT),33.7,33.7,"Tisserand & Young, Essential Oil Safety 2e (2014), Ch 14 profile 'Eugenol', PDF p.2156"
Eugenol,97-53-0,Betel,20.5,33.2,"Tisserand & Young, Essential Oil Safety 2e (2014), Ch 14 profile 'Eugenol', PDF p.2156"
Eugenol,97-53-0,Basil (linalool CT),9.4,15.2,"Tisserand & Young, Essential Oil Safety 2e (2014), Ch 14 profile 'Eugenol', PDF p.2156"
Eugenol,97-53-0,Cinnamon bark,2.0,13.3,"Tisserand & Young, Essential Oil Safety 2e (2014), Ch 14 profile 'Eugenol', PDF p.2156"
Eugenol,97-53-0,Carnation absolute,1.7,3.6,"Tisserand & Young, Essential Oil Safety 2e (2014), Ch 14 profile 'Eugenol', PDF p.2156"
Eugenol,97-53-0,Laurel leaf,1.2,3.0,"Tisserand & Young, Essential Oil Safety 2e (2014), Ch 14 profile 'Eugenol', PDF p.2156"
Eugenol,97-53-0,Jasmine absolute,1.1,3.0,"Tisserand & Young, Essential Oil Safety 2e (2014), Ch 14 profile 'Eugenol', PDF p.2156"
Eugenol,97-53-0,Rose absolute (Provencale),0.7,2.8,"Tisserand & Young, Essential Oil Safety 2e (2014), Ch 14 profile 'Eugenol', PDF p.2156"
Eugenol,97-53-0,Citronella (Javanese),1.1,2.5,"Tisserand & Young, Essential Oil Safety 2e (2014), Ch 14 profile 'Eugenol', PDF p.2156"
Eugenol,97-53-0,Cistus,0.0,2.3,"Tisserand & Young, Essential Oil Safety 2e (2014), Ch 14 profile 'Eugenol', PDF p.2157"
Eugenol,97-53-0,Ginger lily absolute,1.4,1.4,"Tisserand & Young, Essential Oil Safety 2e (2014), Ch 14 profile 'Eugenol', PDF p.2157"
Eugenol,97-53-0,Rose (Damask),0.0,1.3,"Tisserand & Young, Essential Oil Safety 2e (2014), Ch 14 profile 'Eugenol', PDF p.2157"
Eugenol,97-53-0,Basil (estragole CT),0.0,1.2,"Tisserand & Young, Essential Oil Safety 2e (2014), Ch 14 profile 'Eugenol', PDF p.2157"
Eugenol,97-53-0,Rose (Japanese),1.0,1.0,"Tisserand & Young, Essential Oil Safety 2e (2014), Ch 14 profile 'Eugenol', PDF p.2157"
Eugenol,97-53-0,Pine (huon),0.5,1.0,"Tisserand & Young, Essential Oil Safety 2e (2014), Ch 14 profile 'Eugenol', PDF p.2157"
acetate,93-28-7,Clove bud,0.5,10.7,"Tisserand & Young, Essential Oil Safety 2e (2014), Ch 14 profile 'acetate', PDF p.2169"
acetate,93-28-7,Cinnamon leaf,1.0,8.1,"Tisserand & Young, Essential Oil Safety 2e (2014), Ch 14 profile 'acetate', PDF p.2169"
acetate,93-28-7,Clove stem,0.4,8.0,"Tisserand & Young, Essential Oil Safety 2e (2014), Ch 14 profile 'acetate', PDF p.2169"
acetate,93-28-7,Tejpat leaf,1.2,1.2,"Tisserand & Young, Essential Oil Safety 2e (2014), Ch 14 profile 'acetate', PDF p.2169"
acetate,93-28-7,Clove leaf,0.0,1.2,"Tisserand & Young, Essential Oil Safety 2e (2014), Ch 14 profile 'acetate', PDF p.2169"
"(2E ,6E )-Farnesol",106-28-5,Ambrette,3.4,39.0,"Tisserand & Young, Essential Oil Safety 2e (2014), Ch 14 profile '(2E ,6E )-Farnesol', PDF p.2170"
"(2E ,6E )-Farnesol",106-28-5,Sandalwood (W. Australian),7.9,9.3,"Tisserand & Young, Essential Oil Safety 2e (2014), Ch 14 profile '(2E ,6E )-Farnesol', PDF p.2170"
"(2E ,6E )-Farnesol",106-28-5,Neroli,0.0,3.2,"Tisserand & Young, Essential Oil Safety 2e (2014), Ch 14 profile '(2E ,6E )-Farnesol', PDF p.2170"
"(2E ,6E )-Farnesol",106-28-5,Ylang-ylang absolute,1.8,1.8,"Tisserand & Young, Essential Oil Safety 2e (2014), Ch 14 profile '(2E ,6E )-Farnesol', PDF p.2170"
"(2E ,6E )-Farnesol",106-28-5,Tuberose absolute,1.7,1.7,"Tisserand & Young, Essential Oil Safety 2e (2014), Ch 14 profile '(2E ,6E )-Farnesol', PDF p.2170"
"(2E ,6E )-Farnesol",106-28-5,Rose (Damask),0.0,1.5,"Tisserand & Young, Essential Oil Safety 2e (2014), Ch 14 profile '(2E ,6E )-Farnesol', PDF p.2170"
"(2E ,6E )-Farnesol",106-28-5,Rose absolute (Provencale),0.5,1.3,"Tisserand & Young, Essential Oil Safety 2e (2014), Ch 14 profile '(2E ,6E )-Farnesol', PDF p.2170"
"(2E ,6Z )-Farnesol",3879-60-5,Palmarosa,0.5,6.1,"Tisserand & Young, Essential Oil Safety 2e (2014), Ch 14 profile '(2E ,6Z )-Farnesol', PDF p.2170"
"(2E ,6Z )-Farnesol",3879-60-5,Neroli,0.0,1.6,"Tisserand & Young, Essential Oil Safety 2e (2014), Ch 14 profile '(2E ,6Z )-Farnesol', PDF p.2170"
"(2Z ,6E )-Farnesol",3790-71-4,Ambrette,0.3,3.3,"Tisserand & Young, Essential Oil Safety 2e (2014), Ch 14 profile '(2Z ,6E )-Farnesol', PDF p.2171"
"(2Z ,6Z )-Farnesol",16106-95-9,Palmarosa,0.1,1.0,"Tisserand & Young, Essential Oil Safety 2e (2014), Ch 14 profile '(2Z ,6Z )-Farnesol', PDF p.2171"
"(2Z ,6Z )-Farnesol",16106-95-9,Orange flower absolute,0.0,7.7,"Tisserand & Young, Essential Oil Safety 2e (2014), Ch 14 profile '(2Z ,6Z )-Farnesol', PDF p.2171"
"(2Z ,6Z )-Farnesol",16106-95-9,Vassoura,5.5,5.5,"Tisserand & Young, Essential Oil Safety 2e (2014), Ch 14 profile '(2Z ,6Z )-Farnesol', PDF p.2171"
"(2Z ,6Z )-Farnesol",16106-95-9,Rose (Japanese),3.8,3.8,"Tisserand & Young, Essential Oil Safety 2e (2014), Ch 14 profile '(2Z ,6Z )-Farnesol', PDF p.2171"
"(2Z ,6Z )-Farnesol",16106-95-9,Galangal (greater),0.0,3.1,"Tisserand & Young, Essential Oil Safety 2e (2014), Ch 14 profile '(2Z ,6Z )-Farnesol', PDF p.2171"
"(2Z ,6Z )-Farnesol",16106-95-9,Cabreuva,2.5,2.5,"Tisserand & Young, Essential Oil Safety 2e (2014), Ch 14 profile '(2Z ,6Z )-Farnesol', PDF p.2171"
"(2E ,6E )-Farnesyl acetate",4128-17-0,Ambrette,30.0,65.3,"Tisserand & Young, Essential Oil Safety 2e (2014), Ch 14 profile '(2E ,6E )-Farnesyl acetate', PDF p.2175"
"(2E ,6E )-Farnesyl acetate",4128-17-0,Ylang-ylang,0.5,7.8,"Tisserand & Young, Essential Oil Safety 2e (2014), Ch 14 profile '(2E ,6E )-Farnesyl acetate', PDF p.2175"
"(2E ,6E )-Farnesyl acetate",4128-17-0,Skimmia,1.5,1.5,"Tisserand & Young, Essential Oil Safety 2e (2014), Ch 14 profile '(2E ,6E )-Farnesyl acetate', PDF p.2175"
"(2Z ,6E )-Farnesyl acetate",40266-29-3,Ambrette,2.6,5.8,"Tisserand & Young, Essential Oil Safety 2e (2014), Ch 14 profile '(2Z ,6E )-Farnesyl acetate', PDF p.2176"
"(2Z ,6Z )-Farnesyl acetate",24163-97-1,Ylang-ylang,0.0,2.0,"Tisserand & Young, Essential Oil Safety 2e (2014), Ch 14 profile '(2Z ,6Z )-Farnesyl acetate', PDF p.2176"
norcamphanone,4695-62-9,Lavender (Spanish),14.9,49.1,"Tisserand & Young, Essential Oil Safety 2e (2014), Ch 14 profile 'norcamphanone', PDF p.2177"
norcamphanone,4695-62-9,Fennel (bitter),4.0,24.0,"Tisserand & Young, Essential Oil Safety 2e (2014), Ch 14 profile 'norcamphanone', PDF p.2177"
norcamphanone,4695-62-9,Thuja,12.2,12.8,"Tisserand & Young, Essential Oil Safety 2e (2014), Ch 14 profile 'norcamphanone', PDF p.2177"
norcamphanone,4695-62-9,Fennel (sweet),0.2,8.0,"Tisserand & Young, Essential Oil Safety 2e (2014), Ch 14 profile 'norcamphanone', PDF p.2177"
norcamphanone,4695-62-9,Cedarwood (Port Orford),4.7,4.7,"Tisserand & Young, Essential Oil Safety 2e (2014), Ch 14 profile 'norcamphanone', PDF p.2177"
norcamphanone,4695-62-9,Labdanum,1.4,2.3,"Tisserand & Young, Essential Oil Safety 2e (2014), Ch 14 profile 'norcamphanone', PDF p.2177"
norcamphanone,4695-62-9,Pine (Scots),0.0,2.1,"Tisserand & Young, Essential Oil Safety 2e (2014), Ch 14 profile 'norcamphanone', PDF p.2177"
norcamphanone,4695-62-9,Sage (African wild),1.4,1.4,"Tisserand & Young, Essential Oil Safety 2e (2014), Ch 14 profile 'norcamphanone', PDF p.2177"
norcamphanone,4695-62-9,Cistus,0.0,1.1,"Tisserand & Young, Essential Oil Safety 2e (2014), Ch 14 profile 'norcamphanone', PDF p.2177"
(E )-Geranial,141-27-5,Myrtle (lemon),46.1,60.7,"Tisserand & Young, Essential Oil Safety 2e (2014), Ch 14 profile '(E )-Geranial', PDF p.2179"
(E )-Geranial,141-27-5,Lemongrass (West Indian),36.7,55.9,"Tisserand & Young, Essential Oil Safety 2e (2014), Ch 14 profile '(E )-Geranial', PDF p.2179"
(E )-Geranial,141-27-5,Lemongrass (East Indian),45.1,54.5,"Tisserand & Young, Essential Oil Safety 2e (2014), Ch 14 profile '(E )-Geranial', PDF p.2179"
(E )-Geranial,141-27-5,Tea tree (lemon-scented),45.4,45.4,"Tisserand & Young, Essential Oil Safety 2e (2014), Ch 14 profile '(E )-Geranial', PDF p.2179"
(E )-Geranial,141-27-5,May chang,37.9,40.6,"Tisserand & Young, Essential Oil Safety 2e (2014), Ch 14 profile '(E )-Geranial', PDF p.2179"
(E )-Geranial,141-27-5,Lemon leaf,10.9,39.0,"Tisserand & Young, Essential Oil Safety 2e (2014), Ch 14 profile '(E )-Geranial', PDF p.2179"
(E )-Geranial,141-27-5,Verbena (lemon),29.5,38.3,"Tisserand & Young, Essential Oil Safety 2e (2014), Ch 14 profile '(E )-Geranial', PDF p.2179"
(E )-Geranial,141-27-5,Melissa,12.5,38.3,"Tisserand & Young, Essential Oil Safety 2e (2014), Ch 14 profile '(E )-Geranial', PDF p.2179"
(E )-Geranial,141-27-5,Myrtle (honey),37.5,37.5,"Tisserand & Young, Essential Oil Safety 2e (2014), Ch 14 profile '(E )-Geranial', PDF p.2179"
(E )-Geranial,141-27-5,Basil (lemon),23.3,25.1,"Tisserand & Young, Essential Oil Safety 2e (2014), Ch 14 profile '(E )-Geranial', PDF p.2179"
(E )-Geranial,141-27-5,Lemon balm (Australian),9.9,9.9,"Tisserand & Young, Essential Oil Safety 2e (2014), Ch 14 profile '(E )-Geranial', PDF p.2179"
(E )-Geranial,141-27-5,Thyme (lemon),9.2,9.2,"Tisserand & Young, Essential Oil Safety 2e (2014), Ch 14 profile '(E )-Geranial', PDF p.2179"
(E )-Geranial,141-27-5,Fenugreek,4.8,4.8,"Tisserand & Young, Essential Oil Safety 2e (2014), Ch 14 profile '(E )-Geranial', PDF p.2179"
(E )-Geranial,141-27-5,Lemon (expressed),0.5,4.3,"Tisserand & Young, Essential Oil Safety 2e (2014), Ch 14 profile '(E )-Geranial', PDF p.2179"
(E )-Geranial,141-27-5,"Lime (expressed, Persian)",2.2,3.9,"Tisserand & Young, Essential Oil Safety 2e (2014), Ch 14 profile '(E )-Geranial', PDF p.2179"
(E )-Geranial,141-27-5,"Lime (expressed, Mexican)",2.4,2.4,"Tisserand & Young, Essential Oil Safety 2e (2014), Ch 14 profile '(E )-Geranial', PDF p.2179"
(E )-Geranial,141-27-5,Lemon (distilled),0.7,2.2,"Tisserand & Young, Essential Oil Safety 2e (2014), Ch 14 profile '(E )-Geranial', PDF p.2179"
(E )-Geranial,141-27-5,Palmarosa,0.5,1.9,"Tisserand & Young, Essential Oil Safety 2e (2014), Ch 14 profile '(E )-Geranial', PDF p.2179"
(E )-Geranial,141-27-5,Orange (sweet),1.8,1.8,"Tisserand & Young, Essential Oil Safety 2e (2014), Ch 14 profile '(E )-Geranial', PDF p.2179"
(E )-Geranial,141-27-5,Bergamot (wild),1.2,1.6,"Tisserand & Young, Essential Oil Safety 2e (2014), Ch 14 profile '(E )-Geranial', PDF p.2179"
(E )-Geranial,141-27-5,Finger root,1.5,1.5,"Tisserand & Young, Essential Oil Safety 2e (2014), Ch 14 profile '(E )-Geranial', PDF p.2180"
(E )-Geraniol,106-24-1,Bergamot (wild),86.8,93.2,"Tisserand & Young, Essential Oil Safety 2e (2014), Ch 14 profile '(E )-Geraniol', PDF p.2180"
(E )-Geraniol,106-24-1,Jamrosa,54.0,85.0,"Tisserand & Young, Essential Oil Safety 2e (2014), Ch 14 profile '(E )-Geraniol', PDF p.2180"
(E )-Geraniol,106-24-1,Palmarosa,74.5,81.0,"Tisserand & Young, Essential Oil Safety 2e (2014), Ch 14 profile '(E )-Geraniol', PDF p.2180"
(E )-Geraniol,106-24-1,Thyme (lemon),39.2,39.2,"Tisserand & Young, Essential Oil Safety 2e (2014), Ch 14 profile '(E )-Geraniol', PDF p.2180"
(E )-Geraniol,106-24-1,Geranium,7.3,30.3,"Tisserand & Young, Essential Oil Safety 2e (2014), Ch 14 profile '(E )-Geraniol', PDF p.2180"
(E )-Geraniol,106-24-1,Citronella (Sri Lankan),16.8,29.1,"Tisserand & Young, Essential Oil Safety 2e (2014), Ch 14 profile '(E )-Geraniol', PDF p.2180"
(E )-Geraniol,106-24-1,Rose (Damask),2.1,25.7,"Tisserand & Young, Essential Oil Safety 2e (2014), Ch 14 profile '(E )-Geraniol', PDF p.2180"
(E )-Geraniol,106-24-1,Citronella (Javanese),22.1,25.4,"Tisserand & Young, Essential Oil Safety 2e (2014), Ch 14 profile '(E )-Geraniol', PDF p.2180"
(E )-Geraniol,106-24-1,Thyme (geraniol CT),24.9,24.9,"Tisserand & Young, Essential Oil Safety 2e (2014), Ch 14 profile '(E )-Geraniol', PDF p.2180"
(E )-Geraniol,106-24-1,Finger root,20.8,20.8,"Tisserand & Young, Essential Oil Safety 2e (2014), Ch 14 profile '(E )-Geraniol', PDF p.2180"
(E )-Geraniol,106-24-1,Lemon leaf,0.5,15.0,"Tisserand & Young, Essential Oil Safety 2e (2014), Ch 14 profile '(E )-Geraniol', PDF p.2180"
(E )-Geraniol,106-24-1,Rose (Japanese),12.8,12.8,"Tisserand & Young, Essential Oil Safety 2e (2014), Ch 14 profile '(E )-Geraniol', PDF p.2181"
(E )-Geraniol,106-24-1,Orange flower & leaf water absolute,10.0,10.0,"Tisserand & Young, Essential Oil Safety 2e (2014), Ch 14 profile '(E )-Geraniol', PDF p.2181"
(E )-Geraniol,106-24-1,Melissa,1.0,8.1,"Tisserand & Young, Essential Oil Safety 2e (2014), Ch 14 profile '(E )-Geraniol', PDF p.2181"
(E )-Geraniol,106-24-1,Snakeroot,0.8,7.2,"Tisserand & Young, Essential Oil Safety 2e (2014), Ch 14 profile '(E )-Geraniol', PDF p.2181"
(E )-Geraniol,106-24-1,Osmanthus absolute,1.2,7.1,"Tisserand & Young, Essential Oil Safety 2e (2014), Ch 14 profile '(E )-Geraniol', PDF p.2181"
(E )-Geraniol,106-24-1,Lemongrass (West Indian),0.0,6.7,"Tisserand & Young, Essential Oil Safety 2e (2014), Ch 14 profile '(E )-Geraniol', PDF p.2181"
(E )-Geraniol,106-24-1,Rose absolute (Provencale),4.9,6.4,"Tisserand & Young, Essential Oil Safety 2e (2014), Ch 14 profile '(E )-Geraniol', PDF p.2181"
(E )-Geraniol,106-24-1,Coriander seed,0.3,5.3,"Tisserand & Young, Essential Oil Safety 2e (2014), Ch 14 profile '(E )-Geraniol', PDF p.2181"
(E )-Geraniol,106-24-1,Davana,5.0,5.0,"Tisserand & Young, Essential Oil Safety 2e (2014), Ch 14 profile '(E )-Geraniol', PDF p.2181"
(E )-Geraniol,106-24-1,Basil (lemon),4.3,4.7,"Tisserand & Young, Essential Oil Safety 2e (2014), Ch 14 profile '(E )-Geraniol', PDF p.2181"
(E )-Geraniol,106-24-1,Lemongrass (East Indian),0.2,3.8,"Tisserand & Young, Essential Oil Safety 2e (2014), Ch 14 profile '(E )-Geraniol', PDF p.2181"
(E )-Geraniol,106-24-1,Lemon balm (Australian),3.7,3.7,"Tisserand & Young, Essential Oil Safety 2e (2014), Ch 14 profile '(E )-Geraniol', PDF p.2181"
(E )-Geraniol,106-24-1,Neroli,0.8,3.6,"Tisserand & Young, Essential Oil Safety 2e (2014), Ch 14 profile '(E )-Geraniol', PDF p.2181"
(E )-Geraniol,106-24-1,Myrtle (honey),3.4,3.4,"Tisserand & Young, Essential Oil Safety 2e (2014), Ch 14 profile '(E )-Geraniol', PDF p.2181"
(E )-Geraniol,106-24-1,Eucalyptus macarthurii,1.9,3.3,"Tisserand & Young, Essential Oil Safety 2e (2014), Ch 14 profile '(E )-Geraniol', PDF p.2181"
(E )-Geraniol,106-24-1,African bluegrass,1.7,3.2,"Tisserand & Young, Essential Oil Safety 2e (2014), Ch 14 profile '(E )-Geraniol', PDF p.2181"
(E )-Geraniol,106-24-1,Orange leaf (Paraguayan),2.1,3.0,"Tisserand & Young, Essential Oil Safety 2e (2014), Ch 14 profile '(E )-Geraniol', PDF p.2181"
(E )-Geraniol,106-24-1,Ylang-ylang,0.0,3.0,"Tisserand & Young, Essential Oil Safety 2e (2014), Ch 14 profile '(E )-Geraniol', PDF p.2181"
(E )-Geraniol,106-24-1,Eucalyptus radiata,0.2,2.8,"Tisserand & Young, Essential Oil Safety 2e (2014), Ch 14 profile '(E )-Geraniol', PDF p.2181"
(E )-Geraniol,106-24-1,Tea tree (lemon-scented),2.7,2.7,"Tisserand & Young, Essential Oil Safety 2e (2014), Ch 14 profile '(E )-Geraniol', PDF p.2181"
(E )-Geraniol,106-24-1,Betel,0.0,2.5,"Tisserand & Young, Essential Oil Safety 2e (2014), Ch 14 profile '(E )-Geraniol', PDF p.2181"
(E )-Geraniol,106-24-1,Boswellia serrata,0.0,2.4,"Tisserand & Young, Essential Oil Safety 2e (2014), Ch 14 profile '(E )-Geraniol', PDF p.2181"
(E )-Geraniol,106-24-1,Orange leaf (bigarade),1.4,2.3,"Tisserand & Young, Essential Oil Safety 2e (2014), Ch 14 profile '(E )-Geraniol', PDF p.2181"
(E )-Geraniol,106-24-1,Carrot seed,0.0,2.2,"Tisserand & Young, Essential Oil Safety 2e (2014), Ch 14 profile '(E )-Geraniol', PDF p.2181"
(E )-Geraniol,106-24-1,Skimmia,1.9,1.9,"Tisserand & Young, Essential Oil Safety 2e (2014), Ch 14 profile '(E )-Geraniol', PDF p.2181"
(E )-Geraniol,106-24-1,Ylang-ylang absolute,1.7,1.7,"Tisserand & Young, Essential Oil Safety 2e (2014), Ch 14 profile '(E )-Geraniol', PDF p.2181"
(E )-Geraniol,106-24-1,Cistus,0.0,1.7,"Tisserand & Young, Essential Oil Safety 2e (2014), Ch 14 profile '(E )-Geraniol', PDF p.2181"
(E )-Geraniol,106-24-1,May chang,0.5,1.6,"Tisserand & Young, Essential Oil Safety 2e (2014), Ch 14 profile '(E )-Geraniol', PDF p.2181"
(E )-Geraniol,106-24-1,Cananga,1.5,1.5,"Tisserand & Young, Essential Oil Safety 2e (2014), Ch 14 profile '(E )-Geraniol', PDF p.2181"
(E )-Geraniol,106-24-1,Hop,1.5,1.5,"Tisserand & Young, Essential Oil Safety 2e (2014), Ch 14 profile '(E )-Geraniol', PDF p.2181"
(E )-Geraniol,106-24-1,Orange flower absolute,1.5,1.5,"Tisserand & Young, Essential Oil Safety 2e (2014), Ch 14 profile '(E )-Geraniol', PDF p.2181"
(E )-Geraniol,106-24-1,Ghandi root,1.4,1.4,"Tisserand & Young, Essential Oil Safety 2e (2014), Ch 14 profile '(E )-Geraniol', PDF p.2181"
(E )-Geraniol,106-24-1,Clary sage,1.2,1.2,"Tisserand & Young, Essential Oil Safety 2e (2014), Ch 14 profile '(E )-Geraniol', PDF p.2181"
(E )-Geraniol,106-24-1,Cardamon,0.3,1.1,"Tisserand & Young, Essential Oil Safety 2e (2014), Ch 14 profile '(E )-Geraniol', PDF p.2181"
(E )-Geraniol,106-24-1,Galangal (greater),0.3,1.1,"Tisserand & Young, Essential Oil Safety 2e (2014), Ch 14 profile '(E )-Geraniol', PDF p.2181"
(E )-Geraniol,106-24-1,Linaloe wood,1.0,1.0,"Tisserand & Young, Essential Oil Safety 2e (2014), Ch 14 profile '(E )-Geraniol', PDF p.2181"
(E )-Geranyl acetate,105-87-3,Thyme (geraniol CT),36.5,36.5,"Tisserand & Young, Essential Oil Safety 2e (2014), Ch 14 profile '(E )-Geranyl acetate', PDF p.2187"
(E )-Geranyl acetate,105-87-3,Jamrosa,18.0,25.0,"Tisserand & Young, Essential Oil Safety 2e (2014), Ch 14 profile '(E )-Geranyl acetate', PDF p.2187"
(E )-Geranyl acetate,105-87-3,Eucalyptus macarthurii,18.8,21.8,"Tisserand & Young, Essential Oil Safety 2e (2014), Ch 14 profile '(E )-Geranyl acetate', PDF p.2187"
(E )-Geranyl acetate,105-87-3,Ylang-ylang,1.2,11.0,"Tisserand & Young, Essential Oil Safety 2e (2014), Ch 14 profile '(E )-Geranyl acetate', PDF p.2187"
(E )-Geranyl acetate,105-87-3,Palmarosa,0.5,10.7,"Tisserand & Young, Essential Oil Safety 2e (2014), Ch 14 profile '(E )-Geranyl acetate', PDF p.2187"
(E )-Geranyl acetate,105-87-3,Thymus zygis (thymol/carvacrol CT),5.2,5.2,"Tisserand & Young, Essential Oil Safety 2e (2014), Ch 14 profile '(E )-Geranyl acetate', PDF p.2187"
(E )-Geranyl acetate,105-87-3,Citronella (Javanese),2.9,5.1,"Tisserand & Young, Essential Oil Safety 2e (2014), Ch 14 profile '(E )-Geranyl acetate', PDF p.2187"
(E )-Geranyl acetate,105-87-3,Rose (Damask),0.0,4.7,"Tisserand & Young, Essential Oil Safety 2e (2014), Ch 14 profile '(E )-Geranyl acetate', PDF p.2187"
(E )-Geranyl acetate,105-87-3,Orange leaf (Paraguayan),2.9,4.5,"Tisserand & Young, Essential Oil Safety 2e (2014), Ch 14 profile '(E )-Geranyl acetate', PDF p.2187"
(E )-Geranyl acetate,105-87-3,Geranium,0.0,4.4,"Tisserand & Young, Essential Oil Safety 2e (2014), Ch 14 profile '(E )-Geranyl acetate', PDF p.2187"
(E )-Geranyl acetate,105-87-3,Wormwood (sabinyl acetate CT),4.2,4.2,"Tisserand & Young, Essential Oil Safety 2e (2014), Ch 14 profile '(E )-Geranyl acetate', PDF p.2188"
(E )-Geranyl acetate,105-87-3,Neroli,0.7,4.1,"Tisserand & Young, Essential Oil Safety 2e (2014), Ch 14 profile '(E )-Geranyl acetate', PDF p.2188"
(E )-Geranyl acetate,105-87-3,Lemon balm (Australian),4.0,4.0,"Tisserand & Young, Essential Oil Safety 2e (2014), Ch 14 profile '(E )-Geranyl acetate', PDF p.2188"
(E )-Geranyl acetate,105-87-3,Ylang-ylang absolute,4.0,4.0,"Tisserand & Young, Essential Oil Safety 2e (2014), Ch 14 profile '(E )-Geranyl acetate', PDF p.2188"
(E )-Geranyl acetate,105-87-3,Lemongrass (East Indian),0.1,4.0,"Tisserand & Young, Essential Oil Safety 2e (2014), Ch 14 profile '(E )-Geranyl acetate', PDF p.2188"
(E )-Geranyl acetate,105-87-3,Lemon leaf,0.0,4.0,"Tisserand & Young, Essential Oil Safety 2e (2014), Ch 14 profile '(E )-Geranyl acetate', PDF p.2188"
(E )-Geranyl acetate,105-87-3,Western red cedar,0.1,3.9,"Tisserand & Young, Essential Oil Safety 2e (2014), Ch 14 profile '(E )-Geranyl acetate', PDF p.2188"
(E )-Geranyl acetate,105-87-3,Carrot seed,0.0,3.7,"Tisserand & Young, Essential Oil Safety 2e (2014), Ch 14 profile '(E )-Geranyl acetate', PDF p.2188"
(E )-Geranyl acetate,105-87-3,Linaloe wood,3.5,3.5,"Tisserand & Young, Essential Oil Safety 2e (2014), Ch 14 profile '(E )-Geranyl acetate', PDF p.2188"
(E )-Geranyl acetate,105-87-3,Orange leaf (bigarade),1.9,3.4,"Tisserand & Young, Essential Oil Safety 2e (2014), Ch 14 profile '(E )-Geranyl acetate', PDF p.2188"
(E )-Geranyl acetate,105-87-3,Citronella (Sri Lankan),2.1,3.4,"Tisserand & Young, Essential Oil Safety 2e (2014), Ch 14 profile '(E )-Geranyl acetate', PDF p.2188"
(E )-Geranyl acetate,105-87-3,Melissa,0.7,3.3,"Tisserand & Young, Essential Oil Safety 2e (2014), Ch 14 profile '(E )-Geranyl acetate', PDF p.2188"
(E )-Geranyl acetate,105-87-3,Coriander seed,0.0,3.1,"Tisserand & Young, Essential Oil Safety 2e (2014), Ch 14 profile '(E )-Geranyl acetate', PDF p.2188"
(E )-Geranyl acetate,105-87-3,Myrtle,1.4,2.9,"Tisserand & Young, Essential Oil Safety 2e (2014), Ch 14 profile '(E )-Geranyl acetate', PDF p.2188"
(E )-Geranyl acetate,105-87-3,Lavender absolute,2.7,2.7,"Tisserand & Young, Essential Oil Safety 2e (2014), Ch 14 profile '(E )-Geranyl acetate', PDF p.2188"
(E )-Geranyl acetate,105-87-3,Skimmia,2.5,2.5,"Tisserand & Young, Essential Oil Safety 2e (2014), Ch 14 profile '(E )-Geranyl acetate', PDF p.2188"
(E )-Geranyl acetate,105-87-3,Thyme (lemon),2.4,2.4,"Tisserand & Young, Essential Oil Safety 2e (2014), Ch 14 profile '(E )-Geranyl acetate', PDF p.2188"
(E )-Geranyl acetate,105-87-3,Lemongrass (West Indian),0.4,1.9,"Tisserand & Young, Essential Oil Safety 2e (2014), Ch 14 profile '(E )-Geranyl acetate', PDF p.2188"
(E )-Geranyl acetate,105-87-3,Orange flower & leaf water absolute,1.8,1.8,"Tisserand & Young, Essential Oil Safety 2e (2014), Ch 14 profile '(E )-Geranyl acetate', PDF p.2188"
(E )-Geranyl acetate,105-87-3,Mint (bergamot),0.7,1.8,"Tisserand & Young, Essential Oil Safety 2e (2014), Ch 14 profile '(E )-Geranyl acetate', PDF p.2188"
(E )-Geranyl acetate,105-87-3,Orange leaf absolute,1.6,1.6,"Tisserand & Young, Essential Oil Safety 2e (2014), Ch 14 profile '(E )-Geranyl acetate', PDF p.2188"
(E )-Geranyl acetate,105-87-3,Wormwood (β-thujone/(Z )-epoxy-ocimene CT),1.4,1.6,"Tisserand & Young, Essential Oil Safety 2e (2014), Ch 14 profile '(E )-Geranyl acetate', PDF p.2188"
(E )-Geranyl acetate,105-87-3,Cananga,1.5,1.5,"Tisserand & Young, Essential Oil Safety 2e (2014), Ch 14 profile '(E )-Geranyl acetate', PDF p.2188"
(E )-Geranyl acetate,105-87-3,Snakeroot,1.4,1.4,"Tisserand & Young, Essential Oil Safety 2e (2014), Ch 14 profile '(E )-Geranyl acetate', PDF p.2188"
(E )-Geranyl acetate,105-87-3,Clary sage,1.2,1.2,"Tisserand & Young, Essential Oil Safety 2e (2014), Ch 14 profile '(E )-Geranyl acetate', PDF p.2188"
(E )-Geranyl acetate,105-87-3,Lavandin Grosso,0.0,1.2,"Tisserand & Young, Essential Oil Safety 2e (2014), Ch 14 profile '(E )-Geranyl acetate', PDF p.2188"
(E )-Geranyl acetate,105-87-3,Pine (ponderosa),1.1,1.1,"Tisserand & Young, Essential Oil Safety 2e (2014), Ch 14 profile '(E )-Geranyl acetate', PDF p.2188"
(E )-Geranyl acetate,105-87-3,Combava fruit,1.0,1.0,"Tisserand & Young, Essential Oil Safety 2e (2014), Ch 14 profile '(E )-Geranyl acetate', PDF p.2188"
(E )-Geranyl acetate,105-87-3,Myrtle (honey),1.0,1.0,"Tisserand & Young, Essential Oil Safety 2e (2014), Ch 14 profile '(E )-Geranyl acetate', PDF p.2188"
(E )-Geranyl acetate,105-87-3,Wormwood ((Z )-epoxy-ocimene CT),0.6,1.0,"Tisserand & Young, Essential Oil Safety 2e (2014), Ch 14 profile '(E )-Geranyl acetate', PDF p.2188"
(E )-Geranyl acetone,3796-70-1,Cascarilla (Bahamian),2.2,2.2,"Tisserand & Young, Essential Oil Safety 2e (2014), Ch 14 profile '(E )-Geranyl acetone', PDF p.2190"
(E )-Geranyl formate,105-86-2,Geranium,1.6,7.6,"Tisserand & Young, Essential Oil Safety 2e (2014), Ch 14 profile '(E )-Geranyl formate', PDF p.2191"
(E )-Geranyl formate,105-86-2,Citronella (Sri Lankan),0.0,4.2,"Tisserand & Young, Essential Oil Safety 2e (2014), Ch 14 profile '(E )-Geranyl formate', PDF p.2191"
"(R ,E ,E )-Geranyl linalool",1113-21-9,Jasmine sambac absolute,0.0,8.0,"Tisserand & Young, Essential Oil Safety 2e (2014), Ch 14 profile '(R ,E ,E )-Geranyl linalool', PDF p.2192"
"(R ,E ,E )-Geranyl linalool",1113-21-9,Jasmine absolute,2.5,5.0,"Tisserand & Young, Essential Oil Safety 2e (2014), Ch 14 profile '(R ,E ,E )-Geranyl linalool', PDF p.2192"
"(R ,E ,E )-Geranyl linalool",1113-21-9,Khella,4.1,4.1,"Tisserand & Young, Essential Oil Safety 2e (2014), Ch 14 profile '(R ,E ,E )-Geranyl linalool', PDF p.2192"
ester,105-90-8,Wormwood (β- thujone CT),0.1,2.1,"Tisserand & Young, Essential Oil Safety 2e (2014), Ch 14 profile 'ester', PDF p.2192"
ester,105-90-8,Thyme (geraniol CT),1.9,1.9,"Tisserand & Young, Essential Oil Safety 2e (2014), Ch 14 profile 'ester', PDF p.2192"
ester,105-90-8,Geranium,0.1,1.7,"Tisserand & Young, Essential Oil Safety 2e (2014), Ch 14 profile 'ester', PDF p.2192"
butenoate,7785-33-3,Geranium,0.2,3.0,"Tisserand & Young, Essential Oil Safety 2e (2014), Ch 14 profile 'butenoate', PDF p.2193"
"1,3,5,7,9-pentaene",489-84-9,Boldo,8.8,8.8,"Tisserand & Young, Essential Oil Safety 2e (2014), Ch 14 profile '1,3,5,7,9-pentaene', PDF p.2196"
"1,3,5,7,9-pentaene",489-84-9,Cypress (blue),6.2,6.2,"Tisserand & Young, Essential Oil Safety 2e (2014), Ch 14 profile '1,3,5,7,9-pentaene', PDF p.2196"
(3Z )-Hexen-1-ol,928-96-1,Cistus,0.0,6.8,"Tisserand & Young, Essential Oil Safety 2e (2014), Ch 14 profile '(3Z )-Hexen-1-ol', PDF p.2197"
(3Z )-Hexen-1-ol,928-96-1,Violet leaf absolute,0.0,4.4,"Tisserand & Young, Essential Oil Safety 2e (2014), Ch 14 profile '(3Z )-Hexen-1-ol', PDF p.2197"
(3Z )-Hexen-1-ol,928-96-1,Mustard,3.3,3.3,"Tisserand & Young, Essential Oil Safety 2e (2014), Ch 14 profile '(3Z )-Hexen-1-ol', PDF p.2197"
(3Z )-Hexen-1-yl formate,33467-73-1,Violet leaf absolute,0.0,2.4,"Tisserand & Young, Essential Oil Safety 2e (2014), Ch 14 profile '(3Z )-Hexen-1-yl formate', PDF p.2199"
Hexyl butyrate,2639-63-6,Chamomile (Roman),0.0,3.9,"Tisserand & Young, Essential Oil Safety 2e (2014), Ch 14 profile 'Hexyl butyrate', PDF p.2200"
Indole,120-72-9,Jasmine sambac absolute,14.1,14.1,"Tisserand & Young, Essential Oil Safety 2e (2014), Ch 14 profile 'Indole', PDF p.2202"
Indole,120-72-9,Champaca absolute (orange),2.9,12.0,"Tisserand & Young, Essential Oil Safety 2e (2014), Ch 14 profile 'Indole', PDF p.2202"
Indole,120-72-9,Ginger lily absolute,7.0,7.0,"Tisserand & Young, Essential Oil Safety 2e (2014), Ch 14 profile 'Indole', PDF p.2202"
Indole,120-72-9,Jasmine absolute,0.7,3.5,"Tisserand & Young, Essential Oil Safety 2e (2014), Ch 14 profile 'Indole', PDF p.2202"
Indole,120-72-9,Honeysuckle absolute,3.3,3.3,"Tisserand & Young, Essential Oil Safety 2e (2014), Ch 14 profile 'Indole', PDF p.2202"
Indole,120-72-9,Jonquil absolute,1.7,1.7,"Tisserand & Young, Essential Oil Safety 2e (2014), Ch 14 profile 'Indole', PDF p.2202"
Indole,120-72-9,Narcissus absolute,0.0,1.5,"Tisserand & Young, Essential Oil Safety 2e (2014), Ch 14 profile 'Indole', PDF p.2202"
Indole,120-72-9,Orange flower absolute,0.1,1.0,"Tisserand & Young, Essential Oil Safety 2e (2014), Ch 14 profile 'Indole', PDF p.2202"
one,24190-29-2,Osmanthus absolute,0.0,2.3,"Tisserand & Young, Essential Oil Safety 2e (2014), Ch 14 profile 'one', PDF p.2204"
one,24190-29-2,Champaca absolute (orange),0.1,1.6,"Tisserand & Young, Essential Oil Safety 2e (2014), Ch 14 profile 'one', PDF p.2204"
one,79-77-6,Osmanthus absolute,7.6,33.8,"Tisserand & Young, Essential Oil Safety 2e (2014), Ch 14 profile 'one', PDF p.2206"
one,79-77-6,Boronia absolute,14.9,14.9,"Tisserand & Young, Essential Oil Safety 2e (2014), Ch 14 profile 'one', PDF p.2206"
one,79-77-6,Champaca absolute (orange),0.2,3.4,"Tisserand & Young, Essential Oil Safety 2e (2014), Ch 14 profile 'one', PDF p.2206"
Isoamyl isovalerate,659-70-1,Khella,3.1,3.1,"Tisserand & Young, Essential Oil Safety 2e (2014), Ch 14 profile 'Isoamyl isovalerate', PDF p.2210"
(+)-Isobornyl acetate,,Spruce (hemlock),34.7,34.7,"Tisserand & Young, Essential Oil Safety 2e (2014), Ch 14 profile '(+)-Isobornyl acetate', PDF p.2212"
(1Z )-Isoeugenol,5912-86-7,Calamus (tetraploid form),2.3,25.0,"Tisserand & Young, Essential Oil Safety 2e (2014), Ch 14 profile '(1Z )-Isoeugenol', PDF p.2213"
(1Z )-Isoeugenol,5912-86-7,Ginger lily absolute,18.4,18.4,"Tisserand & Young, Essential Oil Safety 2e (2014), Ch 14 profile '(1Z )-Isoeugenol', PDF p.2213"
(1Z )-Isoeugenol,5912-86-7,Betel,0.0,10.6,"Tisserand & Young, Essential Oil Safety 2e (2014), Ch 14 profile '(1Z )-Isoeugenol', PDF p.2214"
(1Z )-Isoeugenol,5912-86-7,Tuberose absolute,2.6,2.6,"Tisserand & Young, Essential Oil Safety 2e (2014), Ch 14 profile '(1Z )-Isoeugenol', PDF p.2214"
(1Z )-Isoeugenol,5912-86-7,Basil (pungent),2.4,2.4,"Tisserand & Young, Essential Oil Safety 2e (2014), Ch 14 profile '(1Z )-Isoeugenol', PDF p.2214"
(1Z )-Isoeugenol,5912-86-7,Vetiver,0.0,1.3,"Tisserand & Young, Essential Oil Safety 2e (2014), Ch 14 profile '(1Z )-Isoeugenol', PDF p.2214"
(1Z )-Isoeugenol,5912-86-7,Karo karoundé absolute,0.5,0.5,"Tisserand & Young, Essential Oil Safety 2e (2014), Ch 14 profile '(1Z )-Isoeugenol', PDF p.2214"
(1Z )-Isoeugenol,5912-86-7,Ylang-ylang,0.0,0.5,"Tisserand & Young, Essential Oil Safety 2e (2014), Ch 14 profile '(1Z )-Isoeugenol', PDF p.2214"
(1Z )-Isoeugenol,5912-86-7,Clove stem,0.1,0.4,"Tisserand & Young, Essential Oil Safety 2e (2014), Ch 14 profile '(1Z )-Isoeugenol', PDF p.2214"
(1Z )-Isoeugenol,5912-86-7,Clove bud,0.1,0.2,"Tisserand & Young, Essential Oil Safety 2e (2014), Ch 14 profile '(1Z )-Isoeugenol', PDF p.2214"
(1Z )-Isoeugenol,5912-86-7,Mace,0.0,0.1,"Tisserand & Young, Essential Oil Safety 2e (2014), Ch 14 profile '(1Z )-Isoeugenol', PDF p.2214"
(+)-Isomenthone,1196-31-2,Pennyroyal (N. American),0.8,31.0,"Tisserand & Young, Essential Oil Safety 2e (2014), Ch 14 profile '(+)-Isomenthone', PDF p.2220"
(+)-Isomenthone,1196-31-2,Buchu (diosphenol CT),4.6,29.1,"Tisserand & Young, Essential Oil Safety 2e (2014), Ch 14 profile '(+)-Isomenthone', PDF p.2220"
(+)-Isomenthone,1196-31-2,Buchu (pulegone CT),3.6,27.6,"Tisserand & Young, Essential Oil Safety 2e (2014), Ch 14 profile '(+)-Isomenthone', PDF p.2220"
(+)-Isomenthone,1196-31-2,Cornmint,6.8,12.1,"Tisserand & Young, Essential Oil Safety 2e (2014), Ch 14 profile '(+)-Isomenthone', PDF p.2220"
(+)-Isomenthone,1196-31-2,Pennyroyal (Turkish),11.1,11.1,"Tisserand & Young, Essential Oil Safety 2e (2014), Ch 14 profile '(+)-Isomenthone', PDF p.2220"
(+)-Isomenthone,1196-31-2,Geranium,3.4,9.8,"Tisserand & Young, Essential Oil Safety 2e (2014), Ch 14 profile '(+)-Isomenthone', PDF p.2220"
(+)-Isomenthone,1196-31-2,Peppermint,2.0,8.7,"Tisserand & Young, Essential Oil Safety 2e (2014), Ch 14 profile '(+)-Isomenthone', PDF p.2220"
(+)-Isomenthone,1196-31-2,Pennyroyal (European),0.8,8.6,"Tisserand & Young, Essential Oil Safety 2e (2014), Ch 14 profile '(+)-Isomenthone', PDF p.2220"
(+)-Isomenthone,1196-31-2,Calamint (lesser),0.0,2.8,"Tisserand & Young, Essential Oil Safety 2e (2014), Ch 14 profile '(+)-Isomenthone', PDF p.2220"
(+)-Isomenthone,1196-31-2,Cistus,0.0,2.3,"Tisserand & Young, Essential Oil Safety 2e (2014), Ch 14 profile '(+)-Isomenthone', PDF p.2220"
(+)-Isopinocamphone,473-62-1,Hyssop (pinocamphone CT),30.9,39.2,"Tisserand & Young, Essential Oil Safety 2e (2014), Ch 14 profile '(+)-Isopinocamphone', PDF p.2224"
(+)-Isopinocamphone,473-62-1,Rosemary (verbenone CT),1.2,2.9,"Tisserand & Young, Essential Oil Safety 2e (2014), Ch 14 profile '(+)-Isopinocamphone', PDF p.2224"
(+)-Isopinocamphone,473-62-1,Cistus,0.0,2.5,"Tisserand & Young, Essential Oil Safety 2e (2014), Ch 14 profile '(+)-Isopinocamphone', PDF p.2224"
(+)-Isopinocamphone,473-62-1,Hyssop (linalool CT),1.0,1.5,"Tisserand & Young, Essential Oil Safety 2e (2014), Ch 14 profile '(+)-Isopinocamphone', PDF p.2224"
Isopulegol,7786-67-6,Combava leaf,0.3,4.9,"Tisserand & Young, Essential Oil Safety 2e (2014), Ch 14 profile 'Isopulegol', PDF p.2225"
Isopulegol,7786-67-6,Lemon-scented gum,0.0,4.0,"Tisserand & Young, Essential Oil Safety 2e (2014), Ch 14 profile 'Isopulegol', PDF p.2225"
Isopulegol,7786-67-6,Citronella (Sri Lankan),0.5,2.1,"Tisserand & Young, Essential Oil Safety 2e (2014), Ch 14 profile 'Isopulegol', PDF p.2225"
Isopulegol,7786-67-6,Juniper (Phoenician),0.0,1.6,"Tisserand & Young, Essential Oil Safety 2e (2014), Ch 14 profile 'Isopulegol', PDF p.2225"
Isopulegol,7786-67-6,Cedarwood (Port Orford),1.4,1.4,"Tisserand & Young, Essential Oil Safety 2e (2014), Ch 14 profile 'Isopulegol', PDF p.2225"
Isopulegol,7786-67-6,Cornmint,0.9,1.4,"Tisserand & Young, Essential Oil Safety 2e (2014), Ch 14 profile 'Isopulegol', PDF p.2225"
Isopulegol,7786-67-6,Tea tree (lemon-scented),1.3,1.3,"Tisserand & Young, Essential Oil Safety 2e (2014), Ch 14 profile 'Isopulegol', PDF p.2225"
Isopulegol,7786-67-6,Jamrosa,1.0,1.0,"Tisserand & Young, Essential Oil Safety 2e (2014), Ch 14 profile 'Isopulegol', PDF p.2225"
(Z )-Jasmone,488-10-8,Jasmine absolute,1.5,3.3,"Tisserand & Young, Essential Oil Safety 2e (2014), Ch 14 profile '(Z )-Jasmone', PDF p.2229"
(Z )-Jasmone,488-10-8,Ginger lily absolute,1.2,1.2,"Tisserand & Young, Essential Oil Safety 2e (2014), Ch 14 profile '(Z )-Jasmone', PDF p.2229"
(−)-Lavandulyl acetate,20777-39-3,Lavender,1.0,5.0,"Tisserand & Young, Essential Oil Safety 2e (2014), Ch 14 profile '(−)-Lavandulyl acetate', PDF p.2230"
(−)-Lavandulyl acetate,20777-39-3,Lavandin Grosso,2.3,2.4,"Tisserand & Young, Essential Oil Safety 2e (2014), Ch 14 profile '(−)-Lavandulyl acetate', PDF p.2230"
(−)-Lavandulyl acetate,20777-39-3,Lavandin Abrialis,1.0,2.0,"Tisserand & Young, Essential Oil Safety 2e (2014), Ch 14 profile '(−)-Lavandulyl acetate', PDF p.2230"
(−)-Lavandulyl acetate,20777-39-3,Wormwood (β-thujone CT),0.0,1.8,"Tisserand & Young, Essential Oil Safety 2e (2014), Ch 14 profile '(−)-Lavandulyl acetate', PDF p.2230"
(−)-Lavandulyl acetate,20777-39-3,Lavandin super,1.5,1.7,"Tisserand & Young, Essential Oil Safety 2e (2014), Ch 14 profile '(−)-Lavandulyl acetate', PDF p.2230"
Menthadiene. Cinene,5989-27-5,Orange (sweet),83.9,95.9,"Tisserand & Young, Essential Oil Safety 2e (2014), Ch 14 profile 'Menthadiene. Cinene', PDF p.2231"
Menthadiene. Cinene,5989-27-5,Grapefruit,84.8,95.4,"Tisserand & Young, Essential Oil Safety 2e (2014), Ch 14 profile 'Menthadiene. Cinene', PDF p.2231"
Menthadiene. Cinene,5989-27-5,Clementine,94.8,95.0,"Tisserand & Young, Essential Oil Safety 2e (2014), Ch 14 profile 'Menthadiene. Cinene', PDF p.2231"
Menthadiene. Cinene,5989-27-5,Orange (bitter),89.7,94.7,"Tisserand & Young, Essential Oil Safety 2e (2014), Ch 14 profile 'Menthadiene. Cinene', PDF p.2231"
Menthadiene. Cinene,5989-27-5,Tangerine,87.4,91.7,"Tisserand & Young, Essential Oil Safety 2e (2014), Ch 14 profile 'Menthadiene. Cinene', PDF p.2231"
Menthadiene. Cinene,5989-27-5,Satsuma,82.0,90.6,"Tisserand & Young, Essential Oil Safety 2e (2014), Ch 14 profile 'Menthadiene. Cinene', PDF p.2231"
Menthadiene. Cinene,5989-27-5,Lemon (expressed),56.6,76.0,"Tisserand & Young, Essential Oil Safety 2e (2014), Ch 14 profile 'Menthadiene. Cinene', PDF p.2231"
Menthadiene. Cinene,5989-27-5,Celery seed,68.0,75.0,"Tisserand & Young, Essential Oil Safety 2e (2014), Ch 14 profile 'Menthadiene. Cinene', PDF p.2231"
Menthadiene. Cinene,5989-27-5,Mandarin,65.3,74.2,"Tisserand & Young, Essential Oil Safety 2e (2014), Ch 14 profile 'Menthadiene. Cinene', PDF p.2231"
Menthadiene. Cinene,5989-27-5,Tangelo,73.2,73.2,"Tisserand & Young, Essential Oil Safety 2e (2014), Ch 14 profile 'Menthadiene. Cinene', PDF p.2231"
Menthadiene. Cinene,5989-27-5,Lemon (distilled),64.0,70.5,"Tisserand & Young, Essential Oil Safety 2e (2014), Ch 14 profile 'Menthadiene. Cinene', PDF p.2231"
Menthadiene. Cinene,5989-27-5,Dill seed (European),35.9,68.4,"Tisserand & Young, Essential Oil Safety 2e (2014), Ch 14 profile 'Menthadiene. Cinene', PDF p.2231"
Menthadiene. Cinene,5989-27-5,Pilocarpus jaborandi,0.0,67.0,"Tisserand & Young, Essential Oil Safety 2e (2014), Ch 14 profile 'Menthadiene. Cinene', PDF p.2231"
Menthadiene. Cinene,5989-27-5,Elemi,26.9,65.0,"Tisserand & Young, Essential Oil Safety 2e (2014), Ch 14 profile 'Menthadiene. Cinene', PDF p.2231"
Menthadiene. Cinene,5989-27-5,Palo santo,58.6,63.3,"Tisserand & Young, Essential Oil Safety 2e (2014), Ch 14 profile 'Menthadiene. Cinene', PDF p.2231"
Menthadiene. Cinene,5989-27-5,Yuzu,63.1,63.1,"Tisserand & Young, Essential Oil Safety 2e (2014), Ch 14 profile 'Menthadiene. Cinene', PDF p.2231"
Menthadiene. Cinene,5989-27-5,Lime expressed (Persian),51.5,59.6,"Tisserand & Young, Essential Oil Safety 2e (2014), Ch 14 profile 'Menthadiene. Cinene', PDF p.2231"
Menthadiene. Cinene,5989-27-5,Fleabane,56.4,56.4,"Tisserand & Young, Essential Oil Safety 2e (2014), Ch 14 profile 'Menthadiene. Cinene', PDF p.2231"
Menthadiene. Cinene,5989-27-5,"Lime distilled (Persian) (+ 1,8-cineole)",55.6,55.6,"Tisserand & Young, Essential Oil Safety 2e (2014), Ch 14 profile 'Menthadiene. Cinene', PDF p.2231"
Menthadiene. Cinene,5989-27-5,Fir needle (silver),54.7,54.7,"Tisserand & Young, Essential Oil Safety 2e (2014), Ch 14 profile 'Menthadiene. Cinene', PDF p.2232"
Menthadiene. Cinene,5989-27-5,Bergamot (expressed),27.4,52.0,"Tisserand & Young, Essential Oil Safety 2e (2014), Ch 14 profile 'Menthadiene. Cinene', PDF p.2232"
Menthadiene. Cinene,5989-27-5,"Lime distilled (Mexican) (+ 1,8-cineole)",40.4,49.4,"Tisserand & Young, Essential Oil Safety 2e (2014), Ch 14 profile 'Menthadiene. Cinene', PDF p.2232"
Menthadiene. Cinene,5989-27-5,Caraway,36.9,48.8,"Tisserand & Young, Essential Oil Safety 2e (2014), Ch 14 profile 'Menthadiene. Cinene', PDF p.2232"
Menthadiene. Cinene,5989-27-5,Lime expressed (Mexican),48.2,48.2,"Tisserand & Young, Essential Oil Safety 2e (2014), Ch 14 profile 'Menthadiene. Cinene', PDF p.2232"
Menthadiene. Cinene,5989-27-5,Bergamot (FCF),28.0,45.0,"Tisserand & Young, Essential Oil Safety 2e (2014), Ch 14 profile 'Menthadiene. Cinene', PDF p.2232"
Menthadiene. Cinene,5989-27-5,Dill seed (Indian),5.9,45.0,"Tisserand & Young, Essential Oil Safety 2e (2014), Ch 14 profile 'Menthadiene. Cinene', PDF p.2232"
Menthadiene. Cinene,5989-27-5,Pepper (Sichuan),44.4,44.4,"Tisserand & Young, Essential Oil Safety 2e (2014), Ch 14 profile 'Menthadiene. Cinene', PDF p.2232"
Menthadiene. Cinene,5989-27-5,Camphor (white),44.2,44.2,"Tisserand & Young, Essential Oil Safety 2e (2014), Ch 14 profile 'Menthadiene. Cinene', PDF p.2232"
Menthadiene. Cinene,5989-27-5,Verbena (white),32.6,40.8,"Tisserand & Young, Essential Oil Safety 2e (2014), Ch 14 profile 'Menthadiene. Cinene', PDF p.2232"
Menthadiene. Cinene,5989-27-5,Angelica seed,2.3,38.7,"Tisserand & Young, Essential Oil Safety 2e (2014), Ch 14 profile 'Menthadiene. Cinene', PDF p.2232"
Menthadiene. Cinene,5989-27-5,Pine (dwarf),6.1,37.1,"Tisserand & Young, Essential Oil Safety 2e (2014), Ch 14 profile 'Menthadiene. Cinene', PDF p.2232"
Menthadiene. Cinene,5989-27-5,Fir cone (silver),28.5,34.1,"Tisserand & Young, Essential Oil Safety 2e (2014), Ch 14 profile 'Menthadiene. Cinene', PDF p.2232"
Menthadiene. Cinene,5989-27-5,Lemon leaf,8.1,30.7,"Tisserand & Young, Essential Oil Safety 2e (2014), Ch 14 profile 'Menthadiene. Cinene', PDF p.2232"
Menthadiene. Cinene,5989-27-5,Lemon balm (Australian) (+ β-phellandrene),30.5,30.5,"Tisserand & Young, Essential Oil Safety 2e (2014), Ch 14 profile 'Menthadiene. Cinene', PDF p.2232"
Menthadiene. Cinene,5989-27-5,Gingergrass,30.1,30.1,"Tisserand & Young, Essential Oil Safety 2e (2014), Ch 14 profile 'Menthadiene. Cinene', PDF p.2232"
Menthadiene. Cinene,5989-27-5,Tana,25.0,30.0,"Tisserand & Young, Essential Oil Safety 2e (2014), Ch 14 profile 'Menthadiene. Cinene', PDF p.2232"
Menthadiene. Cinene,5989-27-5,Fir needle (Himalayan),29.6,29.6,"Tisserand & Young, Essential Oil Safety 2e (2014), Ch 14 profile 'Menthadiene. Cinene', PDF p.2232"
Menthadiene. Cinene,5989-27-5,Wormseed,29.2,29.2,"Tisserand & Young, Essential Oil Safety 2e (2014), Ch 14 profile 'Menthadiene. Cinene', PDF p.2232"
Menthadiene. Cinene,5989-27-5,Buchu (diosphenol CT),11.6,28.2,"Tisserand & Young, Essential Oil Safety 2e (2014), Ch 14 profile 'Menthadiene. Cinene', PDF p.2232"
Menthadiene. Cinene,5989-27-5,Boswellia rivae,28.0,28.0,"Tisserand & Young, Essential Oil Safety 2e (2014), Ch 14 profile 'Menthadiene. Cinene', PDF p.2232"
Menthadiene. Cinene,5989-27-5,Turpentine,0.0,25.2,"Tisserand & Young, Essential Oil Safety 2e (2014), Ch 14 profile 'Menthadiene. Cinene', PDF p.2232"
Menthadiene. Cinene,5989-27-5,Dill weed,22.5,24.9,"Tisserand & Young, Essential Oil Safety 2e (2014), Ch 14 profile 'Menthadiene. Cinene', PDF p.2232"
Menthadiene. Cinene,5989-27-5,Pepper (black),16.4,24.4,"Tisserand & Young, Essential Oil Safety 2e (2014), Ch 14 profile 'Menthadiene. Cinene', PDF p.2232"
Menthadiene. Cinene,5989-27-5,Thyme (limonene CT),24.2,24.2,"Tisserand & Young, Essential Oil Safety 2e (2014), Ch 14 profile 'Menthadiene. Cinene', PDF p.2232"
Menthadiene. Cinene,5989-27-5,Pepper (white),22.6,22.6,"Tisserand & Young, Essential Oil Safety 2e (2014), Ch 14 profile 'Menthadiene. Cinene', PDF p.2232"
Menthadiene. Cinene,5989-27-5,May chang,8.4,22.6,"Tisserand & Young, Essential Oil Safety 2e (2014), Ch 14 profile 'Menthadiene. Cinene', PDF p.2232"
Menthadiene. Cinene,5989-27-5,Ravensara leaf,13.9,22.5,"Tisserand & Young, Essential Oil Safety 2e (2014), Ch 14 profile 'Menthadiene. Cinene', PDF p.2232"
Menthadiene. Cinene,5989-27-5,Boswellia sacra (α-pinene CT),6.0,21.9,"Tisserand & Young, Essential Oil Safety 2e (2014), Ch 14 profile 'Menthadiene. Cinene', PDF p.2232"
Menthadiene. Cinene,5989-27-5,Spearmint,9.1,21.2,"Tisserand & Young, Essential Oil Safety 2e (2014), Ch 14 profile 'Menthadiene. Cinene', PDF p.2232"
Menthadiene. Cinene,5989-27-5,Fennel (sweet),0.2,21.0,"Tisserand & Young, Essential Oil Safety 2e (2014), Ch 14 profile 'Menthadiene. Cinene', PDF p.2232"
Menthadiene. Cinene,5989-27-5,Sumach (Venetian),20.0,20.0,"Tisserand & Young, Essential Oil Safety 2e (2014), Ch 14 profile 'Menthadiene. Cinene', PDF p.2232"
Menthadiene. Cinene,5989-27-5,Vassoura,4.7,18.0,"Tisserand & Young, Essential Oil Safety 2e (2014), Ch 14 profile 'Menthadiene. Cinene', PDF p.2232"
Menthadiene. Cinene,5989-27-5,Neroli,6.0,17.9,"Tisserand & Young, Essential Oil Safety 2e (2014), Ch 14 profile 'Menthadiene. Cinene', PDF p.2232"
Menthadiene. Cinene,5989-27-5,Goldenrod,17.8,17.8,"Tisserand & Young, Essential Oil Safety 2e (2014), Ch 14 profile 'Menthadiene. Cinene', PDF p.2232"
Menthadiene. Cinene,5989-27-5,Buchu (pulegone CT),2.1,17.2,"Tisserand & Young, Essential Oil Safety 2e (2014), Ch 14 profile 'Menthadiene. Cinene', PDF p.2232"
Menthadiene. Cinene,5989-27-5,Boswellia frereana,0.0,17.0,"Tisserand & Young, Essential Oil Safety 2e (2014), Ch 14 profile 'Menthadiene. Cinene', PDF p.2233"
Menthadiene. Cinene,5989-27-5,Eucalyptus macarthurii,9.8,16.2,"Tisserand & Young, Essential Oil Safety 2e (2014), Ch 14 profile 'Menthadiene. Cinene', PDF p.2233"
Menthadiene. Cinene,5989-27-5,Spruce (Norwegian),9.5,15.9,"Tisserand & Young, Essential Oil Safety 2e (2014), Ch 14 profile 'Menthadiene. Cinene', PDF p.2233"
Menthadiene. Cinene,5989-27-5,Fir needle (Canadian),1.8,15.6,"Tisserand & Young, Essential Oil Safety 2e (2014), Ch 14 profile 'Menthadiene. Cinene', PDF p.2233"
Menthadiene. Cinene,5989-27-5,Verbena (lemon),5.7,15.4,"Tisserand & Young, Essential Oil Safety 2e (2014), Ch 14 profile 'Menthadiene. Cinene', PDF p.2233"
Menthadiene. Cinene,5989-27-5,Combava fruit,5.3,13.8,"Tisserand & Young, Essential Oil Safety 2e (2014), Ch 14 profile 'Menthadiene. Cinene', PDF p.2233"
Menthadiene. Cinene,5989-27-5,Angelica root,6.0,13.2,"Tisserand & Young, Essential Oil Safety 2e (2014), Ch 14 profile 'Menthadiene. Cinene', PDF p.2233"
Menthadiene. Cinene,5989-27-5,Ahibero,0.5,13.2,"Tisserand & Young, Essential Oil Safety 2e (2014), Ch 14 profile 'Menthadiene. Cinene', PDF p.2233"
Menthadiene. Cinene,5989-27-5,Rhododendron,13.3,13.3,"Tisserand & Young, Essential Oil Safety 2e (2014), Ch 14 profile 'Menthadiene. Cinene', PDF p.2233"
Menthadiene. Cinene,5989-27-5,Spruce (white),13.0,13.0,"Tisserand & Young, Essential Oil Safety 2e (2014), Ch 14 profile 'Menthadiene. Cinene', PDF p.2233"
Menthadiene. Cinene,5989-27-5,Myrtle,5.1,12.7,"Tisserand & Young, Essential Oil Safety 2e (2014), Ch 14 profile 'Menthadiene. Cinene', PDF p.2233"
Menthadiene. Cinene,5989-27-5,Niaouli (cineole CT),6.0,12.0,"Tisserand & Young, Essential Oil Safety 2e (2014), Ch 14 profile 'Menthadiene. Cinene', PDF p.2233"
Menthadiene. Cinene,5989-27-5,Mandarin leaf,7.2,11.7,"Tisserand & Young, Essential Oil Safety 2e (2014), Ch 14 profile 'Menthadiene. Cinene', PDF p.2233"
Menthadiene. Cinene,5989-27-5,Spruce (red),11.5,11.5,"Tisserand & Young, Essential Oil Safety 2e (2014), Ch 14 profile 'Menthadiene. Cinene', PDF p.2233"
Menthadiene. Cinene,5989-27-5,Citronella (Sri Lankan),2.6,11.3,"Tisserand & Young, Essential Oil Safety 2e (2014), Ch 14 profile 'Menthadiene. Cinene', PDF p.2233"
Menthadiene. Cinene,5989-27-5,Eucalyptus camaldulensis,0.0,11.2,"Tisserand & Young, Essential Oil Safety 2e (2014), Ch 14 profile 'Menthadiene. Cinene', PDF p.2233"
Menthadiene. Cinene,5989-27-5,Pine (grey),7.1,10.9,"Tisserand & Young, Essential Oil Safety 2e (2014), Ch 14 profile 'Menthadiene. Cinene', PDF p.2233"
Menthadiene. Cinene,5989-27-5,Juniperberry,0.0,10.9,"Tisserand & Young, Essential Oil Safety 2e (2014), Ch 14 profile 'Menthadiene. Cinene', PDF p.2233"
Menthadiene. Cinene,5989-27-5,Helichrysum italicum subsp. microphyllum,10.7,10.7,"Tisserand & Young, Essential Oil Safety 2e (2014), Ch 14 profile 'Menthadiene. Cinene', PDF p.2233"
Menthadiene. Cinene,5989-27-5,Rosemary (β-myrcene CT),2.4,10.6,"Tisserand & Young, Essential Oil Safety 2e (2014), Ch 14 profile 'Menthadiene. Cinene', PDF p.2233"
Menthadiene. Cinene,5989-27-5,Blackcurrant bud,0.8,10.0,"Tisserand & Young, Essential Oil Safety 2e (2014), Ch 14 profile 'Menthadiene. Cinene', PDF p.2233"
(R )-(− )-Linalool,,Ho wood,95.0,95.0,"Tisserand & Young, Essential Oil Safety 2e (2014), Ch 14 profile '(R )-(− )-Linalool', PDF p.2245"
(R )-(− )-Linalool,,Ho leaf (linalool CT),66.7,90.6,"Tisserand & Young, Essential Oil Safety 2e (2014), Ch 14 profile '(R )-(− )-Linalool', PDF p.2245"
(R )-(− )-Linalool,,Rosewood,82.3,90.3,"Tisserand & Young, Essential Oil Safety 2e (2014), Ch 14 profile '(R )-(− )-Linalool', PDF p.2245"
(R )-(− )-Linalool,,Coriander seed,59.0,87.5,"Tisserand & Young, Essential Oil Safety 2e (2014), Ch 14 profile '(R )-(− )-Linalool', PDF p.2246"
(R )-(− )-Linalool,,Thyme (linalool CT),73.6,79.0,"Tisserand & Young, Essential Oil Safety 2e (2014), Ch 14 profile '(R )-(− )-Linalool', PDF p.2246"
(R )-(− )-Linalool,,Magnolia leaf,78.9,78.9,"Tisserand & Young, Essential Oil Safety 2e (2014), Ch 14 profile '(R )-(− )-Linalool', PDF p.2246"
(R )-(− )-Linalool,,Champaca absolute (white),76.3,76.3,"Tisserand & Young, Essential Oil Safety 2e (2014), Ch 14 profile '(R )-(− )-Linalool', PDF p.2246"
(R )-(− )-Linalool,,Honeysuckle absolute,75.0,75.0,"Tisserand & Young, Essential Oil Safety 2e (2014), Ch 14 profile '(R )-(− )-Linalool', PDF p.2246"
(R )-(− )-Linalool,,Bee balm,64.5,74.2,"Tisserand & Young, Essential Oil Safety 2e (2014), Ch 14 profile '(R )-(− )-Linalool', PDF p.2246"
(R )-(− )-Linalool,,Tomar seed,72.0,72.0,"Tisserand & Young, Essential Oil Safety 2e (2014), Ch 14 profile '(R )-(− )-Linalool', PDF p.2246"
(R )-(− )-Linalool,,Magnolia flower,69.9,69.9,"Tisserand & Young, Essential Oil Safety 2e (2014), Ch 14 profile '(R )-(− )-Linalool', PDF p.2246"
(R )-(− )-Linalool,,Marjoram wild (linalool CT),67.7,67.7,"Tisserand & Young, Essential Oil Safety 2e (2014), Ch 14 profile '(R )-(− )-Linalool', PDF p.2246"
(R )-(− )-Linalool,,Ghandi root,62.1,62.1,"Tisserand & Young, Essential Oil Safety 2e (2014), Ch 14 profile '(R )-(− )-Linalool', PDF p.2246"
(R )-(− )-Linalool,,Basil (linalool CT),53.7,58.3,"Tisserand & Young, Essential Oil Safety 2e (2014), Ch 14 profile '(R )-(− )-Linalool', PDF p.2246"
(R )-(− )-Linalool,,Mint (bergamot),24.9,55.2,"Tisserand & Young, Essential Oil Safety 2e (2014), Ch 14 profile '(R )-(− )-Linalool', PDF p.2246"
(R )-(− )-Linalool,,Rosalina,35.0,55.0,"Tisserand & Young, Essential Oil Safety 2e (2014), Ch 14 profile '(R )-(− )-Linalool', PDF p.2246"
(R )-(− )-Linalool,,Neroli,31.4,54.3,"Tisserand & Young, Essential Oil Safety 2e (2014), Ch 14 profile '(R )-(− )-Linalool', PDF p.2246"
(R )-(− )-Linalool,,Hyssop (linalool CT),48.0,51.7,"Tisserand & Young, Essential Oil Safety 2e (2014), Ch 14 profile '(R )-(− )-Linalool', PDF p.2246"
(R )-(− )-Linalool,,Orange flower & leaf water absolute,51.6,51.6,"Tisserand & Young, Essential Oil Safety 2e (2014), Ch 14 profile '(R )-(− )-Linalool', PDF p.2246"
(R )-(− )-Linalool,,Basil (hairy),31.7,50.1,"Tisserand & Young, Essential Oil Safety 2e (2014), Ch 14 profile '(R )-(− )-Linalool', PDF p.2246"
(R )-(− )-Linalool,,Lavender,25.0,45.0,"Tisserand & Young, Essential Oil Safety 2e (2014), Ch 14 profile '(R )-(− )-Linalool', PDF p.2246"
(R )-(− )-Linalool,,Lavender (spike),27.2,43.1,"Tisserand & Young, Essential Oil Safety 2e (2014), Ch 14 profile '(R )-(− )-Linalool', PDF p.2246"
(R )-(− )-Linalool,,Orange leaf absolute,42.5,42.5,"Tisserand & Young, Essential Oil Safety 2e (2014), Ch 14 profile '(R )-(− )-Linalool', PDF p.2246"
(R )-(− )-Linalool,,Lavandin Abrialis,30.0,38.0,"Tisserand & Young, Essential Oil Safety 2e (2014), Ch 14 profile '(R )-(− )-Linalool', PDF p.2246"
(R )-(− )-Linalool,,Basil absolute (linalool CT),34.4,34.4,"Tisserand & Young, Essential Oil Safety 2e (2014), Ch 14 profile '(R )-(− )-Linalool', PDF p.2246"
(R )-(− )-Linalool,,Lavandin Super,29.4,32.7,"Tisserand & Young, Essential Oil Safety 2e (2014), Ch 14 profile '(R )-(− )-Linalool', PDF p.2246"
(R )-(− )-Linalool,,Orange flower absolute,30.0,32.0,"Tisserand & Young, Essential Oil Safety 2e (2014), Ch 14 profile '(R )-(− )-Linalool', PDF p.2246"
(R )-(− )-Linalool,,Linaloe wood,30.0,30.0,"Tisserand & Young, Essential Oil Safety 2e (2014), Ch 14 profile '(R )-(− )-Linalool', PDF p.2246"
(R )-(− )-Linalool,,Ylang-ylang,0.8,30.0,"Tisserand & Young, Essential Oil Safety 2e (2014), Ch 14 profile '(R )-(− )-Linalool', PDF p.2246"
(R )-(− )-Linalool,,Ginger lily absolute,29.3,29.3,"Tisserand & Young, Essential Oil Safety 2e (2014), Ch 14 profile '(R )-(− )-Linalool', PDF p.2246"
(R )-(− )-Linalool,,Khella,28.8,28.8,"Tisserand & Young, Essential Oil Safety 2e (2014), Ch 14 profile '(R )-(− )-Linalool', PDF p.2246"
(R )-(− )-Linalool,,Lavender absolute,28.0,28.0,"Tisserand & Young, Essential Oil Safety 2e (2014), Ch 14 profile '(R )-(− )-Linalool', PDF p.2246"
(R )-(− )-Linalool,,Lavandin Grosso,22.5,28.0,"Tisserand & Young, Essential Oil Safety 2e (2014), Ch 14 profile '(R )-(− )-Linalool', PDF p.2246"
(R )-(− )-Linalool,,Basil (methyl cinnamate CT),17.3,27.3,"Tisserand & Young, Essential Oil Safety 2e (2014), Ch 14 profile '(R )-(− )-Linalool', PDF p.2246"
(R )-(− )-Linalool,,Sanna,25.6,25.6,"Tisserand & Young, Essential Oil Safety 2e (2014), Ch 14 profile '(R )-(− )-Linalool', PDF p.2246"
(R )-(− )-Linalool,,Orange leaf (Paraguayan),20.8,25.2,"Tisserand & Young, Essential Oil Safety 2e (2014), Ch 14 profile '(R )-(− )-Linalool', PDF p.2246"
(R )-(− )-Linalool,,Lavandin absolute,25.0,25.0,"Tisserand & Young, Essential Oil Safety 2e (2014), Ch 14 profile '(R )-(− )-Linalool', PDF p.2246"
(R )-(− )-Linalool,,Orange leaf (bigarade),12.3,24.2,"Tisserand & Young, Essential Oil Safety 2e (2014), Ch 14 profile '(R )-(− )-Linalool', PDF p.2246"
(R )-(− )-Linalool,,Niaouli (linalool CT),23.9,23.9,"Tisserand & Young, Essential Oil Safety 2e (2014), Ch 14 profile '(R )-(− )-Linalool', PDF p.2246"
(R )-(− )-Linalool,,Bergamot (expressed),1.7,20.6,"Tisserand & Young, Essential Oil Safety 2e (2014), Ch 14 profile '(R )-(− )-Linalool', PDF p.2247"
(R )-(− )-Linalool,,Bergamot (FCF),4.0,20.0,"Tisserand & Young, Essential Oil Safety 2e (2014), Ch 14 profile '(R )-(− )-Linalool', PDF p.2247"
(R )-(− )-Linalool,,Clary sage,9.0,19.3,"Tisserand & Young, Essential Oil Safety 2e (2014), Ch 14 profile '(R )-(− )-Linalool', PDF p.2247"
(R )-(− )-Linalool,,Jonquil absolute,17.8,17.8,"Tisserand & Young, Essential Oil Safety 2e (2014), Ch 14 profile '(R )-(− )-Linalool', PDF p.2247"
(R )-(− )-Linalool,,Coriander leaf,4.3,17.5,"Tisserand & Young, Essential Oil Safety 2e (2014), Ch 14 profile '(R )-(− )-Linalool', PDF p.2247"
(R )-(− )-Linalool,,Helichrysum italicum subsp. Microphyllum,17.3,17.3,"Tisserand & Young, Essential Oil Safety 2e (2014), Ch 14 profile '(R )-(− )-Linalool', PDF p.2247"
(R )-(− )-Linalool,,Sage (wild mountain),15.0,15.0,"Tisserand & Young, Essential Oil Safety 2e (2014), Ch 14 profile '(R )-(− )-Linalool', PDF p.2247"
(R )-(− )-Linalool,,Ho leaf (camphor CT),0.5,15.0,"Tisserand & Young, Essential Oil Safety 2e (2014), Ch 14 profile '(R )-(− )-Linalool', PDF p.2247"
(R )-(− )-Linalool,,Jasmine sambac absolute,13.9,13.9,"Tisserand & Young, Essential Oil Safety 2e (2014), Ch 14 profile '(R )-(− )-Linalool', PDF p.2247"
(R )-(− )-Linalool,,Geranium,0.5,13.8,"Tisserand & Young, Essential Oil Safety 2e (2014), Ch 14 profile '(R )-(− )-Linalool', PDF p.2247"
(R )-(− )-Linalool,,Ylang-ylang absolute,13.2,13.2,"Tisserand & Young, Essential Oil Safety 2e (2014), Ch 14 profile '(R )-(− )-Linalool', PDF p.2247"
(R )-(− )-Linalool,,Fragonia,11.7,12.4,"Tisserand & Young, Essential Oil Safety 2e (2014), Ch 14 profile '(R )-(− )-Linalool', PDF p.2247"
(R )-(− )-Linalool,,Narcissus absolute,0.6,11.7,"Tisserand & Young, Essential Oil Safety 2e (2014), Ch 14 profile '(R )-(− )-Linalool', PDF p.2247"
(R )-(− )-Linalool,,Sage (Spanish),0.2,11.2,"Tisserand & Young, Essential Oil Safety 2e (2014), Ch 14 profile '(R )-(− )-Linalool', PDF p.2247"
(E )-Linalool oxide,34995-77-2,Osmanthus absolute,0.6,7.0,"Tisserand & Young, Essential Oil Safety 2e (2014), Ch 14 profile '(E )-Linalool oxide', PDF p.2256"
(E )-Linalool oxide,34995-77-2,Ho leaf (linalool CT),0.0,2.8,"Tisserand & Young, Essential Oil Safety 2e (2014), Ch 14 profile '(E )-Linalool oxide', PDF p.2256"
(E )-Linalool oxide,34995-77-2,Mint (bergamot),1.3,1.7,"Tisserand & Young, Essential Oil Safety 2e (2014), Ch 14 profile '(E )-Linalool oxide', PDF p.2256"
(E )-Linalool oxide,34995-77-2,Rosewood,1.3,1.3,"Tisserand & Young, Essential Oil Safety 2e (2014), Ch 14 profile '(E )-Linalool oxide', PDF p.2256"
(E )-Linalool oxide,34995-77-2,Orange flower water absolute,1.1,1.1,"Tisserand & Young, Essential Oil Safety 2e (2014), Ch 14 profile '(E )-Linalool oxide', PDF p.2256"
(E )-Linalool oxide,34995-77-2,Linaloe wood,1.0,1.0,"Tisserand & Young, Essential Oil Safety 2e (2014), Ch 14 profile '(E )-Linalool oxide', PDF p.2256"
(Z )-Linalool oxide,5989-33-3,Osmanthus absolute,0.7,5.6,"Tisserand & Young, Essential Oil Safety 2e (2014), Ch 14 profile '(Z )-Linalool oxide', PDF p.2257"
(Z )-Linalool oxide,5989-33-3,Champaca absolute (orange),0.2,2.5,"Tisserand & Young, Essential Oil Safety 2e (2014), Ch 14 profile '(Z )-Linalool oxide', PDF p.2257"
(Z )-Linalool oxide,5989-33-3,Linaloe wood,2.0,2.0,"Tisserand & Young, Essential Oil Safety 2e (2014), Ch 14 profile '(Z )-Linalool oxide', PDF p.2257"
(Z )-Linalool oxide,5989-33-3,Orange flower water absolute,1.9,1.9,"Tisserand & Young, Essential Oil Safety 2e (2014), Ch 14 profile '(Z )-Linalool oxide', PDF p.2257"
(Z )-Linalool oxide,5989-33-3,Mint (bergamot),1.2,1.6,"Tisserand & Young, Essential Oil Safety 2e (2014), Ch 14 profile '(Z )-Linalool oxide', PDF p.2257"
(Z )-Linalool oxide,5989-33-3,Rosewood,1.5,1.5,"Tisserand & Young, Essential Oil Safety 2e (2014), Ch 14 profile '(Z )-Linalool oxide', PDF p.2257"
(Z )-Linalool oxide,5989-33-3,Thyme (lemon),1.4,1.4,"Tisserand & Young, Essential Oil Safety 2e (2014), Ch 14 profile '(Z )-Linalool oxide', PDF p.2257"
Linalyl acetate,16509-46-9,Clary sage,45.3,73.6,"Tisserand & Young, Essential Oil Safety 2e (2014), Ch 14 profile 'Linalyl acetate', PDF p.2258"
Linalyl acetate,16509-46-9,Orange leaf (bigarade),51.0,71.0,"Tisserand & Young, Essential Oil Safety 2e (2014), Ch 14 profile 'Linalyl acetate', PDF p.2258"
Linalyl acetate,16509-46-9,Clary sage absolute,66.5,66.5,"Tisserand & Young, Essential Oil Safety 2e (2014), Ch 14 profile 'Linalyl acetate', PDF p.2258"
Linalyl acetate,16509-46-9,Orange leaf (Paraguayan),47.4,58.0,"Tisserand & Young, Essential Oil Safety 2e (2014), Ch 14 profile 'Linalyl acetate', PDF p.2258"
Linalyl acetate,16509-46-9,Mint (bergamot),34.0,57.3,"Tisserand & Young, Essential Oil Safety 2e (2014), Ch 14 profile 'Linalyl acetate', PDF p.2258"
Linalyl acetate,16509-46-9,Skimmia,55.6,55.6,"Tisserand & Young, Essential Oil Safety 2e (2014), Ch 14 profile 'Linalyl acetate', PDF p.2258"
Linalyl acetate,16509-46-9,Orange leaf absolute,48.9,48.9,"Tisserand & Young, Essential Oil Safety 2e (2014), Ch 14 profile 'Linalyl acetate', PDF p.2258"
Linalyl acetate,16509-46-9,Linaloe wood,47.0,47.0,"Tisserand & Young, Essential Oil Safety 2e (2014), Ch 14 profile 'Linalyl acetate', PDF p.2258"
Linalyl acetate,16509-46-9,Lavender,25.0,46.0,"Tisserand & Young, Essential Oil Safety 2e (2014), Ch 14 profile 'Linalyl acetate', PDF p.2258"
Linalyl acetate,16509-46-9,Lavender absolute,44.7,44.7,"Tisserand & Young, Essential Oil Safety 2e (2014), Ch 14 profile 'Linalyl acetate', PDF p.2258"
Linalyl acetate,16509-46-9,Lavandin Super,38.6,44.3,"Tisserand & Young, Essential Oil Safety 2e (2014), Ch 14 profile 'Linalyl acetate', PDF p.2258"
Linalyl acetate,16509-46-9,Snakeroot,28.0,41.4,"Tisserand & Young, Essential Oil Safety 2e (2014), Ch 14 profile 'Linalyl acetate', PDF p.2258"
Linalyl acetate,16509-46-9,Bergamot (expressed),17.1,40.4,"Tisserand & Young, Essential Oil Safety 2e (2014), Ch 14 profile 'Linalyl acetate', PDF p.2258"
Linalyl acetate,16509-46-9,Lavandin Grosso,28.0,38.0,"Tisserand & Young, Essential Oil Safety 2e (2014), Ch 14 profile 'Linalyl acetate', PDF p.2258"
Linalyl acetate,16509-46-9,Lavandin Abrialis,20.0,30.0,"Tisserand & Young, Essential Oil Safety 2e (2014), Ch 14 profile 'Linalyl acetate', PDF p.2258"
Linalyl acetate,16509-46-9,Bergamot (FCF),18.0,28.0,"Tisserand & Young, Essential Oil Safety 2e (2014), Ch 14 profile 'Linalyl acetate', PDF p.2258"
Linalyl acetate,16509-46-9,Snowbush,18.0,18.0,"Tisserand & Young, Essential Oil Safety 2e (2014), Ch 14 profile 'Linalyl acetate', PDF p.2258"
Linalyl acetate,16509-46-9,Orange flower absolute,7.0,16.8,"Tisserand & Young, Essential Oil Safety 2e (2014), Ch 14 profile 'Linalyl acetate', PDF p.2258"
Linalyl acetate,16509-46-9,Chamomile (Cape),14.1,14.1,"Tisserand & Young, Essential Oil Safety 2e (2014), Ch 14 profile 'Linalyl acetate', PDF p.2258"
Linalyl acetate,16509-46-9,Marjoram (sweet),7.4,10.5,"Tisserand & Young, Essential Oil Safety 2e (2014), Ch 14 profile 'Linalyl acetate', PDF p.2258"
Linalyl acetate,16509-46-9,Neroli,0.6,10.0,"Tisserand & Young, Essential Oil Safety 2e (2014), Ch 14 profile 'Linalyl acetate', PDF p.2258"
Linalyl acetate,16509-46-9,Thymus zygis (linalool CT),3.4,8.6,"Tisserand & Young, Essential Oil Safety 2e (2014), Ch 14 profile 'Linalyl acetate', PDF p.2258"
Linalyl acetate,16509-46-9,Cardamon,0.7,7.7,"Tisserand & Young, Essential Oil Safety 2e (2014), Ch 14 profile 'Linalyl acetate', PDF p.2258"
Linalyl acetate,16509-46-9,Lemon leaf,0.0,6.5,"Tisserand & Young, Essential Oil Safety 2e (2014), Ch 14 profile 'Linalyl acetate', PDF p.2258"
Linalyl acetate,16509-46-9,Sage (Spanish),0.1,5.8,"Tisserand & Young, Essential Oil Safety 2e (2014), Ch 14 profile 'Linalyl acetate', PDF p.2258"
"methylene-1,4-methanoazulene",475-20-7,Black seed,1.2,10.2,"Tisserand & Young, Essential Oil Safety 2e (2014), Ch 14 profile 'methylene-1,4-methanoazulene', PDF p.2261"
"methylene-1,4-methanoazulene",475-20-7,Cedarwood (Chinese),4.2,4.2,"Tisserand & Young, Essential Oil Safety 2e (2014), Ch 14 profile 'methylene-1,4-methanoazulene', PDF p.2261"
"methylene-1,4-methanoazulene",475-20-7,Pine (Scots),0.0,3.5,"Tisserand & Young, Essential Oil Safety 2e (2014), Ch 14 profile 'methylene-1,4-methanoazulene', PDF p.2261"
"methylene-1,4-methanoazulene",475-20-7,Grindelia,1.0,2.5,"Tisserand & Young, Essential Oil Safety 2e (2014), Ch 14 profile 'methylene-1,4-methanoazulene', PDF p.2261"
Menthofuran,17957-94-7,Palo santo,6.6,11.8,"Tisserand & Young, Essential Oil Safety 2e (2014), Ch 14 profile 'Menthofuran', PDF p.2263"
Menthofuran,17957-94-7,Peppermint,0.0,9.4,"Tisserand & Young, Essential Oil Safety 2e (2014), Ch 14 profile 'Menthofuran', PDF p.2263"
Menthofuran,17957-94-7,Cornmint,0.4,0.6,"Tisserand & Young, Essential Oil Safety 2e (2014), Ch 14 profile 'Menthofuran', PDF p.2263"
Menthofuran,17957-94-7,Pennyroyal (European),0.0,0.3,"Tisserand & Young, Essential Oil Safety 2e (2014), Ch 14 profile 'Menthofuran', PDF p.2263"
methylethyl)cyclohexanol,2216-51-5,Peppermint,19.0,54.2,"Tisserand & Young, Essential Oil Safety 2e (2014), Ch 14 profile 'methylethyl)cyclohexanol', PDF p.2265"
methylethyl)cyclohexanol,2216-51-5,Cornmint,28.8,34.7,"Tisserand & Young, Essential Oil Safety 2e (2014), Ch 14 profile 'methylethyl)cyclohexanol', PDF p.2265"
methylethyl)cyclohexanol,2216-51-5,Basil (lemon),3.8,4.4,"Tisserand & Young, Essential Oil Safety 2e (2014), Ch 14 profile 'methylethyl)cyclohexanol', PDF p.2265"
(+)-Menthone,1196-31-2,Calamint (lesser),7.0,55.8,"Tisserand & Young, Essential Oil Safety 2e (2014), Ch 14 profile '(+)-Menthone', PDF p.2274"
(+)-Menthone,1196-31-2,Peppermint,8.0,31.6,"Tisserand & Young, Essential Oil Safety 2e (2014), Ch 14 profile '(+)-Menthone', PDF p.2274"
(+)-Menthone,1196-31-2,Cornmint,16.3,31.1,"Tisserand & Young, Essential Oil Safety 2e (2014), Ch 14 profile '(+)-Menthone', PDF p.2274"
(+)-Menthone,1196-31-2,Buchu (diosphenol CT),2.5,25.0,"Tisserand & Young, Essential Oil Safety 2e (2014), Ch 14 profile '(+)-Menthone', PDF p.2274"
(+)-Menthone,1196-31-2,Pennyroyal (European),1.5,16.0,"Tisserand & Young, Essential Oil Safety 2e (2014), Ch 14 profile '(+)-Menthone', PDF p.2274"
(+)-Menthone,1196-31-2,Buchu (pulegone CT),1.3,7.0,"Tisserand & Young, Essential Oil Safety 2e (2014), Ch 14 profile '(+)-Menthone', PDF p.2274"
(+)-Menthone,1196-31-2,Pennyroyal (Turkish),3.5,3.5,"Tisserand & Young, Essential Oil Safety 2e (2014), Ch 14 profile '(+)-Menthone', PDF p.2275"
(+)-Menthone,1196-31-2,Geranium,0.1,2.4,"Tisserand & Young, Essential Oil Safety 2e (2014), Ch 14 profile '(+)-Menthone', PDF p.2275"
(+)-Menthone,1196-31-2,Spearmint,0.1,1.7,"Tisserand & Young, Essential Oil Safety 2e (2014), Ch 14 profile '(+)-Menthone', PDF p.2275"
(+)-Menthone,1196-31-2,Pennyroyal (N. American),0.6,1.4,"Tisserand & Young, Essential Oil Safety 2e (2014), Ch 14 profile '(+)-Menthone', PDF p.2275"
ethanoate,89-48-5,Peppermint,2.1,10.6,"Tisserand & Young, Essential Oil Safety 2e (2014), Ch 14 profile 'ethanoate', PDF p.2276"
ethanoate,89-48-5,Cornmint,1.8,3.4,"Tisserand & Young, Essential Oil Safety 2e (2014), Ch 14 profile 'ethanoate', PDF p.2276"
Methyl anthranilate,134-20-3,Orange flower absolute,3.0,15.0,"Tisserand & Young, Essential Oil Safety 2e (2014), Ch 14 profile 'Methyl anthranilate', PDF p.2282"
Methyl anthranilate,134-20-3,Champaca absolute (orange),2.1,9.0,"Tisserand & Young, Essential Oil Safety 2e (2014), Ch 14 profile 'Methyl anthranilate', PDF p.2282"
Methyl anthranilate,134-20-3,Jasmine sambac absolute,5.5,5.5,"Tisserand & Young, Essential Oil Safety 2e (2014), Ch 14 profile 'Methyl anthranilate', PDF p.2282"
Methyl anthranilate,134-20-3,Orange flower water absolute,3.0,3.0,"Tisserand & Young, Essential Oil Safety 2e (2014), Ch 14 profile 'Methyl anthranilate', PDF p.2282"
Methyl benzoate,93-58-3,Jonquil absolute,23.4,23.4,"Tisserand & Young, Essential Oil Safety 2e (2014), Ch 14 profile 'Methyl benzoate', PDF p.2283"
Methyl benzoate,93-58-3,Tuberose absolute,7.8,7.8,"Tisserand & Young, Essential Oil Safety 2e (2014), Ch 14 profile 'Methyl benzoate', PDF p.2283"
Methyl benzoate,93-58-3,Ginger lily absolute,5.7,5.7,"Tisserand & Young, Essential Oil Safety 2e (2014), Ch 14 profile 'Methyl benzoate', PDF p.2283"
Methyl benzoate,93-58-3,Ylang-ylang,0.2,5.6,"Tisserand & Young, Essential Oil Safety 2e (2014), Ch 14 profile 'Methyl benzoate', PDF p.2283"
Methyl benzoate,93-58-3,Champaca absolute (orange),1.0,5.0,"Tisserand & Young, Essential Oil Safety 2e (2014), Ch 14 profile 'Methyl benzoate', PDF p.2283"
Methyl benzoate,93-58-3,Bakul absolute,3.8,3.8,"Tisserand & Young, Essential Oil Safety 2e (2014), Ch 14 profile 'Methyl benzoate', PDF p.2283"
Methyl benzoate,93-58-3,Ylang-ylang absolute,3.5,3.5,"Tisserand & Young, Essential Oil Safety 2e (2014), Ch 14 profile 'Methyl benzoate', PDF p.2284"
Methyl benzoate,93-58-3,Jasmine sambac absolute,2.6,2.6,"Tisserand & Young, Essential Oil Safety 2e (2014), Ch 14 profile 'Methyl benzoate', PDF p.2284"
Methyl benzoate,93-58-3,Jasmine absolute,0.2,1.0,"Tisserand & Young, Essential Oil Safety 2e (2014), Ch 14 profile 'Methyl benzoate', PDF p.2284"
(2E )-Methyl cinnamate,1754-62-7,Narcissus absolute,1.1,15.8,"Tisserand & Young, Essential Oil Safety 2e (2014), Ch 14 profile '(2E )-Methyl cinnamate', PDF p.2285"
(2E )-Methyl cinnamate,1754-62-7,Sugandha,13.7,13.7,"Tisserand & Young, Essential Oil Safety 2e (2014), Ch 14 profile '(2E )-Methyl cinnamate', PDF p.2285"
(2E )-Methyl cinnamate,1754-62-7,Jonquil absolute,7.8,7.8,"Tisserand & Young, Essential Oil Safety 2e (2014), Ch 14 profile '(2E )-Methyl cinnamate', PDF p.2285"
(2E )-Methyl cinnamate,1754-62-7,Boronia absolute,6.7,6.7,"Tisserand & Young, Essential Oil Safety 2e (2014), Ch 14 profile '(2E )-Methyl cinnamate', PDF p.2285"
(2E )-Methyl cinnamate,1754-62-7,Galangal (greater),2.6,5.3,"Tisserand & Young, Essential Oil Safety 2e (2014), Ch 14 profile '(2E )-Methyl cinnamate', PDF p.2285"
(2E )-Methyl cinnamate,1754-62-7,Bakul absolute,3.6,3.6,"Tisserand & Young, Essential Oil Safety 2e (2014), Ch 14 profile '(2E )-Methyl cinnamate', PDF p.2285"
(2E )-Methyl cinnamate,1754-62-7,Peru balsam,0.0,1.7,"Tisserand & Young, Essential Oil Safety 2e (2014), Ch 14 profile '(2E )-Methyl cinnamate', PDF p.2285"
(2Z )-Methyl cinnamate,19713-73-6,Boronia absolute (+ N -tiglamide),9.3,9.3,"Tisserand & Young, Essential Oil Safety 2e (2014), Ch 14 profile '(2Z )-Methyl cinnamate', PDF p.2285"
(2Z )-Methyl cinnamate,19713-73-6,Basil (methyl cinnamate CT),58.0,63.1,"Tisserand & Young, Essential Oil Safety 2e (2014), Ch 14 profile '(2Z )-Methyl cinnamate', PDF p.2285"
(2Z )-Methyl cinnamate,19713-73-6,Tomar seed,12.2,12.2,"Tisserand & Young, Essential Oil Safety 2e (2014), Ch 14 profile '(2Z )-Methyl cinnamate', PDF p.2285"
(2Z )-Methyl cinnamate,19713-73-6,Finger root,3.0,3.0,"Tisserand & Young, Essential Oil Safety 2e (2014), Ch 14 profile '(2Z )-Methyl cinnamate', PDF p.2285"
O -Methyleugenol,93-15-2,Tea tree (black),97.7,97.7,"Tisserand & Young, Essential Oil Safety 2e (2014), Ch 14 profile 'O -Methyleugenol', PDF p.2287"
O -Methyleugenol,93-15-2,Pine (huon),95.0,97.0,"Tisserand & Young, Essential Oil Safety 2e (2014), Ch 14 profile 'O -Methyleugenol', PDF p.2287"
O -Methyleugenol,93-15-2,Snakeroot,36.1,44.5,"Tisserand & Young, Essential Oil Safety 2e (2014), Ch 14 profile 'O -Methyleugenol', PDF p.2287"
O -Methyleugenol,93-15-2,Cinnamomum rigidissimum,28.6,28.6,"Tisserand & Young, Essential Oil Safety 2e (2014), Ch 14 profile 'O -Methyleugenol', PDF p.2287"
O -Methyleugenol,93-15-2,Pimento berry,2.9,13.1,"Tisserand & Young, Essential Oil Safety 2e (2014), Ch 14 profile 'O -Methyleugenol', PDF p.2287"
O -Methyleugenol,93-15-2,Pteronia,7.2,7.2,"Tisserand & Young, Essential Oil Safety 2e (2014), Ch 14 profile 'O -Methyleugenol', PDF p.2287"
O -Methyleugenol,93-15-2,Basil (estragole CT),0.0,4.2,"Tisserand & Young, Essential Oil Safety 2e (2014), Ch 14 profile 'O -Methyleugenol', PDF p.2287"
O -Methyleugenol,93-15-2,Laurel leaf,1.4,3.8,"Tisserand & Young, Essential Oil Safety 2e (2014), Ch 14 profile 'O -Methyleugenol', PDF p.2287"
O -Methyleugenol,93-15-2,Rose (Damask),0.5,3.3,"Tisserand & Young, Essential Oil Safety 2e (2014), Ch 14 profile 'O -Methyleugenol', PDF p.2287"
O -Methyleugenol,93-15-2,Champaca absolute (white),2.3,2.3,"Tisserand & Young, Essential Oil Safety 2e (2014), Ch 14 profile 'O -Methyleugenol', PDF p.2287"
O -Methyleugenol,93-15-2,Sassafras albidum,1.4,2.3,"Tisserand & Young, Essential Oil Safety 2e (2014), Ch 14 profile 'O -Methyleugenol', PDF p.2287"
O -Methyleugenol,93-15-2,Calamus (tetraploid form),0.0,2.0,"Tisserand & Young, Essential Oil Safety 2e (2014), Ch 14 profile 'O -Methyleugenol', PDF p.2287"
O -Methyleugenol,93-15-2,Ocotea odorifera,0.0,2.0,"Tisserand & Young, Essential Oil Safety 2e (2014), Ch 14 profile 'O -Methyleugenol', PDF p.2287"
O -Methyleugenol,93-15-2,Pimento leaf,0.0,1.9,"Tisserand & Young, Essential Oil Safety 2e (2014), Ch 14 profile 'O -Methyleugenol', PDF p.2287"
O -Methyleugenol,93-15-2,Tuberose absolute,1.7,1.7,"Tisserand & Young, Essential Oil Safety 2e (2014), Ch 14 profile 'O -Methyleugenol', PDF p.2287"
O -Methyleugenol,93-15-2,Betel,0.3,1.7,"Tisserand & Young, Essential Oil Safety 2e (2014), Ch 14 profile 'O -Methyleugenol', PDF p.2287"
O -Methyleugenol,93-15-2,Citronella (Sri Lankan),0.0,1.7,"Tisserand & Young, Essential Oil Safety 2e (2014), Ch 14 profile 'O -Methyleugenol', PDF p.2287"
O -Methyleugenol,93-15-2,Hyacinth absolute,1.5,1.5,"Tisserand & Young, Essential Oil Safety 2e (2014), Ch 14 profile 'O -Methyleugenol', PDF p.2287"
O -Methyleugenol,93-15-2,Tarragon,0.1,1.5,"Tisserand & Young, Essential Oil Safety 2e (2014), Ch 14 profile 'O -Methyleugenol', PDF p.2287"
O -Methyleugenol,93-15-2,Chaste tree seed,0.0,1.5,"Tisserand & Young, Essential Oil Safety 2e (2014), Ch 14 profile 'O -Methyleugenol', PDF p.2287"
O -Methyleugenol,93-15-2,Bay (West Indian),0.0,1.4,"Tisserand & Young, Essential Oil Safety 2e (2014), Ch 14 profile 'O -Methyleugenol', PDF p.2287"
O -Methyleugenol,93-15-2,Nutmeg (East Indian),0.1,1.2,"Tisserand & Young, Essential Oil Safety 2e (2014), Ch 14 profile 'O -Methyleugenol', PDF p.2287"
O -Methyleugenol,93-15-2,Myrtle,0.3,1.0,"Tisserand & Young, Essential Oil Safety 2e (2014), Ch 14 profile 'O -Methyleugenol', PDF p.2287"
O -Methyleugenol,93-15-2,Savory (winter),0.0,0.9,"Tisserand & Young, Essential Oil Safety 2e (2014), Ch 14 profile 'O -Methyleugenol', PDF p.2287"
O -Methyleugenol,93-15-2,Rose absolute (Provencale),0.0,0.8,"Tisserand & Young, Essential Oil Safety 2e (2014), Ch 14 profile 'O -Methyleugenol', PDF p.2287"
O -Methyleugenol,93-15-2,Sugandha,0.6,0.6,"Tisserand & Young, Essential Oil Safety 2e (2014), Ch 14 profile 'O -Methyleugenol', PDF p.2287"
O -Methyleugenol,93-15-2,Tejpat,0.5,0.5,"Tisserand & Young, Essential Oil Safety 2e (2014), Ch 14 profile 'O -Methyleugenol', PDF p.2287"
O -Methyleugenol,93-15-2,Ho leaf (camphor CT),0.0,0.5,"Tisserand & Young, Essential Oil Safety 2e (2014), Ch 14 profile 'O -Methyleugenol', PDF p.2287"
O -Methyleugenol,93-15-2,Hyssop (pinocamphone CT),0.0,0.5,"Tisserand & Young, Essential Oil Safety 2e (2014), Ch 14 profile 'O -Methyleugenol', PDF p.2287"
O -Methyleugenol,93-15-2,Basil (pungent),0.4,0.4,"Tisserand & Young, Essential Oil Safety 2e (2014), Ch 14 profile 'O -Methyleugenol', PDF p.2287"
O -Methyleugenol,93-15-2,Ho leaf (linalool CT),0.1,0.4,"Tisserand & Young, Essential Oil Safety 2e (2014), Ch 14 profile 'O -Methyleugenol', PDF p.2288"
O -Methyleugenol,93-15-2,Basil (holy),0.2,0.3,"Tisserand & Young, Essential Oil Safety 2e (2014), Ch 14 profile 'O -Methyleugenol', PDF p.2288"
O -Methyleugenol,93-15-2,Elemi,0.2,0.3,"Tisserand & Young, Essential Oil Safety 2e (2014), Ch 14 profile 'O -Methyleugenol', PDF p.2288"
O -Methyleugenol,93-15-2,African bluegrass,0.2,0.3,"Tisserand & Young, Essential Oil Safety 2e (2014), Ch 14 profile 'O -Methyleugenol', PDF p.2288"
O -Methyleugenol,93-15-2,Mace (Indian),0.2,0.2,"Tisserand & Young, Essential Oil Safety 2e (2014), Ch 14 profile 'O -Methyleugenol', PDF p.2288"
O -Methyleugenol,93-15-2,Mace (East Indian),0.1,0.2,"Tisserand & Young, Essential Oil Safety 2e (2014), Ch 14 profile 'O -Methyleugenol', PDF p.2288"
O -Methyleugenol,93-15-2,Nutmeg (West Indian),0.1,0.2,"Tisserand & Young, Essential Oil Safety 2e (2014), Ch 14 profile 'O -Methyleugenol', PDF p.2288"
O -Methyleugenol,93-15-2,Cascarilla (Bahamian),0.0,0.2,"Tisserand & Young, Essential Oil Safety 2e (2014), Ch 14 profile 'O -Methyleugenol', PDF p.2288"
O -Methyleugenol,93-15-2,Clove bud,0.0,0.2,"Tisserand & Young, Essential Oil Safety 2e (2014), Ch 14 profile 'O -Methyleugenol', PDF p.2288"
O -Methyleugenol,93-15-2,"Ho leaf (cineole CT, Chinese)",0.1,0.1,"Tisserand & Young, Essential Oil Safety 2e (2014), Ch 14 profile 'O -Methyleugenol', PDF p.2288"
O -Methyleugenol,93-15-2,Magnolia leaf,0.1,0.1,"Tisserand & Young, Essential Oil Safety 2e (2014), Ch 14 profile 'O -Methyleugenol', PDF p.2288"
O -Methyleugenol,93-15-2,Rose (Japanese),0.1,0.1,"Tisserand & Young, Essential Oil Safety 2e (2014), Ch 14 profile 'O -Methyleugenol', PDF p.2288"
O -Methyleugenol,93-15-2,Cassia leaf,0.0,0.1,"Tisserand & Young, Essential Oil Safety 2e (2014), Ch 14 profile 'O -Methyleugenol', PDF p.2288"
O -Methyleugenol,93-15-2,Basil (linalool CT),0.0,0.1,"Tisserand & Young, Essential Oil Safety 2e (2014), Ch 14 profile 'O -Methyleugenol', PDF p.2288"
O -Methyleugenol,93-15-2,Mastic,0.0,0.1,"Tisserand & Young, Essential Oil Safety 2e (2014), Ch 14 profile 'O -Methyleugenol', PDF p.2288"
O -Methyleugenol,93-15-2,Citronella (Javanese),0.0,0.1,"Tisserand & Young, Essential Oil Safety 2e (2014), Ch 14 profile 'O -Methyleugenol', PDF p.2288"
O -Methyleugenol,93-15-2,Cananga,0.07,0.07,"Tisserand & Young, Essential Oil Safety 2e (2014), Ch 14 profile 'O -Methyleugenol', PDF p.2288"
O -Methyleugenol,93-15-2,Tea tree,0.0,0.06,"Tisserand & Young, Essential Oil Safety 2e (2014), Ch 14 profile 'O -Methyleugenol', PDF p.2288"
Methyl heptenone,409-02-9,Fenugreek,4.5,4.5,"Tisserand & Young, Essential Oil Safety 2e (2014), Ch 14 profile 'Methyl heptenone', PDF p.2295"
Methyl heptenone,409-02-9,May chang,0.5,4.4,"Tisserand & Young, Essential Oil Safety 2e (2014), Ch 14 profile 'Methyl heptenone', PDF p.2295"
Methyl heptenone,409-02-9,Lemongrass (West Indian),0.1,2.6,"Tisserand & Young, Essential Oil Safety 2e (2014), Ch 14 profile 'Methyl heptenone', PDF p.2295"
Methyl heptenone,409-02-9,Myrtle (lemon),0.1,2.5,"Tisserand & Young, Essential Oil Safety 2e (2014), Ch 14 profile 'Methyl heptenone', PDF p.2295"
Methyl heptenone,409-02-9,Melissa,0.0,2.5,"Tisserand & Young, Essential Oil Safety 2e (2014), Ch 14 profile 'Methyl heptenone', PDF p.2295"
Methyl heptenone,409-02-9,Basil (lemon),1.0,1.9,"Tisserand & Young, Essential Oil Safety 2e (2014), Ch 14 profile 'Methyl heptenone', PDF p.2295"
Methyl heptenone,409-02-9,Lemongrass (East Indian),0.3,1.4,"Tisserand & Young, Essential Oil Safety 2e (2014), Ch 14 profile 'Methyl heptenone', PDF p.2295"
Methyl heptenone,409-02-9,Verbena (lemon),0.4,1.0,"Tisserand & Young, Essential Oil Safety 2e (2014), Ch 14 profile 'Methyl heptenone', PDF p.2295"
O -Methyl isoeugenol,6379-72-2,Citronella (Sri Lankan),0.0,10.7,"Tisserand & Young, Essential Oil Safety 2e (2014), Ch 14 profile 'O -Methyl isoeugenol', PDF p.2296"
O -Methyl isoeugenol,6380-24-1,Citronella (Sri Lankan),0.0,1.2,"Tisserand & Young, Essential Oil Safety 2e (2014), Ch 14 profile 'O -Methyl isoeugenol', PDF p.2296"
O -Methyl isoeugenol,6380-24-1,Tuberose absolute,32.5,32.5,"Tisserand & Young, Essential Oil Safety 2e (2014), Ch 14 profile 'O -Methyl isoeugenol', PDF p.2296"
O -Methyl isoeugenol,6380-24-1,Boswellia serrata,1.3,3.1,"Tisserand & Young, Essential Oil Safety 2e (2014), Ch 14 profile 'O -Methyl isoeugenol', PDF p.2296"
O -Methyl isoeugenol,6380-24-1,Calamus (tetraploid form),0.0,2.8,"Tisserand & Young, Essential Oil Safety 2e (2014), Ch 14 profile 'O -Methyl isoeugenol', PDF p.2296"
O -Methyl isoeugenol,6380-24-1,Narcissus absolute,0.0,1.6,"Tisserand & Young, Essential Oil Safety 2e (2014), Ch 14 profile 'O -Methyl isoeugenol', PDF p.2296"
Methyl jasmonate,78609-06-0,Ginger lily absolute,1.8,1.8,"Tisserand & Young, Essential Oil Safety 2e (2014), Ch 14 profile 'Methyl jasmonate', PDF p.2298"
Methyl jasmonate,78609-06-0,Jasmine absolute,0.2,1.3,"Tisserand & Young, Essential Oil Safety 2e (2014), Ch 14 profile 'Methyl jasmonate', PDF p.2298"
Methyl jasmonate,78609-06-0,Boronia absolute,1.2,1.2,"Tisserand & Young, Essential Oil Safety 2e (2014), Ch 14 profile 'Methyl jasmonate', PDF p.2298"
Methyl jasmonate,78609-06-0,Tansy (blue),0.0,1.0,"Tisserand & Young, Essential Oil Safety 2e (2014), Ch 14 profile 'Methyl jasmonate', PDF p.2298"
Methyl salicylate,119-36-8,Wintergreen,96.0,99.5,"Tisserand & Young, Essential Oil Safety 2e (2014), Ch 14 profile 'Methyl salicylate', PDF p.2299"
Methyl salicylate,119-36-8,Birch (sweet),90.4,90.4,"Tisserand & Young, Essential Oil Safety 2e (2014), Ch 14 profile 'Methyl salicylate', PDF p.2299"
Methyl salicylate,119-36-8,Ylang-ylang,0.0,10.4,"Tisserand & Young, Essential Oil Safety 2e (2014), Ch 14 profile 'Methyl salicylate', PDF p.2299"
Methyl salicylate,119-36-8,Tuberose absolute,8.4,8.4,"Tisserand & Young, Essential Oil Safety 2e (2014), Ch 14 profile 'Methyl salicylate', PDF p.2299"
Methyl salicylate,119-36-8,Cassie absolute,5.0,5.0,"Tisserand & Young, Essential Oil Safety 2e (2014), Ch 14 profile 'Methyl salicylate', PDF p.2299"
Methyl salicylate,119-36-8,Bakul absolute,1.9,1.9,"Tisserand & Young, Essential Oil Safety 2e (2014), Ch 14 profile 'Methyl salicylate', PDF p.2299"
β-Myrcene,123-35-3,Rosemary (β-myrcene CT),19.5,52.1,"Tisserand & Young, Essential Oil Safety 2e (2014), Ch 14 profile 'β-Myrcene', PDF p.2307"
β-Myrcene,123-35-3,Cape may,43.8,43.8,"Tisserand & Young, Essential Oil Safety 2e (2014), Ch 14 profile 'β-Myrcene', PDF p.2307"
β-Myrcene,123-35-3,Celery leaf,33.6,33.6,"Tisserand & Young, Essential Oil Safety 2e (2014), Ch 14 profile 'β-Myrcene', PDF p.2307"
β-Myrcene,123-35-3,Hemp,21.2,31.1,"Tisserand & Young, Essential Oil Safety 2e (2014), Ch 14 profile 'β-Myrcene', PDF p.2307"
β-Myrcene,123-35-3,Grindelia,14.0,26.0,"Tisserand & Young, Essential Oil Safety 2e (2014), Ch 14 profile 'β-Myrcene', PDF p.2307"
β-Myrcene,123-35-3,Hop,25.4,25.4,"Tisserand & Young, Essential Oil Safety 2e (2014), Ch 14 profile 'β-Myrcene', PDF p.2307"
β-Myrcene,123-35-3,Bay (West Indian),6.4,25.0,"Tisserand & Young, Essential Oil Safety 2e (2014), Ch 14 profile 'β-Myrcene', PDF p.2307"
β-Myrcene,123-35-3,Parsley leaf,7.8,23.8,"Tisserand & Young, Essential Oil Safety 2e (2014), Ch 14 profile 'β-Myrcene', PDF p.2308"
β-Myrcene,123-35-3,Juniperberry,0.0,22.0,"Tisserand & Young, Essential Oil Safety 2e (2014), Ch 14 profile 'β-Myrcene', PDF p.2308"
β-Myrcene,123-35-3,Boswellia sacra (α-pinene CT),0.0,20.7,"Tisserand & Young, Essential Oil Safety 2e (2014), Ch 14 profile 'β-Myrcene', PDF p.2308"
β-Myrcene,123-35-3,Pepper (pink),5.0,20.4,"Tisserand & Young, Essential Oil Safety 2e (2014), Ch 14 profile 'β-Myrcene', PDF p.2308"
β-Myrcene,123-35-3,African bluegrass,15.4,20.2,"Tisserand & Young, Essential Oil Safety 2e (2014), Ch 14 profile 'β-Myrcene', PDF p.2308"
β-Myrcene,123-35-3,Lemongrass (West Indian),5.6,19.2,"Tisserand & Young, Essential Oil Safety 2e (2014), Ch 14 profile 'β-Myrcene', PDF p.2308"
β-Myrcene,123-35-3,Pepper (Sichuanese),16.4,16.4,"Tisserand & Young, Essential Oil Safety 2e (2014), Ch 14 profile 'β-Myrcene', PDF p.2308"
β-Myrcene,123-35-3,Lavender cotton,3.6,15.0,"Tisserand & Young, Essential Oil Safety 2e (2014), Ch 14 profile 'β-Myrcene', PDF p.2308"
β-Myrcene,123-35-3,Tansy (blue),1.1,13.8,"Tisserand & Young, Essential Oil Safety 2e (2014), Ch 14 profile 'β-Myrcene', PDF p.2308"
β-Myrcene,123-35-3,Pine (white),4.7,13.1,"Tisserand & Young, Essential Oil Safety 2e (2014), Ch 14 profile 'β-Myrcene', PDF p.2308"
β-Myrcene,123-35-3,Mastic,0.2,12.3,"Tisserand & Young, Essential Oil Safety 2e (2014), Ch 14 profile 'β-Myrcene', PDF p.2308"
β-Myrcene,123-35-3,Myrtle (honey),10.9,10.9,"Tisserand & Young, Essential Oil Safety 2e (2014), Ch 14 profile 'β-Myrcene', PDF p.2308"
β-Myrcene,123-35-3,Pteronia,10.3,10.3,"Tisserand & Young, Essential Oil Safety 2e (2014), Ch 14 profile 'β-Myrcene', PDF p.2308"
β-Myrcene,123-35-3,Myrtle (bog),9.5,9.5,"Tisserand & Young, Essential Oil Safety 2e (2014), Ch 14 profile 'β-Myrcene', PDF p.2308"
β-Myrcene,123-35-3,Goldenrod,9.4,9.4,"Tisserand & Young, Essential Oil Safety 2e (2014), Ch 14 profile 'β-Myrcene', PDF p.2308"
β-Myrcene,123-35-3,Verbena (honey),4.7,8.3,"Tisserand & Young, Essential Oil Safety 2e (2014), Ch 14 profile 'β-Myrcene', PDF p.2308"
β-Myrcene,123-35-3,Ravensara leaf,5.0,7.3,"Tisserand & Young, Essential Oil Safety 2e (2014), Ch 14 profile 'β-Myrcene', PDF p.2308"
β-Myrcene,123-35-3,Yarrow (chamazulene CT),7.0,7.0,"Tisserand & Young, Essential Oil Safety 2e (2014), Ch 14 profile 'β-Myrcene', PDF p.2308"
β-Myrcene,123-35-3,Pine (dwarf),0.5,7.0,"Tisserand & Young, Essential Oil Safety 2e (2014), Ch 14 profile 'β-Myrcene', PDF p.2308"
β-Myrcene,123-35-3,Honey verbena,6.5,6.5,"Tisserand & Young, Essential Oil Safety 2e (2014), Ch 14 profile 'β-Myrcene', PDF p.2308"
β-Myrcene,123-35-3,Sage (blue mountain),6.2,6.2,"Tisserand & Young, Essential Oil Safety 2e (2014), Ch 14 profile 'β-Myrcene', PDF p.2308"
β-Myrcene,123-35-3,Pine (grey),4.1,6.1,"Tisserand & Young, Essential Oil Safety 2e (2014), Ch 14 profile 'β-Myrcene', PDF p.2308"
β-Myrcene,123-35-3,Rosemary (α-pinene CT),1.1,6.0,"Tisserand & Young, Essential Oil Safety 2e (2014), Ch 14 profile 'β-Myrcene', PDF p.2308"
β-Myrcene,123-35-3,Boswellia frereana,0.0,6.0,"Tisserand & Young, Essential Oil Safety 2e (2014), Ch 14 profile 'β-Myrcene', PDF p.2308"
β-Myrcene,123-35-3,Chaste tree seed,0.0,5.6,"Tisserand & Young, Essential Oil Safety 2e (2014), Ch 14 profile 'β-Myrcene', PDF p.2308"
β-Myrcene,123-35-3,Angelica root,1.6,5.5,"Tisserand & Young, Essential Oil Safety 2e (2014), Ch 14 profile 'β-Myrcene', PDF p.2308"
β-Myrcene,123-35-3,Rosemary (verbenone CT),0.5,5.4,"Tisserand & Young, Essential Oil Safety 2e (2014), Ch 14 profile 'β-Myrcene', PDF p.2308"
β-Myrcene,123-35-3,Spruce (Norwegian),3.0,5.2,"Tisserand & Young, Essential Oil Safety 2e (2014), Ch 14 profile 'β-Myrcene', PDF p.2308"
β-Myrcene,123-35-3,Fern (sweet),5.1,5.1,"Tisserand & Young, Essential Oil Safety 2e (2014), Ch 14 profile 'β-Myrcene', PDF p.2308"
β-Myrcene,123-35-3,Pine (red),4.3,5.0,"Tisserand & Young, Essential Oil Safety 2e (2014), Ch 14 profile 'β-Myrcene', PDF p.2308"
β-Myrcene,123-35-3,Longoza,1.0,5.0,"Tisserand & Young, Essential Oil Safety 2e (2014), Ch 14 profile 'β-Myrcene', PDF p.2308"
propenyl)benzene,607-91-0,Parsnip,17.2,40.1,"Tisserand & Young, Essential Oil Safety 2e (2014), Ch 14 profile 'propenyl)benzene', PDF p.2312"
propenyl)benzene,607-91-0,Parsleyseed,0.7,37.9,"Tisserand & Young, Essential Oil Safety 2e (2014), Ch 14 profile 'propenyl)benzene', PDF p.2313"
propenyl)benzene,607-91-0,Nutmeg (East Indian),3.3,13.5,"Tisserand & Young, Essential Oil Safety 2e (2014), Ch 14 profile 'propenyl)benzene', PDF p.2313"
propenyl)benzene,607-91-0,Parsley leaf,1.9,8.8,"Tisserand & Young, Essential Oil Safety 2e (2014), Ch 14 profile 'propenyl)benzene', PDF p.2313"
propenyl)benzene,607-91-0,Mace (Indian),5.9,5.9,"Tisserand & Young, Essential Oil Safety 2e (2014), Ch 14 profile 'propenyl)benzene', PDF p.2313"
propenyl)benzene,607-91-0,Mace (East Indian),1.3,3.8,"Tisserand & Young, Essential Oil Safety 2e (2014), Ch 14 profile 'propenyl)benzene', PDF p.2313"
propenyl)benzene,607-91-0,Sugandha,2.5,2.5,"Tisserand & Young, Essential Oil Safety 2e (2014), Ch 14 profile 'propenyl)benzene', PDF p.2313"
propenyl)benzene,607-91-0,Nutmeg (West Indian),0.5,0.9,"Tisserand & Young, Essential Oil Safety 2e (2014), Ch 14 profile 'propenyl)benzene', PDF p.2313"
ethanoate,36203-31-3,Myrtle,0.1,21.1,"Tisserand & Young, Essential Oil Safety 2e (2014), Ch 14 profile 'ethanoate', PDF p.2316"
ethanoate,36203-31-3,Valerian (European),0.0,9.1,"Tisserand & Young, Essential Oil Safety 2e (2014), Ch 14 profile 'ethanoate', PDF p.2316"
ethanoate,36203-31-3,Lavender (Spanish),2.0,4.3,"Tisserand & Young, Essential Oil Safety 2e (2014), Ch 14 profile 'ethanoate', PDF p.2317"
ethanoate,36203-31-3,Thyme (thujanol CT),4.0,4.0,"Tisserand & Young, Essential Oil Safety 2e (2014), Ch 14 profile 'ethanoate', PDF p.2317"
ethanoate,36203-31-3,Thyme (geraniol CT),2.0,2.0,"Tisserand & Young, Essential Oil Safety 2e (2014), Ch 14 profile 'ethanoate', PDF p.2317"
Neral,106-26-3,Myrtle (lemon),32.0,40.9,"Tisserand & Young, Essential Oil Safety 2e (2014), Ch 14 profile 'Neral', PDF p.2319"
Neral,106-26-3,Lemongrass (East Indian),30.1,36.1,"Tisserand & Young, Essential Oil Safety 2e (2014), Ch 14 profile 'Neral', PDF p.2319"
Neral,106-26-3,Lemongrass (West Indian),25.0,35.2,"Tisserand & Young, Essential Oil Safety 2e (2014), Ch 14 profile 'Neral', PDF p.2319"
Neral,106-26-3,May chang,25.5,33.8,"Tisserand & Young, Essential Oil Safety 2e (2014), Ch 14 profile 'Neral', PDF p.2319"
Neral,106-26-3,Tea tree (lemon-scented),31.3,31.3,"Tisserand & Young, Essential Oil Safety 2e (2014), Ch 14 profile 'Neral', PDF p.2319"
Neral,106-26-3,Verbena (lemon),22.9,29.6,"Tisserand & Young, Essential Oil Safety 2e (2014), Ch 14 profile 'Neral', PDF p.2320"
Neral,106-26-3,Myrtle (honey),29.0,29.0,"Tisserand & Young, Essential Oil Safety 2e (2014), Ch 14 profile 'Neral', PDF p.2320"
Neral,106-26-3,Melissa,9.7,26.1,"Tisserand & Young, Essential Oil Safety 2e (2014), Ch 14 profile 'Neral', PDF p.2320"
Neral,106-26-3,Lemon leaf,6.5,25.3,"Tisserand & Young, Essential Oil Safety 2e (2014), Ch 14 profile 'Neral', PDF p.2320"
Neral,106-26-3,Basil (lemon),16.0,17.1,"Tisserand & Young, Essential Oil Safety 2e (2014), Ch 14 profile 'Neral', PDF p.2320"
Neral,106-26-3,Lemon balm (Australian),7.7,7.7,"Tisserand & Young, Essential Oil Safety 2e (2014), Ch 14 profile 'Neral', PDF p.2320"
Neral,106-26-3,Thyme (lemon),7.1,7.1,"Tisserand & Young, Essential Oil Safety 2e (2014), Ch 14 profile 'Neral', PDF p.2320"
Neral,106-26-3,Bergamot (wild),1.4,2.0,"Tisserand & Young, Essential Oil Safety 2e (2014), Ch 14 profile 'Neral', PDF p.2320"
Neral,106-26-3,Lemon (expressed),0.4,2.0,"Tisserand & Young, Essential Oil Safety 2e (2014), Ch 14 profile 'Neral', PDF p.2320"
Neral,106-26-3,Lemon (distilled),0.5,1.5,"Tisserand & Young, Essential Oil Safety 2e (2014), Ch 14 profile 'Neral', PDF p.2320"
Neral,106-26-3,"Lime (expressed, Mexican)",1.4,1.4,"Tisserand & Young, Essential Oil Safety 2e (2014), Ch 14 profile 'Neral', PDF p.2320"
Neral,106-26-3,African bluegrass,0.1,1.4,"Tisserand & Young, Essential Oil Safety 2e (2014), Ch 14 profile 'Neral', PDF p.2320"
Neral,106-26-3,Orange (sweet),1.3,1.3,"Tisserand & Young, Essential Oil Safety 2e (2014), Ch 14 profile 'Neral', PDF p.2320"
Neral,106-26-3,"Lime (expressed, Persian)",0.5,1.2,"Tisserand & Young, Essential Oil Safety 2e (2014), Ch 14 profile 'Neral', PDF p.2320"
Neral,106-26-3,Geranium,0.0,1.1,"Tisserand & Young, Essential Oil Safety 2e (2014), Ch 14 profile 'Neral', PDF p.2320"
Nerol,106-25-2,Basil (lemon),13.0,15.3,"Tisserand & Young, Essential Oil Safety 2e (2014), Ch 14 profile 'Nerol', PDF p.2321"
Nerol,106-25-2,Helichrysum italicum subsp. microphyllum,14.6,14.6,"Tisserand & Young, Essential Oil Safety 2e (2014), Ch 14 profile 'Nerol', PDF p.2321"
Nerol,106-25-2,Davana,10.0,10.0,"Tisserand & Young, Essential Oil Safety 2e (2014), Ch 14 profile 'Nerol', PDF p.2321"
Nerol,106-25-2,Rose (Damask),0.8,8.7,"Tisserand & Young, Essential Oil Safety 2e (2014), Ch 14 profile 'Nerol', PDF p.2321"
Nerol,106-25-2,Lemon leaf,1.3,7.4,"Tisserand & Young, Essential Oil Safety 2e (2014), Ch 14 profile 'Nerol', PDF p.2321"
Nerol,106-25-2,Orange flower absolute,0.9,4.0,"Tisserand & Young, Essential Oil Safety 2e (2014), Ch 14 profile 'Nerol', PDF p.2321"
Nerol,106-25-2,Orange flower & leaf water absolute,3.7,3.7,"Tisserand & Young, Essential Oil Safety 2e (2014), Ch 14 profile 'Nerol', PDF p.2321"
Nerol,106-25-2,Helichrysum angustifolium,2.6,3.4,"Tisserand & Young, Essential Oil Safety 2e (2014), Ch 14 profile 'Nerol', PDF p.2321"
Nerol,106-25-2,Wormwood (sabinyl acetate CT),3.2,3.2,"Tisserand & Young, Essential Oil Safety 2e (2014), Ch 14 profile 'Nerol', PDF p.2321"
Nerol,106-25-2,Orange flower water absolute,3.0,3.0,"Tisserand & Young, Essential Oil Safety 2e (2014), Ch 14 profile 'Nerol', PDF p.2321"
Nerol,106-25-2,Rose absolute (Provencale),0.0,3.0,"Tisserand & Young, Essential Oil Safety 2e (2014), Ch 14 profile 'Nerol', PDF p.2321"
Nerol,106-25-2,Myrtle (honey),2.8,2.8,"Tisserand & Young, Essential Oil Safety 2e (2014), Ch 14 profile 'Nerol', PDF p.2321"
Nerol,106-25-2,Lemon balm (Australian),1.9,1.9,"Tisserand & Young, Essential Oil Safety 2e (2014), Ch 14 profile 'Nerol', PDF p.2321"
Nerol,106-25-2,Thyme (lemon),1.9,1.9,"Tisserand & Young, Essential Oil Safety 2e (2014), Ch 14 profile 'Nerol', PDF p.2321"
Nerol,106-25-2,Ghandi root,1.4,1.4,"Tisserand & Young, Essential Oil Safety 2e (2014), Ch 14 profile 'Nerol', PDF p.2321"
Nerol,106-25-2,Bergamot (wild),0.8,1.4,"Tisserand & Young, Essential Oil Safety 2e (2014), Ch 14 profile 'Nerol', PDF p.2321"
Nerol,106-25-2,Melissa,0.6,1.3,"Tisserand & Young, Essential Oil Safety 2e (2014), Ch 14 profile 'Nerol', PDF p.2321"
Nerol,106-25-2,Neroli,0.3,1.3,"Tisserand & Young, Essential Oil Safety 2e (2014), Ch 14 profile 'Nerol', PDF p.2321"
Nerol,106-25-2,Geranium,0.0,1.2,"Tisserand & Young, Essential Oil Safety 2e (2014), Ch 14 profile 'Nerol', PDF p.2321"
Nerol,106-25-2,Orange leaf (bigarade),0.4,1.1,"Tisserand & Young, Essential Oil Safety 2e (2014), Ch 14 profile 'Nerol', PDF p.2321"
Nerol,106-25-2,May chang,0.2,1.1,"Tisserand & Young, Essential Oil Safety 2e (2014), Ch 14 profile 'Nerol', PDF p.2321"
Nerol,106-25-2,Wormwood ((Z )-epoxy ocimene CT),0.5,1.0,"Tisserand & Young, Essential Oil Safety 2e (2014), Ch 14 profile 'Nerol', PDF p.2321"
Neryl acetate,141-12-8,Helichrysum angustifolium,34.5,39.9,"Tisserand & Young, Essential Oil Safety 2e (2014), Ch 14 profile 'Neryl acetate', PDF p.2326"
Neryl acetate,141-12-8,Helichrysum italicum subsp. microphyllum,38.6,38.6,"Tisserand & Young, Essential Oil Safety 2e (2014), Ch 14 profile 'Neryl acetate', PDF p.2326"
Neryl acetate,141-12-8,Fenugreek,17.3,17.3,"Tisserand & Young, Essential Oil Safety 2e (2014), Ch 14 profile 'Neryl acetate', PDF p.2326"
Neryl acetate,141-12-8,Lemon leaf,3.7,7.4,"Tisserand & Young, Essential Oil Safety 2e (2014), Ch 14 profile 'Neryl acetate', PDF p.2326"
Neryl acetate,141-12-8,Helichrysum italicum,6.1,6.1,"Tisserand & Young, Essential Oil Safety 2e (2014), Ch 14 profile 'Neryl acetate', PDF p.2326"
Neryl acetate,141-12-8,Melissa,1.5,4.0,"Tisserand & Young, Essential Oil Safety 2e (2014), Ch 14 profile 'Neryl acetate', PDF p.2326"
Neryl acetate,141-12-8,Orange flower absolute,0.8,4.0,"Tisserand & Young, Essential Oil Safety 2e (2014), Ch 14 profile 'Neryl acetate', PDF p.2326"
Neryl acetate,141-12-8,Orange leaf (Paraguayan),2.1,3.0,"Tisserand & Young, Essential Oil Safety 2e (2014), Ch 14 profile 'Neryl acetate', PDF p.2326"
Neryl acetate,141-12-8,Orange leaf (bigarade),0.0,2.6,"Tisserand & Young, Essential Oil Safety 2e (2014), Ch 14 profile 'Neryl acetate', PDF p.2326"
Neryl acetate,141-12-8,Linaloe wood,2.5,2.5,"Tisserand & Young, Essential Oil Safety 2e (2014), Ch 14 profile 'Neryl acetate', PDF p.2326"
Neryl acetate,141-12-8,Neroli,0.3,2.1,"Tisserand & Young, Essential Oil Safety 2e (2014), Ch 14 profile 'Neryl acetate', PDF p.2326"
Neryl acetate,141-12-8,Wormwood (β-thujone / (Z)-epoxy ocimene CT),0.4,2.1,"Tisserand & Young, Essential Oil Safety 2e (2014), Ch 14 profile 'Neryl acetate', PDF p.2326"
Neryl acetate,141-12-8,Lemon balm (Australian),1.6,1.6,"Tisserand & Young, Essential Oil Safety 2e (2014), Ch 14 profile 'Neryl acetate', PDF p.2326"
Neryl acetate,141-12-8,Lemon (expressed),0.1,1.5,"Tisserand & Young, Essential Oil Safety 2e (2014), Ch 14 profile 'Neryl acetate', PDF p.2326"
Neryl acetate,141-12-8,Bergamot (expressed),0.1,1.2,"Tisserand & Young, Essential Oil Safety 2e (2014), Ch 14 profile 'Neryl acetate', PDF p.2326"
Neryl acetate,141-12-8,Skimmia,1.1,1.1,"Tisserand & Young, Essential Oil Safety 2e (2014), Ch 14 profile 'Neryl acetate', PDF p.2326"
Neryl acetate,141-12-8,Orange leaf absolute,1.0,1.0,"Tisserand & Young, Essential Oil Safety 2e (2014), Ch 14 profile 'Neryl acetate', PDF p.2326"
methylpropanoate,2345-26-8,Wormwood (sabinyl acetate CT),2.6,2.6,"Tisserand & Young, Essential Oil Safety 2e (2014), Ch 14 profile 'methylpropanoate', PDF p.2327"
methylpropanoate,2345-26-8,Wormwood (β-thujone CT),0.0,1.4,"Tisserand & Young, Essential Oil Safety 2e (2014), Ch 14 profile 'methylpropanoate', PDF p.2327"
methylpropanoate,2345-26-8,Wormwood ((Z )-epoxy ocimene CT),0.5,1.1,"Tisserand & Young, Essential Oil Safety 2e (2014), Ch 14 profile 'methylpropanoate', PDF p.2327"
Neryl isovalerate,3915-83-1,Wormwood (sabinyl acetate CT),9.1,9.1,"Tisserand & Young, Essential Oil Safety 2e (2014), Ch 14 profile 'Neryl isovalerate', PDF p.2327"
Neryl isovalerate,3915-83-1,Wormwood ((Z )-epoxy ocimene CT),1.6,2.2,"Tisserand & Young, Essential Oil Safety 2e (2014), Ch 14 profile 'Neryl isovalerate', PDF p.2327"
Neryl isovalerate,3915-83-1,Wormwood (β-thujone/(Z )-epoxy ocimene CT),1.0,1.1,"Tisserand & Young, Essential Oil Safety 2e (2014), Ch 14 profile 'Neryl isovalerate', PDF p.2327"
Neryl propionate,105-91-9,Helichrysum angustifolium,4.8,6.7,"Tisserand & Young, Essential Oil Safety 2e (2014), Ch 14 profile 'Neryl propionate', PDF p.2328"
Neryl propionate,105-91-9,Helichrysum italicum subsp. microphyllum,1.8,1.8,"Tisserand & Young, Essential Oil Safety 2e (2014), Ch 14 profile 'Neryl propionate', PDF p.2328"
2-Nonanone,821-55-6,Rue,18.0,24.7,"Tisserand & Young, Essential Oil Safety 2e (2014), Ch 14 profile '2-Nonanone', PDF p.2329"
2-Nonanone,821-55-6,Sugandha,1.9,1.9,"Tisserand & Young, Essential Oil Safety 2e (2014), Ch 14 profile '2-Nonanone', PDF p.2329"
methylethenyl)-naphthalene-3-one,4674-50-4,Grapefruit,0.1,0.8,"Tisserand & Young, Essential Oil Safety 2e (2014), Ch 14 profile 'methylethenyl)-naphthalene-3-one', PDF p.2330"
methylethenyl)-naphthalene-3-one,4674-50-4,Bergamot,0.01,0.1,"Tisserand & Young, Essential Oil Safety 2e (2014), Ch 14 profile 'methylethenyl)-naphthalene-3-one', PDF p.2330"
(3E )-β-Ocimene,3779-61-1,Jonquil absolute,35.3,35.3,"Tisserand & Young, Essential Oil Safety 2e (2014), Ch 14 profile '(3E )-β-Ocimene', PDF p.2331"
(3E )-β-Ocimene,3779-61-1,Opopanax,33.0,33.0,"Tisserand & Young, Essential Oil Safety 2e (2014), Ch 14 profile '(3E )-β-Ocimene', PDF p.2331"
(3E )-β-Ocimene,3779-61-1,Finger root,22.8,22.8,"Tisserand & Young, Essential Oil Safety 2e (2014), Ch 14 profile '(3E )-β-Ocimene', PDF p.2331"
(3E )-β-Ocimene,3779-61-1,Basil (pungent),20.6,20.6,"Tisserand & Young, Essential Oil Safety 2e (2014), Ch 14 profile '(3E )-β-Ocimene', PDF p.2331"
(3E )-β-Ocimene,3779-61-1,Hemp,2.1,10.2,"Tisserand & Young, Essential Oil Safety 2e (2014), Ch 14 profile '(3E )-β-Ocimene', PDF p.2331"
(3E )-β-Ocimene,3779-61-1,Tarragon,0.0,9.1,"Tisserand & Young, Essential Oil Safety 2e (2014), Ch 14 profile '(3E )-β-Ocimene', PDF p.2331"
(3E )-β-Ocimene,3779-61-1,Arina,7.0,7.0,"Tisserand & Young, Essential Oil Safety 2e (2014), Ch 14 profile '(3E )-β-Ocimene', PDF p.2331"
(3E )-β-Ocimene,3779-61-1,Neroli,4.6,7.0,"Tisserand & Young, Essential Oil Safety 2e (2014), Ch 14 profile '(3E )-β-Ocimene', PDF p.2331"
(3E )-β-Ocimene,3779-61-1,Lavandin Abrialis,3.0,7.0,"Tisserand & Young, Essential Oil Safety 2e (2014), Ch 14 profile '(3E )-β-Ocimene', PDF p.2331"
(3E )-β-Ocimene,3779-61-1,Blackcurrant bud absolute,0.6,6.7,"Tisserand & Young, Essential Oil Safety 2e (2014), Ch 14 profile '(3E )-β-Ocimene', PDF p.2331"
(3E )-β-Ocimene,3779-61-1,Basil (holy),3.4,6.2,"Tisserand & Young, Essential Oil Safety 2e (2014), Ch 14 profile '(3E )-β-Ocimene', PDF p.2331"
(3E )-β-Ocimene,3779-61-1,Lavender,5.0,5.0,"Tisserand & Young, Essential Oil Safety 2e (2014), Ch 14 profile '(3E )-β-Ocimene', PDF p.2331"
(3Z )-β-Ocimene,3338-55-4,Taget,16.6,69.8,"Tisserand & Young, Essential Oil Safety 2e (2014), Ch 14 profile '(3Z )-β-Ocimene', PDF p.2332"
(3Z )-β-Ocimene,3338-55-4,Celery leaf,14.1,14.1,"Tisserand & Young, Essential Oil Safety 2e (2014), Ch 14 profile '(3Z )-β-Ocimene', PDF p.2332"
(3Z )-β-Ocimene,3338-55-4,African bluegrass,10.3,11.5,"Tisserand & Young, Essential Oil Safety 2e (2014), Ch 14 profile '(3Z )-β-Ocimene', PDF p.2332"
(3Z )-β-Ocimene,3338-55-4,Tarragon,0.0,9.5,"Tisserand & Young, Essential Oil Safety 2e (2014), Ch 14 profile '(3Z )-β-Ocimene', PDF p.2332"
(3Z )-β-Ocimene,3338-55-4,Lovage seed,9.2,9.2,"Tisserand & Young, Essential Oil Safety 2e (2014), Ch 14 profile '(3Z )-β-Ocimene', PDF p.2332"
(3Z )-β-Ocimene,3338-55-4,Lavender,9.0,9.0,"Tisserand & Young, Essential Oil Safety 2e (2014), Ch 14 profile '(3Z )-β-Ocimene', PDF p.2332"
(3Z )-β-Ocimene,3338-55-4,Galangal (greater),0.0,6.4,"Tisserand & Young, Essential Oil Safety 2e (2014), Ch 14 profile '(3Z )-β-Ocimene', PDF p.2332"
(3Z )-β-Ocimene,3338-55-4,Asafoetida,0.0,6.1,"Tisserand & Young, Essential Oil Safety 2e (2014), Ch 14 profile '(3Z )-β-Ocimene', PDF p.2332"
(3Z )-β-Ocimene,3338-55-4,Rhododendron,5.3,5.3,"Tisserand & Young, Essential Oil Safety 2e (2014), Ch 14 profile '(3Z )-β-Ocimene', PDF p.2332"
(3Z )-β-Ocimene,3338-55-4,Jamrosa,7.8,7.8,"Tisserand & Young, Essential Oil Safety 2e (2014), Ch 14 profile '(3Z )-β-Ocimene', PDF p.2332"
3-Octanol,22658-92-0,Spearmint,0.6,2.6,"Tisserand & Young, Essential Oil Safety 2e (2014), Ch 14 profile '3-Octanol', PDF p.2333"
3-Octanol,22658-92-0,Cornmint,0.4,2.4,"Tisserand & Young, Essential Oil Safety 2e (2014), Ch 14 profile '3-Octanol', PDF p.2333"
3-Octanol,22658-92-0,Calamint (lesser),1.0,2.1,"Tisserand & Young, Essential Oil Safety 2e (2014), Ch 14 profile '3-Octanol', PDF p.2333"
3-Octanol,22658-92-0,Pennyroyal (European),0.6,2.0,"Tisserand & Young, Essential Oil Safety 2e (2014), Ch 14 profile '3-Octanol', PDF p.2333"
3-Octanol,22658-92-0,Bay (West Indian),0.6,1.0,"Tisserand & Young, Essential Oil Safety 2e (2014), Ch 14 profile '3-Octanol', PDF p.2333"
3-Octanol,22658-92-0,Thyme (limonene CT),1.0,1.0,"Tisserand & Young, Essential Oil Safety 2e (2014), Ch 14 profile '3-Octanol', PDF p.2333"
Octyl acetate,112-14-1,Boswellia papyrifera,50.0,60.0,"Tisserand & Young, Essential Oil Safety 2e (2014), Ch 14 profile 'Octyl acetate', PDF p.2335"
Octyl acetate,112-14-1,Boswellia frereana,0.0,1.5,"Tisserand & Young, Essential Oil Safety 2e (2014), Ch 14 profile 'Octyl acetate', PDF p.2335"
Octyl acetate,112-14-1,Boswellia sacra (α-pinene CT),0.0,1.5,"Tisserand & Young, Essential Oil Safety 2e (2014), Ch 14 profile 'Octyl acetate', PDF p.2335"
[1]benzopyran-7-one,26091-73-6,Lemon (expressed),0.09,0.82,"Tisserand & Young, Essential Oil Safety 2e (2014), Ch 14 profile '[1]benzopyran-7-one', PDF p.2337"
[1]benzopyran-7-one,26091-73-6,Lime (expressed),0.02,0.3,"Tisserand & Young, Essential Oil Safety 2e (2014), Ch 14 profile '[1]benzopyran-7-one', PDF p.2337"
Perillaldehyde,18031-40-8,Perilla,86.8,86.8,"Tisserand & Young, Essential Oil Safety 2e (2014), Ch 14 profile 'Perillaldehyde', PDF p.2340"
Isocarveol,18457-55-1,Perilla,5.4,5.4,"Tisserand & Young, Essential Oil Safety 2e (2014), Ch 14 profile 'Isocarveol', PDF p.2342"
α-Phellandrene,2243-33-6,Turmeric leaf,53.4,53.4,"Tisserand & Young, Essential Oil Safety 2e (2014), Ch 14 profile 'α-Phellandrene', PDF p.2346"
α-Phellandrene,2243-33-6,Boswellia sacra (α-pinene CT),0.0,41.8,"Tisserand & Young, Essential Oil Safety 2e (2014), Ch 14 profile 'α-Phellandrene', PDF p.2346"
α-Phellandrene,2243-33-6,Dill weed,18.2,30.2,"Tisserand & Young, Essential Oil Safety 2e (2014), Ch 14 profile 'α-Phellandrene', PDF p.2346"
α-Phellandrene,2243-33-6,Angelica root,7.5,20.0,"Tisserand & Young, Essential Oil Safety 2e (2014), Ch 14 profile 'α-Phellandrene', PDF p.2346"
α-Phellandrene,2243-33-6,Pepper (pink),5.3,17.3,"Tisserand & Young, Essential Oil Safety 2e (2014), Ch 14 profile 'α-Phellandrene', PDF p.2346"
α-Phellandrene,2243-33-6,Eucalyptus dives,16.9,16.9,"Tisserand & Young, Essential Oil Safety 2e (2014), Ch 14 profile 'α-Phellandrene', PDF p.2346"
α-Phellandrene,2243-33-6,Elemi,4.3,15.1,"Tisserand & Young, Essential Oil Safety 2e (2014), Ch 14 profile 'α-Phellandrene', PDF p.2346"
α-Phellandrene,2243-33-6,Turmeric rhizome,0.7,12.8,"Tisserand & Young, Essential Oil Safety 2e (2014), Ch 14 profile 'α-Phellandrene', PDF p.2346"
α-Phellandrene,2243-33-6,Goldenrod,11.9,11.9,"Tisserand & Young, Essential Oil Safety 2e (2014), Ch 14 profile 'α-Phellandrene', PDF p.2346"
α-Phellandrene,2243-33-6,Turpentine,0.0,8.0,"Tisserand & Young, Essential Oil Safety 2e (2014), Ch 14 profile 'α-Phellandrene', PDF p.2346"
α-Phellandrene,2243-33-6,Lemon balm (Australian),7.1,7.1,"Tisserand & Young, Essential Oil Safety 2e (2014), Ch 14 profile 'α-Phellandrene', PDF p.2346"
α-Phellandrene,2243-33-6,Dill seed (Indian),0.0,6.5,"Tisserand & Young, Essential Oil Safety 2e (2014), Ch 14 profile 'α-Phellandrene', PDF p.2346"
α-Phellandrene,2243-33-6,Boswellia frereana,0.0,5.9,"Tisserand & Young, Essential Oil Safety 2e (2014), Ch 14 profile 'α-Phellandrene', PDF p.2346"
α-Phellandrene,2243-33-6,Nutmeg (E. Indian),0.4,5.8,"Tisserand & Young, Essential Oil Safety 2e (2014), Ch 14 profile 'α-Phellandrene', PDF p.2346"
α-Phellandrene,2243-33-6,Peta,5.5,5.5,"Tisserand & Young, Essential Oil Safety 2e (2014), Ch 14 profile 'α-Phellandrene', PDF p.2346"
Benzyl carbinol,60-12-8,Rose absolute (Provencale),64.8,73.0,"Tisserand & Young, Essential Oil Safety 2e (2014), Ch 14 profile 'Benzyl carbinol', PDF p.2348"
Benzyl carbinol,60-12-8,Bakul absolute,38.8,38.8,"Tisserand & Young, Essential Oil Safety 2e (2014), Ch 14 profile 'Benzyl carbinol', PDF p.2348"
Benzyl carbinol,60-12-8,Orange flower absolute,4.5,35.0,"Tisserand & Young, Essential Oil Safety 2e (2014), Ch 14 profile 'Benzyl carbinol', PDF p.2348"
Benzyl carbinol,60-12-8,Champaca absolute (orange),25.0,34.0,"Tisserand & Young, Essential Oil Safety 2e (2014), Ch 14 profile 'Benzyl carbinol', PDF p.2348"
Benzyl carbinol,60-12-8,Champaca absolute (white),6.4,6.4,"Tisserand & Young, Essential Oil Safety 2e (2014), Ch 14 profile 'Benzyl carbinol', PDF p.2348"
Benzyl carbinol,60-12-8,Hyacinth absolute,3.7,3.7,"Tisserand & Young, Essential Oil Safety 2e (2014), Ch 14 profile 'Benzyl carbinol', PDF p.2348"
Benzyl carbinol,60-12-8,Jasmine sambac absolute,2.4,2.4,"Tisserand & Young, Essential Oil Safety 2e (2014), Ch 14 profile 'Benzyl carbinol', PDF p.2348"
Benzyl carbinol,60-12-8,Osmanthus absolute,0.0,2.2,"Tisserand & Young, Essential Oil Safety 2e (2014), Ch 14 profile 'Benzyl carbinol', PDF p.2348"
Benzyl carbinol,60-12-8,Rose (Damask),0.3,2.0,"Tisserand & Young, Essential Oil Safety 2e (2014), Ch 14 profile 'Benzyl carbinol', PDF p.2348"
Benzyl carbinol,60-12-8,Narcissus absolute,0.0,1.6,"Tisserand & Young, Essential Oil Safety 2e (2014), Ch 14 profile 'Benzyl carbinol', PDF p.2348"
phenylethyl ester,103-45-7,Kewda,2.8,3.5,"Tisserand & Young, Essential Oil Safety 2e (2014), Ch 14 profile 'phenylethyl ester', PDF p.2350"
phenylethyl ester,103-45-7,Bakul absolute,2.6,2.6,"Tisserand & Young, Essential Oil Safety 2e (2014), Ch 14 profile 'phenylethyl ester', PDF p.2350"
phenylethyl ester,103-45-7,Champaca absolute (orange),0.4,2.0,"Tisserand & Young, Essential Oil Safety 2e (2014), Ch 14 profile 'phenylethyl ester', PDF p.2351"
Systematic name : (2-Isothiocyanatoethyl)benzene,2257-09-2,Horseradish,38.4,51.3,"Tisserand & Young, Essential Oil Safety 2e (2014), Ch 14 profile 'Systematic name : (2-Isothiocyanatoethyl)benzene', PDF p.2351"
Systematic name : (2-Isothiocyanatoethyl)benzene,2257-09-2,Mustard,2.4,5.0,"Tisserand & Young, Essential Oil Safety 2e (2014), Ch 14 profile 'Systematic name : (2-Isothiocyanatoethyl)benzene', PDF p.2351"
Phytol,99265-64-2,Jasmine absolute,7.0,12.5,"Tisserand & Young, Essential Oil Safety 2e (2014), Ch 14 profile 'Phytol', PDF p.2355"
Phytol,99265-64-2,Mugwort (common),1.2,1.2,"Tisserand & Young, Essential Oil Safety 2e (2014), Ch 14 profile 'Phytol', PDF p.2355"
(1R )-(+)-α-Pinene,7785-76-4,Turpentine,44.1,94.3,"Tisserand & Young, Essential Oil Safety 2e (2014), Ch 14 profile '(1R )-(+)-α-Pinene', PDF p.2357"
(1R )-(+)-α-Pinene,7785-76-4,Boswellia frereana,41.7,80.0,"Tisserand & Young, Essential Oil Safety 2e (2014), Ch 14 profile '(1R )-(+)-α-Pinene', PDF p.2357"
(1R )-(+)-α-Pinene,7785-76-4,Ferula,79.5,79.5,"Tisserand & Young, Essential Oil Safety 2e (2014), Ch 14 profile '(1R )-(+)-α-Pinene', PDF p.2357"
(1R )-(+)-α-Pinene,7785-76-4,Mastic,58.8,78.6,"Tisserand & Young, Essential Oil Safety 2e (2014), Ch 14 profile '(1R )-(+)-α-Pinene', PDF p.2357"
(1R )-(+)-α-Pinene,7785-76-4,Myrtle,18.5,56.7,"Tisserand & Young, Essential Oil Safety 2e (2014), Ch 14 profile '(1R )-(+)-α-Pinene', PDF p.2357"
(1R )-(+)-α-Pinene,7785-76-4,Cistus,3.5,56.0,"Tisserand & Young, Essential Oil Safety 2e (2014), Ch 14 profile '(1R )-(+)-α-Pinene', PDF p.2357"
(1R )-(+)-α-Pinene,7785-76-4,Kanuka,55.5,55.5,"Tisserand & Young, Essential Oil Safety 2e (2014), Ch 14 profile '(1R )-(+)-α-Pinene', PDF p.2357"
(1R )-(+)-α-Pinene,7785-76-4,Juniperberry,24.1,55.4,"Tisserand & Young, Essential Oil Safety 2e (2014), Ch 14 profile '(1R )-(+)-α-Pinene', PDF p.2357"
(1R )-(+)-α-Pinene,7785-76-4,Camphor (Borneo),54.3,54.3,"Tisserand & Young, Essential Oil Safety 2e (2014), Ch 14 profile '(1R )-(+)-α-Pinene', PDF p.2357"
(1R )-(+)-α-Pinene,7785-76-4,Juniper (Phoenician),41.8,53.5,"Tisserand & Young, Essential Oil Safety 2e (2014), Ch 14 profile '(1R )-(+)-α-Pinene', PDF p.2357"
(1R )-(+)-α-Pinene,7785-76-4,Pine (red),47.7,52.8,"Tisserand & Young, Essential Oil Safety 2e (2014), Ch 14 profile '(1R )-(+)-α-Pinene', PDF p.2357"
(1R )-(+)-α-Pinene,7785-76-4,Cypress,20.4,52.7,"Tisserand & Young, Essential Oil Safety 2e (2014), Ch 14 profile '(1R )-(+)-α-Pinene', PDF p.2357"
(1R )-(+)-α-Pinene,7785-76-4,Boswellia sacra (α-pinene CT),10.3,51.3,"Tisserand & Young, Essential Oil Safety 2e (2014), Ch 14 profile '(1R )-(+)-α-Pinene', PDF p.2357"
(1R )-(+)-α-Pinene,7785-76-4,Pine (Scots),20.3,45.8,"Tisserand & Young, Essential Oil Safety 2e (2014), Ch 14 profile '(1R )-(+)-α-Pinene', PDF p.2357"
(1R )-(+)-α-Pinene,7785-76-4,Sumach (Venetian),44.0,44.0,"Tisserand & Young, Essential Oil Safety 2e (2014), Ch 14 profile '(1R )-(+)-α-Pinene', PDF p.2357"
(1R )-(+)-α-Pinene,7785-76-4,Labdanum,4.9,44.0,"Tisserand & Young, Essential Oil Safety 2e (2014), Ch 14 profile '(1R )-(+)-α-Pinene', PDF p.2357"
(1R )-(+)-α-Pinene,7785-76-4,Larch needle,38.5,38.5,"Tisserand & Young, Essential Oil Safety 2e (2014), Ch 14 profile '(1R )-(+)-α-Pinene', PDF p.2358"
(1R )-(+)-α-Pinene,7785-76-4,Rhododendron,37.4,37.4,"Tisserand & Young, Essential Oil Safety 2e (2014), Ch 14 profile '(1R )-(+)-α-Pinene', PDF p.2358"
(1R )-(+)-α-Pinene,7785-76-4,Pine (white),30.8,36.8,"Tisserand & Young, Essential Oil Safety 2e (2014), Ch 14 profile '(1R )-(+)-α-Pinene', PDF p.2358"
(1R )-(+)-α-Pinene,7785-76-4,Rosemary (α-pinene CT),19.1,35.8,"Tisserand & Young, Essential Oil Safety 2e (2014), Ch 14 profile '(1R )-(+)-α-Pinene', PDF p.2358"
(1R )-(+)-α-Pinene,7785-76-4,Pine (black),11.5,35.1,"Tisserand & Young, Essential Oil Safety 2e (2014), Ch 14 profile '(1R )-(+)-α-Pinene', PDF p.2358"
(1R )-(+)-α-Pinene,7785-76-4,White cloud,33.2,33.2,"Tisserand & Young, Essential Oil Safety 2e (2014), Ch 14 profile '(1R )-(+)-α-Pinene', PDF p.2358"
(1R )-(+)-α-Pinene,7785-76-4,Pine (grey),23.1,32.1,"Tisserand & Young, Essential Oil Safety 2e (2014), Ch 14 profile '(1R )-(+)-α-Pinene', PDF p.2358"
(1R )-(+)-α-Pinene,7785-76-4,Fir cone (silver),18.0,31.7,"Tisserand & Young, Essential Oil Safety 2e (2014), Ch 14 profile '(1R )-(+)-α-Pinene', PDF p.2358"
(1R )-(+)-α-Pinene,7785-76-4,Pine (dwarf),4.1,31.5,"Tisserand & Young, Essential Oil Safety 2e (2014), Ch 14 profile '(1R )-(+)-α-Pinene', PDF p.2358"
(1R )-(+)-α-Pinene,7785-76-4,St. John’s Wort,31.4,31.4,"Tisserand & Young, Essential Oil Safety 2e (2014), Ch 14 profile '(1R )-(+)-α-Pinene', PDF p.2358"
(1R )-(+)-α-Pinene,7785-76-4,Rosemary (bornyl acetate CT),24.0,28.5,"Tisserand & Young, Essential Oil Safety 2e (2014), Ch 14 profile '(1R )-(+)-α-Pinene', PDF p.2358"
(1R )-(+)-α-Pinene,7785-76-4,Fragonia,21.0,27.0,"Tisserand & Young, Essential Oil Safety 2e (2014), Ch 14 profile '(1R )-(+)-α-Pinene', PDF p.2358"
(1R )-(+)-α-Pinene,7785-76-4,Mace (East Indian),16.3,26.7,"Tisserand & Young, Essential Oil Safety 2e (2014), Ch 14 profile '(1R )-(+)-α-Pinene', PDF p.2358"
(1R )-(+)-α-Pinene,7785-76-4,Nutmeg (East Indian),18.0,26.5,"Tisserand & Young, Essential Oil Safety 2e (2014), Ch 14 profile '(1R )-(+)-α-Pinene', PDF p.2358"
(1R )-(+)-α-Pinene,7785-76-4,Rosemary (β-myrcene CT),12.0,25.0,"Tisserand & Young, Essential Oil Safety 2e (2014), Ch 14 profile '(1R )-(+)-α-Pinene', PDF p.2358"
(1R )-(+)-α-Pinene,7785-76-4,Longoza,18.0,24.0,"Tisserand & Young, Essential Oil Safety 2e (2014), Ch 14 profile '(1R )-(+)-α-Pinene', PDF p.2358"
(1R )-(+)-α-Pinene,7785-76-4,Grindelia,17.0,24.0,"Tisserand & Young, Essential Oil Safety 2e (2014), Ch 14 profile '(1R )-(+)-α-Pinene', PDF p.2358"
(1R )-(+)-α-Pinene,7785-76-4,Angelica root,4.4,24.0,"Tisserand & Young, Essential Oil Safety 2e (2014), Ch 14 profile '(1R )-(+)-α-Pinene', PDF p.2358"
(1R )-(+)-α-Pinene,7785-76-4,Chaste tree seed,1.2,23.1,"Tisserand & Young, Essential Oil Safety 2e (2014), Ch 14 profile '(1R )-(+)-α-Pinene', PDF p.2358"
(1R )-(+)-α-Pinene,7785-76-4,Tana,16.0,23.0,"Tisserand & Young, Essential Oil Safety 2e (2014), Ch 14 profile '(1R )-(+)-α-Pinene', PDF p.2358"
(1R )-(+)-α-Pinene,7785-76-4,Rosemary (camphor CT),4.4,22.0,"Tisserand & Young, Essential Oil Safety 2e (2014), Ch 14 profile '(1R )-(+)-α-Pinene', PDF p.2358"
(1R )-(+)-α-Pinene,7785-76-4,Helichrysum italicum,21.7,21.7,"Tisserand & Young, Essential Oil Safety 2e (2014), Ch 14 profile '(1R )-(+)-α-Pinene', PDF p.2358"
(1R )-(+)-α-Pinene,7785-76-4,Spruce (Norwegian),14.2,21.5,"Tisserand & Young, Essential Oil Safety 2e (2014), Ch 14 profile '(1R )-(+)-α-Pinene', PDF p.2358"
(1R )-(+)-α-Pinene,7785-76-4,Hemp,7.6,19.4,"Tisserand & Young, Essential Oil Safety 2e (2014), Ch 14 profile '(1R )-(+)-α-Pinene', PDF p.2358"
(1R )-(+)-α-Pinene,7785-76-4,Fir needle (Himalayan),19.1,19.1,"Tisserand & Young, Essential Oil Safety 2e (2014), Ch 14 profile '(1R )-(+)-α-Pinene', PDF p.2358"
(1R )-(+)-α-Pinene,7785-76-4,Pteronia,18.6,18.6,"Tisserand & Young, Essential Oil Safety 2e (2014), Ch 14 profile '(1R )-(+)-α-Pinene', PDF p.2358"
(1R )-(+)-α-Pinene,7785-76-4,Curry leaf,17.5,17.5,"Tisserand & Young, Essential Oil Safety 2e (2014), Ch 14 profile '(1R )-(+)-α-Pinene', PDF p.2358"
(1R )-(+)-α-Pinene,7785-76-4,Parsleyseed,8.3,16.9,"Tisserand & Young, Essential Oil Safety 2e (2014), Ch 14 profile '(1R )-(+)-α-Pinene', PDF p.2358"
(1R )-(+)-α-Pinene,7785-76-4,Boswellia neglecta,16.7,16.7,"Tisserand & Young, Essential Oil Safety 2e (2014), Ch 14 profile '(1R )-(+)-α-Pinene', PDF p.2358"
(1R )-(+)-α-Pinene,7785-76-4,Spruce (white),16.6,16.6,"Tisserand & Young, Essential Oil Safety 2e (2014), Ch 14 profile '(1R )-(+)-α-Pinene', PDF p.2358"
(1R )-(+)-α-Pinene,7785-76-4,Vassoura,1.2,16.5,"Tisserand & Young, Essential Oil Safety 2e (2014), Ch 14 profile '(1R )-(+)-α-Pinene', PDF p.2358"
(1R )-(+)-α-Pinene,7785-76-4,Pepper (black),1.1,16.2,"Tisserand & Young, Essential Oil Safety 2e (2014), Ch 14 profile '(1R )-(+)-α-Pinene', PDF p.2358"
(1R )-(+)-α-Pinene,7785-76-4,Laurel leaf,7.1,15.9,"Tisserand & Young, Essential Oil Safety 2e (2014), Ch 14 profile '(1R )-(+)-α-Pinene', PDF p.2358"
(1R )-(+)-α-Pinene,7785-76-4,Wormwood (annual),0.0,15.7,"Tisserand & Young, Essential Oil Safety 2e (2014), Ch 14 profile '(1R )-(+)-α-Pinene', PDF p.2358"
(1R )-(+)-α-Pinene,7785-76-4,Spruce (red),15.4,15.4,"Tisserand & Young, Essential Oil Safety 2e (2014), Ch 14 profile '(1R )-(+)-α-Pinene', PDF p.2358"
(1R )-(+)-α-Pinene,7785-76-4,Mace (Indian),15.2,15.2,"Tisserand & Young, Essential Oil Safety 2e (2014), Ch 14 profile '(1R )-(+)-α-Pinene', PDF p.2358"
(1R )-(+)-α-Pinene,7785-76-4,Ormenis mixta,15.0,15.0,"Tisserand & Young, Essential Oil Safety 2e (2014), Ch 14 profile '(1R )-(+)-α-Pinene', PDF p.2359"
(1R )-(+)-α-Pinene,7785-76-4,Cascarilla (El Salvadorian),14.7,14.7,"Tisserand & Young, Essential Oil Safety 2e (2014), Ch 14 profile '(1R )-(+)-α-Pinene', PDF p.2359"
(1R )-(+)-α-Pinene,7785-76-4,Eucalyptus globulus,3.7,14.7,"Tisserand & Young, Essential Oil Safety 2e (2014), Ch 14 profile '(1R )-(+)-α-Pinene', PDF p.2359"
(1R )-(+)-α-Pinene,7785-76-4,Eucalyptus camaldulensis,1.3,14.7,"Tisserand & Young, Essential Oil Safety 2e (2014), Ch 14 profile '(1R )-(+)-α-Pinene', PDF p.2359"
(1R )-(+)-α-Pinene,7785-76-4,Fir needle (Canadian),6.2,14.3,"Tisserand & Young, Essential Oil Safety 2e (2014), Ch 14 profile '(1R )-(+)-α-Pinene', PDF p.2359"
(1R )-(+)-α-Pinene,7785-76-4,Chaste tree leaf,1.0,13.9,"Tisserand & Young, Essential Oil Safety 2e (2014), Ch 14 profile '(1R )-(+)-α-Pinene', PDF p.2359"
(1R )-(+)-α-Pinene,7785-76-4,Fir needle (Siberian),13.7,13.7,"Tisserand & Young, Essential Oil Safety 2e (2014), Ch 14 profile '(1R )-(+)-α-Pinene', PDF p.2359"
(1R )-(+)-α-Pinene,7785-76-4,Spruce (black),13.7,13.7,"Tisserand & Young, Essential Oil Safety 2e (2014), Ch 14 profile '(1R )-(+)-α-Pinene', PDF p.2359"
(1R )-(+)-α-Pinene,7785-76-4,Boswellia rivae,13.3,13.3,"Tisserand & Young, Essential Oil Safety 2e (2014), Ch 14 profile '(1R )-(+)-α-Pinene', PDF p.2359"
(1R )-(+)-α-Pinene,7785-76-4,Eucalyptus maidenii,13.1,13.1,"Tisserand & Young, Essential Oil Safety 2e (2014), Ch 14 profile '(1R )-(+)-α-Pinene', PDF p.2359"
(1R )-(+)-α-Pinene,7785-76-4,Fir (Douglas),13.0,13.0,"Tisserand & Young, Essential Oil Safety 2e (2014), Ch 14 profile '(1R )-(+)-α-Pinene', PDF p.2359"
(1R )-(+)-α-Pinene,7785-76-4,Piri-piri,5.7,12.9,"Tisserand & Young, Essential Oil Safety 2e (2014), Ch 14 profile '(1R )-(+)-α-Pinene', PDF p.2359"
(1R )-(+)-α-Pinene,7785-76-4,Rosemary (cineole CT),9.6,12.7,"Tisserand & Young, Essential Oil Safety 2e (2014), Ch 14 profile '(1R )-(+)-α-Pinene', PDF p.2359"
(1R )-(+)-α-Pinene,7785-76-4,Nutmeg (West Indian),1.6,12.6,"Tisserand & Young, Essential Oil Safety 2e (2014), Ch 14 profile '(1R )-(+)-α-Pinene', PDF p.2359"
(1R )-(+)-α-Pinene,7785-76-4,Tea tree (lemon-scented),12.3,12.3,"Tisserand & Young, Essential Oil Safety 2e (2014), Ch 14 profile '(1R )-(+)-α-Pinene', PDF p.2359"
(1R )-(+)-α-Pinene,7785-76-4,Fir needle (Japanese),12.2,12.2,"Tisserand & Young, Essential Oil Safety 2e (2014), Ch 14 profile '(1R )-(+)-α-Pinene', PDF p.2359"
(1R )-(+)-α-Pinene,7785-76-4,Galbanum,12.0,12.0,"Tisserand & Young, Essential Oil Safety 2e (2014), Ch 14 profile '(1R )-(+)-α-Pinene', PDF p.2359"
(1R )-(+)-α-Pinene,7785-76-4,Niaouli (cineole CT),7.0,12.0,"Tisserand & Young, Essential Oil Safety 2e (2014), Ch 14 profile '(1R )-(+)-α-Pinene', PDF p.2359"
(1R )-(+)-α-Pinene,7785-76-4,Sage (African wild),11.5,11.5,"Tisserand & Young, Essential Oil Safety 2e (2014), Ch 14 profile '(1R )-(+)-α-Pinene', PDF p.2359"
(1R )-(+)-α-Pinene,7785-76-4,Carrot seed,0.9,11.2,"Tisserand & Young, Essential Oil Safety 2e (2014), Ch 14 profile '(1R )-(+)-α-Pinene', PDF p.2359"
(1R )-(+)-α-Pinene,7785-76-4,Boswellia serrata,0.0,11.2,"Tisserand & Young, Essential Oil Safety 2e (2014), Ch 14 profile '(1R )-(+)-α-Pinene', PDF p.2359"
(1R )-(+)-α-Pinene,7785-76-4,Sage (Spanish),4.7,10.9,"Tisserand & Young, Essential Oil Safety 2e (2014), Ch 14 profile '(1R )-(+)-α-Pinene', PDF p.2359"
(1R )-(+)-α-Pinene,7785-76-4,Coriander seed,0.1,10.5,"Tisserand & Young, Essential Oil Safety 2e (2014), Ch 14 profile '(1R )-(+)-α-Pinene', PDF p.2359"
(1R )-(+)-α-Pinene,7785-76-4,Fennel (bitter),0.0,10.4,"Tisserand & Young, Essential Oil Safety 2e (2014), Ch 14 profile '(1R )-(+)-α-Pinene', PDF p.2359"
(1R )-(+)-α-Pinene,7785-76-4,Valerian (European),0.0,10.1,"Tisserand & Young, Essential Oil Safety 2e (2014), Ch 14 profile '(1R )-(+)-α-Pinene', PDF p.2359"
(1R )-(+)-α-Pinene,7785-76-4,Rosalina,5.0,10.0,"Tisserand & Young, Essential Oil Safety 2e (2014), Ch 14 profile '(1R )-(+)-α-Pinene', PDF p.2359"
β-Pinene,18172-67-3,Galbanum,45.1,58.8,"Tisserand & Young, Essential Oil Safety 2e (2014), Ch 14 profile 'β-Pinene', PDF p.2364"
β-Pinene,18172-67-3,Fir needle (Canadian),28.1,56.1,"Tisserand & Young, Essential Oil Safety 2e (2014), Ch 14 profile 'β-Pinene', PDF p.2364"
β-Pinene,18172-67-3,Longoza,30.0,52.0,"Tisserand & Young, Essential Oil Safety 2e (2014), Ch 14 profile 'β-Pinene', PDF p.2364"
β-Pinene,18172-67-3,Mace (Indian) (+ sabinene),45.5,45.5,"Tisserand & Young, Essential Oil Safety 2e (2014), Ch 14 profile 'β-Pinene', PDF p.2364"
β-Pinene,18172-67-3,Arina,39.7,39.7,"Tisserand & Young, Essential Oil Safety 2e (2014), Ch 14 profile 'β-Pinene', PDF p.2364"
β-Pinene,18172-67-3,Pine (white),31.1,33.3,"Tisserand & Young, Essential Oil Safety 2e (2014), Ch 14 profile 'β-Pinene', PDF p.2364"
β-Pinene,18172-67-3,Pine (Scots),1.9,33.3,"Tisserand & Young, Essential Oil Safety 2e (2014), Ch 14 profile 'β-Pinene', PDF p.2364"
β-Pinene,18172-67-3,Pteronia,32.5,32.5,"Tisserand & Young, Essential Oil Safety 2e (2014), Ch 14 profile 'β-Pinene', PDF p.2364"
β-Pinene,18172-67-3,Spruce (Norwegian),4.8,31.9,"Tisserand & Young, Essential Oil Safety 2e (2014), Ch 14 profile 'β-Pinene', PDF p.2364"
β-Pinene,18172-67-3,Combava fruit,25.9,31.5,"Tisserand & Young, Essential Oil Safety 2e (2014), Ch 14 profile 'β-Pinene', PDF p.2364"
β-Pinene,18172-67-3,Pine (red),29.4,29.9,"Tisserand & Young, Essential Oil Safety 2e (2014), Ch 14 profile 'β-Pinene', PDF p.2364"
β-Pinene,18172-67-3,Turpentine,0.9,29.5,"Tisserand & Young, Essential Oil Safety 2e (2014), Ch 14 profile 'β-Pinene', PDF p.2364"
β-Pinene,18172-67-3,Pine (ponderosa),28.9,28.9,"Tisserand & Young, Essential Oil Safety 2e (2014), Ch 14 profile 'β-Pinene', PDF p.2364"
β-Pinene,18172-67-3,Blackcurrant bud,0.2,24.0,"Tisserand & Young, Essential Oil Safety 2e (2014), Ch 14 profile 'β-Pinene', PDF p.2364"
β-Pinene,18172-67-3,Spruce (white),23.0,23.0,"Tisserand & Young, Essential Oil Safety 2e (2014), Ch 14 profile 'β-Pinene', PDF p.2364"
β-Pinene,18172-67-3,Fir cone (silver),3.0,22.5,"Tisserand & Young, Essential Oil Safety 2e (2014), Ch 14 profile 'β-Pinene', PDF p.2364"
β-Pinene,18172-67-3,Vassoura,3.8,22.0,"Tisserand & Young, Essential Oil Safety 2e (2014), Ch 14 profile 'β-Pinene', PDF p.2364"
β-Pinene,18172-67-3,Lime expressed (Mexican),21.1,21.1,"Tisserand & Young, Essential Oil Safety 2e (2014), Ch 14 profile 'β-Pinene', PDF p.2364"
β-Pinene,18172-67-3,Spruce (hemlock),20.8,20.8,"Tisserand & Young, Essential Oil Safety 2e (2014), Ch 14 profile 'β-Pinene', PDF p.2365"
β-Pinene,18172-67-3,Pine (dwarf),1.3,20.7,"Tisserand & Young, Essential Oil Safety 2e (2014), Ch 14 profile 'β-Pinene', PDF p.2365"
β-Pinene,18172-67-3,Mace (East Indian),10.6,20.0,"Tisserand & Young, Essential Oil Safety 2e (2014), Ch 14 profile 'β-Pinene', PDF p.2365"
β-Pinene,18172-67-3,Nutmeg (East Indian),8.7,17.7,"Tisserand & Young, Essential Oil Safety 2e (2014), Ch 14 profile 'β-Pinene', PDF p.2365"
β-Pinene,18172-67-3,Cumin,4.4,17.7,"Tisserand & Young, Essential Oil Safety 2e (2014), Ch 14 profile 'β-Pinene', PDF p.2365"
β-Pinene,18172-67-3,Lemon (expressed),6.0,17.0,"Tisserand & Young, Essential Oil Safety 2e (2014), Ch 14 profile 'β-Pinene', PDF p.2365"
β-Pinene,18172-67-3,Lime expressed (Persian),12.2,16.0,"Tisserand & Young, Essential Oil Safety 2e (2014), Ch 14 profile 'β-Pinene', PDF p.2365"
β-Pinene,18172-67-3,Rhododendron,16.0,16.0,"Tisserand & Young, Essential Oil Safety 2e (2014), Ch 14 profile 'β-Pinene', PDF p.2365"
β-Pinene,18172-67-3,Pine (grey),11.1,15.4,"Tisserand & Young, Essential Oil Safety 2e (2014), Ch 14 profile 'β-Pinene', PDF p.2365"
β-Pinene,18172-67-3,Fenugreek,15.1,15.1,"Tisserand & Young, Essential Oil Safety 2e (2014), Ch 14 profile 'β-Pinene', PDF p.2365"
β-Pinene,18172-67-3,Pepper (black),4.9,14.3,"Tisserand & Young, Essential Oil Safety 2e (2014), Ch 14 profile 'β-Pinene', PDF p.2365"
β-Pinene,18172-67-3,Spruce (black),14.2,14.2,"Tisserand & Young, Essential Oil Safety 2e (2014), Ch 14 profile 'β-Pinene', PDF p.2365"
β-Pinene,18172-67-3,Lemon (distilled),8.2,14.0,"Tisserand & Young, Essential Oil Safety 2e (2014), Ch 14 profile 'β-Pinene', PDF p.2365"
β-Pinene,18172-67-3,Lemon leaf,3.5,13.6,"Tisserand & Young, Essential Oil Safety 2e (2014), Ch 14 profile 'β-Pinene', PDF p.2365"
β-Pinene,18172-67-3,Neroli,3.5,13.0,"Tisserand & Young, Essential Oil Safety 2e (2014), Ch 14 profile 'β-Pinene', PDF p.2365"
β-Pinene,18172-67-3,Galangal (greater),12.9,12.9,"Tisserand & Young, Essential Oil Safety 2e (2014), Ch 14 profile 'β-Pinene', PDF p.2365"
β-Pinene,18172-67-3,Ferula,12.7,12.7,"Tisserand & Young, Essential Oil Safety 2e (2014), Ch 14 profile 'β-Pinene', PDF p.2365"
β-Pinene,18172-67-3,Nutmeg (West Indian),7.8,12.1,"Tisserand & Young, Essential Oil Safety 2e (2014), Ch 14 profile 'β-Pinene', PDF p.2365"
β-Pinene,18172-67-3,Spruce (red),11.9,11.9,"Tisserand & Young, Essential Oil Safety 2e (2014), Ch 14 profile 'β-Pinene', PDF p.2365"
β-Pinene,18172-67-3,Fir (Douglas),11.6,11.6,"Tisserand & Young, Essential Oil Safety 2e (2014), Ch 14 profile 'β-Pinene', PDF p.2365"
β-Pinene,18172-67-3,Sumach (Venetian),11.4,11.4,"Tisserand & Young, Essential Oil Safety 2e (2014), Ch 14 profile 'β-Pinene', PDF p.2365"
β-Pinene,18172-67-3,Bergamot (FCF),4.0,11.0,"Tisserand & Young, Essential Oil Safety 2e (2014), Ch 14 profile 'β-Pinene', PDF p.2365"
β-Pinene,18172-67-3,St. John’s Wort,10.7,10.7,"Tisserand & Young, Essential Oil Safety 2e (2014), Ch 14 profile 'β-Pinene', PDF p.2365"
β-Pinene,18172-67-3,Parsleyseed,5.4,10.7,"Tisserand & Young, Essential Oil Safety 2e (2014), Ch 14 profile 'β-Pinene', PDF p.2365"
β-Pinene,18172-67-3,Larch needle,10.2,10.2,"Tisserand & Young, Essential Oil Safety 2e (2014), Ch 14 profile 'β-Pinene', PDF p.2365"
β-Pinene,18172-67-3,Peta,10.2,10.2,"Tisserand & Young, Essential Oil Safety 2e (2014), Ch 14 profile 'β-Pinene', PDF p.2365"
β-Pinene,18172-67-3,"Pharmacokinetics: When β-pinene was administered to humans iv,",3.0,3.0,"Tisserand & Young, Essential Oil Safety 2e (2014), Ch 14 profile 'β-Pinene', PDF p.2365"
(+)-Pinocamphone,18492-59-6,Hyssop (pinocamphone CT),31.2,42.7,"Tisserand & Young, Essential Oil Safety 2e (2014), Ch 14 profile '(+)-Pinocamphone', PDF p.2368"
(+)-Pinocamphone,18492-59-6,Labdanum,0.0,1.3,"Tisserand & Young, Essential Oil Safety 2e (2014), Ch 14 profile '(+)-Pinocamphone', PDF p.2368"
(+)-Pinocamphone,18492-59-6,Hyssop (linalool CT),0.5,1.0,"Tisserand & Young, Essential Oil Safety 2e (2014), Ch 14 profile '(+)-Pinocamphone', PDF p.2368"
Piperitone,4573-50-6,Eucalyptus dives,54.5,54.5,"Tisserand & Young, Essential Oil Safety 2e (2014), Ch 14 profile 'Piperitone', PDF p.2370"
Piperitone,4573-50-6,Calamint (lesser),0.0,7.4,"Tisserand & Young, Essential Oil Safety 2e (2014), Ch 14 profile 'Piperitone', PDF p.2370"
Piperitone,4573-50-6,Eucalyptus radiata,0.4,4.7,"Tisserand & Young, Essential Oil Safety 2e (2014), Ch 14 profile 'Piperitone', PDF p.2370"
Piperitone,4573-50-6,Cornmint,0.6,3.8,"Tisserand & Young, Essential Oil Safety 2e (2014), Ch 14 profile 'Piperitone', PDF p.2370"
Piperitone,4573-50-6,Jamrosa,3.4,3.4,"Tisserand & Young, Essential Oil Safety 2e (2014), Ch 14 profile 'Piperitone', PDF p.2370"
Piperitone,4573-50-6,Catnip,0.0,1.5,"Tisserand & Young, Essential Oil Safety 2e (2014), Ch 14 profile 'Piperitone', PDF p.2370"
Piperitone,4573-50-6,Verbena (white),0.7,1.4,"Tisserand & Young, Essential Oil Safety 2e (2014), Ch 14 profile 'Piperitone', PDF p.2370"
Piperitone,4573-50-6,Peppermint,0.0,1.3,"Tisserand & Young, Essential Oil Safety 2e (2014), Ch 14 profile 'Piperitone', PDF p.2370"
Piperitone,4573-50-6,Oregano (Mexican),0.9,1.2,"Tisserand & Young, Essential Oil Safety 2e (2014), Ch 14 profile 'Piperitone', PDF p.2370"
Piperitone,4573-50-6,Chaste tree seed,0.0,1.2,"Tisserand & Young, Essential Oil Safety 2e (2014), Ch 14 profile 'Piperitone', PDF p.2370"
(+)-(Z )-α-pulegone,3391-89-7,Buchu (pulegone CT),2.2,3.9,"Tisserand & Young, Essential Oil Safety 2e (2014), Ch 14 profile '(+)-(Z )-α-pulegone', PDF p.2375"
(−)-(E )-α-Pulegone,57129-09-6,Buchu (pulegone CT),1.8,4.8,"Tisserand & Young, Essential Oil Safety 2e (2014), Ch 14 profile '(−)-(E )-α-Pulegone', PDF p.2375"
(−)-(E )-α-Pulegone,57129-09-6,Pennyroyal (European),0.2,1.6,"Tisserand & Young, Essential Oil Safety 2e (2014), Ch 14 profile '(−)-(E )-α-Pulegone', PDF p.2375"
(−)-(E )-α-Pulegone,57129-09-6,Pennyroyal (Turkish),1.5,1.5,"Tisserand & Young, Essential Oil Safety 2e (2014), Ch 14 profile '(−)-(E )-α-Pulegone', PDF p.2375"
β-Pulegone,89-82-7,Pennyroyal (European),67.6,86.7,"Tisserand & Young, Essential Oil Safety 2e (2014), Ch 14 profile 'β-Pulegone', PDF p.2376"
β-Pulegone,89-82-7,Pennyroyal (N. American),61.3,82.3,"Tisserand & Young, Essential Oil Safety 2e (2014), Ch 14 profile 'β-Pulegone', PDF p.2376"
β-Pulegone,89-82-7,Calamint (lesser),17.6,76.1,"Tisserand & Young, Essential Oil Safety 2e (2014), Ch 14 profile 'β-Pulegone', PDF p.2376"
β-Pulegone,89-82-7,Buchu (pulegone CT),31.6,73.2,"Tisserand & Young, Essential Oil Safety 2e (2014), Ch 14 profile 'β-Pulegone', PDF p.2376"
β-Pulegone,89-82-7,Pennyroyal (Turkish),66.7,66.7,"Tisserand & Young, Essential Oil Safety 2e (2014), Ch 14 profile 'β-Pulegone', PDF p.2376"
β-Pulegone,89-82-7,Peppermint,0.3,4.7,"Tisserand & Young, Essential Oil Safety 2e (2014), Ch 14 profile 'β-Pulegone', PDF p.2376"
β-Pulegone,89-82-7,Cornmint,0.4,1.3,"Tisserand & Young, Essential Oil Safety 2e (2014), Ch 14 profile 'β-Pulegone', PDF p.2376"
β-Pulegone,89-82-7,Palo santo,1.1,1.2,"Tisserand & Young, Essential Oil Safety 2e (2014), Ch 14 profile 'β-Pulegone', PDF p.2376"
β-Pulegone,3391-90-0,Buchu (diosphenol CT),0.6,4.5,"Tisserand & Young, Essential Oil Safety 2e (2014), Ch 14 profile 'β-Pulegone', PDF p.2377"
(+)-(E )-Rose oxide,,Geranium,0.3,1.4,"Tisserand & Young, Essential Oil Safety 2e (2014), Ch 14 profile '(+)-(E )-Rose oxide', PDF p.2385"
Sabinene,3387-41-5,Mullilam,66.3,66.3,"Tisserand & Young, Essential Oil Safety 2e (2014), Ch 14 profile 'Sabinene', PDF p.2386"
Sabinene,3387-41-5,Nutmeg (W. Indian),42.0,57.0,"Tisserand & Young, Essential Oil Safety 2e (2014), Ch 14 profile 'Sabinene', PDF p.2386"
Sabinene,3387-41-5,Nutmeg (E. Indian),14.0,44.1,"Tisserand & Young, Essential Oil Safety 2e (2014), Ch 14 profile 'Sabinene', PDF p.2386"
Sabinene,3387-41-5,Chaste tree seed,7.1,44.1,"Tisserand & Young, Essential Oil Safety 2e (2014), Ch 14 profile 'Sabinene', PDF p.2386"
Sabinene,3387-41-5,Savin,18.3,40.8,"Tisserand & Young, Essential Oil Safety 2e (2014), Ch 14 profile 'Sabinene', PDF p.2386"
Sabinene,3387-41-5,Thorow-wax,39.7,39.7,"Tisserand & Young, Essential Oil Safety 2e (2014), Ch 14 profile 'Sabinene', PDF p.2386"
Sabinene,3387-41-5,Juniperberry,0.0,28.8,"Tisserand & Young, Essential Oil Safety 2e (2014), Ch 14 profile 'Sabinene', PDF p.2386"
Sabinene,3387-41-5,Cubeb,2.1,28.1,"Tisserand & Young, Essential Oil Safety 2e (2014), Ch 14 profile 'Sabinene', PDF p.2386"
Sabinene,3387-41-5,Plai,27.0,27.0,"Tisserand & Young, Essential Oil Safety 2e (2014), Ch 14 profile 'Sabinene', PDF p.2386"
Sabinene,3387-41-5,Yarrow (chamazulene CT),26.2,26.2,"Tisserand & Young, Essential Oil Safety 2e (2014), Ch 14 profile 'Sabinene', PDF p.2386"
Sabinene,3387-41-5,Boswellia frereana,0.5,21.0,"Tisserand & Young, Essential Oil Safety 2e (2014), Ch 14 profile 'Sabinene', PDF p.2386"
Sabinene,3387-41-5,Combava fruit,15.6,20.4,"Tisserand & Young, Essential Oil Safety 2e (2014), Ch 14 profile 'Sabinene', PDF p.2386"
Sabinene,3387-41-5,Goldenrod,18.8,18.8,"Tisserand & Young, Essential Oil Safety 2e (2014), Ch 14 profile 'Sabinene', PDF p.2386"
Sabinene,3387-41-5,Chaste tree leaf,6.9,17.1,"Tisserand & Young, Essential Oil Safety 2e (2014), Ch 14 profile 'Sabinene', PDF p.2386"
Sabinene,3387-41-5,Ravensara leaf,10.2,16.4,"Tisserand & Young, Essential Oil Safety 2e (2014), Ch 14 profile 'Sabinene', PDF p.2386"
Sabinene,3387-41-5,Labrador tea,15.7,15.7,"Tisserand & Young, Essential Oil Safety 2e (2014), Ch 14 profile 'Sabinene', PDF p.2386"
Sabinene,3387-41-5,Blackcurrant bud absolute,1.8,15.4,"Tisserand & Young, Essential Oil Safety 2e (2014), Ch 14 profile 'Sabinene', PDF p.2386"
Sabinene,3387-41-5,"Ho leaf (cineole CT, Madagascan)",11.4,14.0,"Tisserand & Young, Essential Oil Safety 2e (2014), Ch 14 profile 'Sabinene', PDF p.2386"
Sabinene,3387-41-5,Black pepper,0.1,13.8,"Tisserand & Young, Essential Oil Safety 2e (2014), Ch 14 profile 'Sabinene', PDF p.2386"
Sabinene,3387-41-5,Bergamot,0.8,12.8,"Tisserand & Young, Essential Oil Safety 2e (2014), Ch 14 profile 'Sabinene', PDF p.2386"
3-yl ethanoate,3536-54-7,Plectranthus >,60.0,60.0,"Tisserand & Young, Essential Oil Safety 2e (2014), Ch 14 profile '3-yl ethanoate', PDF p.2387"
3-yl ethanoate,3536-54-7,Savin,19.1,53.1,"Tisserand & Young, Essential Oil Safety 2e (2014), Ch 14 profile '3-yl ethanoate', PDF p.2387"
3-yl ethanoate,3536-54-7,Wormwood (β-thujone CT),18.1,32.8,"Tisserand & Young, Essential Oil Safety 2e (2014), Ch 14 profile '3-yl ethanoate', PDF p.2387"
3-yl ethanoate,3536-54-7,Wormwood (sabinyl acetate CT),31.5,31.5,"Tisserand & Young, Essential Oil Safety 2e (2014), Ch 14 profile '3-yl ethanoate', PDF p.2387"
3-yl ethanoate,3536-54-7,Wormwood ((Z )-epoxy ocimene CT),0.3,7.4,"Tisserand & Young, Essential Oil Safety 2e (2014), Ch 14 profile '3-yl ethanoate', PDF p.2387"
3-yl ethanoate,3536-54-7,Sage (Spanish),0.0,6.6,"Tisserand & Young, Essential Oil Safety 2e (2014), Ch 14 profile '3-yl ethanoate', PDF p.2387"
3-yl ethanoate,3536-54-7,Yarrow (green),3.7,3.7,"Tisserand & Young, Essential Oil Safety 2e (2014), Ch 14 profile '3-yl ethanoate', PDF p.2387"
3-yl ethanoate,3536-54-7,Boldo,2.4,2.4,"Tisserand & Young, Essential Oil Safety 2e (2014), Ch 14 profile '3-yl ethanoate', PDF p.2387"
Safrole,94-59-7,Ocotea odorifera,71.2,92.9,"Tisserand & Young, Essential Oil Safety 2e (2014), Ch 14 profile 'Safrole', PDF p.2388"
Safrole,94-59-7,Cinnamomum porrectum,80.0,90.0,"Tisserand & Young, Essential Oil Safety 2e (2014), Ch 14 profile 'Safrole', PDF p.2388"
Safrole,94-59-7,Sassafras albidum,82.8,88.8,"Tisserand & Young, Essential Oil Safety 2e (2014), Ch 14 profile 'Safrole', PDF p.2388"
Safrole,94-59-7,Cinnamomum rigidissimum,61.7,61.7,"Tisserand & Young, Essential Oil Safety 2e (2014), Ch 14 profile 'Safrole', PDF p.2388"
Safrole,94-59-7,Camphor (brown),50.0,60.0,"Tisserand & Young, Essential Oil Safety 2e (2014), Ch 14 profile 'Safrole', PDF p.2389"
Safrole,94-59-7,Betel,6.5,45.3,"Tisserand & Young, Essential Oil Safety 2e (2014), Ch 14 profile 'Safrole', PDF p.2389"
Safrole,94-59-7,Camphor (yellow),20.0,20.0,"Tisserand & Young, Essential Oil Safety 2e (2014), Ch 14 profile 'Safrole', PDF p.2389"
Safrole,94-59-7,Ho leaf (camphor CT),0.1,5.0,"Tisserand & Young, Essential Oil Safety 2e (2014), Ch 14 profile 'Safrole', PDF p.2389"
Safrole,94-59-7,Nutmeg (E. Indian),0.3,3.3,"Tisserand & Young, Essential Oil Safety 2e (2014), Ch 14 profile 'Safrole', PDF p.2389"
Safrole,94-59-7,Mace (East Indian),0.2,1.9,"Tisserand & Young, Essential Oil Safety 2e (2014), Ch 14 profile 'Safrole', PDF p.2389"
Safrole,94-59-7,Cinnamon leaf,0.0,1.0,"Tisserand & Young, Essential Oil Safety 2e (2014), Ch 14 profile 'Safrole', PDF p.2389"
Safrole,94-59-7,Ho leaf (linalool CT),0.01,0.9,"Tisserand & Young, Essential Oil Safety 2e (2014), Ch 14 profile 'Safrole', PDF p.2389"
Safrole,94-59-7,Mace (Indian) (+ p-cymen-8-ol),0.7,0.7,"Tisserand & Young, Essential Oil Safety 2e (2014), Ch 14 profile 'Safrole', PDF p.2389"
Safrole,94-59-7,Phoebe,0.5,0.7,"Tisserand & Young, Essential Oil Safety 2e (2014), Ch 14 profile 'Safrole', PDF p.2389"
Safrole,94-59-7,Cangerana,0.5,0.5,"Tisserand & Young, Essential Oil Safety 2e (2014), Ch 14 profile 'Safrole', PDF p.2389"
Safrole,94-59-7,Nutmeg (W. Indian),0.1,0.5,"Tisserand & Young, Essential Oil Safety 2e (2014), Ch 14 profile 'Safrole', PDF p.2389"
Safrole,94-59-7,Ylang-ylang absolute,0.4,0.4,"Tisserand & Young, Essential Oil Safety 2e (2014), Ch 14 profile 'Safrole', PDF p.2389"
Safrole,94-59-7,"Ho leaf (cineole CT, Chinese)",0.2,0.2,"Tisserand & Young, Essential Oil Safety 2e (2014), Ch 14 profile 'Safrole', PDF p.2389"
Safrole,94-59-7,Anise (star),0.0,0.1,"Tisserand & Young, Essential Oil Safety 2e (2014), Ch 14 profile 'Safrole', PDF p.2389"
Safrole,94-59-7,Cubeb seed,0.0,0.1,"Tisserand & Young, Essential Oil Safety 2e (2014), Ch 14 profile 'Safrole', PDF p.2389"
Safrole,94-59-7,Cinnamon bark,0.0,0.04,"Tisserand & Young, Essential Oil Safety 2e (2014), Ch 14 profile 'Safrole', PDF p.2389"
Salicylaldehyde,90-02-8,Cassia leaf,0.05,3.1,"Tisserand & Young, Essential Oil Safety 2e (2014), Ch 14 profile 'Salicylaldehyde', PDF p.2398"
Salicylaldehyde,90-02-8,Cassia bark,0.04,1.8,"Tisserand & Young, Essential Oil Safety 2e (2014), Ch 14 profile 'Salicylaldehyde', PDF p.2398"
(Z )-α -Santalol,115-71-9,Sandalwood (East Indian),46.2,59.9,"Tisserand & Young, Essential Oil Safety 2e (2014), Ch 14 profile '(Z )-α -Santalol', PDF p.2400"
(Z )-α -Santalol,115-71-9,Sandalwood (New Caledonian),42.3,42.3,"Tisserand & Young, Essential Oil Safety 2e (2014), Ch 14 profile '(Z )-α -Santalol', PDF p.2400"
(Z )-α -Santalol,115-71-9,Sandalwood (West Australian distilled),15.3,17.0,"Tisserand & Young, Essential Oil Safety 2e (2014), Ch 14 profile '(Z )-α -Santalol', PDF p.2400"
(Z )-α -Santalol,115-71-9,Sandalwood (West Australian extracted),13.3,13.3,"Tisserand & Young, Essential Oil Safety 2e (2014), Ch 14 profile '(Z )-α -Santalol', PDF p.2400"
β-Sesquiphellandrene,20307-83-9,Coleus,13.2,13.2,"Tisserand & Young, Essential Oil Safety 2e (2014), Ch 14 profile 'β-Sesquiphellandrene', PDF p.2404"
β-Sesquiphellandrene,20307-83-9,Turmeric rhizome,8.8,9.5,"Tisserand & Young, Essential Oil Safety 2e (2014), Ch 14 profile 'β-Sesquiphellandrene', PDF p.2404"
β-Sesquiphellandrene,20307-83-9,Amyris,1.5,8.6,"Tisserand & Young, Essential Oil Safety 2e (2014), Ch 14 profile 'β-Sesquiphellandrene', PDF p.2404"
β-Sesquiphellandrene,20307-83-9,Ginger,7.2,7.3,"Tisserand & Young, Essential Oil Safety 2e (2014), Ch 14 profile 'β-Sesquiphellandrene', PDF p.2404"
β-Sesquiphellandrene,20307-83-9,Pilocarpus microphyllus,0.5,3.4,"Tisserand & Young, Essential Oil Safety 2e (2014), Ch 14 profile 'β-Sesquiphellandrene', PDF p.2404"
β-Sesquiphellandrene,20307-83-9,Calamus (diploid form),0.0,3.0,"Tisserand & Young, Essential Oil Safety 2e (2014), Ch 14 profile 'β-Sesquiphellandrene', PDF p.2404"
β-Sesquiphellandrene,20307-83-9,Tansy (blue),0.2,1.8,"Tisserand & Young, Essential Oil Safety 2e (2014), Ch 14 profile 'β-Sesquiphellandrene', PDF p.2404"
α-Terpinene,99-86-5,Peta,14.9,14.9,"Tisserand & Young, Essential Oil Safety 2e (2014), Ch 14 profile 'α-Terpinene', PDF p.2405"
α-Terpinene,99-86-5,Tea tree,5.0,13.0,"Tisserand & Young, Essential Oil Safety 2e (2014), Ch 14 profile 'α-Terpinene', PDF p.2405"
α-Terpinene,99-86-5,Mace (East Indian),4.8,7.5,"Tisserand & Young, Essential Oil Safety 2e (2014), Ch 14 profile 'α-Terpinene', PDF p.2405"
α-Terpinene,99-86-5,Ravensara leaf,1.8,7.1,"Tisserand & Young, Essential Oil Safety 2e (2014), Ch 14 profile 'α-Terpinene', PDF p.2405"
α-Terpinene,99-86-5,Marjoram (sweet),3.0,5.9,"Tisserand & Young, Essential Oil Safety 2e (2014), Ch 14 profile 'α-Terpinene', PDF p.2405"
α-Terpinene,99-86-5,Nutmeg (East Indian),0.1,5.2,"Tisserand & Young, Essential Oil Safety 2e (2014), Ch 14 profile 'α-Terpinene', PDF p.2405"
α-Terpinene,99-86-5,Pine (dwarf),0.2,4.5,"Tisserand & Young, Essential Oil Safety 2e (2014), Ch 14 profile 'α-Terpinene', PDF p.2405"
α-Terpinene,99-86-5,Chamomile (Roman),0.0,4.5,"Tisserand & Young, Essential Oil Safety 2e (2014), Ch 14 profile 'α-Terpinene', PDF p.2405"
α-Terpinene,99-86-5,Nutmeg (West Indian),0.8,4.2,"Tisserand & Young, Essential Oil Safety 2e (2014), Ch 14 profile 'α-Terpinene', PDF p.2405"
α-Terpinene,99-86-5,Mace (Indian),3.9,3.9,"Tisserand & Young, Essential Oil Safety 2e (2014), Ch 14 profile 'α-Terpinene', PDF p.2405"
α-Terpinene,99-86-5,Blackcurrant bud absolute,0.7,3.9,"Tisserand & Young, Essential Oil Safety 2e (2014), Ch 14 profile 'α-Terpinene', PDF p.2405"
α-Terpinene,99-86-5,Feverfew,2.2,3.8,"Tisserand & Young, Essential Oil Safety 2e (2014), Ch 14 profile 'α-Terpinene', PDF p.2405"
α-Terpinene,99-86-5,Mace (Indian) (+ p -cymene),3.5,3.5,"Tisserand & Young, Essential Oil Safety 2e (2014), Ch 14 profile 'α-Terpinene', PDF p.2405"
α-Terpinene,99-86-5,Plai,3.5,3.5,"Tisserand & Young, Essential Oil Safety 2e (2014), Ch 14 profile 'α-Terpinene', PDF p.2405"
α-Terpinene,99-86-5,Savory (summer),1.8,3.5,"Tisserand & Young, Essential Oil Safety 2e (2014), Ch 14 profile 'α-Terpinene', PDF p.2405"
α-Terpinene,99-86-5,Sage (African wild),3.4,3.4,"Tisserand & Young, Essential Oil Safety 2e (2014), Ch 14 profile 'α-Terpinene', PDF p.2406"
α-Terpinene,99-86-5,Pine (Scots),0.1,3.2,"Tisserand & Young, Essential Oil Safety 2e (2014), Ch 14 profile 'α-Terpinene', PDF p.2406"
α-Terpinene,99-86-5,Tana,1.0,3.0,"Tisserand & Young, Essential Oil Safety 2e (2014), Ch 14 profile 'α-Terpinene', PDF p.2406"
α-Terpinene,99-86-5,Curry leaf,2.8,2.8,"Tisserand & Young, Essential Oil Safety 2e (2014), Ch 14 profile 'α-Terpinene', PDF p.2406"
α-Terpinene,99-86-5,Juniperberry,0.0,2.6,"Tisserand & Young, Essential Oil Safety 2e (2014), Ch 14 profile 'α-Terpinene', PDF p.2406"
α-Terpinene,99-86-5,Thymus zygis (thymol CT),0.0,2.2,"Tisserand & Young, Essential Oil Safety 2e (2014), Ch 14 profile 'α-Terpinene', PDF p.2406"
α-Terpinene,99-86-5,Lime Mexican (distilled),0.0,2.1,"Tisserand & Young, Essential Oil Safety 2e (2014), Ch 14 profile 'α-Terpinene', PDF p.2406"
α-Terpinene,99-86-5,Fir (Douglas),2.0,2.0,"Tisserand & Young, Essential Oil Safety 2e (2014), Ch 14 profile 'α-Terpinene', PDF p.2406"
α-Terpinene,99-86-5,Labrador tea,1.5,1.5,"Tisserand & Young, Essential Oil Safety 2e (2014), Ch 14 profile 'α-Terpinene', PDF p.2406"
α-Terpinene,99-86-5,Boswellia frereana,0.0,1.5,"Tisserand & Young, Essential Oil Safety 2e (2014), Ch 14 profile 'α-Terpinene', PDF p.2406"
α-Terpinene,99-86-5,Savory (winter),0.0,1.5,"Tisserand & Young, Essential Oil Safety 2e (2014), Ch 14 profile 'α-Terpinene', PDF p.2406"
α-Terpinene,99-86-5,Oregano (Mexican),0.2,1.4,"Tisserand & Young, Essential Oil Safety 2e (2014), Ch 14 profile 'α-Terpinene', PDF p.2406"
α-Terpinene,99-86-5,Thymus serpyllum,0.0,1.4,"Tisserand & Young, Essential Oil Safety 2e (2014), Ch 14 profile 'α-Terpinene', PDF p.2406"
α-Terpinene,99-86-5,Oregano,1.4,1.4,"Tisserand & Young, Essential Oil Safety 2e (2014), Ch 14 profile 'α-Terpinene', PDF p.2406"
α-Terpinene,99-86-5,Thyme (spike),1.3,1.3,"Tisserand & Young, Essential Oil Safety 2e (2014), Ch 14 profile 'α-Terpinene', PDF p.2406"
α-Terpinene,99-86-5,Thymus zygis (carvacrol CT),1.3,1.3,"Tisserand & Young, Essential Oil Safety 2e (2014), Ch 14 profile 'α-Terpinene', PDF p.2406"
α-Terpinene,99-86-5,Marjoram wild (carvacrol CT),1.2,1.2,"Tisserand & Young, Essential Oil Safety 2e (2014), Ch 14 profile 'α-Terpinene', PDF p.2406"
α-Terpinene,99-86-5,Tansy (blue),0.1,1.2,"Tisserand & Young, Essential Oil Safety 2e (2014), Ch 14 profile 'α-Terpinene', PDF p.2406"
α-Terpinene,99-86-5,Hinoki leaf,1.1,1.1,"Tisserand & Young, Essential Oil Safety 2e (2014), Ch 14 profile 'α-Terpinene', PDF p.2406"
α-Terpinene,99-86-5,Atractylis,1.0,1.0,"Tisserand & Young, Essential Oil Safety 2e (2014), Ch 14 profile 'α-Terpinene', PDF p.2406"
α-Terpinene,99-86-5,Thyme (thujanol CT),1.0,1.0,"Tisserand & Young, Essential Oil Safety 2e (2014), Ch 14 profile 'α-Terpinene', PDF p.2406"
α-Terpinene,99-86-5,Thymus vulgaris (carvacrol CT),1.0,1.0,"Tisserand & Young, Essential Oil Safety 2e (2014), Ch 14 profile 'α-Terpinene', PDF p.2406"
α-Terpinene,99-86-5,Thymus vulgaris (thymol CT),1.0,1.0,"Tisserand & Young, Essential Oil Safety 2e (2014), Ch 14 profile 'α-Terpinene', PDF p.2406"
γ-Terpinene,99-85-4,Savory (summer),19.5,42.8,"Tisserand & Young, Essential Oil Safety 2e (2014), Ch 14 profile 'γ-Terpinene', PDF p.2408"
γ-Terpinene,99-85-4,Ajowan,14.6,35.0,"Tisserand & Young, Essential Oil Safety 2e (2014), Ch 14 profile 'γ-Terpinene', PDF p.2408"
γ-Terpinene,99-85-4,Cumin,11.2,32.0,"Tisserand & Young, Essential Oil Safety 2e (2014), Ch 14 profile 'γ-Terpinene', PDF p.2408"
γ-Terpinene,99-85-4,Mandarin leaf,23.9,28.5,"Tisserand & Young, Essential Oil Safety 2e (2014), Ch 14 profile 'γ-Terpinene', PDF p.2408"
γ-Terpinene,99-85-4,Tea tree,10.0,28.0,"Tisserand & Young, Essential Oil Safety 2e (2014), Ch 14 profile 'γ-Terpinene', PDF p.2408"
Menth-1-en-4-ol,2438-10-0,Tea tree,30.0,48.0,"Tisserand & Young, Essential Oil Safety 2e (2014), Ch 14 profile 'Menth-1-en-4-ol', PDF p.2410"
Menth-1-en-4-ol,2438-10-0,Plai,41.7,41.7,"Tisserand & Young, Essential Oil Safety 2e (2014), Ch 14 profile 'Menth-1-en-4-ol', PDF p.2410"
Menth-1-en-4-ol,2438-10-0,Marjoram (sweet),16.4,31.6,"Tisserand & Young, Essential Oil Safety 2e (2014), Ch 14 profile 'Menth-1-en-4-ol', PDF p.2410"
Menth-1-en-4-ol,2438-10-0,Basil (hairy),7.5,26.8,"Tisserand & Young, Essential Oil Safety 2e (2014), Ch 14 profile 'Menth-1-en-4-ol', PDF p.2410"
Menth-1-en-4-ol,2438-10-0,Kewda,0.0,21.0,"Tisserand & Young, Essential Oil Safety 2e (2014), Ch 14 profile 'Menth-1-en-4-ol', PDF p.2410"
Menth-1-en-4-ol,2438-10-0,Ghandi root,17.2,17.2,"Tisserand & Young, Essential Oil Safety 2e (2014), Ch 14 profile 'Menth-1-en-4-ol', PDF p.2410"
Menth-1-en-4-ol,2438-10-0,Juniperberry,1.5,17.0,"Tisserand & Young, Essential Oil Safety 2e (2014), Ch 14 profile 'Menth-1-en-4-ol', PDF p.2410"
Menth-1-en-4-ol,2438-10-0,Mace (East Indian),4.4,14.0,"Tisserand & Young, Essential Oil Safety 2e (2014), Ch 14 profile 'Menth-1-en-4-ol', PDF p.2410"
Menth-1-en-4-ol,2438-10-0,Boswellia neglecta,12.5,12.5,"Tisserand & Young, Essential Oil Safety 2e (2014), Ch 14 profile 'Menth-1-en-4-ol', PDF p.2410"
Menth-1-en-4-ol,2438-10-0,Nutmeg (East Indian),1.0,10.9,"Tisserand & Young, Essential Oil Safety 2e (2014), Ch 14 profile 'Menth-1-en-4-ol', PDF p.2410"
Menth-1-en-4-ol,2438-10-0,Boswellia papyrifera,0.0,8.0,"Tisserand & Young, Essential Oil Safety 2e (2014), Ch 14 profile 'Menth-1-en-4-ol', PDF p.2410"
Menth-1-en-4-ol,2438-10-0,Labrador tea,7.6,7.6,"Tisserand & Young, Essential Oil Safety 2e (2014), Ch 14 profile 'Menth-1-en-4-ol', PDF p.2410"
Menth-1-en-4-ol,2438-10-0,Boswellia sacra (α-pinene CT),0.0,6.9,"Tisserand & Young, Essential Oil Safety 2e (2014), Ch 14 profile 'Menth-1-en-4-ol', PDF p.2410"
Menth-1-en-4-ol,2438-10-0,Rosemary (β-myrcene CT),1.8,6.8,"Tisserand & Young, Essential Oil Safety 2e (2014), Ch 14 profile 'Menth-1-en-4-ol', PDF p.2411"
Menth-1-en-4-ol,2438-10-0,Calamint (lesser),0.0,6.8,"Tisserand & Young, Essential Oil Safety 2e (2014), Ch 14 profile 'Menth-1-en-4-ol', PDF p.2411"
Menth-1-en-4-ol,2438-10-0,Nutmeg (West Indian),3.0,6.4,"Tisserand & Young, Essential Oil Safety 2e (2014), Ch 14 profile 'Menth-1-en-4-ol', PDF p.2411"
Menth-1-en-4-ol,2438-10-0,Blackcurrant bud absolute,0.5,6.3,"Tisserand & Young, Essential Oil Safety 2e (2014), Ch 14 profile 'Menth-1-en-4-ol', PDF p.2411"
Menth-1-en-4-ol,2438-10-0,Curry leaf,6.1,6.1,"Tisserand & Young, Essential Oil Safety 2e (2014), Ch 14 profile 'Menth-1-en-4-ol', PDF p.2411"
Menth-1-en-4-ol,2438-10-0,Lavender,6.0,6.0,"Tisserand & Young, Essential Oil Safety 2e (2014), Ch 14 profile 'Menth-1-en-4-ol', PDF p.2411"
Menth-1-en-4-ol,2438-10-0,Pteronia,5.3,5.3,"Tisserand & Young, Essential Oil Safety 2e (2014), Ch 14 profile 'Menth-1-en-4-ol', PDF p.2411"
Menth-1-en-4-ol,2438-10-0,Saro,3.0,5.0,"Tisserand & Young, Essential Oil Safety 2e (2014), Ch 14 profile 'Menth-1-en-4-ol', PDF p.2411"
Menth-1-en-4-ol,2438-10-0,Peppermint,0.0,5.0,"Tisserand & Young, Essential Oil Safety 2e (2014), Ch 14 profile 'Menth-1-en-4-ol', PDF p.2411"
α-Terpineol,10482-56-1,Orange flower and leaf water absolute,23.5,23.5,"Tisserand & Young, Essential Oil Safety 2e (2014), Ch 14 profile 'α-Terpineol', PDF p.2412"
α-Terpineol,10482-56-1,Orange flower water absolute,20.0,20.0,"Tisserand & Young, Essential Oil Safety 2e (2014), Ch 14 profile 'α-Terpineol', PDF p.2412"
α-Terpineol,10482-56-1,Eucalyptus radiata,0.0,15.2,"Tisserand & Young, Essential Oil Safety 2e (2014), Ch 14 profile 'α-Terpineol', PDF p.2413"
α-Terpineol,10482-56-1,Cedarwood (Port Orford),14.3,14.3,"Tisserand & Young, Essential Oil Safety 2e (2014), Ch 14 profile 'α-Terpineol', PDF p.2413"
α-Terpineol,10482-56-1,"Ho leaf (cineole CT, Chinese)",14.3,14.3,"Tisserand & Young, Essential Oil Safety 2e (2014), Ch 14 profile 'α-Terpineol', PDF p.2413"
α-Terpineol,10482-56-1,Lime distilled (Mexican),5.4,12.7,"Tisserand & Young, Essential Oil Safety 2e (2014), Ch 14 profile 'α-Terpineol', PDF p.2413"
α-Terpineol,10482-56-1,Palo santo,7.1,10.9,"Tisserand & Young, Essential Oil Safety 2e (2014), Ch 14 profile 'α-Terpineol', PDF p.2413"
α-Terpineol,10482-56-1,Thyme (borneol CT),10.0,10.0,"Tisserand & Young, Essential Oil Safety 2e (2014), Ch 14 profile 'α-Terpineol', PDF p.2413"
α-Terpineol,10482-56-1,Niaouli (cineole CT),4.0,10.0,"Tisserand & Young, Essential Oil Safety 2e (2014), Ch 14 profile 'α-Terpineol', PDF p.2413"
α-Terpineol,10482-56-1,Galangal (greater),2.3,9.3,"Tisserand & Young, Essential Oil Safety 2e (2014), Ch 14 profile 'α-Terpineol', PDF p.2413"
α-Terpineol,10482-56-1,Chaste tree seed,0.2,9.3,"Tisserand & Young, Essential Oil Safety 2e (2014), Ch 14 profile 'α-Terpineol', PDF p.2413"
α-Terpineol,10482-56-1,Chaste tree leaf,1.4,9.2,"Tisserand & Young, Essential Oil Safety 2e (2014), Ch 14 profile 'α-Terpineol', PDF p.2413"
α-Terpineol,10482-56-1,Cajuput,6.5,8.7,"Tisserand & Young, Essential Oil Safety 2e (2014), Ch 14 profile 'α-Terpineol', PDF p.2413"
α-Terpineol,10482-56-1,Linaloe wood,8.5,8.5,"Tisserand & Young, Essential Oil Safety 2e (2014), Ch 14 profile 'α-Terpineol', PDF p.2413"
α-Terpineol,10482-56-1,Eucalyptus camaldulensis,0.0,8.4,"Tisserand & Young, Essential Oil Safety 2e (2014), Ch 14 profile 'α-Terpineol', PDF p.2413"
α-Terpineol,10482-56-1,"Ho leaf (cineole CT, Madagascan)",6.9,8.3,"Tisserand & Young, Essential Oil Safety 2e (2014), Ch 14 profile 'α-Terpineol', PDF p.2413"
α-Terpineol,10482-56-1,Marjoram (sweet),3.8,8.3,"Tisserand & Young, Essential Oil Safety 2e (2014), Ch 14 profile 'α-Terpineol', PDF p.2413"
α-Terpineol,10482-56-1,Tea tree,1.5,8.0,"Tisserand & Young, Essential Oil Safety 2e (2014), Ch 14 profile 'α-Terpineol', PDF p.2413"
α-Terpineol,10482-56-1,Lemon (expressed),0.1,8.0,"Tisserand & Young, Essential Oil Safety 2e (2014), Ch 14 profile 'α-Terpineol', PDF p.2413"
α-Terpineol,10482-56-1,Cardamon (black),7.9,7.9,"Tisserand & Young, Essential Oil Safety 2e (2014), Ch 14 profile 'α-Terpineol', PDF p.2413"
α-Terpineol,10482-56-1,Narcissus absolute,0.3,7.0,"Tisserand & Young, Essential Oil Safety 2e (2014), Ch 14 profile 'α-Terpineol', PDF p.2413"
α-Terpineol,10482-56-1,Orange leaf (Paraguayan),4.4,6.8,"Tisserand & Young, Essential Oil Safety 2e (2014), Ch 14 profile 'α-Terpineol', PDF p.2413"
α-Terpineol,10482-56-1,Lime distilled (Persian),6.6,6.6,"Tisserand & Young, Essential Oil Safety 2e (2014), Ch 14 profile 'α-Terpineol', PDF p.2413"
α-Terpineol,10482-56-1,Sugandha,6.6,6.6,"Tisserand & Young, Essential Oil Safety 2e (2014), Ch 14 profile 'α-Terpineol', PDF p.2413"
α-Terpineol,10482-56-1,Boswellia serrata,1.5,5.8,"Tisserand & Young, Essential Oil Safety 2e (2014), Ch 14 profile 'α-Terpineol', PDF p.2413"
α-Terpineol,10482-56-1,Neroli,1.1,5.8,"Tisserand & Young, Essential Oil Safety 2e (2014), Ch 14 profile 'α-Terpineol', PDF p.2413"
α-Terpineol,10482-56-1,Sage (African wild),5.7,5.7,"Tisserand & Young, Essential Oil Safety 2e (2014), Ch 14 profile 'α-Terpineol', PDF p.2413"
α-Terpineol,10482-56-1,Fragonia,5.6,5.7,"Tisserand & Young, Essential Oil Safety 2e (2014), Ch 14 profile 'α-Terpineol', PDF p.2413"
α-Terpineol,10482-56-1,Rosewood,0.5,5.4,"Tisserand & Young, Essential Oil Safety 2e (2014), Ch 14 profile 'α-Terpineol', PDF p.2413"
α-Terpineol,10482-56-1,Orange leaf (bigarade),2.1,5.2,"Tisserand & Young, Essential Oil Safety 2e (2014), Ch 14 profile 'α-Terpineol', PDF p.2413"
α-Terpineol,10482-56-1,Galangal (lesser),5.0,5.0,"Tisserand & Young, Essential Oil Safety 2e (2014), Ch 14 profile 'α-Terpineol', PDF p.2413"
β-Terpineol,138-87-4,Cedarwood (Port Orford),3.3,3.3,"Tisserand & Young, Essential Oil Safety 2e (2014), Ch 14 profile 'β-Terpineol', PDF p.2414"
β-Terpineol,138-87-4,Lime distilled (Mexican),0.5,2.2,"Tisserand & Young, Essential Oil Safety 2e (2014), Ch 14 profile 'β-Terpineol', PDF p.2414"
γ-Terpineol,586-81-2,Lime distilled (Mexican),0.8,1.6,"Tisserand & Young, Essential Oil Safety 2e (2014), Ch 14 profile 'γ-Terpineol', PDF p.2414"
δ-Terpineol,17023-62-0,Marjoram (Spanish),1.0,2.0,"Tisserand & Young, Essential Oil Safety 2e (2014), Ch 14 profile 'δ-Terpineol', PDF p.2414"
δ-Terpineol,17023-62-0,Cardamon (black),1.6,1.6,"Tisserand & Young, Essential Oil Safety 2e (2014), Ch 14 profile 'δ-Terpineol', PDF p.2415"
Terpinolene,586-62-9,Parsnip,40.3,69.0,"Tisserand & Young, Essential Oil Safety 2e (2014), Ch 14 profile 'Terpinolene', PDF p.2417"
Terpinolene,586-62-9,Pine (dwarf),1.0,29.2,"Tisserand & Young, Essential Oil Safety 2e (2014), Ch 14 profile 'Terpinolene', PDF p.2417"
Terpinolene,586-62-9,Blackcurrant bud absolute,3.9,11.6,"Tisserand & Young, Essential Oil Safety 2e (2014), Ch 14 profile 'Terpinolene', PDF p.2417"
Terpinolene,586-62-9,Turmeric leaf,11.5,11.5,"Tisserand & Young, Essential Oil Safety 2e (2014), Ch 14 profile 'Terpinolene', PDF p.2417"
Terpinolene,586-62-9,Fir (Douglas),9.1,9.1,"Tisserand & Young, Essential Oil Safety 2e (2014), Ch 14 profile 'Terpinolene', PDF p.2417"
Terpinolene,586-62-9,Hemp,1.6,9.1,"Tisserand & Young, Essential Oil Safety 2e (2014), Ch 14 profile 'Terpinolene', PDF p.2417"
Terpinolene,586-62-9,Blackcurrant bud,0.0,9.0,"Tisserand & Young, Essential Oil Safety 2e (2014), Ch 14 profile 'Terpinolene', PDF p.2417"
Terpinolene,586-62-9,Lime distilled (Mexican),8.1,8.7,"Tisserand & Young, Essential Oil Safety 2e (2014), Ch 14 profile 'Terpinolene', PDF p.2417"
Terpinolene,586-62-9,Lemon balm (Australian),6.6,6.6,"Tisserand & Young, Essential Oil Safety 2e (2014), Ch 14 profile 'Terpinolene', PDF p.2417"
Terpinolene,586-62-9,Parsley leaf,2.8,6.6,"Tisserand & Young, Essential Oil Safety 2e (2014), Ch 14 profile 'Terpinolene', PDF p.2417"
Terpinolene,586-62-9,Cypress,2.4,6.3,"Tisserand & Young, Essential Oil Safety 2e (2014), Ch 14 profile 'Terpinolene', PDF p.2417"
Terpinolene,586-62-9,Cajuput,0.0,5.9,"Tisserand & Young, Essential Oil Safety 2e (2014), Ch 14 profile 'Terpinolene', PDF p.2417"
Terpinolene,586-62-9,Lime distilled (Persian),5.2,5.2,"Tisserand & Young, Essential Oil Safety 2e (2014), Ch 14 profile 'Terpinolene', PDF p.2417"
Terpinolene,586-62-9,Rosalina,2.0,5.0,"Tisserand & Young, Essential Oil Safety 2e (2014), Ch 14 profile 'Terpinolene', PDF p.2417"
Terpinolene,586-62-9,Tea tree,1.5,5.0,"Tisserand & Young, Essential Oil Safety 2e (2014), Ch 14 profile 'Terpinolene', PDF p.2417"
α-Terpinyl acetate,80-26-2,Lovage leaf,43.4,47.3,"Tisserand & Young, Essential Oil Safety 2e (2014), Ch 14 profile 'α-Terpinyl acetate', PDF p.2418"
α-Terpinyl acetate,80-26-2,Cardamon,29.2,39.7,"Tisserand & Young, Essential Oil Safety 2e (2014), Ch 14 profile 'α-Terpinyl acetate', PDF p.2418"
α-Terpinyl acetate,80-26-2,Sage (Spanish),0.0,15.5,"Tisserand & Young, Essential Oil Safety 2e (2014), Ch 14 profile 'α-Terpinyl acetate', PDF p.2418"
α-Terpinyl acetate,80-26-2,Betel,6.8,11.0,"Tisserand & Young, Essential Oil Safety 2e (2014), Ch 14 profile 'α-Terpinyl acetate', PDF p.2418"
α-Terpinyl acetate,80-26-2,Hinoki leaf,9.1,9.1,"Tisserand & Young, Essential Oil Safety 2e (2014), Ch 14 profile 'α-Terpinyl acetate', PDF p.2418"
α-Terpinyl acetate,80-26-2,Hinoki root,9.1,9.1,"Tisserand & Young, Essential Oil Safety 2e (2014), Ch 14 profile 'α-Terpinyl acetate', PDF p.2418"
α-Terpinyl acetate,80-26-2,Lemon leaf,0.0,7.3,"Tisserand & Young, Essential Oil Safety 2e (2014), Ch 14 profile 'α-Terpinyl acetate', PDF p.2418"
α-Terpinyl acetate,80-26-2,Laurel leaf,4.5,7.0,"Tisserand & Young, Essential Oil Safety 2e (2014), Ch 14 profile 'α-Terpinyl acetate', PDF p.2418"
α-Terpinyl acetate,80-26-2,Cypress,4.1,6.4,"Tisserand & Young, Essential Oil Safety 2e (2014), Ch 14 profile 'α-Terpinyl acetate', PDF p.2418"
α-Terpinyl acetate,80-26-2,Chaste tree seed,0.1,4.6,"Tisserand & Young, Essential Oil Safety 2e (2014), Ch 14 profile 'α-Terpinyl acetate', PDF p.2418"
α-Terpinyl acetate,80-26-2,Juniper (Phoenician),0.0,4.6,"Tisserand & Young, Essential Oil Safety 2e (2014), Ch 14 profile 'α-Terpinyl acetate', PDF p.2418"
α-Terpinyl acetate,80-26-2,Myrtle,0.0,4.4,"Tisserand & Young, Essential Oil Safety 2e (2014), Ch 14 profile 'α-Terpinyl acetate', PDF p.2418"
α-Terpinyl acetate,80-26-2,Lovage seed,3.1,3.1,"Tisserand & Young, Essential Oil Safety 2e (2014), Ch 14 profile 'α-Terpinyl acetate', PDF p.2418"
α-Terpinyl acetate,80-26-2,Thuja,1.0,1.8,"Tisserand & Young, Essential Oil Safety 2e (2014), Ch 14 profile 'α-Terpinyl acetate', PDF p.2419"
α-Terpinyl acetate,80-26-2,Thymus zygis (thymol CT),0.0,1.2,"Tisserand & Young, Essential Oil Safety 2e (2014), Ch 14 profile 'α-Terpinyl acetate', PDF p.2419"
β-Terpinyl acetate,10198-23-9,Blackcurrant bud absolute,1.9,1.9,"Tisserand & Young, Essential Oil Safety 2e (2014), Ch 14 profile 'β-Terpinyl acetate', PDF p.2419"
(−)-α-Thujone,546-80-5,Western red cedar,63.5,84.0,"Tisserand & Young, Essential Oil Safety 2e (2014), Ch 14 profile '(−)-α-Thujone', PDF p.2423"
(−)-α-Thujone,546-80-5,Genipi,79.8,79.8,"Tisserand & Young, Essential Oil Safety 2e (2014), Ch 14 profile '(−)-α-Thujone', PDF p.2424"
(−)-α-Thujone,546-80-5,Wormwood (sea),63.3,63.3,"Tisserand & Young, Essential Oil Safety 2e (2014), Ch 14 profile '(−)-α-Thujone', PDF p.2424"
(−)-α-Thujone,546-80-5,Thuja,48.7,51.5,"Tisserand & Young, Essential Oil Safety 2e (2014), Ch 14 profile '(−)-α-Thujone', PDF p.2424"
(−)-α-Thujone,546-80-5,Sage (Dalmatian),13.1,48.5,"Tisserand & Young, Essential Oil Safety 2e (2014), Ch 14 profile '(−)-α-Thujone', PDF p.2424"
(−)-α-Thujone,546-80-5,Wormwood (white),25.7,36.8,"Tisserand & Young, Essential Oil Safety 2e (2014), Ch 14 profile '(−)-α-Thujone', PDF p.2424"
(−)-α-Thujone,546-80-5,Lanyana,22.5,22.5,"Tisserand & Young, Essential Oil Safety 2e (2014), Ch 14 profile '(−)-α-Thujone', PDF p.2424"
(−)-α-Thujone,546-80-5,Boldo,14.3,14.3,"Tisserand & Young, Essential Oil Safety 2e (2014), Ch 14 profile '(−)-α-Thujone', PDF p.2424"
(−)-α-Thujone,546-80-5,"Mugwort (common, camphor/thujone CT)",11.4,11.4,"Tisserand & Young, Essential Oil Safety 2e (2014), Ch 14 profile '(−)-α-Thujone', PDF p.2424"
(−)-α-Thujone,546-80-5,Wormwood (β-thujone CT),2.3,3.4,"Tisserand & Young, Essential Oil Safety 2e (2014), Ch 14 profile '(−)-α-Thujone', PDF p.2424"
(−)-α-Thujone,546-80-5,Artemisia vestita,1.8,1.8,"Tisserand & Young, Essential Oil Safety 2e (2014), Ch 14 profile '(−)-α-Thujone', PDF p.2424"
(−)-α-Thujone,546-80-5,Boswellia frereana,0.0,1.2,"Tisserand & Young, Essential Oil Safety 2e (2014), Ch 14 profile '(−)-α-Thujone', PDF p.2424"
(−)-α-Thujone,546-80-5,Tansy,1.1,1.1,"Tisserand & Young, Essential Oil Safety 2e (2014), Ch 14 profile '(−)-α-Thujone', PDF p.2424"
(−)-α-Thujone,546-80-5,Yarrow (chamazulene CT),1.1,1.1,"Tisserand & Young, Essential Oil Safety 2e (2014), Ch 14 profile '(−)-α-Thujone', PDF p.2424"
(−)-α-Thujone,546-80-5,Balsamite,0.8,0.8,"Tisserand & Young, Essential Oil Safety 2e (2014), Ch 14 profile '(−)-α-Thujone', PDF p.2424"
(−)-α-Thujone,546-80-5,Cistus,0.0,0.8,"Tisserand & Young, Essential Oil Safety 2e (2014), Ch 14 profile '(−)-α-Thujone', PDF p.2424"
(−)-α-Thujone,546-80-5,"Mugwort (common, chrysanthenyl acetate CT)",0.2,0.3,"Tisserand & Young, Essential Oil Safety 2e (2014), Ch 14 profile '(−)-α-Thujone', PDF p.2424"
(−)-α-Thujone,546-80-5,Wormwood ((Z )-epoxy-ocimene CT),0.0,0.2,"Tisserand & Young, Essential Oil Safety 2e (2014), Ch 14 profile '(−)-α-Thujone', PDF p.2424"
(−)-α-Thujone,546-80-5,Wormwood (sabinyl acetate CT),0.1,0.1,"Tisserand & Young, Essential Oil Safety 2e (2014), Ch 14 profile '(−)-α-Thujone', PDF p.2424"
(−)-α-Thujone,546-80-5,Hyssop (pinocamphone CT),0.0,0.1,"Tisserand & Young, Essential Oil Safety 2e (2014), Ch 14 profile '(−)-α-Thujone', PDF p.2424"
(+)-β-Thujone,471-15-8,Wormwood (β-thujone CT),33.1,59.9,"Tisserand & Young, Essential Oil Safety 2e (2014), Ch 14 profile '(+)-β-Thujone', PDF p.2424"
(+)-β-Thujone,471-15-8,Tansy,45.2,45.2,"Tisserand & Young, Essential Oil Safety 2e (2014), Ch 14 profile '(+)-β-Thujone', PDF p.2425"
(+)-β-Thujone,471-15-8,Mugwort (great),34.0,34.0,"Tisserand & Young, Essential Oil Safety 2e (2014), Ch 14 profile '(+)-β-Thujone', PDF p.2425"
(+)-β-Thujone,471-15-8,Wormwood (β-thujone/(Z )-epoxy-ocimene CT),20.9,21.7,"Tisserand & Young, Essential Oil Safety 2e (2014), Ch 14 profile '(+)-β-Thujone', PDF p.2425"
(+)-β-Thujone,471-15-8,Sage (Dalmatian),3.9,19.1,"Tisserand & Young, Essential Oil Safety 2e (2014), Ch 14 profile '(+)-β-Thujone', PDF p.2425"
(+)-β-Thujone,471-15-8,Western red cedar,4.9,15.2,"Tisserand & Young, Essential Oil Safety 2e (2014), Ch 14 profile '(+)-β-Thujone', PDF p.2425"
(+)-β-Thujone,471-15-8,Genipi,10.4,10.4,"Tisserand & Young, Essential Oil Safety 2e (2014), Ch 14 profile '(+)-β-Thujone', PDF p.2425"
(+)-β-Thujone,471-15-8,Thuja,7.9,9.9,"Tisserand & Young, Essential Oil Safety 2e (2014), Ch 14 profile '(+)-β-Thujone', PDF p.2425"
(+)-β-Thujone,471-15-8,Wormwood (white),2.0,9.0,"Tisserand & Young, Essential Oil Safety 2e (2014), Ch 14 profile '(+)-β-Thujone', PDF p.2425"
(+)-β-Thujone,471-15-8,Lanyana,8.9,8.9,"Tisserand & Young, Essential Oil Safety 2e (2014), Ch 14 profile '(+)-β-Thujone', PDF p.2425"
(+)-β-Thujone,471-15-8,Boldo,7.2,7.2,"Tisserand & Young, Essential Oil Safety 2e (2014), Ch 14 profile '(+)-β-Thujone', PDF p.2425"
(+)-β-Thujone,471-15-8,"Mugwort (common, chrysanthenyl acetate CT)",2.1,2.3,"Tisserand & Young, Essential Oil Safety 2e (2014), Ch 14 profile '(+)-β-Thujone', PDF p.2425"
(+)-β-Thujone,471-15-8,Boswellia neglecta,1.8,1.8,"Tisserand & Young, Essential Oil Safety 2e (2014), Ch 14 profile '(+)-β-Thujone', PDF p.2425"
(+)-β-Thujone,471-15-8,Yarrow (chamazulene CT),1.8,1.8,"Tisserand & Young, Essential Oil Safety 2e (2014), Ch 14 profile '(+)-β-Thujone', PDF p.2425"
(+)-β-Thujone,471-15-8,Sage (Greek),1.6,1.6,"Tisserand & Young, Essential Oil Safety 2e (2014), Ch 14 profile '(+)-β-Thujone', PDF p.2425"
(+)-β-Thujone,471-15-8,Savin,0.2,1.5,"Tisserand & Young, Essential Oil Safety 2e (2014), Ch 14 profile '(+)-β-Thujone', PDF p.2425"
(+)-β-Thujone,471-15-8,Wormwood ((Z )-epoxy-ocimene CT),0.3,0.8,"Tisserand & Young, Essential Oil Safety 2e (2014), Ch 14 profile '(+)-β-Thujone', PDF p.2425"
(+)-β-Thujone,471-15-8,Artemisia vestita,0.7,0.7,"Tisserand & Young, Essential Oil Safety 2e (2014), Ch 14 profile '(+)-β-Thujone', PDF p.2425"
(+)-β-Thujone,471-15-8,Wormwood (sabinyl acetate CT),0.6,0.6,"Tisserand & Young, Essential Oil Safety 2e (2014), Ch 14 profile '(+)-β-Thujone', PDF p.2425"
(+)-β-Thujone,471-15-8,Hyssop (pinocamphone CT),0.0,0.3,"Tisserand & Young, Essential Oil Safety 2e (2014), Ch 14 profile '(+)-β-Thujone', PDF p.2425"
(+)-β-Thujone,471-15-8,Balsamite,0.2,0.2,"Tisserand & Young, Essential Oil Safety 2e (2014), Ch 14 profile '(+)-β-Thujone', PDF p.2425"
methylphenol. p -Cymen-3-ol. Thyme camphor,89-83-8,Thymus zygis (thymol CT),30.9,74.0,"Tisserand & Young, Essential Oil Safety 2e (2014), Ch 14 profile 'methylphenol. p -Cymen-3-ol. Thyme camphor', PDF p.2433"
methylphenol. p -Cymen-3-ol. Thyme camphor,89-83-8,Thymus vulgaris (thymol CT),48.3,62.5,"Tisserand & Young, Essential Oil Safety 2e (2014), Ch 14 profile 'methylphenol. p -Cymen-3-ol. Thyme camphor', PDF p.2433"
methylphenol. p -Cymen-3-ol. Thyme camphor,89-83-8,Oregano (Mexican),0.2,60.6,"Tisserand & Young, Essential Oil Safety 2e (2014), Ch 14 profile 'methylphenol. p -Cymen-3-ol. Thyme camphor', PDF p.2433"
methylphenol. p -Cymen-3-ol. Thyme camphor,89-83-8,Ajowan,36.9,53.8,"Tisserand & Young, Essential Oil Safety 2e (2014), Ch 14 profile 'methylphenol. p -Cymen-3-ol. Thyme camphor', PDF p.2433"
methylphenol. p -Cymen-3-ol. Thyme camphor,89-83-8,Thyme (limonene CT),27.6,27.6,"Tisserand & Young, Essential Oil Safety 2e (2014), Ch 14 profile 'methylphenol. p -Cymen-3-ol. Thyme camphor', PDF p.2434"
methylphenol. p -Cymen-3-ol. Thyme camphor,89-83-8,Thymus serpyllum,16.7,25.9,"Tisserand & Young, Essential Oil Safety 2e (2014), Ch 14 profile 'methylphenol. p -Cymen-3-ol. Thyme camphor', PDF p.2434"
methylphenol. p -Cymen-3-ol. Thyme camphor,89-83-8,Thymus zygis (thymol/carvacrol CT),25.5,25.5,"Tisserand & Young, Essential Oil Safety 2e (2014), Ch 14 profile 'methylphenol. p -Cymen-3-ol. Thyme camphor', PDF p.2434"
methylphenol. p -Cymen-3-ol. Thyme camphor,89-83-8,Thyme (borneol CT),10.0,10.0,"Tisserand & Young, Essential Oil Safety 2e (2014), Ch 14 profile 'methylphenol. p -Cymen-3-ol. Thyme camphor', PDF p.2434"
methylphenol. p -Cymen-3-ol. Thyme camphor,89-83-8,Savory (winter),1.0,8.0,"Tisserand & Young, Essential Oil Safety 2e (2014), Ch 14 profile 'methylphenol. p -Cymen-3-ol. Thyme camphor', PDF p.2434"
methylphenol. p -Cymen-3-ol. Thyme camphor,89-83-8,Thymus vulgaris (carvacrol CT),5.0,5.0,"Tisserand & Young, Essential Oil Safety 2e (2014), Ch 14 profile 'methylphenol. p -Cymen-3-ol. Thyme camphor', PDF p.2434"
methylphenol. p -Cymen-3-ol. Thyme camphor,89-83-8,Oregano,0.3,4.4,"Tisserand & Young, Essential Oil Safety 2e (2014), Ch 14 profile 'methylphenol. p -Cymen-3-ol. Thyme camphor', PDF p.2434"
methylphenol. p -Cymen-3-ol. Thyme camphor,89-83-8,Thyme (linalool CT),1.0,3.8,"Tisserand & Young, Essential Oil Safety 2e (2014), Ch 14 profile 'methylphenol. p -Cymen-3-ol. Thyme camphor', PDF p.2434"
methylphenol. p -Cymen-3-ol. Thyme camphor,89-83-8,Fir needle (Canadian),0.0,2.9,"Tisserand & Young, Essential Oil Safety 2e (2014), Ch 14 profile 'methylphenol. p -Cymen-3-ol. Thyme camphor', PDF p.2434"
methylphenol. p -Cymen-3-ol. Thyme camphor,89-83-8,Chaste tree seed,0.0,2.7,"Tisserand & Young, Essential Oil Safety 2e (2014), Ch 14 profile 'methylphenol. p -Cymen-3-ol. Thyme camphor', PDF p.2434"
methylphenol. p -Cymen-3-ol. Thyme camphor,89-83-8,Boswellia papyrifera,0.0,2.6,"Tisserand & Young, Essential Oil Safety 2e (2014), Ch 14 profile 'methylphenol. p -Cymen-3-ol. Thyme camphor', PDF p.2434"
methylphenol. p -Cymen-3-ol. Thyme camphor,89-83-8,Damiana,2.3,2.3,"Tisserand & Young, Essential Oil Safety 2e (2014), Ch 14 profile 'methylphenol. p -Cymen-3-ol. Thyme camphor', PDF p.2434"
methylphenol. p -Cymen-3-ol. Thyme camphor,89-83-8,Tansy (blue),0.8,1.8,"Tisserand & Young, Essential Oil Safety 2e (2014), Ch 14 profile 'methylphenol. p -Cymen-3-ol. Thyme camphor', PDF p.2434"
methylphenol. p -Cymen-3-ol. Thyme camphor,89-83-8,Boswellia rivae,1.4,1.4,"Tisserand & Young, Essential Oil Safety 2e (2014), Ch 14 profile 'methylphenol. p -Cymen-3-ol. Thyme camphor', PDF p.2434"
methylphenol. p -Cymen-3-ol. Thyme camphor,89-83-8,Wormseed,1.0,1.0,"Tisserand & Young, Essential Oil Safety 2e (2014), Ch 14 profile 'methylphenol. p -Cymen-3-ol. Thyme camphor', PDF p.2434"
methylphenol. p -Cymen-3-ol. Thyme camphor,89-83-8,Chaste tree leaf,0.0,1.0,"Tisserand & Young, Essential Oil Safety 2e (2014), Ch 14 profile 'methylphenol. p -Cymen-3-ol. Thyme camphor', PDF p.2434"
2-Undecanone,112-12-9,Rue,46.8,49.2,"Tisserand & Young, Essential Oil Safety 2e (2014), Ch 14 profile '2-Undecanone', PDF p.2445"
2-Undecanone,112-12-9,Sugandha,3.6,3.6,"Tisserand & Young, Essential Oil Safety 2e (2014), Ch 14 profile '2-Undecanone', PDF p.2445"
2-Undecanone,112-12-9,Ginger,1.4,1.4,"Tisserand & Young, Essential Oil Safety 2e (2014), Ch 14 profile '2-Undecanone', PDF p.2445"
Vanillin,121-33-5,Vanilla,12.0,95.0,"Tisserand & Young, Essential Oil Safety 2e (2014), Ch 14 profile 'Vanillin', PDF p.2447"
Vanillin,121-33-5,Tolu balsam,1.4,1.4,"Tisserand & Young, Essential Oil Safety 2e (2014), Ch 14 profile 'Vanillin', PDF p.2447"
(−)-Verbenone,1196-01-6,Rosemary (verbenone CT),7.6,12.3,"Tisserand & Young, Essential Oil Safety 2e (2014), Ch 14 profile '(−)-Verbenone', PDF p.2450"
(−)-Verbenone,1196-01-6,Rosemary (borneol CT),8.4,8.4,"Tisserand & Young, Essential Oil Safety 2e (2014), Ch 14 profile '(−)-Verbenone', PDF p.2450"
(−)-Verbenone,1196-01-6,Boswellia frereana,0.0,6.5,"Tisserand & Young, Essential Oil Safety 2e (2014), Ch 14 profile '(−)-Verbenone', PDF p.2450"
(−)-Verbenone,1196-01-6,Boswellia sacra (α-pinene CT),0.0,6.5,"Tisserand & Young, Essential Oil Safety 2e (2014), Ch 14 profile '(−)-Verbenone', PDF p.2451"
(−)-Verbenone,1196-01-6,Rosemary (camphor CT),0.0,6.3,"Tisserand & Young, Essential Oil Safety 2e (2014), Ch 14 profile '(−)-Verbenone', PDF p.2451"
(−)-Verbenone,1196-01-6,Rosemary (α-pinene CT),0.5,6.0,"Tisserand & Young, Essential Oil Safety 2e (2014), Ch 14 profile '(−)-Verbenone', PDF p.2451"
(−)-Verbenone,1196-01-6,Rosemary (bornyl acetate CT),4.3,5.7,"Tisserand & Young, Essential Oil Safety 2e (2014), Ch 14 profile '(−)-Verbenone', PDF p.2451"
(−)-Verbenone,1196-01-6,Piri-piri,1.1,3.9,"Tisserand & Young, Essential Oil Safety 2e (2014), Ch 14 profile '(−)-Verbenone', PDF p.2451"
(−)-Verbenone,1196-01-6,Mastic,0.0,2.9,"Tisserand & Young, Essential Oil Safety 2e (2014), Ch 14 profile '(−)-Verbenone', PDF p.2451"
(−)-Verbenone,1196-01-6,Wormwood (annual),0.0,2.6,"Tisserand & Young, Essential Oil Safety 2e (2014), Ch 14 profile '(−)-Verbenone', PDF p.2451"
(−)-Verbenone,1196-01-6,Hinoki root,2.4,2.4,"Tisserand & Young, Essential Oil Safety 2e (2014), Ch 14 profile '(−)-Verbenone', PDF p.2451"
(−)-Verbenone,1196-01-6,Cistus,0.0,2.0,"Tisserand & Young, Essential Oil Safety 2e (2014), Ch 14 profile '(−)-Verbenone', PDF p.2451"
(−)-Verbenone,1196-01-6,Rosemary (β-myrcene CT),0.0,1.8,"Tisserand & Young, Essential Oil Safety 2e (2014), Ch 14 profile '(−)-Verbenone', PDF p.2451"
(−)-Verbenone,1196-01-6,Labdanum,0.0,1.2,"Tisserand & Young, Essential Oil Safety 2e (2014), Ch 14 profile '(−)-Verbenone', PDF p.2451"
(−)-Verbenone,1196-01-6,Boswellia neglecta,1.0,1.0,"Tisserand & Young, Essential Oil Safety 2e (2014), Ch 14 profile '(−)-Verbenone', PDF p.2451"
Xanthorrhizol,30199-26-9,Turmeric (wild),16.2,25.7,"Tisserand & Young, Essential Oil Safety 2e (2014), Ch 14 profile 'Xanthorrhizol', PDF p.2452"
