note_id,unified_note_id,normalized_note_name,note_name,chemical_name,cas_number_clean,has_cas,in_rule_space,in_perfume_space,chemical_family,odor_family,volatility_class,solubility,natural_source,molecular_weight,boiling_point_c,logP,odor_threshold_mg_L,substantivity_index,tenacity_min_hrs,tenacity_max_hrs,flash_point_c,molecular_weight_imputed,boiling_point_c_imputed,logP_imputed,odor_threshold_mg_L_imputed,substantivity_index_imputed,tenacity_min_hrs_imputed,tenacity_max_hrs_imputed,flash_point_c_imputed
NOTE-0001,NOTE-0001,african_geranium,African Geranium,,,0,0,1,unknown,unknown,unknown,unknown,unknown,180.04199999999997,255.36342592592592,3.357798165137614,0.012166376146788989,56.51152073732719,11.857142857142858,14.28110599078341,105.20046082949308,1,1,1,1,1,1,1,1
NOTE-0002,NOTE-0002,african_orange_flower,African Orange Flower,,,0,0,1,unknown,unknown,unknown,unknown,unknown,180.04199999999997,255.36342592592592,3.357798165137614,0.012166376146788989,56.51152073732719,11.857142857142858,14.28110599078341,105.20046082949308,1,1,1,1,1,1,1,1
NOTE-0003,NOTE-0003,agarwood_oud,Agarwood (Oud),Agarol,8022-34-2,1,1,1,sesquiterpene,woody / animalic,base,alcohol,agarwood resin,210.762,300.0,5.0,0.0002,95.0,24.0,24.0,140.0,1,0,0,0,0,0,0,0
NOTE-0004,NOTE-0004,akigalawood,Akigalawood,,,0,0,1,unknown,unknown,unknown,unknown,unknown,180.04199999999997,255.36342592592592,3.357798165137614,0.012166376146788989,56.51152073732719,11.857142857142858,14.28110599078341,105.20046082949308,1,1,1,1,1,1,1,1
NOTE-0005,NOTE-0005,aldehydes,Aldehydes,,,0,1,1,unknown,unknown,unknown,unknown,unknown,180.04199999999997,255.36342592592592,3.357798165137614,0.012166376146788989,56.51152073732719,11.857142857142858,14.28110599078341,105.20046082949308,1,1,1,1,1,1,1,1
NOTE-0006,NOTE-0006,almond,Almond,Benzaldehyde,100-52-7,1,0,1,aromatic aldehyde,nutty / sweet,top,alcohol,almond kernels,106.12,179.0,1.5,0.03,18.0,1.0,2.0,64.0,0,0,0,0,0,0,0,0
NOTE-0007,NOTE-0007,almond_blossom,Almond Blossom,,,0,0,1,unknown,unknown,unknown,unknown,unknown,180.04199999999997,255.36342592592592,3.357798165137614,0.012166376146788989,56.51152073732719,11.857142857142858,14.28110599078341,105.20046082949308,1,1,1,1,1,1,1,1
NOTE-0008,NOTE-0008,almond_milk,Almond Milk,,,0,0,1,unknown,unknown,unknown,unknown,unknown,180.04199999999997,255.36342592592592,3.357798165137614,0.012166376146788989,56.51152073732719,11.857142857142858,14.28110599078341,105.20046082949308,1,1,1,1,1,1,1,1
NOTE-0009,NOTE-0009,amalfi_lemon,Amalfi Lemon,,,0,0,1,unknown,unknown,unknown,unknown,unknown,180.04199999999997,255.36342592592592,3.357798165137614,0.012166376146788989,56.51152073732719,11.857142857142858,14.28110599078341,105.20046082949308,1,1,1,1,1,1,1,1
NOTE-0010,NOTE-0010,amalfi_lemon_mandarin_orange,Amalfi Lemon Mandarin Orange,,,0,0,1,unknown,unknown,unknown,unknown,unknown,180.04199999999997,255.36342592592592,3.357798165137614,0.012166376146788989,56.51152073732719,11.857142857142858,14.28110599078341,105.20046082949308,1,1,1,1,1,1,1,1
NOTE-0011,NOTE-0011,amber,Amber,,,0,0,1,unknown,unknown,unknown,unknown,unknown,180.04199999999997,255.36342592592592,3.357798165137614,0.012166376146788989,56.51152073732719,11.857142857142858,14.28110599078341,105.20046082949308,1,1,1,1,1,1,1,1
NOTE-0012,NOTE-0012,amber_accord,Amber Accord,,,0,1,1,unknown,unknown,unknown,unknown,unknown,180.04199999999997,255.36342592592592,3.357798165137614,0.012166376146788989,56.51152073732719,11.857142857142858,14.28110599078341,105.20046082949308,1,1,1,1,1,1,1,1
NOTE-0013,NOTE-0013,amber_like_woods,Amber‑like Woods,,,0,0,1,unknown,unknown,unknown,unknown,unknown,180.04199999999997,255.36342592592592,3.357798165137614,0.012166376146788989,56.51152073732719,11.857142857142858,14.28110599078341,105.20046082949308,1,1,1,1,1,1,1,1
NOTE-0014,NOTE-0014,amber_notes,Amber Notes,,,0,0,1,unknown,unknown,unknown,unknown,unknown,180.04199999999997,255.36342592592592,3.357798165137614,0.012166376146788989,56.51152073732719,11.857142857142858,14.28110599078341,105.20046082949308,1,1,1,1,1,1,1,1
NOTE-0015,NOTE-0015,ambergris,Ambergris,Ambrein,4128-17-0,1,0,1,triterpene,amber / marine,base,alcohol,natural / synthetic,428.7,320.0,6.0,0.0002,95.0,24.0,24.0,130.0,0,0,0,0,0,0,0,0
NOTE-0016,NOTE-0016,amberwood,Amberwood,,,0,1,1,unknown,unknown,unknown,unknown,unknown,180.04199999999997,255.36342592592592,3.357798165137614,0.012166376146788989,56.51152073732719,11.857142857142858,14.28110599078341,105.20046082949308,1,1,1,1,1,1,1,1
NOTE-0017,NOTE-0017,ambrette,Ambrette,,,0,0,1,unknown,unknown,unknown,unknown,unknown,180.04199999999997,255.36342592592592,3.357798165137614,0.012166376146788989,56.51152073732719,11.857142857142858,14.28110599078341,105.20046082949308,1,1,1,1,1,1,1,1
NOTE-0018,NOTE-0018,ambrette_musk_mallow,Ambrette (Musk Mallow),,,0,0,1,unknown,unknown,unknown,unknown,unknown,180.04199999999997,255.36342592592592,3.357798165137614,0.012166376146788989,56.51152073732719,11.857142857142858,14.28110599078341,105.20046082949308,1,1,1,1,1,1,1,1
NOTE-0019,NOTE-0019,ambrette_seed,Ambrette Seed,,,0,0,1,unknown,unknown,unknown,unknown,unknown,180.04199999999997,255.36342592592592,3.357798165137614,0.012166376146788989,56.51152073732719,11.857142857142858,14.28110599078341,105.20046082949308,1,1,1,1,1,1,1,1
NOTE-0020,NOTE-0020,ambrox,Ambrox,,,0,0,1,unknown,unknown,unknown,unknown,unknown,180.04199999999997,255.36342592592592,3.357798165137614,0.012166376146788989,56.51152073732719,11.857142857142858,14.28110599078341,105.20046082949308,1,1,1,1,1,1,1,1
NOTE-0021,NOTE-0021,ambroxan,Ambroxan,Ambroxide,6790-58-5,1,1,1,amberoid,amber / woody,base,alcohol,synthetic,236.4,300.0,4.6,0.001,90.0,24.0,24.0,130.0,0,0,0,0,0,0,0,0
NOTE-0022,NOTE-0022,amyl_salicylate,Amyl Salicylate,,,0,0,1,unknown,unknown,unknown,unknown,unknown,180.04199999999997,255.36342592592592,3.357798165137614,0.012166376146788989,56.51152073732719,11.857142857142858,14.28110599078341,105.20046082949308,1,1,1,1,1,1,1,1
NOTE-0023,NOTE-0023,amyris,Amyris,Amyrol,8015-65-4,1,0,1,sesquiterpene alcohol,woody / sweet,base,alcohol,amyris wood,222.37,288.0,4.0,0.002,78.0,12.0,24.0,108.0,0,0,0,0,0,0,0,0
NOTE-0024,NOTE-0024,angelica,Angelica,,,0,0,1,unknown,unknown,unknown,unknown,unknown,180.04199999999997,255.36342592592592,3.357798165137614,0.012166376146788989,56.51152073732719,11.857142857142858,14.28110599078341,105.20046082949308,1,1,1,1,1,1,1,1
NOTE-0025,NOTE-0025,animal_notes,Animal notes,,,0,0,1,unknown,unknown,unknown,unknown,unknown,180.04199999999997,255.36342592592592,3.357798165137614,0.012166376146788989,56.51152073732719,11.857142857142858,14.28110599078341,105.20046082949308,1,1,1,1,1,1,1,1
NOTE-0026,NOTE-0026,anise,Anise,,,0,0,1,unknown,unknown,unknown,unknown,unknown,180.04199999999997,255.36342592592592,3.357798165137614,0.012166376146788989,56.51152073732719,11.857142857142858,14.28110599078341,105.20046082949308,1,1,1,1,1,1,1,1
NOTE-0027,NOTE-0027,apple,Apple,Hexyl acetate,142-92-7,1,1,1,ester,fruity / fresh,top,alcohol,synthetic / fruit,144.21,171.0,2.8,0.03,18.0,1.0,2.0,58.0,0,0,0,0,0,0,0,0
NOTE-0028,NOTE-0028,apricot,Apricot,,,0,0,1,unknown,unknown,unknown,unknown,unknown,180.04199999999997,255.36342592592592,3.357798165137614,0.012166376146788989,56.51152073732719,11.857142857142858,14.28110599078341,105.20046082949308,1,1,1,1,1,1,1,1
NOTE-0029,NOTE-0029,aromatic_citrus,Aromatic Citrus,,,0,0,1,unknown,unknown,unknown,unknown,unknown,180.04199999999997,255.36342592592592,3.357798165137614,0.012166376146788989,56.51152073732719,11.857142857142858,14.28110599078341,105.20046082949308,1,1,1,1,1,1,1,1
NOTE-0030,NOTE-0030,aromatic_herbs,Aromatic Herbs,,,0,0,1,unknown,unknown,unknown,unknown,unknown,180.04199999999997,255.36342592592592,3.357798165137614,0.012166376146788989,56.51152073732719,11.857142857142858,14.28110599078341,105.20046082949308,1,1,1,1,1,1,1,1
NOTE-0031,NOTE-0031,aromatic_spices,Aromatic Spices,,,0,0,1,unknown,unknown,unknown,unknown,unknown,180.04199999999997,255.36342592592592,3.357798165137614,0.012166376146788989,56.51152073732719,11.857142857142858,14.28110599078341,105.20046082949308,1,1,1,1,1,1,1,1
NOTE-0032,NOTE-0032,artemisia,Artemisia,,,0,0,1,unknown,unknown,unknown,unknown,unknown,180.04199999999997,255.36342592592592,3.357798165137614,0.012166376146788989,56.51152073732719,11.857142857142858,14.28110599078341,105.20046082949308,1,1,1,1,1,1,1,1
NOTE-0033,NOTE-0033,balsamic_resins,Balsamic Resins,,,0,0,1,unknown,unknown,unknown,unknown,unknown,180.04199999999997,255.36342592592592,3.357798165137614,0.012166376146788989,56.51152073732719,11.857142857142858,14.28110599078341,105.20046082949308,1,1,1,1,1,1,1,1
NOTE-0034,NOTE-0034,balsamic_woods,Balsamic Woods,,,0,0,1,unknown,unknown,unknown,unknown,unknown,180.04199999999997,255.36342592592592,3.357798165137614,0.012166376146788989,56.51152073732719,11.857142857142858,14.28110599078341,105.20046082949308,1,1,1,1,1,1,1,1
NOTE-0035,NOTE-0035,banana,Banana,,,0,0,1,unknown,unknown,unknown,unknown,unknown,180.04199999999997,255.36342592592592,3.357798165137614,0.012166376146788989,56.51152073732719,11.857142857142858,14.28110599078341,105.20046082949308,1,1,1,1,1,1,1,1
NOTE-0036,NOTE-0036,basil,Basil,Estragole rich,8015-73-4,1,0,1,phenylpropanoid,green / aromatic,top,alcohol / oil,basil leaves,148.2,216.0,2.9,0.02,22.0,1.0,3.0,68.0,0,0,0,0,0,0,0,0
NOTE-0037,NOTE-0037,bay_leaf,Bay Leaf,,,0,0,1,unknown,unknown,unknown,unknown,unknown,180.04199999999997,255.36342592592592,3.357798165137614,0.012166376146788989,56.51152073732719,11.857142857142858,14.28110599078341,105.20046082949308,1,1,1,1,1,1,1,1
NOTE-0038,NOTE-0038,beeswax,Beeswax,Long-chain esters,8012-89-3,1,0,1,ester,waxy / honey,base,alcohol,beeswax,176.10214285714284,300.0,6.0,0.001,90.0,24.0,24.0,160.0,1,0,0,0,0,0,0,0
NOTE-0039,NOTE-0039,benzoin,Benzoin,Benzoic acid rich,9000-05-9,1,1,1,resin / balsam,amber / sweet,base,alcohol / oil,benzoin resin,122.12,249.0,1.9,0.001,80.0,12.0,24.0,135.0,0,0,0,0,0,0,0,0
NOTE-0040,NOTE-0040,bergamot,Bergamot,Limonene-rich Oil,8007-75-8,1,1,1,terpene hydrocarbon,citrus,top,alcohol / oil,bergamot peel,136.24,176.0,4.2,0.02,15.0,1.0,2.0,50.0,0,0,0,0,0,0,0,0
NOTE-0041,NOTE-0041,berries,Berries,,,0,0,1,unknown,unknown,unknown,unknown,unknown,180.04199999999997,255.36342592592592,3.357798165137614,0.012166376146788989,56.51152073732719,11.857142857142858,14.28110599078341,105.20046082949308,1,1,1,1,1,1,1,1
NOTE-0042,NOTE-0042,bigarade_bitter_orange,Bigarade (Bitter Orange),,,0,0,1,unknown,unknown,unknown,unknown,unknown,180.04199999999997,255.36342592592592,3.357798165137614,0.012166376146788989,56.51152073732719,11.857142857142858,14.28110599078341,105.20046082949308,1,1,1,1,1,1,1,1
NOTE-0043,NOTE-0043,birch,Birch,,,0,0,1,unknown,unknown,unknown,unknown,unknown,180.04199999999997,255.36342592592592,3.357798165137614,0.012166376146788989,56.51152073732719,11.857142857142858,14.28110599078341,105.20046082949308,1,1,1,1,1,1,1,1
NOTE-0044,NOTE-0044,birch_leaf,Birch Leaf,,,0,0,1,unknown,unknown,unknown,unknown,unknown,180.04199999999997,255.36342592592592,3.357798165137614,0.012166376146788989,56.51152073732719,11.857142857142858,14.28110599078341,105.20046082949308,1,1,1,1,1,1,1,1
NOTE-0045,NOTE-0045,birch_leaves,Birch Leaves,,,0,0,1,unknown,unknown,unknown,unknown,unknown,180.04199999999997,255.36342592592592,3.357798165137614,0.012166376146788989,56.51152073732719,11.857142857142858,14.28110599078341,105.20046082949308,1,1,1,1,1,1,1,1
NOTE-0046,NOTE-0046,birch_tar,Birch Tar,Phenolic compounds,8001-88-5,1,1,1,phenol / tar,leather / smoky,base,alcohol,birch bark,94.11,230.0,2.9,0.005,85.0,12.0,24.0,96.0,0,0,0,0,0,0,0,0
NOTE-0047,NOTE-0047,bitter_almond,Bitter Almond,,,0,0,1,unknown,unknown,unknown,unknown,unknown,180.04199999999997,255.36342592592592,3.357798165137614,0.012166376146788989,56.51152073732719,11.857142857142858,14.28110599078341,105.20046082949308,1,1,1,1,1,1,1,1
NOTE-0048,NOTE-0048,bitter_orange,Bitter Orange,,,0,0,1,unknown,unknown,unknown,unknown,unknown,180.04199999999997,255.36342592592592,3.357798165137614,0.012166376146788989,56.51152073732719,11.857142857142858,14.28110599078341,105.20046082949308,1,1,1,1,1,1,1,1
NOTE-0049,NOTE-0049,black_amber,Black Amber,,,0,0,1,unknown,unknown,unknown,unknown,unknown,180.04199999999997,255.36342592592592,3.357798165137614,0.012166376146788989,56.51152073732719,11.857142857142858,14.28110599078341,105.20046082949308,1,1,1,1,1,1,1,1
NOTE-0050,NOTE-0050,black_currant,Black Currant,,,0,0,1,unknown,unknown,unknown,unknown,unknown,180.04199999999997,255.36342592592592,3.357798165137614,0.012166376146788989,56.51152073732719,11.857142857142858,14.28110599078341,105.20046082949308,1,1,1,1,1,1,1,1
NOTE-0051,NOTE-0051,black_ink,Black Ink,,,0,0,1,unknown,unknown,unknown,unknown,unknown,180.04199999999997,255.36342592592592,3.357798165137614,0.012166376146788989,56.51152073732719,11.857142857142858,14.28110599078341,105.20046082949308,1,1,1,1,1,1,1,1
NOTE-0052,NOTE-0052,black_licorice,Black Licorice,,,0,0,1,unknown,unknown,unknown,unknown,unknown,180.04199999999997,255.36342592592592,3.357798165137614,0.012166376146788989,56.51152073732719,11.857142857142858,14.28110599078341,105.20046082949308,1,1,1,1,1,1,1,1
NOTE-0053,NOTE-0053,black_pepper,Black Pepper,Piperine rich,8006-82-4,1,0,1,alkaloid / terpene,spicy / woody,top / heart,alcohol / oil,peppercorns,285.34,250.0,3.2,0.03,35.0,3.0,5.0,87.0,0,0,0,0,0,0,0,0
NOTE-0054,NOTE-0054,black_tea,Black Tea,,,0,0,1,unknown,unknown,unknown,unknown,unknown,180.04199999999997,255.36342592592592,3.357798165137614,0.012166376146788989,56.51152073732719,11.857142857142858,14.28110599078341,105.20046082949308,1,1,1,1,1,1,1,1
NOTE-0055,NOTE-0055,black_vanilla_husk,Black Vanilla Husk,,,0,0,1,unknown,unknown,unknown,unknown,unknown,180.04199999999997,255.36342592592592,3.357798165137614,0.012166376146788989,56.51152073732719,11.857142857142858,14.28110599078341,105.20046082949308,1,1,1,1,1,1,1,1
NOTE-0056,NOTE-0056,blackberry,Blackberry,,,0,0,1,unknown,unknown,unknown,unknown,unknown,180.04199999999997,255.36342592592592,3.357798165137614,0.012166376146788989,56.51152073732719,11.857142857142858,14.28110599078341,105.20046082949308,1,1,1,1,1,1,1,1
NOTE-0057,NOTE-0057,blackcurrant,Blackcurrant,,,0,0,1,unknown,unknown,unknown,unknown,unknown,180.04199999999997,255.36342592592592,3.357798165137614,0.012166376146788989,56.51152073732719,11.857142857142858,14.28110599078341,105.20046082949308,1,1,1,1,1,1,1,1
NOTE-0058,NOTE-0058,blood_grapefruit,Blood Grapefruit,,,0,0,1,unknown,unknown,unknown,unknown,unknown,180.04199999999997,255.36342592592592,3.357798165137614,0.012166376146788989,56.51152073732719,11.857142857142858,14.28110599078341,105.20046082949308,1,1,1,1,1,1,1,1
NOTE-0059,NOTE-0059,blood_mandarin,Blood Mandarin,,,0,0,1,unknown,unknown,unknown,unknown,unknown,180.04199999999997,255.36342592592592,3.357798165137614,0.012166376146788989,56.51152073732719,11.857142857142858,14.28110599078341,105.20046082949308,1,1,1,1,1,1,1,1
NOTE-0060,NOTE-0060,blood_orange,Blood Orange,,,0,0,1,unknown,unknown,unknown,unknown,unknown,180.04199999999997,255.36342592592592,3.357798165137614,0.012166376146788989,56.51152073732719,11.857142857142858,14.28110599078341,105.20046082949308,1,1,1,1,1,1,1,1
NOTE-0061,NOTE-0061,blue_ginger,Blue Ginger,,,0,0,1,unknown,unknown,unknown,unknown,unknown,180.04199999999997,255.36342592592592,3.357798165137614,0.012166376146788989,56.51152073732719,11.857142857142858,14.28110599078341,105.20046082949308,1,1,1,1,1,1,1,1
NOTE-0062,NOTE-0062,blue_lotus,Blue Lotus,,,0,0,1,unknown,unknown,unknown,unknown,unknown,180.04199999999997,255.36342592592592,3.357798165137614,0.012166376146788989,56.51152073732719,11.857142857142858,14.28110599078341,105.20046082949308,1,1,1,1,1,1,1,1
NOTE-0063,NOTE-0063,blue_sage,Blue Sage,,,0,0,1,unknown,unknown,unknown,unknown,unknown,180.04199999999997,255.36342592592592,3.357798165137614,0.012166376146788989,56.51152073732719,11.857142857142858,14.28110599078341,105.20046082949308,1,1,1,1,1,1,1,1
NOTE-0064,NOTE-0064,bourbon_geranium,Bourbon Geranium,,,0,0,1,unknown,unknown,unknown,unknown,unknown,180.04199999999997,255.36342592592592,3.357798165137614,0.012166376146788989,56.51152073732719,11.857142857142858,14.28110599078341,105.20046082949308,1,1,1,1,1,1,1,1
NOTE-0065,NOTE-0065,bourbon_vanilla,Bourbon Vanilla,,,0,0,1,unknown,unknown,unknown,unknown,unknown,180.04199999999997,255.36342592592592,3.357798165137614,0.012166376146788989,56.51152073732719,11.857142857142858,14.28110599078341,105.20046082949308,1,1,1,1,1,1,1,1
NOTE-0066,NOTE-0066,bourbon_vetiver,Bourbon Vetiver,,,0,0,1,unknown,unknown,unknown,unknown,unknown,180.04199999999997,255.36342592592592,3.357798165137614,0.012166376146788989,56.51152073732719,11.857142857142858,14.28110599078341,105.20046082949308,1,1,1,1,1,1,1,1
NOTE-0067,NOTE-0067,bourbon_whiskey,Bourbon Whiskey,,,0,0,1,unknown,unknown,unknown,unknown,unknown,180.04199999999997,255.36342592592592,3.357798165137614,0.012166376146788989,56.51152073732719,11.857142857142858,14.28110599078341,105.20046082949308,1,1,1,1,1,1,1,1
NOTE-0068,NOTE-0068,brazilian_rosewood,Brazilian Rosewood,,,0,0,1,unknown,unknown,unknown,unknown,unknown,180.04199999999997,255.36342592592592,3.357798165137614,0.012166376146788989,56.51152073732719,11.857142857142858,14.28110599078341,105.20046082949308,1,1,1,1,1,1,1,1
NOTE-0069,NOTE-0069,brown_sugar,Brown sugar,,,0,0,1,unknown,unknown,unknown,unknown,unknown,180.04199999999997,255.36342592592592,3.357798165137614,0.012166376146788989,56.51152073732719,11.857142857142858,14.28110599078341,105.20046082949308,1,1,1,1,1,1,1,1
NOTE-0070,NOTE-0070,bulgarian_rose,Bulgarian Rose,,,0,0,1,unknown,unknown,unknown,unknown,unknown,180.04199999999997,255.36342592592592,3.357798165137614,0.012166376146788989,56.51152073732719,11.857142857142858,14.28110599078341,105.20046082949308,1,1,1,1,1,1,1,1
NOTE-0071,NOTE-0071,bulrush,Bulrush,,,0,0,1,unknown,unknown,unknown,unknown,unknown,180.04199999999997,255.36342592592592,3.357798165137614,0.012166376146788989,56.51152073732719,11.857142857142858,14.28110599078341,105.20046082949308,1,1,1,1,1,1,1,1
NOTE-0072,NOTE-0072,burnt_match,Burnt Match,,,0,0,1,unknown,unknown,unknown,unknown,unknown,180.04199999999997,255.36342592592592,3.357798165137614,0.012166376146788989,56.51152073732719,11.857142857142858,14.28110599078341,105.20046082949308,1,1,1,1,1,1,1,1
NOTE-0073,NOTE-0073,cacao,Cacao,,,0,0,1,unknown,unknown,unknown,unknown,unknown,180.04199999999997,255.36342592592592,3.357798165137614,0.012166376146788989,56.51152073732719,11.857142857142858,14.28110599078341,105.20046082949308,1,1,1,1,1,1,1,1
NOTE-0074,NOTE-0074,cacao_pod,Cacao Pod,,,0,0,1,unknown,unknown,unknown,unknown,unknown,180.04199999999997,255.36342592592592,3.357798165137614,0.012166376146788989,56.51152073732719,11.857142857142858,14.28110599078341,105.20046082949308,1,1,1,1,1,1,1,1
NOTE-0075,NOTE-0075,cade_oil,Cade Oil,Phenolic compounds,8000-27-9,1,1,1,phenol / tar,smoky / leather,base,alcohol,juniper wood,94.11,300.0,3.6,0.001,95.0,24.0,24.0,105.0,1,0,0,0,0,0,0,0
NOTE-0076,NOTE-0076,calabrian_bergamot,Calabrian Bergamot,,,0,0,1,unknown,unknown,unknown,unknown,unknown,180.04199999999997,255.36342592592592,3.357798165137614,0.012166376146788989,56.51152073732719,11.857142857142858,14.28110599078341,105.20046082949308,1,1,1,1,1,1,1,1
NOTE-0077,NOTE-0077,calamansi,Calamansi,,,0,0,1,unknown,unknown,unknown,unknown,unknown,180.04199999999997,255.36342592592592,3.357798165137614,0.012166376146788989,56.51152073732719,11.857142857142858,14.28110599078341,105.20046082949308,1,1,1,1,1,1,1,1
NOTE-0078,NOTE-0078,cappuccino,Cappuccino,,,0,0,1,unknown,unknown,unknown,unknown,unknown,180.04199999999997,255.36342592592592,3.357798165137614,0.012166376146788989,56.51152073732719,11.857142857142858,14.28110599078341,105.20046082949308,1,1,1,1,1,1,1,1
NOTE-0079,NOTE-0079,caramel,Caramel,,,0,0,1,unknown,unknown,unknown,unknown,unknown,180.04199999999997,255.36342592592592,3.357798165137614,0.012166376146788989,56.51152073732719,11.857142857142858,14.28110599078341,105.20046082949308,1,1,1,1,1,1,1,1
NOTE-0080,NOTE-0080,caraway,Caraway,,,0,0,1,unknown,unknown,unknown,unknown,unknown,180.04199999999997,255.36342592592592,3.357798165137614,0.012166376146788989,56.51152073732719,11.857142857142858,14.28110599078341,105.20046082949308,1,1,1,1,1,1,1,1
NOTE-0081,NOTE-0081,cardamom,Cardamom,"1,8-Cineole rich",8000-66-6,1,0,1,terpenoid oxide,spicy / aromatic,top / heart,alcohol / oil,cardamom pods,154.25,176.0,2.8,0.02,30.0,2.0,4.0,49.0,0,0,0,0,0,0,0,0
NOTE-0082,NOTE-0082,cardamon,Cardamon,,,0,0,1,unknown,unknown,unknown,unknown,unknown,180.04199999999997,255.36342592592592,3.357798165137614,0.012166376146788989,56.51152073732719,11.857142857142858,14.28110599078341,105.20046082949308,1,1,1,1,1,1,1,1
NOTE-0083,NOTE-0083,carnation,Carnation,,,0,0,1,unknown,unknown,unknown,unknown,unknown,180.04199999999997,255.36342592592592,3.357798165137614,0.012166376146788989,56.51152073732719,11.857142857142858,14.28110599078341,105.20046082949308,1,1,1,1,1,1,1,1
NOTE-0084,NOTE-0084,carrot,Carrot,,,0,0,1,unknown,unknown,unknown,unknown,unknown,180.04199999999997,255.36342592592592,3.357798165137614,0.012166376146788989,56.51152073732719,11.857142857142858,14.28110599078341,105.20046082949308,1,1,1,1,1,1,1,1
NOTE-0085,NOTE-0085,carrot_seeds,Carrot Seeds,,,0,0,1,unknown,unknown,unknown,unknown,unknown,180.04199999999997,255.36342592592592,3.357798165137614,0.012166376146788989,56.51152073732719,11.857142857142858,14.28110599078341,105.20046082949308,1,1,1,1,1,1,1,1
NOTE-0086,NOTE-0086,cascarilla,Cascarilla,,,0,0,1,unknown,unknown,unknown,unknown,unknown,180.04199999999997,255.36342592592592,3.357798165137614,0.012166376146788989,56.51152073732719,11.857142857142858,14.28110599078341,105.20046082949308,1,1,1,1,1,1,1,1
NOTE-0087,NOTE-0087,cashmeran,Cashmeran,Cashmeran,33704-61-9,1,1,1,polycyclic ketone,woody / musky,base,alcohol,synthetic,206.33,300.0,4.0,0.005,85.0,24.0,24.0,96.0,0,0,0,0,0,0,0,0
NOTE-0088,NOTE-0088,cashmere_wood,Cashmere Wood,,,0,0,1,unknown,unknown,unknown,unknown,unknown,180.04199999999997,255.36342592592592,3.357798165137614,0.012166376146788989,56.51152073732719,11.857142857142858,14.28110599078341,105.20046082949308,1,1,1,1,1,1,1,1
NOTE-0089,NOTE-0089,cassis,Cassis,,,0,0,1,unknown,unknown,unknown,unknown,unknown,180.04199999999997,255.36342592592592,3.357798165137614,0.012166376146788989,56.51152073732719,11.857142857142858,14.28110599078341,105.20046082949308,1,1,1,1,1,1,1,1
NOTE-0090,NOTE-0090,castoreum,Castoreum,Phenolic compounds,8023-83-4,1,0,1,animalic extract,animalic / leathery,base,alcohol,castor sacs,180.04199999999997,300.0,3.9,0.001,90.0,24.0,24.0,120.0,1,0,0,0,0,0,0,0
NOTE-0091,NOTE-0091,cedar,Cedar,,,0,0,1,unknown,unknown,unknown,unknown,unknown,180.04199999999997,255.36342592592592,3.357798165137614,0.012166376146788989,56.51152073732719,11.857142857142858,14.28110599078341,105.20046082949308,1,1,1,1,1,1,1,1
NOTE-0092,NOTE-0092,cedar_leaf,Cedar Leaf,,,0,0,1,unknown,unknown,unknown,unknown,unknown,180.04199999999997,255.36342592592592,3.357798165137614,0.012166376146788989,56.51152073732719,11.857142857142858,14.28110599078341,105.20046082949308,1,1,1,1,1,1,1,1
NOTE-0093,NOTE-0093,cedar_shavings,Cedar Shavings,,,0,0,1,unknown,unknown,unknown,unknown,unknown,180.04199999999997,255.36342592592592,3.357798165137614,0.012166376146788989,56.51152073732719,11.857142857142858,14.28110599078341,105.20046082949308,1,1,1,1,1,1,1,1
NOTE-0094,NOTE-0094,cedarwood,Cedarwood,Cedrol,8000-27-9,1,1,1,sesquiterpene alcohol,woody / dry,base,oil,cedarwood,222.37,260.0,4.6,0.001,75.0,12.0,18.0,93.0,0,0,0,0,0,0,0,0
NOTE-0095,NOTE-0095,celery_seeds,Celery Seeds,,,0,0,1,unknown,unknown,unknown,unknown,unknown,180.04199999999997,255.36342592592592,3.357798165137614,0.012166376146788989,56.51152073732719,11.857142857142858,14.28110599078341,105.20046082949308,1,1,1,1,1,1,1,1
NOTE-0096,NOTE-0096,ceylon_cinnamon,Ceylon Cinnamon,,,0,0,1,unknown,unknown,unknown,unknown,unknown,180.04199999999997,255.36342592592592,3.357798165137614,0.012166376146788989,56.51152073732719,11.857142857142858,14.28110599078341,105.20046082949308,1,1,1,1,1,1,1,1
NOTE-0097,NOTE-0097,chamomile,Chamomile,,,0,0,1,unknown,unknown,unknown,unknown,unknown,180.04199999999997,255.36342592592592,3.357798165137614,0.012166376146788989,56.51152073732719,11.857142857142858,14.28110599078341,105.20046082949308,1,1,1,1,1,1,1,1
NOTE-0098,NOTE-0098,champagne,Champagne,,,0,0,1,unknown,unknown,unknown,unknown,unknown,180.04199999999997,255.36342592592592,3.357798165137614,0.012166376146788989,56.51152073732719,11.857142857142858,14.28110599078341,105.20046082949308,1,1,1,1,1,1,1,1
NOTE-0099,NOTE-0099,chestnut,Chestnut,,,0,0,1,unknown,unknown,unknown,unknown,unknown,180.04199999999997,255.36342592592592,3.357798165137614,0.012166376146788989,56.51152073732719,11.857142857142858,14.28110599078341,105.20046082949308,1,1,1,1,1,1,1,1
NOTE-0100,NOTE-0100,chilli,Chilli,,,0,0,1,unknown,unknown,unknown,unknown,unknown,180.04199999999997,255.36342592592592,3.357798165137614,0.012166376146788989,56.51152073732719,11.857142857142858,14.28110599078341,105.20046082949308,1,1,1,1,1,1,1,1
NOTE-0101,NOTE-0101,chilli_accord,Chilli Accord,,,0,0,1,unknown,unknown,unknown,unknown,unknown,180.04199999999997,255.36342592592592,3.357798165137614,0.012166376146788989,56.51152073732719,11.857142857142858,14.28110599078341,105.20046082949308,1,1,1,1,1,1,1,1
NOTE-0102,NOTE-0102,chinotto,Chinotto,,,0,0,1,unknown,unknown,unknown,unknown,unknown,180.04199999999997,255.36342592592592,3.357798165137614,0.012166376146788989,56.51152073732719,11.857142857142858,14.28110599078341,105.20046082949308,1,1,1,1,1,1,1,1
NOTE-0103,NOTE-0103,chocolate,Chocolate,,,0,0,1,unknown,unknown,unknown,unknown,unknown,180.04199999999997,255.36342592592592,3.357798165137614,0.012166376146788989,56.51152073732719,11.857142857142858,14.28110599078341,105.20046082949308,1,1,1,1,1,1,1,1
NOTE-0104,NOTE-0104,cinnamon,Cinnamon,Cinnamaldehyde,104-55-2,1,0,1,aromatic aldehyde,spicy,heart,alcohol,cinnamon bark,132.16,248.0,2.1,0.03,40.0,4.0,6.0,71.0,0,0,0,0,0,0,0,0
NOTE-0105,NOTE-0105,cinnamon_leaf,Cinnamon Leaf,,,0,0,1,unknown,unknown,unknown,unknown,unknown,180.04199999999997,255.36342592592592,3.357798165137614,0.012166376146788989,56.51152073732719,11.857142857142858,14.28110599078341,105.20046082949308,1,1,1,1,1,1,1,1
NOTE-0106,NOTE-0106,cistus,Cistus,,,0,0,1,unknown,unknown,unknown,unknown,unknown,180.04199999999997,255.36342592592592,3.357798165137614,0.012166376146788989,56.51152073732719,11.857142857142858,14.28110599078341,105.20046082949308,1,1,1,1,1,1,1,1
NOTE-0107,NOTE-0107,cistus_labdanum,Cistus Labdanum,,,0,0,1,unknown,unknown,unknown,unknown,unknown,180.04199999999997,255.36342592592592,3.357798165137614,0.012166376146788989,56.51152073732719,11.857142857142858,14.28110599078341,105.20046082949308,1,1,1,1,1,1,1,1
NOTE-0108,NOTE-0108,citron,Citron,,,0,0,1,unknown,unknown,unknown,unknown,unknown,180.04199999999997,255.36342592592592,3.357798165137614,0.012166376146788989,56.51152073732719,11.857142857142858,14.28110599078341,105.20046082949308,1,1,1,1,1,1,1,1
NOTE-0109,NOTE-0109,citrus,Citrus,,,0,0,1,unknown,unknown,unknown,unknown,unknown,180.04199999999997,255.36342592592592,3.357798165137614,0.012166376146788989,56.51152073732719,11.857142857142858,14.28110599078341,105.20046082949308,1,1,1,1,1,1,1,1
NOTE-0110,NOTE-0110,citrus_notes,Citrus Notes,,,0,0,1,unknown,unknown,unknown,unknown,unknown,180.04199999999997,255.36342592592592,3.357798165137614,0.012166376146788989,56.51152073732719,11.857142857142858,14.28110599078341,105.20046082949308,1,1,1,1,1,1,1,1
NOTE-0111,NOTE-0111,citrus_nuances,Citrus Nuances,,,0,0,1,unknown,unknown,unknown,unknown,unknown,180.04199999999997,255.36342592592592,3.357798165137614,0.012166376146788989,56.51152073732719,11.857142857142858,14.28110599078341,105.20046082949308,1,1,1,1,1,1,1,1
NOTE-0112,NOTE-0112,citruses,Citruses,,,0,0,1,unknown,unknown,unknown,unknown,unknown,180.04199999999997,255.36342592592592,3.357798165137614,0.012166376146788989,56.51152073732719,11.857142857142858,14.28110599078341,105.20046082949308,1,1,1,1,1,1,1,1
NOTE-0113,NOTE-0113,citruses_with_sugar,citruses with sugar,,,0,0,1,unknown,unknown,unknown,unknown,unknown,180.04199999999997,255.36342592592592,3.357798165137614,0.012166376146788989,56.51152073732719,11.857142857142858,14.28110599078341,105.20046082949308,1,1,1,1,1,1,1,1
NOTE-0114,NOTE-0114,citrusy_sparkles,Citrusy Sparkles,,,0,0,1,unknown,unknown,unknown,unknown,unknown,180.04199999999997,255.36342592592592,3.357798165137614,0.012166376146788989,56.51152073732719,11.857142857142858,14.28110599078341,105.20046082949308,1,1,1,1,1,1,1,1
NOTE-0115,NOTE-0115,civet,Civet,,,0,0,1,unknown,unknown,unknown,unknown,unknown,180.04199999999997,255.36342592592592,3.357798165137614,0.012166376146788989,56.51152073732719,11.857142857142858,14.28110599078341,105.20046082949308,1,1,1,1,1,1,1,1
NOTE-0116,NOTE-0116,clary_sage,Clary Sage,Linalyl acetate,8016-63-5,1,1,1,terpenoid ester,aromatic / herbal,heart,alcohol,clary sage,196.29,225.0,3.2,0.02,40.0,4.0,6.0,76.0,0,0,0,0,0,0,0,0
NOTE-0117,NOTE-0117,clean_musk,Clean Musk,,,0,0,1,unknown,unknown,unknown,unknown,unknown,180.04199999999997,255.36342592592592,3.357798165137614,0.012166376146788989,56.51152073732719,11.857142857142858,14.28110599078341,105.20046082949308,1,1,1,1,1,1,1,1
NOTE-0118,NOTE-0118,clementine,Clementine,,,0,0,1,unknown,unknown,unknown,unknown,unknown,180.04199999999997,255.36342592592592,3.357798165137614,0.012166376146788989,56.51152073732719,11.857142857142858,14.28110599078341,105.20046082949308,1,1,1,1,1,1,1,1
NOTE-0119,NOTE-0119,clove,Clove,Eugenol,97-53-0,1,0,1,phenylpropanoid,spicy,heart,alcohol,clove buds,164.2,254.0,2.3,0.02,50.0,6.0,8.0,110.0,0,0,0,0,0,0,0,0
NOTE-0120,NOTE-0120,clover,Clover,,,0,0,1,unknown,unknown,unknown,unknown,unknown,180.04199999999997,255.36342592592592,3.357798165137614,0.012166376146788989,56.51152073732719,11.857142857142858,14.28110599078341,105.20046082949308,1,1,1,1,1,1,1,1
NOTE-0121,NOTE-0121,cloves,Cloves,,,0,0,1,unknown,unknown,unknown,unknown,unknown,180.04199999999997,255.36342592592592,3.357798165137614,0.012166376146788989,56.51152073732719,11.857142857142858,14.28110599078341,105.20046082949308,1,1,1,1,1,1,1,1
NOTE-0122,NOTE-0122,coal,Coal,,,0,0,1,unknown,unknown,unknown,unknown,unknown,180.04199999999997,255.36342592592592,3.357798165137614,0.012166376146788989,56.51152073732719,11.857142857142858,14.28110599078341,105.20046082949308,1,1,1,1,1,1,1,1
NOTE-0123,NOTE-0123,cocoa,Cocoa,Cocoa absolute,84649-99-0,1,0,1,aromatic extract,gourmand,base,alcohol,cocoa beans,146.14,300.0,3.2,0.002,70.0,12.0,24.0,120.0,1,0,0,0,0,0,0,0
NOTE-0124,NOTE-0124,coconut,Coconut,γ-Nonalactone,104-61-0,1,0,1,lactone,gourmand / creamy,heart / base,alcohol,synthetic,170.25,280.0,2.9,0.01,55.0,6.0,8.0,115.0,0,0,0,0,0,0,0,0
NOTE-0125,NOTE-0125,coconut_blossom,Coconut Blossom,,,0,0,1,unknown,unknown,unknown,unknown,unknown,180.04199999999997,255.36342592592592,3.357798165137614,0.012166376146788989,56.51152073732719,11.857142857142858,14.28110599078341,105.20046082949308,1,1,1,1,1,1,1,1
NOTE-0126,NOTE-0126,coconut_milk,Coconut Milk,,,0,0,1,unknown,unknown,unknown,unknown,unknown,180.04199999999997,255.36342592592592,3.357798165137614,0.012166376146788989,56.51152073732719,11.857142857142858,14.28110599078341,105.20046082949308,1,1,1,1,1,1,1,1
NOTE-0127,NOTE-0123,coffee,Coffee,Coffee absolute,84649-99-1,1,0,1,aromatic extract,gourmand / roasted,base,alcohol,coffee beans,146.14,300.0,3.5,0.002,75.0,12.0,24.0,120.0,1,0,0,0,0,0,0,0
NOTE-0128,NOTE-0128,cognac,Cognac,,,0,0,1,unknown,unknown,unknown,unknown,unknown,180.04199999999997,255.36342592592592,3.357798165137614,0.012166376146788989,56.51152073732719,11.857142857142858,14.28110599078341,105.20046082949308,1,1,1,1,1,1,1,1
NOTE-0129,NOTE-0129,cool_mint,Cool Mint,,,0,0,1,unknown,unknown,unknown,unknown,unknown,180.04199999999997,255.36342592592592,3.357798165137614,0.012166376146788989,56.51152073732719,11.857142857142858,14.28110599078341,105.20046082949308,1,1,1,1,1,1,1,1
NOTE-0130,NOTE-0130,coriander,Coriander,Linalool rich,8008-52-4,1,0,1,terpenoid alcohol,spicy / citrus,top,alcohol / oil,coriander seeds,154.25,198.0,2.6,0.02,22.0,1.0,3.0,67.0,0,0,0,0,0,0,0,0
NOTE-0131,NOTE-0131,coriander_leaf,Coriander Leaf,,,0,0,1,unknown,unknown,unknown,unknown,unknown,180.04199999999997,255.36342592592592,3.357798165137614,0.012166376146788989,56.51152073732719,11.857142857142858,14.28110599078341,105.20046082949308,1,1,1,1,1,1,1,1
NOTE-0132,NOTE-0132,cotton_candy,Cotton Candy,,,0,0,1,unknown,unknown,unknown,unknown,unknown,180.04199999999997,255.36342592592592,3.357798165137614,0.012166376146788989,56.51152073732719,11.857142857142858,14.28110599078341,105.20046082949308,1,1,1,1,1,1,1,1
NOTE-0133,NOTE-0133,cotton_flower,Cotton Flower,,,0,0,1,unknown,unknown,unknown,unknown,unknown,180.04199999999997,255.36342592592592,3.357798165137614,0.012166376146788989,56.51152073732719,11.857142857142858,14.28110599078341,105.20046082949308,1,1,1,1,1,1,1,1
NOTE-0134,NOTE-0134,coumarin,Coumarin,Coumarin,91-64-5,1,1,1,benzopyrone,sweet / hay,base,alcohol,tonka,146.14,302.0,1.5,0.01,70.0,12.0,24.0,98.0,0,0,0,0,0,0,0,0
NOTE-0135,NOTE-0135,cranberry,Cranberry,,,0,0,1,unknown,unknown,unknown,unknown,unknown,180.04199999999997,255.36342592592592,3.357798165137614,0.012166376146788989,56.51152073732719,11.857142857142858,14.28110599078341,105.20046082949308,1,1,1,1,1,1,1,1
NOTE-0136,NOTE-0136,cucumber,Cucumber,,,0,0,1,unknown,unknown,unknown,unknown,unknown,180.04199999999997,255.36342592592592,3.357798165137614,0.012166376146788989,56.51152073732719,11.857142857142858,14.28110599078341,105.20046082949308,1,1,1,1,1,1,1,1
NOTE-0137,NOTE-0137,cumin,Cumin,,,0,0,1,unknown,unknown,unknown,unknown,unknown,180.04199999999997,255.36342592592592,3.357798165137614,0.012166376146788989,56.51152073732719,11.857142857142858,14.28110599078341,105.20046082949308,1,1,1,1,1,1,1,1
NOTE-0138,NOTE-0138,cyclamen,Cyclamen,,,0,0,1,unknown,unknown,unknown,unknown,unknown,180.04199999999997,255.36342592592592,3.357798165137614,0.012166376146788989,56.51152073732719,11.857142857142858,14.28110599078341,105.20046082949308,1,1,1,1,1,1,1,1
NOTE-0139,NOTE-0139,cypress,Cypress,,,0,0,1,unknown,unknown,unknown,unknown,unknown,180.04199999999997,255.36342592592592,3.357798165137614,0.012166376146788989,56.51152073732719,11.857142857142858,14.28110599078341,105.20046082949308,1,1,1,1,1,1,1,1
NOTE-0140,NOTE-0140,cypriol,Cypriol,,,0,1,1,unknown,unknown,unknown,unknown,unknown,180.04199999999997,255.36342592592592,3.357798165137614,0.012166376146788989,56.51152073732719,11.857142857142858,14.28110599078341,105.20046082949308,1,1,1,1,1,1,1,1
NOTE-0141,NOTE-0141,cypriol_oil_or_nagarmotha,Cypriol Oil or Nagarmotha,,,0,0,1,unknown,unknown,unknown,unknown,unknown,180.04199999999997,255.36342592592592,3.357798165137614,0.012166376146788989,56.51152073732719,11.857142857142858,14.28110599078341,105.20046082949308,1,1,1,1,1,1,1,1
NOTE-0142,NOTE-0142,damask_rose,Damask Rose,,,0,0,1,unknown,unknown,unknown,unknown,unknown,180.04199999999997,255.36342592592592,3.357798165137614,0.012166376146788989,56.51152073732719,11.857142857142858,14.28110599078341,105.20046082949308,1,1,1,1,1,1,1,1
NOTE-0143,NOTE-0143,darjeeling_tea,Darjeeling Tea,,,0,0,1,unknown,unknown,unknown,unknown,unknown,180.04199999999997,255.36342592592592,3.357798165137614,0.012166376146788989,56.51152073732719,11.857142857142858,14.28110599078341,105.20046082949308,1,1,1,1,1,1,1,1
NOTE-0144,NOTE-0144,dark_berries,Dark Berries,,,0,0,1,unknown,unknown,unknown,unknown,unknown,180.04199999999997,255.36342592592592,3.357798165137614,0.012166376146788989,56.51152073732719,11.857142857142858,14.28110599078341,105.20046082949308,1,1,1,1,1,1,1,1
NOTE-0145,NOTE-0145,dates,Dates,,,0,0,1,unknown,unknown,unknown,unknown,unknown,180.04199999999997,255.36342592592592,3.357798165137614,0.012166376146788989,56.51152073732719,11.857142857142858,14.28110599078341,105.20046082949308,1,1,1,1,1,1,1,1
NOTE-0146,NOTE-0146,dried_fruits,Dried Fruits,,,0,0,1,unknown,unknown,unknown,unknown,unknown,180.04199999999997,255.36342592592592,3.357798165137614,0.012166376146788989,56.51152073732719,11.857142857142858,14.28110599078341,105.20046082949308,1,1,1,1,1,1,1,1
NOTE-0147,NOTE-0147,dried_plum,Dried Plum,,,0,0,1,unknown,unknown,unknown,unknown,unknown,180.04199999999997,255.36342592592592,3.357798165137614,0.012166376146788989,56.51152073732719,11.857142857142858,14.28110599078341,105.20046082949308,1,1,1,1,1,1,1,1
NOTE-0148,NOTE-0148,driftwood,Driftwood,,,0,0,1,unknown,unknown,unknown,unknown,unknown,180.04199999999997,255.36342592592592,3.357798165137614,0.012166376146788989,56.51152073732719,11.857142857142858,14.28110599078341,105.20046082949308,1,1,1,1,1,1,1,1
NOTE-0149,NOTE-0149,dry_woods,Dry Woods,,,0,0,1,unknown,unknown,unknown,unknown,unknown,180.04199999999997,255.36342592592592,3.357798165137614,0.012166376146788989,56.51152073732719,11.857142857142858,14.28110599078341,105.20046082949308,1,1,1,1,1,1,1,1
NOTE-0150,NOTE-0150,ebony,Ebony,,,0,0,1,unknown,unknown,unknown,unknown,unknown,180.04199999999997,255.36342592592592,3.357798165137614,0.012166376146788989,56.51152073732719,11.857142857142858,14.28110599078341,105.20046082949308,1,1,1,1,1,1,1,1
NOTE-0151,NOTE-0151,ebony_wood,Ebony Wood,,,0,0,1,unknown,unknown,unknown,unknown,unknown,180.04199999999997,255.36342592592592,3.357798165137614,0.012166376146788989,56.51152073732719,11.857142857142858,14.28110599078341,105.20046082949308,1,1,1,1,1,1,1,1
NOTE-0152,NOTE-0152,egyptian_jasmine,Egyptian Jasmine,,,0,0,1,unknown,unknown,unknown,unknown,unknown,180.04199999999997,255.36342592592592,3.357798165137614,0.012166376146788989,56.51152073732719,11.857142857142858,14.28110599078341,105.20046082949308,1,1,1,1,1,1,1,1
NOTE-0153,NOTE-0153,egyptian_pelargonium,Egyptian Pelargonium,,,0,0,1,unknown,unknown,unknown,unknown,unknown,180.04199999999997,255.36342592592592,3.357798165137614,0.012166376146788989,56.51152073732719,11.857142857142858,14.28110599078341,105.20046082949308,1,1,1,1,1,1,1,1
NOTE-0154,NOTE-0154,elemi,Elemi,Limonene rich,8023-89-0,1,0,1,terpene,resinous / citrus,heart,alcohol,elemi resin,136.23,176.0,3.8,0.02,45.0,4.0,6.0,48.0,0,0,0,0,0,0,0,0
NOTE-0155,NOTE-0155,eucalyptus,Eucalyptus,Eucalyptol,470-82-6,1,1,1,oxide,aromatic / camphor,top,alcohol,eucalyptus leaves,154.25,176.0,2.7,0.03,18.0,1.0,2.0,49.0,0,0,0,0,0,0,0,0
NOTE-0156,NOTE-0156,fennel,Fennel,,,0,0,1,unknown,unknown,unknown,unknown,unknown,180.04199999999997,255.36342592592592,3.357798165137614,0.012166376146788989,56.51152073732719,11.857142857142858,14.28110599078341,105.20046082949308,1,1,1,1,1,1,1,1
NOTE-0157,NOTE-0157,fig,Fig,Benzyl alcohol rich,100-51-6,1,0,1,aromatic alcohol,fruity / green,heart,alcohol,fig fruit,108.14,205.0,1.1,0.02,38.0,4.0,6.0,93.0,0,0,0,0,0,0,0,0
NOTE-0158,NOTE-0158,fig_leaf,Fig Leaf,Cis-3-hexenol rich,928-96-1,1,0,1,green alcohol,green / fruity,top,alcohol,fig leaf,100.16,157.0,1.5,0.03,18.0,1.0,2.0,54.0,0,0,0,0,0,0,0,0
NOTE-0159,NOTE-0159,fir,Fir,,,0,0,1,unknown,unknown,unknown,unknown,unknown,180.04199999999997,255.36342592592592,3.357798165137614,0.012166376146788989,56.51152073732719,11.857142857142858,14.28110599078341,105.20046082949308,1,1,1,1,1,1,1,1
NOTE-0160,NOTE-0160,fir_needles,Fir Needles,,,0,0,1,unknown,unknown,unknown,unknown,unknown,180.04199999999997,255.36342592592592,3.357798165137614,0.012166376146788989,56.51152073732719,11.857142857142858,14.28110599078341,105.20046082949308,1,1,1,1,1,1,1,1
NOTE-0161,NOTE-0161,flax,Flax,,,0,0,1,unknown,unknown,unknown,unknown,unknown,180.04199999999997,255.36342592592592,3.357798165137614,0.012166376146788989,56.51152073732719,11.857142857142858,14.28110599078341,105.20046082949308,1,1,1,1,1,1,1,1
NOTE-0162,NOTE-0162,flint,Flint,,,0,0,1,unknown,unknown,unknown,unknown,unknown,180.04199999999997,255.36342592592592,3.357798165137614,0.012166376146788989,56.51152073732719,11.857142857142858,14.28110599078341,105.20046082949308,1,1,1,1,1,1,1,1
NOTE-0163,NOTE-0163,floral_notes,Floral Notes,,,0,0,1,unknown,unknown,unknown,unknown,unknown,180.04199999999997,255.36342592592592,3.357798165137614,0.012166376146788989,56.51152073732719,11.857142857142858,14.28110599078341,105.20046082949308,1,1,1,1,1,1,1,1
NOTE-0164,NOTE-0164,frangipani,Frangipani,,,0,0,1,unknown,unknown,unknown,unknown,unknown,180.04199999999997,255.36342592592592,3.357798165137614,0.012166376146788989,56.51152073732719,11.857142857142858,14.28110599078341,105.20046082949308,1,1,1,1,1,1,1,1
NOTE-0165,NOTE-0165,frankincense,Frankincense,Incensole acetate,8016-36-2,1,0,1,resin / diterpene,resinous / fresh,base,alcohol,frankincense resin,222.37,280.0,4.2,0.001,78.0,12.0,24.0,105.0,0,0,0,0,0,0,0,0
NOTE-0166,NOTE-0166,freesia,Freesia,,,0,1,1,unknown,unknown,unknown,unknown,unknown,180.04199999999997,255.36342592592592,3.357798165137614,0.012166376146788989,56.51152073732719,11.857142857142858,14.28110599078341,105.20046082949308,1,1,1,1,1,1,1,1
NOTE-0167,NOTE-0167,fruit,Fruit,,,0,0,1,unknown,unknown,unknown,unknown,unknown,180.04199999999997,255.36342592592592,3.357798165137614,0.012166376146788989,56.51152073732719,11.857142857142858,14.28110599078341,105.20046082949308,1,1,1,1,1,1,1,1
NOTE-0168,NOTE-0168,fruity_notes,Fruity Notes,,,0,0,1,unknown,unknown,unknown,unknown,unknown,180.04199999999997,255.36342592592592,3.357798165137614,0.012166376146788989,56.51152073732719,11.857142857142858,14.28110599078341,105.20046082949308,1,1,1,1,1,1,1,1
NOTE-0169,NOTE-0169,galbanum,Galbanum,Galbanic acids,8023-91-4,1,1,1,resin / terpenoid,green / resinous,top / heart,alcohol / oil,galbanum resin,170.25,220.0,3.4,0.01,40.0,4.0,6.0,72.0,0,0,0,0,0,0,0,0
NOTE-0170,NOTE-0170,gardenia,Gardenia,,,0,0,1,unknown,unknown,unknown,unknown,unknown,180.04199999999997,255.36342592592592,3.357798165137614,0.012166376146788989,56.51152073732719,11.857142857142858,14.28110599078341,105.20046082949308,1,1,1,1,1,1,1,1
NOTE-0171,NOTE-0064,geranium,Geranium,Geraniol rich,8000-46-2,1,0,1,terpenoid alcohol,floral / green,heart,alcohol,geranium leaves,154.25,230.0,3.4,0.02,38.0,4.0,6.0,78.0,0,0,0,0,0,0,0,0
NOTE-0172,NOTE-0172,ginger,Ginger,Zingerone rich,8007-08-7,1,0,1,phenolic ketone,spicy / fresh,top / heart,alcohol / oil,ginger root,194.23,295.0,3.1,0.02,28.0,2.0,4.0,71.0,0,0,0,0,0,0,0,0
NOTE-0173,NOTE-0173,goldenwood,Goldenwood,,,0,0,1,unknown,unknown,unknown,unknown,unknown,180.04199999999997,255.36342592592592,3.357798165137614,0.012166376146788989,56.51152073732719,11.857142857142858,14.28110599078341,105.20046082949308,1,1,1,1,1,1,1,1
NOTE-0174,NOTE-0174,grape,Grape,,,0,0,1,unknown,unknown,unknown,unknown,unknown,180.04199999999997,255.36342592592592,3.357798165137614,0.012166376146788989,56.51152073732719,11.857142857142858,14.28110599078341,105.20046082949308,1,1,1,1,1,1,1,1
NOTE-0175,NOTE-0175,grapefruit,Grapefruit,Nootkatone rich,8016-20-4,1,1,1,terpenoid ketone,citrus / bitter,top,alcohol,grapefruit peel,218.34,279.0,3.9,0.01,20.0,1.0,2.0,110.0,0,0,0,0,0,0,0,0
NOTE-0176,NOTE-0176,grapefruit_blossom,Grapefruit Blossom,,,0,0,1,unknown,unknown,unknown,unknown,unknown,180.04199999999997,255.36342592592592,3.357798165137614,0.012166376146788989,56.51152073732719,11.857142857142858,14.28110599078341,105.20046082949308,1,1,1,1,1,1,1,1
NOTE-0177,NOTE-0177,grass,Grass,,,0,0,1,unknown,unknown,unknown,unknown,unknown,180.04199999999997,255.36342592592592,3.357798165137614,0.012166376146788989,56.51152073732719,11.857142857142858,14.28110599078341,105.20046082949308,1,1,1,1,1,1,1,1
NOTE-0178,NOTE-0178,grasse_rose,Grasse Rose,,,0,0,1,unknown,unknown,unknown,unknown,unknown,180.04199999999997,255.36342592592592,3.357798165137614,0.012166376146788989,56.51152073732719,11.857142857142858,14.28110599078341,105.20046082949308,1,1,1,1,1,1,1,1
NOTE-0179,NOTE-0179,green_accord,Green Accord,,,0,0,1,unknown,unknown,unknown,unknown,unknown,180.04199999999997,255.36342592592592,3.357798165137614,0.012166376146788989,56.51152073732719,11.857142857142858,14.28110599078341,105.20046082949308,1,1,1,1,1,1,1,1
NOTE-0180,NOTE-0180,green_apple,Green Apple,,,0,1,1,unknown,unknown,unknown,unknown,unknown,180.04199999999997,255.36342592592592,3.357798165137614,0.012166376146788989,56.51152073732719,11.857142857142858,14.28110599078341,105.20046082949308,1,1,1,1,1,1,1,1
NOTE-0181,NOTE-0181,green_leaves,Green Leaves,,,0,0,1,unknown,unknown,unknown,unknown,unknown,180.04199999999997,255.36342592592592,3.357798165137614,0.012166376146788989,56.51152073732719,11.857142857142858,14.28110599078341,105.20046082949308,1,1,1,1,1,1,1,1
NOTE-0182,NOTE-0182,green_mandarin,Green Mandarin,,,0,0,1,unknown,unknown,unknown,unknown,unknown,180.04199999999997,255.36342592592592,3.357798165137614,0.012166376146788989,56.51152073732719,11.857142857142858,14.28110599078341,105.20046082949308,1,1,1,1,1,1,1,1
NOTE-0183,NOTE-0179,green_mango,Green Mango,,,0,0,1,unknown,unknown,unknown,unknown,unknown,180.04199999999997,255.36342592592592,3.357798165137614,0.012166376146788989,56.51152073732719,11.857142857142858,14.28110599078341,105.20046082949308,1,1,1,1,1,1,1,1
NOTE-0184,NOTE-0184,green_notes,Green Notes,,,0,0,1,unknown,unknown,unknown,unknown,unknown,180.04199999999997,255.36342592592592,3.357798165137614,0.012166376146788989,56.51152073732719,11.857142857142858,14.28110599078341,105.20046082949308,1,1,1,1,1,1,1,1
NOTE-0185,NOTE-0036,green_tea,Green Tea,Ionones,8015-73-4,1,0,1,ketone,green / tea,heart,alcohol,tea leaves,192.3,250.0,2.9,0.02,38.0,4.0,6.0,82.0,0,0,0,0,0,0,0,0
NOTE-0186,NOTE-0186,grey_amber,Grey Amber,,,0,0,1,unknown,unknown,unknown,unknown,unknown,180.04199999999997,255.36342592592592,3.357798165137614,0.012166376146788989,56.51152073732719,11.857142857142858,14.28110599078341,105.20046082949308,1,1,1,1,1,1,1,1
NOTE-0187,NOTE-0187,guaiac_wood,Guaiac Wood,,,0,1,1,unknown,unknown,unknown,unknown,unknown,180.04199999999997,255.36342592592592,3.357798165137614,0.012166376146788989,56.51152073732719,11.857142857142858,14.28110599078341,105.20046082949308,1,1,1,1,1,1,1,1
NOTE-0188,NOTE-0188,haitian_vetiver,Haitian Vetiver,Vetiverol rich,8016-96-4,1,0,1,sesquiterpene alcohol,woody / clean,base,alcohol,vetiver root,222.37,280.0,4.5,0.005,85.0,24.0,24.0,120.0,0,0,0,0,0,0,0,0
NOTE-0189,NOTE-0189,hawthorn,Hawthorn,,,0,0,1,unknown,unknown,unknown,unknown,unknown,180.04199999999997,255.36342592592592,3.357798165137614,0.012166376146788989,56.51152073732719,11.857142857142858,14.28110599078341,105.20046082949308,1,1,1,1,1,1,1,1
NOTE-0190,NOTE-0190,hay,Hay,,,0,0,1,unknown,unknown,unknown,unknown,unknown,180.04199999999997,255.36342592592592,3.357798165137614,0.012166376146788989,56.51152073732719,11.857142857142858,14.28110599078341,105.20046082949308,1,1,1,1,1,1,1,1
NOTE-0191,NOTE-0191,hazelnut,Hazelnut,,,0,0,1,unknown,unknown,unknown,unknown,unknown,180.04199999999997,255.36342592592592,3.357798165137614,0.012166376146788989,56.51152073732719,11.857142857142858,14.28110599078341,105.20046082949308,1,1,1,1,1,1,1,1
NOTE-0192,NOTE-0192,hedgerow_florals,Hedgerow Florals,,,0,0,1,unknown,unknown,unknown,unknown,unknown,180.04199999999997,255.36342592592592,3.357798165137614,0.012166376146788989,56.51152073732719,11.857142857142858,14.28110599078341,105.20046082949308,1,1,1,1,1,1,1,1
NOTE-0193,NOTE-0193,hedione,Hedione,Methyl dihydrojasmonate,24851-98-7,1,1,1,ester,floral / jasmine,heart,alcohol,synthetic,226.31,220.07142857142858,3.1,0.01,40.0,4.0,6.0,110.0,0,1,0,0,0,0,0,0
NOTE-0194,NOTE-0194,heliotrope,Heliotrope,Piperonal,120-57-0,1,1,1,aromatic aldehyde,powdery / floral,heart,alcohol,synthetic / natural isolate,150.13,263.0,2.0,0.01,40.0,4.0,6.0,110.0,0,0,0,0,0,0,0,0
NOTE-0195,NOTE-0195,herbs,Herbs,,,0,0,1,unknown,unknown,unknown,unknown,unknown,180.04199999999997,255.36342592592592,3.357798165137614,0.012166376146788989,56.51152073732719,11.857142857142858,14.28110599078341,105.20046082949308,1,1,1,1,1,1,1,1
NOTE-0196,NOTE-0196,hiacynth,Hiacynth,,,0,0,1,unknown,unknown,unknown,unknown,unknown,180.04199999999997,255.36342592592592,3.357798165137614,0.012166376146788989,56.51152073732719,11.857142857142858,14.28110599078341,105.20046082949308,1,1,1,1,1,1,1,1
NOTE-0197,NOTE-0197,honey,Honey,Phenylacetic acid rich,8006-66-2,1,0,1,aromatic acid,sweet / animalic,heart / base,alcohol,honey,136.15,265.0,1.6,0.01,55.0,6.0,12.0,93.0,0,0,0,0,0,0,0,0
NOTE-0198,NOTE-0198,honeysuckle,Honeysuckle,,,0,0,1,unknown,unknown,unknown,unknown,unknown,180.04199999999997,255.36342592592592,3.357798165137614,0.012166376146788989,56.51152073732719,11.857142857142858,14.28110599078341,105.20046082949308,1,1,1,1,1,1,1,1
NOTE-0199,NOTE-0199,hyacinth,Hyacinth,,,0,0,1,unknown,unknown,unknown,unknown,unknown,180.04199999999997,255.36342592592592,3.357798165137614,0.012166376146788989,56.51152073732719,11.857142857142858,14.28110599078341,105.20046082949308,1,1,1,1,1,1,1,1
NOTE-0200,NOTE-0200,immortelle,Immortelle,,,0,0,1,unknown,unknown,unknown,unknown,unknown,180.04199999999997,255.36342592592592,3.357798165137614,0.012166376146788989,56.51152073732719,11.857142857142858,14.28110599078341,105.20046082949308,1,1,1,1,1,1,1,1
NOTE-0201,NOTE-0201,incense,Incense,,,0,0,1,unknown,unknown,unknown,unknown,unknown,180.04199999999997,255.36342592592592,3.357798165137614,0.012166376146788989,56.51152073732719,11.857142857142858,14.28110599078341,105.20046082949308,1,1,1,1,1,1,1,1
NOTE-0202,NOTE-0202,indian_tuberose,Indian Tuberose,,,0,0,1,unknown,unknown,unknown,unknown,unknown,180.04199999999997,255.36342592592592,3.357798165137614,0.012166376146788989,56.51152073732719,11.857142857142858,14.28110599078341,105.20046082949308,1,1,1,1,1,1,1,1
NOTE-0203,NOTE-0203,indonesian_patchouli_leaf,Indonesian Patchouli Leaf,,,0,0,1,unknown,unknown,unknown,unknown,unknown,180.04199999999997,255.36342592592592,3.357798165137614,0.012166376146788989,56.51152073732719,11.857142857142858,14.28110599078341,105.20046082949308,1,1,1,1,1,1,1,1
NOTE-0204,NOTE-0204,iris,Iris,,,0,1,1,unknown,unknown,unknown,unknown,unknown,180.04199999999997,255.36342592592592,3.357798165137614,0.012166376146788989,56.51152073732719,11.857142857142858,14.28110599078341,105.20046082949308,1,1,1,1,1,1,1,1
NOTE-0205,NOTE-0205,iso_e_super,Iso E Super,Tetramethyl acetyloctahydronaphthalenes,54464-57-2,1,1,1,aromatic ether,woody / amber,base,alcohol,synthetic,234.38,300.0,4.5,0.05,85.0,24.0,24.0,110.0,0,0,0,0,0,0,0,0
NOTE-0206,NOTE-0206,italian_mandarin,Italian Mandarin,,,0,0,1,unknown,unknown,unknown,unknown,unknown,180.04199999999997,255.36342592592592,3.357798165137614,0.012166376146788989,56.51152073732719,11.857142857142858,14.28110599078341,105.20046082949308,1,1,1,1,1,1,1,1
NOTE-0207,NOTE-0207,italian_orange,Italian Orange,,,0,0,1,unknown,unknown,unknown,unknown,unknown,180.04199999999997,255.36342592592592,3.357798165137614,0.012166376146788989,56.51152073732719,11.857142857142858,14.28110599078341,105.20046082949308,1,1,1,1,1,1,1,1
NOTE-0208,NOTE-0208,ivy,Ivy,,,0,0,1,unknown,unknown,unknown,unknown,unknown,180.04199999999997,255.36342592592592,3.357798165137614,0.012166376146788989,56.51152073732719,11.857142857142858,14.28110599078341,105.20046082949308,1,1,1,1,1,1,1,1
NOTE-0209,NOTE-0209,jasmine,Jasmine,,,0,1,1,unknown,unknown,unknown,unknown,unknown,180.04199999999997,255.36342592592592,3.357798165137614,0.012166376146788989,56.51152073732719,11.857142857142858,14.28110599078341,105.20046082949308,1,1,1,1,1,1,1,1
NOTE-0210,NOTE-0210,jasmine_egypt_infusion,Jasmine Egypt Infusion,,,0,0,1,unknown,unknown,unknown,unknown,unknown,180.04199999999997,255.36342592592592,3.357798165137614,0.012166376146788989,56.51152073732719,11.857142857142858,14.28110599078341,105.20046082949308,1,1,1,1,1,1,1,1
NOTE-0211,NOTE-0211,jasmine_sambac,Jasmine Sambac,,,0,0,1,unknown,unknown,unknown,unknown,unknown,180.04199999999997,255.36342592592592,3.357798165137614,0.012166376146788989,56.51152073732719,11.857142857142858,14.28110599078341,105.20046082949308,1,1,1,1,1,1,1,1
NOTE-0212,NOTE-0212,jasmine_tea,Jasmine Tea,,,0,0,1,unknown,unknown,unknown,unknown,unknown,180.04199999999997,255.36342592592592,3.357798165137614,0.012166376146788989,56.51152073732719,11.857142857142858,14.28110599078341,105.20046082949308,1,1,1,1,1,1,1,1
NOTE-0213,NOTE-0213,java_vetiver_oil,Java vetiver oil,,,0,0,1,unknown,unknown,unknown,unknown,unknown,180.04199999999997,255.36342592592592,3.357798165137614,0.012166376146788989,56.51152073732719,11.857142857142858,14.28110599078341,105.20046082949308,1,1,1,1,1,1,1,1
NOTE-0214,NOTE-0214,juniper,Juniper,,,0,0,1,unknown,unknown,unknown,unknown,unknown,180.04199999999997,255.36342592592592,3.357798165137614,0.012166376146788989,56.51152073732719,11.857142857142858,14.28110599078341,105.20046082949308,1,1,1,1,1,1,1,1
NOTE-0215,NOTE-0215,juniper_berries,Juniper Berries,,,0,0,1,unknown,unknown,unknown,unknown,unknown,180.04199999999997,255.36342592592592,3.357798165137614,0.012166376146788989,56.51152073732719,11.857142857142858,14.28110599078341,105.20046082949308,1,1,1,1,1,1,1,1
NOTE-0216,NOTE-0216,kiwi,Kiwi,,,0,0,1,unknown,unknown,unknown,unknown,unknown,180.04199999999997,255.36342592592592,3.357798165137614,0.012166376146788989,56.51152073732719,11.857142857142858,14.28110599078341,105.20046082949308,1,1,1,1,1,1,1,1
NOTE-0217,NOTE-0217,kulfi,Kulfi,,,0,0,1,unknown,unknown,unknown,unknown,unknown,180.04199999999997,255.36342592592592,3.357798165137614,0.012166376146788989,56.51152073732719,11.857142857142858,14.28110599078341,105.20046082949308,1,1,1,1,1,1,1,1
NOTE-0218,NOTE-0218,kulfi_accord,Kulfi Accord,,,0,0,1,unknown,unknown,unknown,unknown,unknown,180.04199999999997,255.36342592592592,3.357798165137614,0.012166376146788989,56.51152073732719,11.857142857142858,14.28110599078341,105.20046082949308,1,1,1,1,1,1,1,1
NOTE-0219,NOTE-0219,kumquat,Kumquat,,,0,0,1,unknown,unknown,unknown,unknown,unknown,180.04199999999997,255.36342592592592,3.357798165137614,0.012166376146788989,56.51152073732719,11.857142857142858,14.28110599078341,105.20046082949308,1,1,1,1,1,1,1,1
NOTE-0220,NOTE-0220,labdanum,Labdanum,Labdanic acids,8016-26-0,1,1,1,resin / terpenoid,amber / resinous,base,alcohol / oil,cistus resin,204.3,260.0,4.2,0.0008,90.0,24.0,24.0,110.0,0,0,0,0,0,0,0,0
NOTE-0221,NOTE-0221,lavandin,Lavandin,,,0,0,1,unknown,unknown,unknown,unknown,unknown,180.04199999999997,255.36342592592592,3.357798165137614,0.012166376146788989,56.51152073732719,11.857142857142858,14.28110599078341,105.20046082949308,1,1,1,1,1,1,1,1
NOTE-0222,NOTE-0222,lavender,Lavender,"Linalool, Linalyl Acetate rich",8000-28-0,1,1,1,terpenoid ester,aromatic / floral,top / heart,alcohol / oil,lavender flowers,154.25,198.0,2.8,0.02,30.0,3.0,5.0,70.0,0,0,0,0,0,0,0,0
NOTE-0223,NOTE-0223,leather,Leather,,,0,0,1,unknown,unknown,unknown,unknown,unknown,180.04199999999997,255.36342592592592,3.357798165137614,0.012166376146788989,56.51152073732719,11.857142857142858,14.28110599078341,105.20046082949308,1,1,1,1,1,1,1,1
NOTE-0224,NOTE-0054,leather_accord,Leather Accord,Isoquinoline blend,-,1,0,1,aromatic blend,leather / smoky,base,alcohol,synthetic blend,180.04199999999997,255.36342592592592,4.0,0.001,80.0,12.0,24.0,110.0,1,1,0,0,0,0,0,0
NOTE-0225,NOTE-0225,lemon,Lemon,,,0,1,1,unknown,unknown,unknown,unknown,unknown,180.04199999999997,255.36342592592592,3.357798165137614,0.012166376146788989,56.51152073732719,11.857142857142858,14.28110599078341,105.20046082949308,1,1,1,1,1,1,1,1
NOTE-0226,NOTE-0226,lemon_verbena,Lemon Verbena,,,0,0,1,unknown,unknown,unknown,unknown,unknown,180.04199999999997,255.36342592592592,3.357798165137614,0.012166376146788989,56.51152073732719,11.857142857142858,14.28110599078341,105.20046082949308,1,1,1,1,1,1,1,1
NOTE-0227,NOTE-0227,lemon_zest,Lemon Zest,,,0,0,1,unknown,unknown,unknown,unknown,unknown,180.04199999999997,255.36342592592592,3.357798165137614,0.012166376146788989,56.51152073732719,11.857142857142858,14.28110599078341,105.20046082949308,1,1,1,1,1,1,1,1
NOTE-0228,NOTE-0228,lentisque,Lentisque,,,0,0,1,unknown,unknown,unknown,unknown,unknown,180.04199999999997,255.36342592592592,3.357798165137614,0.012166376146788989,56.51152073732719,11.857142857142858,14.28110599078341,105.20046082949308,1,1,1,1,1,1,1,1
NOTE-0229,NOTE-0229,licorice,Licorice,,,0,0,1,unknown,unknown,unknown,unknown,unknown,180.04199999999997,255.36342592592592,3.357798165137614,0.012166376146788989,56.51152073732719,11.857142857142858,14.28110599078341,105.20046082949308,1,1,1,1,1,1,1,1
NOTE-0230,NOTE-0230,light_woods,Light Woods,,,0,0,1,unknown,unknown,unknown,unknown,unknown,180.04199999999997,255.36342592592592,3.357798165137614,0.012166376146788989,56.51152073732719,11.857142857142858,14.28110599078341,105.20046082949308,1,1,1,1,1,1,1,1
NOTE-0231,NOTE-0231,lilac,Lilac,,,0,0,1,unknown,unknown,unknown,unknown,unknown,180.04199999999997,255.36342592592592,3.357798165137614,0.012166376146788989,56.51152073732719,11.857142857142858,14.28110599078341,105.20046082949308,1,1,1,1,1,1,1,1
NOTE-0232,NOTE-0232,lily,Lily,,,0,0,1,unknown,unknown,unknown,unknown,unknown,180.04199999999997,255.36342592592592,3.357798165137614,0.012166376146788989,56.51152073732719,11.857142857142858,14.28110599078341,105.20046082949308,1,1,1,1,1,1,1,1
NOTE-0233,NOTE-0233,lily_of_the_valley,Lily-of-the-Valley,,,0,1,1,unknown,unknown,unknown,unknown,unknown,180.04199999999997,255.36342592592592,3.357798165137614,0.012166376146788989,56.51152073732719,11.857142857142858,14.28110599078341,105.20046082949308,1,1,1,1,1,1,1,1
NOTE-0234,NOTE-0234,lime,Lime,Limonene rich,8008-26-2,1,0,1,terpene,citrus / sharp,top,alcohol,lime peel,136.24,176.0,4.2,0.03,18.0,1.0,2.0,50.0,0,0,0,0,0,0,0,0
NOTE-0235,NOTE-0235,limoncello,Limoncello,,,0,0,1,unknown,unknown,unknown,unknown,unknown,180.04199999999997,255.36342592592592,3.357798165137614,0.012166376146788989,56.51152073732719,11.857142857142858,14.28110599078341,105.20046082949308,1,1,1,1,1,1,1,1
NOTE-0236,NOTE-0236,liquor,Liquor,,,0,0,1,unknown,unknown,unknown,unknown,unknown,180.04199999999997,255.36342592592592,3.357798165137614,0.012166376146788989,56.51152073732719,11.857142857142858,14.28110599078341,105.20046082949308,1,1,1,1,1,1,1,1
NOTE-0237,NOTE-0237,liquor_accord,Liquor Accord,,,0,0,1,unknown,unknown,unknown,unknown,unknown,180.04199999999997,255.36342592592592,3.357798165137614,0.012166376146788989,56.51152073732719,11.857142857142858,14.28110599078341,105.20046082949308,1,1,1,1,1,1,1,1
NOTE-0238,NOTE-0238,litchi,Litchi,,,0,0,1,unknown,unknown,unknown,unknown,unknown,180.04199999999997,255.36342592592592,3.357798165137614,0.012166376146788989,56.51152073732719,11.857142857142858,14.28110599078341,105.20046082949308,1,1,1,1,1,1,1,1
NOTE-0239,NOTE-0239,lorenox,Lorenox,,,0,0,1,unknown,unknown,unknown,unknown,unknown,180.04199999999997,255.36342592592592,3.357798165137614,0.012166376146788989,56.51152073732719,11.857142857142858,14.28110599078341,105.20046082949308,1,1,1,1,1,1,1,1
NOTE-0240,NOTE-0240,lotus,Lotus,Linalool rich,8024-92-6,1,0,1,terpenoid,floral / aquatic,heart,alcohol,lotus flower,154.25,198.0,2.9,0.02,42.0,4.0,6.0,75.0,0,0,0,0,0,0,0,0
NOTE-0241,NOTE-0241,lotus_wood,Lotus Wood,,,0,0,1,unknown,unknown,unknown,unknown,unknown,180.04199999999997,255.36342592592592,3.357798165137614,0.012166376146788989,56.51152073732719,11.857142857142858,14.28110599078341,105.20046082949308,1,1,1,1,1,1,1,1
NOTE-0242,NOTE-0242,mace,Mace,,,0,0,1,unknown,unknown,unknown,unknown,unknown,180.04199999999997,255.36342592592592,3.357798165137614,0.012166376146788989,56.51152073732719,11.857142857142858,14.28110599078341,105.20046082949308,1,1,1,1,1,1,1,1
NOTE-0243,NOTE-0243,madagascar_pepper,Madagascar Pepper,,,0,0,1,unknown,unknown,unknown,unknown,unknown,180.04199999999997,255.36342592592592,3.357798165137614,0.012166376146788989,56.51152073732719,11.857142857142858,14.28110599078341,105.20046082949308,1,1,1,1,1,1,1,1
NOTE-0244,NOTE-0244,madagascar_vanilla,Madagascar Vanilla,,,0,0,1,unknown,unknown,unknown,unknown,unknown,180.04199999999997,255.36342592592592,3.357798165137614,0.012166376146788989,56.51152073732719,11.857142857142858,14.28110599078341,105.20046082949308,1,1,1,1,1,1,1,1
NOTE-0245,NOTE-0245,magnolia,Magnolia,,,0,0,1,unknown,unknown,unknown,unknown,unknown,180.04199999999997,255.36342592592592,3.357798165137614,0.012166376146788989,56.51152073732719,11.857142857142858,14.28110599078341,105.20046082949308,1,1,1,1,1,1,1,1
NOTE-0246,NOTE-0246,mandarin,Mandarin,Limonene rich,8008-31-9,1,0,1,terpene,citrus / sweet,top,alcohol,mandarin peel,136.24,176.0,4.2,0.02,18.0,1.0,2.0,50.0,0,0,0,0,0,0,0,0
NOTE-0247,NOTE-0247,mandarin_leaf,Mandarin Leaf,,,0,0,1,unknown,unknown,unknown,unknown,unknown,180.04199999999997,255.36342592592592,3.357798165137614,0.012166376146788989,56.51152073732719,11.857142857142858,14.28110599078341,105.20046082949308,1,1,1,1,1,1,1,1
NOTE-0248,NOTE-0248,mandarin_orange,Mandarin Orange,,,0,0,1,unknown,unknown,unknown,unknown,unknown,180.04199999999997,255.36342592592592,3.357798165137614,0.012166376146788989,56.51152073732719,11.857142857142858,14.28110599078341,105.20046082949308,1,1,1,1,1,1,1,1
NOTE-0249,NOTE-0249,marine_notes,Marine Notes,,,0,0,1,unknown,unknown,unknown,unknown,unknown,180.04199999999997,255.36342592592592,3.357798165137614,0.012166376146788989,56.51152073732719,11.857142857142858,14.28110599078341,105.20046082949308,1,1,1,1,1,1,1,1
NOTE-0250,NOTE-0250,marjoram,Marjoram,,,0,0,1,unknown,unknown,unknown,unknown,unknown,180.04199999999997,255.36342592592592,3.357798165137614,0.012166376146788989,56.51152073732719,11.857142857142858,14.28110599078341,105.20046082949308,1,1,1,1,1,1,1,1
NOTE-0251,NOTE-0251,marshmallow,Marshmallow,,,0,0,1,unknown,unknown,unknown,unknown,unknown,180.04199999999997,255.36342592592592,3.357798165137614,0.012166376146788989,56.51152073732719,11.857142857142858,14.28110599078341,105.20046082949308,1,1,1,1,1,1,1,1
NOTE-0252,NOTE-0252,mastic,Mastic,,,0,0,1,unknown,unknown,unknown,unknown,unknown,180.04199999999997,255.36342592592592,3.357798165137614,0.012166376146788989,56.51152073732719,11.857142857142858,14.28110599078341,105.20046082949308,1,1,1,1,1,1,1,1
NOTE-0253,NOTE-0253,mastic_or_lentisque,Mastic or Lentisque,,,0,0,1,unknown,unknown,unknown,unknown,unknown,180.04199999999997,255.36342592592592,3.357798165137614,0.012166376146788989,56.51152073732719,11.857142857142858,14.28110599078341,105.20046082949308,1,1,1,1,1,1,1,1
NOTE-0254,NOTE-0254,mate,Mate,,,0,0,1,unknown,unknown,unknown,unknown,unknown,180.04199999999997,255.36342592592592,3.357798165137614,0.012166376146788989,56.51152073732719,11.857142857142858,14.28110599078341,105.20046082949308,1,1,1,1,1,1,1,1
NOTE-0255,NOTE-0255,may_rose,May Rose,,,0,0,1,unknown,unknown,unknown,unknown,unknown,180.04199999999997,255.36342592592592,3.357798165137614,0.012166376146788989,56.51152073732719,11.857142857142858,14.28110599078341,105.20046082949308,1,1,1,1,1,1,1,1
NOTE-0256,NOTE-0256,melon,Melon,,,0,0,1,unknown,unknown,unknown,unknown,unknown,180.04199999999997,255.36342592592592,3.357798165137614,0.012166376146788989,56.51152073732719,11.857142857142858,14.28110599078341,105.20046082949308,1,1,1,1,1,1,1,1
NOTE-0257,NOTE-0257,metallic_notes,Metallic notes,,,0,0,1,unknown,unknown,unknown,unknown,unknown,180.04199999999997,255.36342592592592,3.357798165137614,0.012166376146788989,56.51152073732719,11.857142857142858,14.28110599078341,105.20046082949308,1,1,1,1,1,1,1,1
NOTE-0258,NOTE-0258,mexican_chocolate,Mexican chocolate,,,0,0,1,unknown,unknown,unknown,unknown,unknown,180.04199999999997,255.36342592592592,3.357798165137614,0.012166376146788989,56.51152073732719,11.857142857142858,14.28110599078341,105.20046082949308,1,1,1,1,1,1,1,1
NOTE-0259,NOTE-0259,mignonette,Mignonette,,,0,0,1,unknown,unknown,unknown,unknown,unknown,180.04199999999997,255.36342592592592,3.357798165137614,0.012166376146788989,56.51152073732719,11.857142857142858,14.28110599078341,105.20046082949308,1,1,1,1,1,1,1,1
NOTE-0260,NOTE-0260,milk,Milk,,,0,0,1,unknown,unknown,unknown,unknown,unknown,180.04199999999997,255.36342592592592,3.357798165137614,0.012166376146788989,56.51152073732719,11.857142857142858,14.28110599078341,105.20046082949308,1,1,1,1,1,1,1,1
NOTE-0261,NOTE-0261,milk_chocolate,Milk Chocolate,,,0,0,1,unknown,unknown,unknown,unknown,unknown,180.04199999999997,255.36342592592592,3.357798165137614,0.012166376146788989,56.51152073732719,11.857142857142858,14.28110599078341,105.20046082949308,1,1,1,1,1,1,1,1
NOTE-0262,NOTE-0262,mimosa,Mimosa,Anisic aldehyde rich,8016-87-3,1,0,1,aromatic aldehyde,floral / powdery,heart,alcohol,mimosa flowers,136.15,248.0,2.3,0.01,40.0,4.0,6.0,82.0,0,0,0,0,0,0,0,0
NOTE-0263,NOTE-0263,mineral_notes,Mineral Notes,,,0,0,1,unknown,unknown,unknown,unknown,unknown,180.04199999999997,255.36342592592592,3.357798165137614,0.012166376146788989,56.51152073732719,11.857142857142858,14.28110599078341,105.20046082949308,1,1,1,1,1,1,1,1
NOTE-0264,NOTE-0264,mint,Mint,Menthol,89-78-1,1,0,1,terpene alcohol,aromatic / fresh,top,alcohol,mint leaves,156.27,212.0,3.4,0.03,20.0,1.0,2.0,93.0,0,0,0,0,0,0,0,0
NOTE-0265,NOTE-0265,mixed_spices,Mixed Spices,,,0,0,1,unknown,unknown,unknown,unknown,unknown,180.04199999999997,255.36342592592592,3.357798165137614,0.012166376146788989,56.51152073732719,11.857142857142858,14.28110599078341,105.20046082949308,1,1,1,1,1,1,1,1
NOTE-0266,NOTE-0266,mojito,Mojito,,,0,0,1,unknown,unknown,unknown,unknown,unknown,180.04199999999997,255.36342592592592,3.357798165137614,0.012166376146788989,56.51152073732719,11.857142857142858,14.28110599078341,105.20046082949308,1,1,1,1,1,1,1,1
NOTE-0267,NOTE-0267,moroccan_jasmine,Moroccan Jasmine,,,0,0,1,unknown,unknown,unknown,unknown,unknown,180.04199999999997,255.36342592592592,3.357798165137614,0.012166376146788989,56.51152073732719,11.857142857142858,14.28110599078341,105.20046082949308,1,1,1,1,1,1,1,1
NOTE-0268,NOTE-0268,moss,Moss,,,0,0,1,unknown,unknown,unknown,unknown,unknown,180.04199999999997,255.36342592592592,3.357798165137614,0.012166376146788989,56.51152073732719,11.857142857142858,14.28110599078341,105.20046082949308,1,1,1,1,1,1,1,1
NOTE-0269,NOTE-0269,musk,Musk,,,0,1,1,unknown,unknown,unknown,unknown,unknown,180.04199999999997,255.36342592592592,3.357798165137614,0.012166376146788989,56.51152073732719,11.857142857142858,14.28110599078341,105.20046082949308,1,1,1,1,1,1,1,1
NOTE-0270,NOTE-0270,myrhh,Myrhh,,,0,0,1,unknown,unknown,unknown,unknown,unknown,180.04199999999997,255.36342592592592,3.357798165137614,0.012166376146788989,56.51152073732719,11.857142857142858,14.28110599078341,105.20046082949308,1,1,1,1,1,1,1,1
NOTE-0271,NOTE-0271,myrrh,Myrrh,"Furanoeudesma-1,3-diene",9000-45-7,1,0,1,resin,balsamic / smoky,base,alcohol,myrrh resin,222.37,290.0,4.4,0.001,80.0,12.0,24.0,110.0,0,0,0,0,0,0,0,0
NOTE-0272,NOTE-0272,myrtle,Myrtle,,,0,0,1,unknown,unknown,unknown,unknown,unknown,180.04199999999997,255.36342592592592,3.357798165137614,0.012166376146788989,56.51152073732719,11.857142857142858,14.28110599078341,105.20046082949308,1,1,1,1,1,1,1,1
NOTE-0273,NOTE-0273,mysore_sandalwood,Mysore Sandalwood,,,0,0,1,unknown,unknown,unknown,unknown,unknown,180.04199999999997,255.36342592592592,3.357798165137614,0.012166376146788989,56.51152073732719,11.857142857142858,14.28110599078341,105.20046082949308,1,1,1,1,1,1,1,1
NOTE-0274,NOTE-0274,narcissus,Narcissus,,,0,0,1,unknown,unknown,unknown,unknown,unknown,180.04199999999997,255.36342592592592,3.357798165137614,0.012166376146788989,56.51152073732719,11.857142857142858,14.28110599078341,105.20046082949308,1,1,1,1,1,1,1,1
NOTE-0275,NOTE-0275,neroli,Neroli,Linalool rich,8016-38-4,1,0,1,terpenoid alcohol,floral / citrus,top / heart,alcohol / oil,orange blossom,154.25,198.0,2.7,0.01,32.0,3.0,5.0,70.0,0,0,0,0,0,0,0,0
NOTE-0276,NOTE-0276,night_blooming_cereus,Night blooming Cereus,,,0,0,1,unknown,unknown,unknown,unknown,unknown,180.04199999999997,255.36342592592592,3.357798165137614,0.012166376146788989,56.51152073732719,11.857142857142858,14.28110599078341,105.20046082949308,1,1,1,1,1,1,1,1
NOTE-0277,NOTE-0277,nutmeg,Nutmeg,Myristicin rich,607-91-0,1,0,1,phenylpropanoid,spicy / warm,heart,alcohol,nutmeg seed,192.21,276.0,3.1,0.01,45.0,4.0,6.0,102.0,0,0,0,0,0,0,0,0
NOTE-0278,NOTE-0278,oak,Oak,,,0,0,1,unknown,unknown,unknown,unknown,unknown,180.04199999999997,255.36342592592592,3.357798165137614,0.012166376146788989,56.51152073732719,11.857142857142858,14.28110599078341,105.20046082949308,1,1,1,1,1,1,1,1
NOTE-0279,NOTE-0279,oak_moss,oak moss,,,0,0,1,unknown,unknown,unknown,unknown,unknown,180.04199999999997,255.36342592592592,3.357798165137614,0.012166376146788989,56.51152073732719,11.857142857142858,14.28110599078341,105.20046082949308,1,1,1,1,1,1,1,1
NOTE-0280,NOTE-0280,oakmoss,Oakmoss,Atranol rich,90028-68-5,1,0,1,aromatic phenol,mossy / earthy,base,alcohol,oakmoss lichen,168.19,270.0,3.8,0.0005,85.0,12.0,24.0,96.0,0,0,0,0,0,0,0,0
NOTE-0281,NOTE-0281,olibanum,Olibanum,,,0,0,1,unknown,unknown,unknown,unknown,unknown,180.04199999999997,255.36342592592592,3.357798165137614,0.012166376146788989,56.51152073732719,11.857142857142858,14.28110599078341,105.20046082949308,1,1,1,1,1,1,1,1
NOTE-0282,NOTE-0282,olive_tree,Olive Tree,,,0,0,1,unknown,unknown,unknown,unknown,unknown,180.04199999999997,255.36342592592592,3.357798165137614,0.012166376146788989,56.51152073732719,11.857142857142858,14.28110599078341,105.20046082949308,1,1,1,1,1,1,1,1
NOTE-0283,NOTE-0283,opopanax,Opopanax,,,0,0,1,unknown,unknown,unknown,unknown,unknown,180.04199999999997,255.36342592592592,3.357798165137614,0.012166376146788989,56.51152073732719,11.857142857142858,14.28110599078341,105.20046082949308,1,1,1,1,1,1,1,1
NOTE-0284,NOTE-0284,opoponax,Opoponax,Sesquiterpenes,8016-37-3,1,1,1,resin,sweet / balsamic,base,alcohol,opoponax resin,185.265,300.0,4.0,0.001,82.0,24.0,24.0,110.0,1,0,0,0,0,0,0,0
NOTE-0285,NOTE-0285,orange,Orange,,,0,0,1,unknown,unknown,unknown,unknown,unknown,180.04199999999997,255.36342592592592,3.357798165137614,0.012166376146788989,56.51152073732719,11.857142857142858,14.28110599078341,105.20046082949308,1,1,1,1,1,1,1,1
NOTE-0286,NOTE-0275,orange_blossom,Orange Blossom,Benzyl acetate rich,8016-38-4,1,0,1,aromatic ester,white floral,heart,alcohol / oil,orange flowers,164.2,290.0,2.4,0.005,50.0,6.0,8.0,110.0,0,0,0,0,0,0,0,0
NOTE-0287,NOTE-0287,orange_flower,Orange Flower,,,0,0,1,unknown,unknown,unknown,unknown,unknown,180.04199999999997,255.36342592592592,3.357798165137614,0.012166376146788989,56.51152073732719,11.857142857142858,14.28110599078341,105.20046082949308,1,1,1,1,1,1,1,1
NOTE-0288,NOTE-0288,orange_honey,Orange Honey,,,0,0,1,unknown,unknown,unknown,unknown,unknown,180.04199999999997,255.36342592592592,3.357798165137614,0.012166376146788989,56.51152073732719,11.857142857142858,14.28110599078341,105.20046082949308,1,1,1,1,1,1,1,1
NOTE-0289,NOTE-0289,orange_peel,Orange Peel,,,0,0,1,unknown,unknown,unknown,unknown,unknown,180.04199999999997,255.36342592592592,3.357798165137614,0.012166376146788989,56.51152073732719,11.857142857142858,14.28110599078341,105.20046082949308,1,1,1,1,1,1,1,1
NOTE-0290,NOTE-0290,orchid,Orchid,,,0,0,1,unknown,unknown,unknown,unknown,unknown,180.04199999999997,255.36342592592592,3.357798165137614,0.012166376146788989,56.51152073732719,11.857142857142858,14.28110599078341,105.20046082949308,1,1,1,1,1,1,1,1
NOTE-0291,NOTE-0291,oregano,Oregano,Carvacrol,499-75-2,1,0,1,phenol,spicy / herbal,heart,alcohol,oregano leaves,150.22,236.0,3.4,0.02,40.0,3.0,5.0,90.0,0,0,0,0,0,0,0,0
NOTE-0292,NOTE-0292,orris,Orris,,,0,0,1,unknown,unknown,unknown,unknown,unknown,180.04199999999997,255.36342592592592,3.357798165137614,0.012166376146788989,56.51152073732719,11.857142857142858,14.28110599078341,105.20046082949308,1,1,1,1,1,1,1,1
NOTE-0293,NOTE-0293,orris_root,Orris Root,,,0,0,1,unknown,unknown,unknown,unknown,unknown,180.04199999999997,255.36342592592592,3.357798165137614,0.012166376146788989,56.51152073732719,11.857142857142858,14.28110599078341,105.20046082949308,1,1,1,1,1,1,1,1
NOTE-0294,NOTE-0294,osmanthus,Osmanthus,Ionones & lactones,92347-21-2,1,0,1,ketone / lactone,floral / fruity,heart,alcohol,osmanthus flower,180.04199999999997,280.0,3.2,0.002,55.0,6.0,10.0,115.0,1,0,0,0,0,0,0,0
NOTE-0295,NOTE-0295,oud,Oud,,,0,0,1,unknown,unknown,unknown,unknown,unknown,180.04199999999997,255.36342592592592,3.357798165137614,0.012166376146788989,56.51152073732719,11.857142857142858,14.28110599078341,105.20046082949308,1,1,1,1,1,1,1,1
NOTE-0296,NOTE-0296,oud_accord,Oud Accord,,,0,1,1,unknown,unknown,unknown,unknown,unknown,180.04199999999997,255.36342592592592,3.357798165137614,0.012166376146788989,56.51152073732719,11.857142857142858,14.28110599078341,105.20046082949308,1,1,1,1,1,1,1,1
NOTE-0297,NOTE-0297,ozonic_notes,Ozonic Notes,,,0,0,1,unknown,unknown,unknown,unknown,unknown,180.04199999999997,255.36342592592592,3.357798165137614,0.012166376146788989,56.51152073732719,11.857142857142858,14.28110599078341,105.20046082949308,1,1,1,1,1,1,1,1
NOTE-0298,NOTE-0298,papaya,Papaya,,,0,0,1,unknown,unknown,unknown,unknown,unknown,180.04199999999997,255.36342592592592,3.357798165137614,0.012166376146788989,56.51152073732719,11.857142857142858,14.28110599078341,105.20046082949308,1,1,1,1,1,1,1,1
NOTE-0299,NOTE-0299,paprika,Paprika,,,0,0,1,unknown,unknown,unknown,unknown,unknown,180.04199999999997,255.36342592592592,3.357798165137614,0.012166376146788989,56.51152073732719,11.857142857142858,14.28110599078341,105.20046082949308,1,1,1,1,1,1,1,1
NOTE-0300,NOTE-0300,papyrus,Papyrus,Sesquiterpenes,91722-79-1,1,0,1,terpenoid,woody / dry,base,alcohol,papyrus plant,156.89,285.0,4.1,0.002,80.0,12.0,24.0,110.0,1,0,0,0,0,0,0,0
NOTE-0301,NOTE-0301,patchouli,Patchouli,Patchoulol,8014-09-3,1,0,1,sesquiterpene alcohol,woody / earthy,base,oil,patchouli leaves,222.37,280.0,4.5,0.001,80.0,12.0,24.0,100.0,0,0,0,0,0,0,0,0
NOTE-0302,NOTE-0302,peach,Peach,γ-Undecalactone,104-67-6,1,0,1,lactone,fruity / creamy,heart,alcohol,synthetic / fruit,184.28,290.0,3.0,0.01,40.0,4.0,6.0,118.0,0,0,0,0,0,0,0,0
NOTE-0303,NOTE-0303,pear,Pear,Ethyl decadienoate,3025-30-7,1,1,1,ester,fruity / sweet,top,alcohol,synthetic / fruit,198.3,285.0,3.1,0.02,20.0,1.0,2.0,102.0,0,0,0,0,0,0,0,0
NOTE-0304,NOTE-0304,pear_blossom,Pear Blossom,,,0,0,1,unknown,unknown,unknown,unknown,unknown,180.04199999999997,255.36342592592592,3.357798165137614,0.012166376146788989,56.51152073732719,11.857142857142858,14.28110599078341,105.20046082949308,1,1,1,1,1,1,1,1
NOTE-0305,NOTE-0305,pelargonium,Pelargonium,,,0,0,1,unknown,unknown,unknown,unknown,unknown,180.04199999999997,255.36342592592592,3.357798165137614,0.012166376146788989,56.51152073732719,11.857142857142858,14.28110599078341,105.20046082949308,1,1,1,1,1,1,1,1
NOTE-0306,NOTE-0306,peony,Peony,,,0,1,1,unknown,unknown,unknown,unknown,unknown,180.04199999999997,255.36342592592592,3.357798165137614,0.012166376146788989,56.51152073732719,11.857142857142858,14.28110599078341,105.20046082949308,1,1,1,1,1,1,1,1
NOTE-0307,NOTE-0307,pepper,Pepper,,,0,0,1,unknown,unknown,unknown,unknown,unknown,180.04199999999997,255.36342592592592,3.357798165137614,0.012166376146788989,56.51152073732719,11.857142857142858,14.28110599078341,105.20046082949308,1,1,1,1,1,1,1,1
NOTE-0308,NOTE-0308,pepperwood,Pepperwood,,,0,0,1,unknown,unknown,unknown,unknown,unknown,180.04199999999997,255.36342592592592,3.357798165137614,0.012166376146788989,56.51152073732719,11.857142857142858,14.28110599078341,105.20046082949308,1,1,1,1,1,1,1,1
NOTE-0309,NOTE-0309,peru_balsam,Peru Balsam,Benzyl cinnamate,8007-00-9,1,1,1,resin,sweet / resinous,base,alcohol,myroxylon tree,185.265,300.0,4.9,0.005,90.0,24.0,24.0,150.0,1,0,0,0,0,0,0,0
NOTE-0310,NOTE-0310,petalia,Petalia,,,0,0,1,unknown,unknown,unknown,unknown,unknown,180.04199999999997,255.36342592592592,3.357798165137614,0.012166376146788989,56.51152073732719,11.857142857142858,14.28110599078341,105.20046082949308,1,1,1,1,1,1,1,1
NOTE-0311,NOTE-0311,petitgrain,Petitgrain,Linalyl acetate rich,8014-17-3,1,0,1,terpenoid ester,green / citrus,top,alcohol / oil,orange leaves,196.29,220.0,3.0,0.02,25.0,1.0,3.0,73.0,0,0,0,0,0,0,0,0
NOTE-0312,NOTE-0312,pimento,Pimento,,,0,0,1,unknown,unknown,unknown,unknown,unknown,180.04199999999997,255.36342592592592,3.357798165137614,0.012166376146788989,56.51152073732719,11.857142857142858,14.28110599078341,105.20046082949308,1,1,1,1,1,1,1,1
NOTE-0313,NOTE-0313,pimento_berry,Pimento Berry,,,0,0,1,unknown,unknown,unknown,unknown,unknown,180.04199999999997,255.36342592592592,3.357798165137614,0.012166376146788989,56.51152073732719,11.857142857142858,14.28110599078341,105.20046082949308,1,1,1,1,1,1,1,1
NOTE-0314,NOTE-0314,pine,Pine,α-Pinene,80-56-8,1,0,1,terpene,green / resinous,top,alcohol,pine needles,136.23,156.0,4.0,0.03,20.0,1.0,2.0,33.0,0,0,0,0,0,0,0,0
NOTE-0315,NOTE-0315,pine_needles,Pine Needles,,,0,0,1,unknown,unknown,unknown,unknown,unknown,180.04199999999997,255.36342592592592,3.357798165137614,0.012166376146788989,56.51152073732719,11.857142857142858,14.28110599078341,105.20046082949308,1,1,1,1,1,1,1,1
NOTE-0316,NOTE-0316,pine_resin,Pine Resin,,,0,0,1,unknown,unknown,unknown,unknown,unknown,180.04199999999997,255.36342592592592,3.357798165137614,0.012166376146788989,56.51152073732719,11.857142857142858,14.28110599078341,105.20046082949308,1,1,1,1,1,1,1,1
NOTE-0317,NOTE-0317,pine_tree,Pine Tree,,,0,0,1,unknown,unknown,unknown,unknown,unknown,180.04199999999997,255.36342592592592,3.357798165137614,0.012166376146788989,56.51152073732719,11.857142857142858,14.28110599078341,105.20046082949308,1,1,1,1,1,1,1,1
NOTE-0318,NOTE-0318,pineapple,Pineapple,Ethyl butyrate,105-54-4,1,0,1,ester,fruity / tropical,top,alcohol,synthetic / fruit,116.16,121.0,1.9,0.04,15.0,1.0,2.0,25.0,0,0,0,0,0,0,0,0
NOTE-0319,NOTE-0319,pink_pepper,Pink Pepper,Limonene rich,8015-91-6,1,1,1,terpene,spicy / fresh,top,alcohol,pink pepper berries,136.24,176.0,4.0,0.02,20.0,1.0,2.0,50.0,0,0,0,0,0,0,0,0
NOTE-0320,NOTE-0320,plum,Plum,γ-Decalactone,706-14-9,1,0,1,lactone,fruity / sweet,heart,alcohol,synthetic / fruit,170.25,280.0,2.8,0.01,40.0,4.0,6.0,112.0,0,0,0,0,0,0,0,0
NOTE-0321,NOTE-0321,pomegranate,Pomegranate,,,0,0,1,unknown,unknown,unknown,unknown,unknown,180.04199999999997,255.36342592592592,3.357798165137614,0.012166376146788989,56.51152073732719,11.857142857142858,14.28110599078341,105.20046082949308,1,1,1,1,1,1,1,1
NOTE-0322,NOTE-0322,powdery_notes,Powdery Notes,,,0,0,1,unknown,unknown,unknown,unknown,unknown,180.04199999999997,255.36342592592592,3.357798165137614,0.012166376146788989,56.51152073732719,11.857142857142858,14.28110599078341,105.20046082949308,1,1,1,1,1,1,1,1
NOTE-0323,NOTE-0323,praline,Praline,,,0,0,1,unknown,unknown,unknown,unknown,unknown,180.04199999999997,255.36342592592592,3.357798165137614,0.012166376146788989,56.51152073732719,11.857142857142858,14.28110599078341,105.20046082949308,1,1,1,1,1,1,1,1
NOTE-0324,NOTE-0324,precious_woods,Precious Woods,,,0,0,1,unknown,unknown,unknown,unknown,unknown,180.04199999999997,255.36342592592592,3.357798165137614,0.012166376146788989,56.51152073732719,11.857142857142858,14.28110599078341,105.20046082949308,1,1,1,1,1,1,1,1
NOTE-0325,NOTE-0325,pure_oud,Pure Oud,,,0,0,1,unknown,unknown,unknown,unknown,unknown,180.04199999999997,255.36342592592592,3.357798165137614,0.012166376146788989,56.51152073732719,11.857142857142858,14.28110599078341,105.20046082949308,1,1,1,1,1,1,1,1
NOTE-0326,NOTE-0326,rangoon_creeper,Rangoon Creeper,,,0,0,1,unknown,unknown,unknown,unknown,unknown,180.04199999999997,255.36342592592592,3.357798165137614,0.012166376146788989,56.51152073732719,11.857142857142858,14.28110599078341,105.20046082949308,1,1,1,1,1,1,1,1
NOTE-0327,NOTE-0327,raspberry,Raspberry,Raspberry ketone,5471-51-2,1,1,1,ketone,fruity / sweet,heart,alcohol,synthetic,164.2,293.0,1.6,0.01,42.0,4.0,6.0,115.0,0,0,0,0,0,0,0,0
NOTE-0328,NOTE-0328,red_apple,Red Apple,,,0,0,1,unknown,unknown,unknown,unknown,unknown,180.04199999999997,255.36342592592592,3.357798165137614,0.012166376146788989,56.51152073732719,11.857142857142858,14.28110599078341,105.20046082949308,1,1,1,1,1,1,1,1
NOTE-0329,NOTE-0329,red_berries,Red Berries,,,0,0,1,unknown,unknown,unknown,unknown,unknown,180.04199999999997,255.36342592592592,3.357798165137614,0.012166376146788989,56.51152073732719,11.857142857142858,14.28110599078341,105.20046082949308,1,1,1,1,1,1,1,1
NOTE-0330,NOTE-0330,red_fruits,Red Fruits,,,0,0,1,unknown,unknown,unknown,unknown,unknown,180.04199999999997,255.36342592592592,3.357798165137614,0.012166376146788989,56.51152073732719,11.857142857142858,14.28110599078341,105.20046082949308,1,1,1,1,1,1,1,1
NOTE-0331,NOTE-0331,red_lily,Red Lily,,,0,0,1,unknown,unknown,unknown,unknown,unknown,180.04199999999997,255.36342592592592,3.357798165137614,0.012166376146788989,56.51152073732719,11.857142857142858,14.28110599078341,105.20046082949308,1,1,1,1,1,1,1,1
NOTE-0332,NOTE-0332,red_pepper,Red Pepper,,,0,0,1,unknown,unknown,unknown,unknown,unknown,180.04199999999997,255.36342592592592,3.357798165137614,0.012166376146788989,56.51152073732719,11.857142857142858,14.28110599078341,105.20046082949308,1,1,1,1,1,1,1,1
NOTE-0333,NOTE-0333,red_pepper_berries,Red Pepper Berries,,,0,0,1,unknown,unknown,unknown,unknown,unknown,180.04199999999997,255.36342592592592,3.357798165137614,0.012166376146788989,56.51152073732719,11.857142857142858,14.28110599078341,105.20046082949308,1,1,1,1,1,1,1,1
NOTE-0334,NOTE-0334,resin,Resin,,,0,0,1,unknown,unknown,unknown,unknown,unknown,180.04199999999997,255.36342592592592,3.357798165137614,0.012166376146788989,56.51152073732719,11.857142857142858,14.28110599078341,105.20046082949308,1,1,1,1,1,1,1,1
NOTE-0335,NOTE-0335,resins,Resins,,,0,0,1,unknown,unknown,unknown,unknown,unknown,180.04199999999997,255.36342592592592,3.357798165137614,0.012166376146788989,56.51152073732719,11.857142857142858,14.28110599078341,105.20046082949308,1,1,1,1,1,1,1,1
NOTE-0336,NOTE-0336,rhubarb,Rhubarb,,,0,0,1,unknown,unknown,unknown,unknown,unknown,180.04199999999997,255.36342592592592,3.357798165137614,0.012166376146788989,56.51152073732719,11.857142857142858,14.28110599078341,105.20046082949308,1,1,1,1,1,1,1,1
NOTE-0337,NOTE-0337,rhuburb,Rhuburb,,,0,0,1,unknown,unknown,unknown,unknown,unknown,180.04199999999997,255.36342592592592,3.357798165137614,0.012166376146788989,56.51152073732719,11.857142857142858,14.28110599078341,105.20046082949308,1,1,1,1,1,1,1,1
NOTE-0338,NOTE-0338,rose,Rose,Phenethyl alcohol rich,8007-01-0,1,1,1,aromatic alcohol,floral / rose,heart,alcohol,rose petals,122.16,219.0,1.4,0.01,40.0,4.0,6.0,76.0,0,0,0,0,0,0,0,0
NOTE-0339,NOTE-0339,rose_centifolia,Rose Centifolia,,,0,0,1,unknown,unknown,unknown,unknown,unknown,180.04199999999997,255.36342592592592,3.357798165137614,0.012166376146788989,56.51152073732719,11.857142857142858,14.28110599078341,105.20046082949308,1,1,1,1,1,1,1,1
NOTE-0340,NOTE-0340,rose_de_mai,Rose de Mai,,,0,0,1,unknown,unknown,unknown,unknown,unknown,180.04199999999997,255.36342592592592,3.357798165137614,0.012166376146788989,56.51152073732719,11.857142857142858,14.28110599078341,105.20046082949308,1,1,1,1,1,1,1,1
NOTE-0341,NOTE-0341,rose_geranium_leaf,Rose Geranium Leaf,,,0,0,1,unknown,unknown,unknown,unknown,unknown,180.04199999999997,255.36342592592592,3.357798165137614,0.012166376146788989,56.51152073732719,11.857142857142858,14.28110599078341,105.20046082949308,1,1,1,1,1,1,1,1
NOTE-0342,NOTE-0342,rose_oil,Rose Oil,,,0,0,1,unknown,unknown,unknown,unknown,unknown,180.04199999999997,255.36342592592592,3.357798165137614,0.012166376146788989,56.51152073732719,11.857142857142858,14.28110599078341,105.20046082949308,1,1,1,1,1,1,1,1
NOTE-0343,NOTE-0343,rose_petals,Rose Petals,,,0,0,1,unknown,unknown,unknown,unknown,unknown,180.04199999999997,255.36342592592592,3.357798165137614,0.012166376146788989,56.51152073732719,11.857142857142858,14.28110599078341,105.20046082949308,1,1,1,1,1,1,1,1
NOTE-0344,NOTE-0344,rosemary,Rosemary,"1,8-Cineole rich",8000-25-7,1,1,1,terpenoid oxide,aromatic / herbal,top,alcohol / oil,rosemary leaves,154.25,176.0,2.7,0.03,20.0,1.0,2.0,49.0,0,0,0,0,0,0,0,0
NOTE-0345,NOTE-0345,rosewood,Rosewood,,,0,0,1,unknown,unknown,unknown,unknown,unknown,180.04199999999997,255.36342592592592,3.357798165137614,0.012166376146788989,56.51152073732719,11.857142857142858,14.28110599078341,105.20046082949308,1,1,1,1,1,1,1,1
NOTE-0346,NOTE-0346,rum,Rum,,,0,0,1,unknown,unknown,unknown,unknown,unknown,180.04199999999997,255.36342592592592,3.357798165137614,0.012166376146788989,56.51152073732719,11.857142857142858,14.28110599078341,105.20046082949308,1,1,1,1,1,1,1,1
NOTE-0347,NOTE-0347,rum_accord,Rum Accord,,,0,0,1,unknown,unknown,unknown,unknown,unknown,180.04199999999997,255.36342592592592,3.357798165137614,0.012166376146788989,56.51152073732719,11.857142857142858,14.28110599078341,105.20046082949308,1,1,1,1,1,1,1,1
NOTE-0348,NOTE-0348,russian_tea,Russian Tea,,,0,0,1,unknown,unknown,unknown,unknown,unknown,180.04199999999997,255.36342592592592,3.357798165137614,0.012166376146788989,56.51152073732719,11.857142857142858,14.28110599078341,105.20046082949308,1,1,1,1,1,1,1,1
NOTE-0349,NOTE-0349,saffron,Saffron,Safranal,116-26-7,1,1,1,aldehyde,spicy / leather,heart,alcohol,saffron stigmas,150.22,230.0,2.1,0.01,45.0,4.0,6.0,70.0,0,0,0,0,0,0,0,0
NOTE-0350,NOTE-0350,sage,Sage,Thujone rich,8022-56-8,1,0,1,terpenoid ketone,aromatic / herbal,heart,alcohol / oil,sage leaves,152.23,200.0,2.5,0.02,28.0,3.0,4.0,65.0,0,0,0,0,0,0,0,0
NOTE-0351,NOTE-0351,salt,Salt,,,0,0,1,unknown,unknown,unknown,unknown,unknown,180.04199999999997,255.36342592592592,3.357798165137614,0.012166376146788989,56.51152073732719,11.857142857142858,14.28110599078341,105.20046082949308,1,1,1,1,1,1,1,1
NOTE-0352,NOTE-0352,sand,Sand,,,0,0,1,unknown,unknown,unknown,unknown,unknown,180.04199999999997,255.36342592592592,3.357798165137614,0.012166376146788989,56.51152073732719,11.857142857142858,14.28110599078341,105.20046082949308,1,1,1,1,1,1,1,1
NOTE-0353,NOTE-0353,sandalowood,Sandalowood,,,0,0,1,unknown,unknown,unknown,unknown,unknown,180.04199999999997,255.36342592592592,3.357798165137614,0.012166376146788989,56.51152073732719,11.857142857142858,14.28110599078341,105.20046082949308,1,1,1,1,1,1,1,1
NOTE-0354,NOTE-0354,sandalwood,Sandalwood,Santalol,8006-87-9,1,1,1,sesquiterpene alcohol,woody / creamy,base,oil,sandalwood tree,220.35,300.0,4.3,0.0008,85.0,24.0,24.0,105.0,0,0,0,0,0,0,0,0
NOTE-0355,NOTE-0355,sea_notes,Sea Notes,,,0,0,1,unknown,unknown,unknown,unknown,unknown,180.04199999999997,255.36342592592592,3.357798165137614,0.012166376146788989,56.51152073732719,11.857142857142858,14.28110599078341,105.20046082949308,1,1,1,1,1,1,1,1
NOTE-0356,NOTE-0356,sea_salt,Sea Salt,,,0,0,1,unknown,unknown,unknown,unknown,unknown,180.04199999999997,255.36342592592592,3.357798165137614,0.012166376146788989,56.51152073732719,11.857142857142858,14.28110599078341,105.20046082949308,1,1,1,1,1,1,1,1
NOTE-0357,NOTE-0357,sea_salt_accord,Sea Salt Accord,,,0,0,1,unknown,unknown,unknown,unknown,unknown,180.04199999999997,255.36342592592592,3.357798165137614,0.012166376146788989,56.51152073732719,11.857142857142858,14.28110599078341,105.20046082949308,1,1,1,1,1,1,1,1
NOTE-0358,NOTE-0358,sea_spray_accord,Sea Spray Accord,,,0,0,1,unknown,unknown,unknown,unknown,unknown,180.04199999999997,255.36342592592592,3.357798165137614,0.012166376146788989,56.51152073732719,11.857142857142858,14.28110599078341,105.20046082949308,1,1,1,1,1,1,1,1
NOTE-0359,NOTE-0359,sea_water,Sea water,,,0,0,1,unknown,unknown,unknown,unknown,unknown,180.04199999999997,255.36342592592592,3.357798165137614,0.012166376146788989,56.51152073732719,11.857142857142858,14.28110599078341,105.20046082949308,1,1,1,1,1,1,1,1
NOTE-0360,NOTE-0360,seaweed,Seaweed,,,0,0,1,unknown,unknown,unknown,unknown,unknown,180.04199999999997,255.36342592592592,3.357798165137614,0.012166376146788989,56.51152073732719,11.857142857142858,14.28110599078341,105.20046082949308,1,1,1,1,1,1,1,1
NOTE-0361,NOTE-0361,seaweed_accord,Seaweed Accord,,,0,0,1,unknown,unknown,unknown,unknown,unknown,180.04199999999997,255.36342592592592,3.357798165137614,0.012166376146788989,56.51152073732719,11.857142857142858,14.28110599078341,105.20046082949308,1,1,1,1,1,1,1,1
NOTE-0362,NOTE-0362,sesame,Sesame,,,0,0,1,unknown,unknown,unknown,unknown,unknown,180.04199999999997,255.36342592592592,3.357798165137614,0.012166376146788989,56.51152073732719,11.857142857142858,14.28110599078341,105.20046082949308,1,1,1,1,1,1,1,1
NOTE-0363,NOTE-0363,siam_benzoin,Siam Benzoin,,,0,0,1,unknown,unknown,unknown,unknown,unknown,180.04199999999997,255.36342592592592,3.357798165137614,0.012166376146788989,56.51152073732719,11.857142857142858,14.28110599078341,105.20046082949308,1,1,1,1,1,1,1,1
NOTE-0364,NOTE-0364,sichuan_pepper,Sichuan Pepper,,,0,0,1,unknown,unknown,unknown,unknown,unknown,180.04199999999997,255.36342592592592,3.357798165137614,0.012166376146788989,56.51152073732719,11.857142857142858,14.28110599078341,105.20046082949308,1,1,1,1,1,1,1,1
NOTE-0365,NOTE-0365,sicilian_lemon,Sicilian Lemon,,,0,0,1,unknown,unknown,unknown,unknown,unknown,180.04199999999997,255.36342592592592,3.357798165137614,0.012166376146788989,56.51152073732719,11.857142857142858,14.28110599078341,105.20046082949308,1,1,1,1,1,1,1,1
NOTE-0366,NOTE-0366,sicilian_orange,Sicilian Orange,,,0,0,1,unknown,unknown,unknown,unknown,unknown,180.04199999999997,255.36342592592592,3.357798165137614,0.012166376146788989,56.51152073732719,11.857142857142858,14.28110599078341,105.20046082949308,1,1,1,1,1,1,1,1
NOTE-0367,NOTE-0367,silk_tree_blossom,Silk Tree blossom,,,0,0,1,unknown,unknown,unknown,unknown,unknown,180.04199999999997,255.36342592592592,3.357798165137614,0.012166376146788989,56.51152073732719,11.857142857142858,14.28110599078341,105.20046082949308,1,1,1,1,1,1,1,1
NOTE-0368,NOTE-0368,smoke,Smoke,,,0,0,1,unknown,unknown,unknown,unknown,unknown,180.04199999999997,255.36342592592592,3.357798165137614,0.012166376146788989,56.51152073732719,11.857142857142858,14.28110599078341,105.20046082949308,1,1,1,1,1,1,1,1
NOTE-0369,NOTE-0369,soft_woods,Soft Woods,,,0,0,1,unknown,unknown,unknown,unknown,unknown,180.04199999999997,255.36342592592592,3.357798165137614,0.012166376146788989,56.51152073732719,11.857142857142858,14.28110599078341,105.20046082949308,1,1,1,1,1,1,1,1
NOTE-0370,NOTE-0370,soil_tincture,Soil Tincture,,,0,0,1,unknown,unknown,unknown,unknown,unknown,180.04199999999997,255.36342592592592,3.357798165137614,0.012166376146788989,56.51152073732719,11.857142857142858,14.28110599078341,105.20046082949308,1,1,1,1,1,1,1,1
NOTE-0371,NOTE-0371,spice,Spice,,,0,0,1,unknown,unknown,unknown,unknown,unknown,180.04199999999997,255.36342592592592,3.357798165137614,0.012166376146788989,56.51152073732719,11.857142857142858,14.28110599078341,105.20046082949308,1,1,1,1,1,1,1,1
NOTE-0372,NOTE-0372,spices,Spices,,,0,0,1,unknown,unknown,unknown,unknown,unknown,180.04199999999997,255.36342592592592,3.357798165137614,0.012166376146788989,56.51152073732719,11.857142857142858,14.28110599078341,105.20046082949308,1,1,1,1,1,1,1,1
NOTE-0373,NOTE-0373,spicy_notes,Spicy Notes,,,0,0,1,unknown,unknown,unknown,unknown,unknown,180.04199999999997,255.36342592592592,3.357798165137614,0.012166376146788989,56.51152073732719,11.857142857142858,14.28110599078341,105.20046082949308,1,1,1,1,1,1,1,1
NOTE-0374,NOTE-0374,star_anise,Star Anise,,,0,0,1,unknown,unknown,unknown,unknown,unknown,180.04199999999997,255.36342592592592,3.357798165137614,0.012166376146788989,56.51152073732719,11.857142857142858,14.28110599078341,105.20046082949308,1,1,1,1,1,1,1,1
NOTE-0375,NOTE-0375,strawberry,Strawberry,,,0,1,1,unknown,unknown,unknown,unknown,unknown,180.04199999999997,255.36342592592592,3.357798165137614,0.012166376146788989,56.51152073732719,11.857142857142858,14.28110599078341,105.20046082949308,1,1,1,1,1,1,1,1
NOTE-0376,NOTE-0376,styrax,Styrax,Cinnamic esters,8046-19-3,1,0,1,resin,amber / balsamic,base,alcohol,styrax resin,148.16,290.0,3.1,0.001,85.0,12.0,24.0,120.0,0,0,0,0,0,0,0,0
NOTE-0377,NOTE-0377,suede,Suede,,,0,0,1,unknown,unknown,unknown,unknown,unknown,180.04199999999997,255.36342592592592,3.357798165137614,0.012166376146788989,56.51152073732719,11.857142857142858,14.28110599078341,105.20046082949308,1,1,1,1,1,1,1,1
NOTE-0378,NOTE-0378,suede_accord,Suede Accord,,,0,0,1,unknown,unknown,unknown,unknown,unknown,180.04199999999997,255.36342592592592,3.357798165137614,0.012166376146788989,56.51152073732719,11.857142857142858,14.28110599078341,105.20046082949308,1,1,1,1,1,1,1,1
NOTE-0379,NOTE-0379,sugar,Sugar,,,0,0,1,unknown,unknown,unknown,unknown,unknown,180.04199999999997,255.36342592592592,3.357798165137614,0.012166376146788989,56.51152073732719,11.857142857142858,14.28110599078341,105.20046082949308,1,1,1,1,1,1,1,1
NOTE-0380,NOTE-0380,sweet_orange,Sweet Orange,,,0,0,1,unknown,unknown,unknown,unknown,unknown,180.04199999999997,255.36342592592592,3.357798165137614,0.012166376146788989,56.51152073732719,11.857142857142858,14.28110599078341,105.20046082949308,1,1,1,1,1,1,1,1
NOTE-0381,NOTE-0381,sweet_pea,Sweet Pea,,,0,0,1,unknown,unknown,unknown,unknown,unknown,180.04199999999997,255.36342592592592,3.357798165137614,0.012166376146788989,56.51152073732719,11.857142857142858,14.28110599078341,105.20046082949308,1,1,1,1,1,1,1,1
NOTE-0382,NOTE-0382,tahitian_vetiver,Tahitian Vetiver,,,0,0,1,unknown,unknown,unknown,unknown,unknown,180.04199999999997,255.36342592592592,3.357798165137614,0.012166376146788989,56.51152073732719,11.857142857142858,14.28110599078341,105.20046082949308,1,1,1,1,1,1,1,1
NOTE-0383,NOTE-0383,tangerine,Tangerine,,,0,0,1,unknown,unknown,unknown,unknown,unknown,180.04199999999997,255.36342592592592,3.357798165137614,0.012166376146788989,56.51152073732719,11.857142857142858,14.28110599078341,105.20046082949308,1,1,1,1,1,1,1,1
NOTE-0384,NOTE-0384,tarragon,Tarragon,,,0,0,1,unknown,unknown,unknown,unknown,unknown,180.04199999999997,255.36342592592592,3.357798165137614,0.012166376146788989,56.51152073732719,11.857142857142858,14.28110599078341,105.20046082949308,1,1,1,1,1,1,1,1
NOTE-0385,NOTE-0385,tea,Tea,,,0,0,1,unknown,unknown,unknown,unknown,unknown,180.04199999999997,255.36342592592592,3.357798165137614,0.012166376146788989,56.51152073732719,11.857142857142858,14.28110599078341,105.20046082949308,1,1,1,1,1,1,1,1
NOTE-0386,NOTE-0386,terrae_accord,Terrae Accord,,,0,0,1,unknown,unknown,unknown,unknown,unknown,180.04199999999997,255.36342592592592,3.357798165137614,0.012166376146788989,56.51152073732719,11.857142857142858,14.28110599078341,105.20046082949308,1,1,1,1,1,1,1,1
NOTE-0387,NOTE-0387,texas_cedar,Texas Cedar,,,0,0,1,unknown,unknown,unknown,unknown,unknown,180.04199999999997,255.36342592592592,3.357798165137614,0.012166376146788989,56.51152073732719,11.857142857142858,14.28110599078341,105.20046082949308,1,1,1,1,1,1,1,1
NOTE-0388,NOTE-0388,thyme,Thyme,Thymol rich,8007-46-3,1,0,1,phenolic terpene,aromatic / spicy,heart,alcohol / oil,thyme herb,150.22,232.0,3.3,0.01,35.0,3.0,5.0,74.0,0,0,0,0,0,0,0,0
NOTE-0389,NOTE-0389,tiare_flower,Tiare Flower,,,0,0,1,unknown,unknown,unknown,unknown,unknown,180.04199999999997,255.36342592592592,3.357798165137614,0.012166376146788989,56.51152073732719,11.857142857142858,14.28110599078341,105.20046082949308,1,1,1,1,1,1,1,1
NOTE-0390,NOTE-0390,tobacco,Tobacco,Nicotine derivatives,8037-19-2,1,0,1,alkaloid,tobacco / sweet,base,alcohol,tobacco leaves,162.23,247.0,2.7,0.002,80.0,12.0,24.0,95.0,0,0,0,0,0,0,0,0
NOTE-0391,NOTE-0391,tobacco_blossom,Tobacco Blossom,,,0,0,1,unknown,unknown,unknown,unknown,unknown,180.04199999999997,255.36342592592592,3.357798165137614,0.012166376146788989,56.51152073732719,11.857142857142858,14.28110599078341,105.20046082949308,1,1,1,1,1,1,1,1
NOTE-0392,NOTE-0392,tobacco_leaf,Tobacco Leaf,,,0,0,1,unknown,unknown,unknown,unknown,unknown,180.04199999999997,255.36342592592592,3.357798165137614,0.012166376146788989,56.51152073732719,11.857142857142858,14.28110599078341,105.20046082949308,1,1,1,1,1,1,1,1
NOTE-0393,NOTE-0393,toffee,Toffee,,,0,0,1,unknown,unknown,unknown,unknown,unknown,180.04199999999997,255.36342592592592,3.357798165137614,0.012166376146788989,56.51152073732719,11.857142857142858,14.28110599078341,105.20046082949308,1,1,1,1,1,1,1,1
NOTE-0394,NOTE-0394,toffee_accord,Toffee Accord,,,0,0,1,unknown,unknown,unknown,unknown,unknown,180.04199999999997,255.36342592592592,3.357798165137614,0.012166376146788989,56.51152073732719,11.857142857142858,14.28110599078341,105.20046082949308,1,1,1,1,1,1,1,1
NOTE-0395,NOTE-0395,tolu_balsam,Tolu Balsam,Benzoic esters,9000-64-2,1,1,1,resin,sweet / resinous,base,alcohol,myroxylon balsamum,185.265,300.0,4.8,0.005,90.0,24.0,24.0,150.0,1,0,0,0,0,0,0,0
NOTE-0396,NOTE-0396,tomato,Tomato,,,0,0,1,unknown,unknown,unknown,unknown,unknown,180.04199999999997,255.36342592592592,3.357798165137614,0.012166376146788989,56.51152073732719,11.857142857142858,14.28110599078341,105.20046082949308,1,1,1,1,1,1,1,1
NOTE-0397,NOTE-0397,tomato_leaf,Tomato Leaf,,,0,0,1,unknown,unknown,unknown,unknown,unknown,180.04199999999997,255.36342592592592,3.357798165137614,0.012166376146788989,56.51152073732719,11.857142857142858,14.28110599078341,105.20046082949308,1,1,1,1,1,1,1,1
NOTE-0398,NOTE-0398,tonka,Tonka,,,0,0,1,unknown,unknown,unknown,unknown,unknown,180.04199999999997,255.36342592592592,3.357798165137614,0.012166376146788989,56.51152073732719,11.857142857142858,14.28110599078341,105.20046082949308,1,1,1,1,1,1,1,1
NOTE-0399,NOTE-0399,tonka_bean,Tonka Bean,Coumarin,91-64-5,1,1,1,benzopyrone,sweet / gourmand,base,alcohol,tonka beans,146.14,302.0,1.6,0.01,75.0,12.0,24.0,151.0,0,0,0,0,0,0,0,0
NOTE-0400,NOTE-0400,tropical_fruits,Tropical Fruits,,,0,0,1,unknown,unknown,unknown,unknown,unknown,180.04199999999997,255.36342592592592,3.357798165137614,0.012166376146788989,56.51152073732719,11.857142857142858,14.28110599078341,105.20046082949308,1,1,1,1,1,1,1,1
NOTE-0401,NOTE-0401,truffle,Truffle,,,0,0,1,unknown,unknown,unknown,unknown,unknown,180.04199999999997,255.36342592592592,3.357798165137614,0.012166376146788989,56.51152073732719,11.857142857142858,14.28110599078341,105.20046082949308,1,1,1,1,1,1,1,1
NOTE-0402,NOTE-0402,tuberose,Tuberose,Methyl benzoate rich,8007-51-4,1,0,1,aromatic ester,white floral,heart,alcohol / oil,tuberose flower,136.15,199.0,2.1,0.003,50.0,6.0,8.0,95.0,0,0,0,0,0,0,0,0
NOTE-0403,NOTE-0403,tunisian_neroli,Tunisian Neroli,,,0,0,1,unknown,unknown,unknown,unknown,unknown,180.04199999999997,255.36342592592592,3.357798165137614,0.012166376146788989,56.51152073732719,11.857142857142858,14.28110599078341,105.20046082949308,1,1,1,1,1,1,1,1
NOTE-0404,NOTE-0275,tunisian_orange_blossom,Tunisian Orange Blossom,,,0,0,1,unknown,unknown,unknown,unknown,unknown,180.04199999999997,255.36342592592592,3.357798165137614,0.012166376146788989,56.51152073732719,11.857142857142858,14.28110599078341,105.20046082949308,1,1,1,1,1,1,1,1
NOTE-0405,NOTE-0405,turkish_coffee_accord,Turkish Coffee Accord,,,0,0,1,unknown,unknown,unknown,unknown,unknown,180.04199999999997,255.36342592592592,3.357798165137614,0.012166376146788989,56.51152073732719,11.857142857142858,14.28110599078341,105.20046082949308,1,1,1,1,1,1,1,1
NOTE-0406,NOTE-0406,turkish_rose,Turkish Rose,,,0,0,1,unknown,unknown,unknown,unknown,unknown,180.04199999999997,255.36342592592592,3.357798165137614,0.012166376146788989,56.51152073732719,11.857142857142858,14.28110599078341,105.20046082949308,1,1,1,1,1,1,1,1
NOTE-0407,NOTE-0407,vanilla,Vanilla,Vanillin,121-33-5,1,1,1,phenolic aldehyde,sweet / gourmand,base,alcohol,vanilla bean,152.15,285.0,1.2,0.002,60.0,8.0,12.0,147.0,0,0,0,0,0,0,0,0
NOTE-0408,NOTE-0408,vanilla_absolute,Vanilla Absolute,,,0,1,1,unknown,unknown,unknown,unknown,unknown,180.04199999999997,255.36342592592592,3.357798165137614,0.012166376146788989,56.51152073732719,11.857142857142858,14.28110599078341,105.20046082949308,1,1,1,1,1,1,1,1
NOTE-0409,NOTE-0409,vanilla_bean,Vanilla Bean,,,0,0,1,unknown,unknown,unknown,unknown,unknown,180.04199999999997,255.36342592592592,3.357798165137614,0.012166376146788989,56.51152073732719,11.857142857142858,14.28110599078341,105.20046082949308,1,1,1,1,1,1,1,1
NOTE-0410,NOTE-0410,vanilla_flower,Vanilla Flower,,,0,0,1,unknown,unknown,unknown,unknown,unknown,180.04199999999997,255.36342592592592,3.357798165137614,0.012166376146788989,56.51152073732719,11.857142857142858,14.28110599078341,105.20046082949308,1,1,1,1,1,1,1,1
NOTE-0411,NOTE-0411,vanilla_like_woods,Vanilla‑like Woods,,,0,0,1,unknown,unknown,unknown,unknown,unknown,180.04199999999997,255.36342592592592,3.357798165137614,0.012166376146788989,56.51152073732719,11.857142857142858,14.28110599078341,105.20046082949308,1,1,1,1,1,1,1,1
NOTE-0412,NOTE-0412,vanilla_orchid,Vanilla Orchid,,,0,0,1,unknown,unknown,unknown,unknown,unknown,180.04199999999997,255.36342592592592,3.357798165137614,0.012166376146788989,56.51152073732719,11.857142857142858,14.28110599078341,105.20046082949308,1,1,1,1,1,1,1,1
NOTE-0413,NOTE-0413,vanille,Vanille,,,0,0,1,unknown,unknown,unknown,unknown,unknown,180.04199999999997,255.36342592592592,3.357798165137614,0.012166376146788989,56.51152073732719,11.857142857142858,14.28110599078341,105.20046082949308,1,1,1,1,1,1,1,1
NOTE-0414,NOTE-0414,verbena,Verbena,,,0,0,1,unknown,unknown,unknown,unknown,unknown,180.04199999999997,255.36342592592592,3.357798165137614,0.012166376146788989,56.51152073732719,11.857142857142858,14.28110599078341,105.20046082949308,1,1,1,1,1,1,1,1
NOTE-0415,NOTE-0415,vervain,Vervain,,,0,0,1,unknown,unknown,unknown,unknown,unknown,180.04199999999997,255.36342592592592,3.357798165137614,0.012166376146788989,56.51152073732719,11.857142857142858,14.28110599078341,105.20046082949308,1,1,1,1,1,1,1,1
NOTE-0416,NOTE-0066,vetiver,Vetiver,Vetiverol rich,8016-96-4,1,0,1,sesquiterpene alcohol,woody / earthy,base,oil,vetiver roots,222.37,280.0,4.1,0.0007,90.0,24.0,24.0,100.0,0,0,0,0,0,0,0,0
NOTE-0417,NOTE-0417,vetyver,Vetyver,,,0,0,1,unknown,unknown,unknown,unknown,unknown,180.04199999999997,255.36342592592592,3.357798165137614,0.012166376146788989,56.51152073732719,11.857142857142858,14.28110599078341,105.20046082949308,1,1,1,1,1,1,1,1
NOTE-0418,NOTE-0418,violet,Violet,,,0,1,1,unknown,unknown,unknown,unknown,unknown,180.04199999999997,255.36342592592592,3.357798165137614,0.012166376146788989,56.51152073732719,11.857142857142858,14.28110599078341,105.20046082949308,1,1,1,1,1,1,1,1
NOTE-0419,NOTE-0419,violet_accord,Violet Accord,,,0,0,1,unknown,unknown,unknown,unknown,unknown,180.04199999999997,255.36342592592592,3.357798165137614,0.012166376146788989,56.51152073732719,11.857142857142858,14.28110599078341,105.20046082949308,1,1,1,1,1,1,1,1
NOTE-0420,NOTE-0420,violet_leaf,Violet Leaf,Ionones,8016-84-8,1,1,1,ketone,green / floral,heart,alcohol,violet leaves,192.3,250.0,3.1,0.015,42.0,4.0,6.0,85.0,0,0,0,0,0,0,0,0
NOTE-0421,NOTE-0421,violet_leaves,Violet Leaves,,,0,0,1,unknown,unknown,unknown,unknown,unknown,180.04199999999997,255.36342592592592,3.357798165137614,0.012166376146788989,56.51152073732719,11.857142857142858,14.28110599078341,105.20046082949308,1,1,1,1,1,1,1,1
NOTE-0422,NOTE-0422,virginia_cedar,Virginia Cedar,,,0,0,1,unknown,unknown,unknown,unknown,unknown,180.04199999999997,255.36342592592592,3.357798165137614,0.012166376146788989,56.51152073732719,11.857142857142858,14.28110599078341,105.20046082949308,1,1,1,1,1,1,1,1
NOTE-0423,NOTE-0423,vodka,Vodka,,,0,0,1,unknown,unknown,unknown,unknown,unknown,180.04199999999997,255.36342592592592,3.357798165137614,0.012166376146788989,56.51152073732719,11.857142857142858,14.28110599078341,105.20046082949308,1,1,1,1,1,1,1,1
NOTE-0424,NOTE-0424,water_lily,Water Lily,,,0,0,1,unknown,unknown,unknown,unknown,unknown,180.04199999999997,255.36342592592592,3.357798165137614,0.012166376146788989,56.51152073732719,11.857142857142858,14.28110599078341,105.20046082949308,1,1,1,1,1,1,1,1
NOTE-0425,NOTE-0425,water_notes,Water Notes,,,0,0,1,unknown,unknown,unknown,unknown,unknown,180.04199999999997,255.36342592592592,3.357798165137614,0.012166376146788989,56.51152073732719,11.857142857142858,14.28110599078341,105.20046082949308,1,1,1,1,1,1,1,1
NOTE-0426,NOTE-0426,watery_notes,Watery Notes,,,0,0,1,unknown,unknown,unknown,unknown,unknown,180.04199999999997,255.36342592592592,3.357798165137614,0.012166376146788989,56.51152073732719,11.857142857142858,14.28110599078341,105.20046082949308,1,1,1,1,1,1,1,1
NOTE-0427,NOTE-0427,whiskey,Whiskey,,,0,0,1,unknown,unknown,unknown,unknown,unknown,180.04199999999997,255.36342592592592,3.357798165137614,0.012166376146788989,56.51152073732719,11.857142857142858,14.28110599078341,105.20046082949308,1,1,1,1,1,1,1,1
NOTE-0428,NOTE-0428,whiskey_accord,Whiskey Accord,,,0,0,1,unknown,unknown,unknown,unknown,unknown,180.04199999999997,255.36342592592592,3.357798165137614,0.012166376146788989,56.51152073732719,11.857142857142858,14.28110599078341,105.20046082949308,1,1,1,1,1,1,1,1
NOTE-0429,NOTE-0429,whisky_accord,Whisky Accord,,,0,0,1,unknown,unknown,unknown,unknown,unknown,180.04199999999997,255.36342592592592,3.357798165137614,0.012166376146788989,56.51152073732719,11.857142857142858,14.28110599078341,105.20046082949308,1,1,1,1,1,1,1,1
NOTE-0430,NOTE-0430,white_amber,White Amber,,,0,0,1,unknown,unknown,unknown,unknown,unknown,180.04199999999997,255.36342592592592,3.357798165137614,0.012166376146788989,56.51152073732719,11.857142857142858,14.28110599078341,105.20046082949308,1,1,1,1,1,1,1,1
NOTE-0431,NOTE-0431,white_florals,White Florals,,,0,0,1,unknown,unknown,unknown,unknown,unknown,180.04199999999997,255.36342592592592,3.357798165137614,0.012166376146788989,56.51152073732719,11.857142857142858,14.28110599078341,105.20046082949308,1,1,1,1,1,1,1,1
NOTE-0432,NOTE-0432,white_flowers,White Flowers,,,0,0,1,unknown,unknown,unknown,unknown,unknown,180.04199999999997,255.36342592592592,3.357798165137614,0.012166376146788989,56.51152073732719,11.857142857142858,14.28110599078341,105.20046082949308,1,1,1,1,1,1,1,1
NOTE-0433,NOTE-0433,white_honey,White Honey,,,0,0,1,unknown,unknown,unknown,unknown,unknown,180.04199999999997,255.36342592592592,3.357798165137614,0.012166376146788989,56.51152073732719,11.857142857142858,14.28110599078341,105.20046082949308,1,1,1,1,1,1,1,1
NOTE-0434,NOTE-0434,white_musk,White Musk,,,0,1,1,unknown,unknown,unknown,unknown,unknown,180.04199999999997,255.36342592592592,3.357798165137614,0.012166376146788989,56.51152073732719,11.857142857142858,14.28110599078341,105.20046082949308,1,1,1,1,1,1,1,1
NOTE-0435,NOTE-0435,white_musks,White Musks,,,0,0,1,unknown,unknown,unknown,unknown,unknown,180.04199999999997,255.36342592592592,3.357798165137614,0.012166376146788989,56.51152073732719,11.857142857142858,14.28110599078341,105.20046082949308,1,1,1,1,1,1,1,1
NOTE-0436,NOTE-0436,white_pepper,White Pepper,,,0,0,1,unknown,unknown,unknown,unknown,unknown,180.04199999999997,255.36342592592592,3.357798165137614,0.012166376146788989,56.51152073732719,11.857142857142858,14.28110599078341,105.20046082949308,1,1,1,1,1,1,1,1
NOTE-0437,NOTE-0437,white_woods,White Woods,,,0,0,1,unknown,unknown,unknown,unknown,unknown,180.04199999999997,255.36342592592592,3.357798165137614,0.012166376146788989,56.51152073732719,11.857142857142858,14.28110599078341,105.20046082949308,1,1,1,1,1,1,1,1
NOTE-0438,NOTE-0438,wild_herbs,Wild Herbs,,,0,0,1,unknown,unknown,unknown,unknown,unknown,180.04199999999997,255.36342592592592,3.357798165137614,0.012166376146788989,56.51152073732719,11.857142857142858,14.28110599078341,105.20046082949308,1,1,1,1,1,1,1,1
NOTE-0439,NOTE-0439,wildflowers,Wildflowers,,,0,0,1,unknown,unknown,unknown,unknown,unknown,180.04199999999997,255.36342592592592,3.357798165137614,0.012166376146788989,56.51152073732719,11.857142857142858,14.28110599078341,105.20046082949308,1,1,1,1,1,1,1,1
NOTE-0440,NOTE-0440,wood,Wood,,,0,0,1,unknown,unknown,unknown,unknown,unknown,180.04199999999997,255.36342592592592,3.357798165137614,0.012166376146788989,56.51152073732719,11.857142857142858,14.28110599078341,105.20046082949308,1,1,1,1,1,1,1,1
NOTE-0441,NOTE-0441,woods,Woods,,,0,0,1,unknown,unknown,unknown,unknown,unknown,180.04199999999997,255.36342592592592,3.357798165137614,0.012166376146788989,56.51152073732719,11.857142857142858,14.28110599078341,105.20046082949308,1,1,1,1,1,1,1,1
NOTE-0442,NOTE-0442,woodsy_notes,Woodsy Notes,,,0,0,1,unknown,unknown,unknown,unknown,unknown,180.04199999999997,255.36342592592592,3.357798165137614,0.012166376146788989,56.51152073732719,11.857142857142858,14.28110599078341,105.20046082949308,1,1,1,1,1,1,1,1
NOTE-0443,NOTE-0443,woody_notes,Woody Notes,,,0,0,1,unknown,unknown,unknown,unknown,unknown,180.04199999999997,255.36342592592592,3.357798165137614,0.012166376146788989,56.51152073732719,11.857142857142858,14.28110599078341,105.20046082949308,1,1,1,1,1,1,1,1
NOTE-0444,NOTE-0444,wormwood,Wormwood,,,0,0,1,unknown,unknown,unknown,unknown,unknown,180.04199999999997,255.36342592592592,3.357798165137614,0.012166376146788989,56.51152073732719,11.857142857142858,14.28110599078341,105.20046082949308,1,1,1,1,1,1,1,1
NOTE-0445,NOTE-0445,ylang_ylang,Ylang-Ylang,Benzyl acetate rich,8006-81-3,1,0,1,aromatic ester,floral / exotic,heart,alcohol / oil,ylang flowers,164.2,290.0,2.6,0.005,55.0,6.0,8.0,110.0,0,0,0,0,0,0,0,0
NOTE-0446,NOTE-0446,yuzu,Yuzu,,,0,0,1,unknown,unknown,unknown,unknown,unknown,180.04199999999997,255.36342592592592,3.357798165137614,0.012166376146788989,56.51152073732719,11.857142857142858,14.28110599078341,105.20046082949308,1,1,1,1,1,1,1,1
NOTE-0447,NOTE-0447,lavender_absolute,Lavender Absolute,Linalool rich,8000-28-0,1,1,0,terpenoid,floral / herbal,heart,alcohol,lavender,154.25,198.0,2.9,0.02,40.0,4.0,6.0,78.0,0,0,0,0,0,0,0,0
NOTE-0448,NOTE-0221,lavandin_oil,Lavandin Oil,Lavandula hybrida,91722-69-9,1,1,0,floral oil,aromatic / fresh,top,alcohol,lavandin,154.2,198.0,2.7,0.02,55.0,4.0,6.0,70.0,0,0,0,0,0,0,0,0
NOTE-0449,NOTE-0449,bergamot_oil,Bergamot Oil,Linalyl acetate rich,8007-75-8,1,1,0,terpenoid ester,citrus / fresh,top,alcohol,bergamot peel,196.29,220.0,2.7,0.02,15.0,1.0,2.0,50.0,0,0,0,0,0,0,0,0
NOTE-0450,NOTE-0064,geranium_oil,Geranium Oil,,,0,1,0,unknown,unknown,unknown,unknown,unknown,180.04199999999997,255.36342592592592,3.357798165137614,0.012166376146788989,56.51152073732719,11.857142857142858,14.28110599078341,105.20046082949308,1,1,1,1,1,1,1,1
NOTE-0451,NOTE-0451,clary_sage_oil,Clary Sage Oil,Linalyl acetate rich,8016-63-5,1,1,0,terpenoid,aromatic / herbal,heart,alcohol,clary sage,196.29,220.0,3.0,0.01,28.0,3.0,4.0,74.0,0,0,0,0,0,0,0,0
NOTE-0452,NOTE-0280,oakmoss_absolute,Oakmoss Absolute,Evernia prunastri extract,90028-68-5,1,1,0,lichen extract,mossy / woody,base,alcohol,oakmoss,180.04199999999997,300.0,4.5,0.001,90.0,24.0,24.0,140.0,1,0,0,0,0,0,0,0
NOTE-0453,NOTE-0066,vetiver_haiti,Vetiver Haiti,Vetiverol,89-81-6,1,1,0,sesquiterpene alcohol,woody / rooty,base,alcohol/oil,vetiver root,222.37,282.0,4.3,0.01,90.0,24.0,24.0,150.0,0,0,0,0,0,0,0,0
NOTE-0454,NOTE-0454,cedarwood_atlas,Cedarwood Atlas,Cedrol,77-53-2,1,1,0,sesquiterpene alcohol,woody / dry,base,alcohol,cedarwood,222.37,274.0,4.4,0.02,85.0,24.0,24.0,150.0,0,0,0,0,0,0,0,0
NOTE-0455,NOTE-0455,labdanum_absolute,Labdanum Absolute,Labdanum resinoid,8016-26-0,1,1,0,resin,amber / resinous,base,alcohol,cistus,185.265,300.0,5.5,0.005,85.0,24.0,24.0,150.0,1,0,0,0,0,0,0,0
NOTE-0456,NOTE-0456,vanillin,Vanillin,Vanillin,121-33-5,1,1,0,aromatic aldehyde,sweet / vanilla,base,alcohol,vanilla bean,152.15,285.0,1.2,0.01,90.0,8.0,20.0,147.0,0,0,0,0,0,0,0,0
NOTE-0457,NOTE-0363,benzoin_siam,Benzoin Siam,Benzoic esters,9000-05-9,1,1,0,resin,sweet / balsamic,base,alcohol,styrax tree,185.265,300.0,4.8,0.005,85.0,24.0,24.0,135.0,1,0,0,0,0,0,0,0
NOTE-0458,NOTE-0301,patchouli_alcohol,Patchouli Alcohol,Patchoulol,5986-55-0,1,1,0,sesquiterpene,woody / earthy,base,alcohol,patchouli,222.4,280.0,4.2,0.001,90.0,24.0,24.0,135.0,0,0,0,0,0,0,0,0
NOTE-0459,NOTE-0459,cedarwood_virginia,Cedarwood Virginia,Cedrol,8000-27-9,1,1,0,sesquiterpene alcohol,woody / sweet,base,alcohol,cedarwood,222.37,274.0,4.4,0.02,85.0,24.0,24.0,150.0,0,0,0,0,0,0,0,0
NOTE-0460,NOTE-0460,vetiveryl_acetate,Vetiveryl Acetate,Vetiveryl acetate,141-16-2,1,1,0,ester,woody / soft,base,alcohol,vetiver,282.4,300.0,4.5,0.001,95.0,24.0,24.0,140.0,0,0,0,0,0,0,0,0
NOTE-0461,NOTE-0461,sandalore,Sandalore,Sandalore,65113-99-7,1,1,0,terpene alcohol,woody / creamy,base,alcohol,synthetic,238.37,300.0,5.0,0.001,90.0,24.0,24.0,135.0,0,0,0,0,0,0,0,0
NOTE-0462,NOTE-0054,patchouli_coeur,Patchouli Coeur,Patchouli fraction,-,1,1,0,terpene fraction,woody / clean,base,alcohol,patchouli,180.04199999999997,280.0,4.1,0.001,90.0,24.0,24.0,135.0,1,0,0,0,0,0,0,0
NOTE-0463,NOTE-0463,evernyl,Evernyl,Methyl atranol,4707-47-5,1,1,0,aromatic ether,mossy / woody,base,alcohol,synthetic,196.2,275.0,3.7,0.001,80.0,12.0,24.0,115.0,0,0,0,0,0,0,0,0
NOTE-0464,NOTE-0464,aldehyde_c_12_mna,Aldehyde C-12 MNA,Lauric aldehyde,110-41-8,1,1,0,aldehyde,aldehydic / soapy,top,alcohol,synthetic,184.32,254.0,4.5,0.01,18.0,1.0,2.0,92.0,0,0,0,0,0,0,0,0
NOTE-0465,NOTE-0465,musk_ketone,Musk Ketone,Musk ketone,81-14-1,1,1,0,nitro musk,musky / sweet,base,alcohol,synthetic,294.3,340.0,4.3,0.01,92.0,48.0,48.0,165.0,0,0,0,0,0,0,0,0
NOTE-0466,NOTE-0054,black_tea_absolute,Black Tea Absolute,Polyphenol rich,-,1,1,0,polyphenolic,smoky / dry,heart/base,alcohol,black tea,180.04199999999997,300.0,1.9,0.01,55.0,8.0,12.0,120.0,1,0,0,0,0,0,0,0
NOTE-0467,NOTE-0254,mate_absolute,Mate Absolute,Caffeine rich,91770-32-0,1,1,0,alkaloid extract,green / smoky,heart/base,alcohol,yerba mate,194.19,300.0,1.4,0.01,55.0,8.0,12.0,120.0,0,0,0,0,0,0,0,0
NOTE-0468,NOTE-0190,hay_absolute,Hay Absolute,Coumarin rich,8042-47-5,1,1,0,aromatic extract,dry / sweet,base,alcohol,dried hay,146.14,300.0,1.6,0.002,80.0,12.0,24.0,150.0,0,0,0,0,0,0,0,0
NOTE-0469,NOTE-0165,frankincense_co2,Frankincense CO₂,Boswellia sacra,89957-98-2,1,1,0,resin extract,resinous / citrus,heart/base,alcohol,frankincense,180.04199999999997,300.0,4.1,0.001,88.0,18.0,24.0,135.0,1,0,0,0,0,0,0,0
NOTE-0470,NOTE-0271,myrrh_absolute,Myrrh Absolute,,,0,1,0,unknown,unknown,unknown,unknown,unknown,180.04199999999997,255.36342592592592,3.357798165137614,0.012166376146788989,56.51152073732719,11.857142857142858,14.28110599078341,105.20046082949308,1,1,1,1,1,1,1,1
NOTE-0471,NOTE-0471,birch_tar_rectified,Birch Tar Rectified,Phenolic blend,8001-88-5,1,1,0,phenolic,smoky / leather,base,alcohol,birch bark,161.86999999999998,300.0,4.0,0.0005,90.0,24.0,24.0,140.0,1,0,0,0,0,0,0,0
NOTE-0472,NOTE-0472,guaiac_wood_oil,Guaiac Wood Oil,Guaiol rich,8016-23-7,1,1,0,sesquiterpene alcohol,woody / smoky,base,alcohol,guaiac wood,222.37,285.0,4.4,0.005,85.0,18.0,24.0,125.0,0,0,0,0,0,0,0,0
NOTE-0473,NOTE-0473,ambergris_accord,Ambergris Accord,,,0,1,0,unknown,unknown,unknown,unknown,unknown,180.04199999999997,255.36342592592592,3.357798165137614,0.012166376146788989,56.51152073732719,11.857142857142858,14.28110599078341,105.20046082949308,1,1,1,1,1,1,1,1
NOTE-0474,NOTE-0474,aldehyde_c_11,Aldehyde C-11,Undecylenic aldehyde,112-44-7,1,1,0,aldehyde,aldehydic / green,top,alcohol,synthetic,168.28,223.0,4.1,0.01,18.0,1.0,2.0,85.0,0,0,0,0,0,0,0,0
NOTE-0475,NOTE-0360,seaweed_absolute,Seaweed Absolute,Fucus extract,84650-40-6,1,1,0,marine extract,marine / salty,base,alcohol,seaweed,180.04199999999997,300.0,4.0,0.001,75.0,12.0,24.0,110.0,1,0,0,0,0,0,0,0
NOTE-0476,NOTE-0476,habanolide,Habanolide,Habanolide,1725-17-7,1,1,0,macrocyclic musk,musky / metallic,base,alcohol,synthetic,252.4,300.0,4.4,0.001,92.0,24.0,24.0,155.0,0,0,0,0,0,0,0,0
NOTE-0477,NOTE-0477,galbanum_resin,Galbanum Resin,Ferula galbaniflua,9000-88-6,1,1,0,resin,green / bitter,top/heart,alcohol,galbanum,185.265,280.0,3.0,0.01,65.0,8.0,12.0,105.0,1,0,0,0,0,0,0,0
NOTE-0478,NOTE-0154,elemi_resin,Elemi Resin,Canarium luzonicum,8023-89-0,1,1,0,resin,resinous / fresh,heart,alcohol,elemi,185.265,280.0,3.8,0.005,80.0,12.0,18.0,130.0,1,0,0,0,0,0,0,0
NOTE-0479,NOTE-0228,lentisque_absolute,Lentisque Absolute,,,0,1,0,unknown,unknown,unknown,unknown,unknown,180.04199999999997,255.36342592592592,3.357798165137614,0.012166376146788989,56.51152073732719,11.857142857142858,14.28110599078341,105.20046082949308,1,1,1,1,1,1,1,1
NOTE-0480,NOTE-0480,violet_leaf_absolute,Violet Leaf Absolute,Ionone rich,8024-08-6,1,1,0,aromatic extract,green / floral,heart,alcohol,violet leaves,146.14,300.0,3.0,0.002,55.0,6.0,10.0,110.0,1,0,0,0,0,0,0,0
NOTE-0481,NOTE-0292,orris_concrete,Orris Concrete,,,0,1,0,unknown,unknown,unknown,unknown,unknown,180.04199999999997,255.36342592592592,3.357798165137614,0.012166376146788989,56.51152073732719,11.857142857142858,14.28110599078341,105.20046082949308,1,1,1,1,1,1,1,1
NOTE-0482,NOTE-0482,rice_powder_accord,Rice Powder Accord,,,0,1,0,unknown,unknown,unknown,unknown,unknown,180.04199999999997,255.36342592592592,3.357798165137614,0.012166376146788989,56.51152073732719,11.857142857142858,14.28110599078341,105.20046082949308,1,1,1,1,1,1,1,1
NOTE-0483,NOTE-0262,mimosa_absolute,Mimosa Absolute,Anisic rich,8006-67-5,1,1,0,aromatic extract,floral / powdery,heart,alcohol,mimosa flowers,146.14,300.0,2.8,0.002,55.0,6.0,10.0,110.0,1,0,0,0,0,0,0,0
NOTE-0484,NOTE-0484,heliotropin,Heliotropin,Piperonal,120-57-0,1,1,0,aromatic aldehyde,powdery / sweet,heart,alcohol,synthetic,150.13,263.0,1.6,0.01,40.0,4.0,6.0,110.0,0,0,0,0,0,0,0,0
NOTE-0485,NOTE-0485,isobutyl_quinoline,IsoButyl Quinoline,Isobutyl quinoline,65442-31-1,1,1,0,nitrogen heterocycle,leather / bitter,base,alcohol,synthetic,201.26,270.0,3.5,0.0005,85.0,18.0,24.0,120.0,0,0,0,0,0,0,0,0
NOTE-0486,NOTE-0486,geosmin_trace,Geosmin Trace,,,0,1,0,unknown,unknown,unknown,unknown,unknown,180.04199999999997,255.36342592592592,3.357798165137614,0.012166376146788989,56.51152073732719,11.857142857142858,14.28110599078341,105.20046082949308,1,1,1,1,1,1,1,1
NOTE-0487,NOTE-0081,cardamom_co2,Cardamom CO₂,,,0,1,0,unknown,unknown,unknown,unknown,unknown,180.04199999999997,255.36342592592592,3.357798165137614,0.012166376146788989,56.51152073732719,11.857142857142858,14.28110599078341,105.20046082949308,1,1,1,1,1,1,1,1
NOTE-0488,NOTE-0488,pink_pepper_co2,Pink Pepper CO₂,,,0,1,0,unknown,unknown,unknown,unknown,unknown,180.04199999999997,255.36342592592592,3.357798165137614,0.012166376146788989,56.51152073732719,11.857142857142858,14.28110599078341,105.20046082949308,1,1,1,1,1,1,1,1
NOTE-0489,NOTE-0489,aldehyde_c_10,Aldehyde C-10,Decanal,112-31-2,1,1,0,aliphatic aldehyde,aldehydic / citrus,top,alcohol,synthetic,156.27,208.0,3.5,0.01,18.0,1.0,2.0,80.0,0,0,0,0,0,0,0,0
NOTE-0490,NOTE-0490,lemon_oil,Lemon Oil,Limonene rich,8008-56-8,1,1,0,monoterpene,citrus / sharp,top,alcohol,lemon peel,136.24,176.0,2.8,0.02,15.0,1.0,2.0,48.0,0,0,0,0,0,0,0,0
NOTE-0491,NOTE-0311,petitgrain_oil,Petitgrain Oil,Linalyl acetate rich,8014-17-3,1,1,0,terpenoid,citrus / green,top,alcohol,orange leaves,196.29,220.0,3.0,0.02,22.0,2.0,4.0,74.0,0,0,0,0,0,0,0,0
NOTE-0492,NOTE-0492,jasmine_absolute,Jasmine Absolute,Benzyl acetate rich,84776-64-7,1,1,0,aromatic ester,white floral,heart,alcohol / oil,jasmine flowers,164.2,290.0,2.3,0.005,45.0,6.0,8.0,110.0,0,0,0,0,0,0,0,0
NOTE-0493,NOTE-0275,orange_blossom_absolute,Orange Blossom Absolute,Linalool rich,8016-38-4,1,1,0,aromatic extract,floral / citrus,heart,alcohol,orange blossom,146.14,300.0,2.9,0.002,55.0,6.0,10.0,110.0,1,0,0,0,0,0,0,0
NOTE-0494,NOTE-0445,ylang_ylang_extra,Ylang-Ylang Extra,Linalool rich,8006-81-3,1,1,0,terpenoid,floral / sweet,heart,alcohol,ylang flowers,154.25,198.0,3.1,0.002,55.0,6.0,10.0,85.0,0,0,0,0,0,0,0,0
NOTE-0495,NOTE-0495,ethyl_maltol,Ethyl Maltol,Ethyl maltol,4940-11-8,1,1,0,lactone,sweet / caramel,heart,alcohol,synthetic,140.14,161.0,1.1,0.0003,95.0,4.0,6.0,83.0,0,0,0,0,0,0,0,0
NOTE-0496,NOTE-0496,tonka_bean_absolute,Tonka Bean Absolute,Coumarin rich,8024-04-2,1,1,0,lactone,sweet / powdery,base,alcohol,tonka beans,146.14,302.0,1.6,0.005,85.0,24.0,24.0,140.0,0,0,0,0,0,0,0,0
NOTE-0497,NOTE-0497,calone,Calone,Calone 1951,,0,1,0,ketone,marine / ozonic,top / heart,alcohol,synthetic,196.29,275.0,3.2,0.01,40.0,4.0,6.0,98.0,0,0,0,0,0,0,0,0
NOTE-0498,NOTE-0498,dihydromyrcenol,Dihydromyrcenol,Dihydromyrcenol,18479-58-8,1,1,0,terpenoid alcohol,fresh / citrus,top,alcohol,synthetic,156.27,215.0,3.3,0.02,25.0,2.0,3.0,73.0,0,0,0,0,0,0,0,0
NOTE-0499,NOTE-0499,lavender_oil,Lavender Oil,Linalool rich,8000-28-0,1,1,0,terpenoid alcohol,aromatic / floral,top/heart,alcohol,lavender flowers,154.25,198.0,2.9,0.01,30.0,3.0,5.0,70.0,0,0,0,0,0,0,0,0
NOTE-0500,NOTE-0500,phenyl_ethyl_alcohol,Phenyl Ethyl Alcohol,,,0,1,0,unknown,unknown,unknown,unknown,unknown,180.04199999999997,255.36342592592592,3.357798165137614,0.012166376146788989,56.51152073732719,11.857142857142858,14.28110599078341,105.20046082949308,1,1,1,1,1,1,1,1
NOTE-0501,NOTE-0342,rose_absolute,Rose Absolute,Phenethyl alcohol rich,8007-01-0,1,1,0,aromatic extract,floral / rosy,heart,alcohol,rose petals,146.14,300.0,3.0,0.002,55.0,6.0,10.0,110.0,1,0,0,0,0,0,0,0
NOTE-0502,NOTE-0502,geraniol,Geraniol,Geraniol,106-24-1,1,1,0,terpenoid alcohol,floral / sweet,heart,alcohol,"rose, geranium",154.25,230.0,3.2,0.01,40.0,4.0,6.0,85.0,0,0,0,0,0,0,0,0
NOTE-0503,NOTE-0503,citronellol,Citronellol,Citronellol,106-22-9,1,1,0,terpenoid alcohol,floral / fresh,heart,alcohol,rose,156.27,225.0,3.0,0.01,40.0,4.0,6.0,85.0,0,0,0,0,0,0,0,0
NOTE-0504,NOTE-0504,damascenone,Damascenone,β-Damascenone,23726-91-2,1,1,0,ketone,fruity / floral,heart,alcohol,rose,190.28,290.0,3.1,1e-05,65.0,8.0,12.0,120.0,0,0,0,0,0,0,0,0
NOTE-0505,NOTE-0505,galaxolide,Galaxolide,HHCB,1222-05-5,1,1,0,polycyclic musk,musky / clean,base,alcohol,synthetic,258.4,300.0,5.9,0.001,90.0,24.0,24.0,140.0,0,0,0,0,0,0,0,0
NOTE-0506,NOTE-0506,helvetolide,Helvetolide,Helvetolide,141773-73-1,1,1,0,macrocyclic ester,musky / fruity,base,alcohol,synthetic,254.37,300.0,4.2,0.0003,95.0,24.0,24.0,150.0,0,0,0,0,0,0,0,0
NOTE-0507,NOTE-0507,ambrettolide,Ambrettolide,Ambrettolide,28645-51-4,1,1,0,macrocyclic lactone,musky / sweet,base,alcohol,synthetic,268.4,300.0,4.7,0.001,95.0,24.0,24.0,140.0,0,0,0,0,0,0,0,0
NOTE-0508,NOTE-0508,ethylene_brassylate,Ethylene Brassylate,Ethylene brassylate,105-95-3,1,1,0,macrocyclic musk,musky / sweet,base,alcohol,synthetic,270.4,300.0,4.3,0.001,95.0,24.0,24.0,145.0,0,0,0,0,0,0,0,0
NOTE-0509,NOTE-0509,linalool,Linalool,Linalool,78-70-6,1,1,0,terpenoid alcohol,floral / fresh,top/heart,alcohol/oil soluble,"lavender, rosewood",154.25,198.0,2.9,0.01,25.0,2.0,4.0,75.0,0,0,0,0,0,0,0,0
NOTE-0510,NOTE-0510,linalyl_acetate,Linalyl Acetate,Linalyl acetate,115-95-7,1,1,0,terpenoid ester,floral / fresh,top / heart,alcohol,lavender,196.29,220.0,3.0,0.02,35.0,3.0,5.0,74.0,0,0,0,0,0,0,0,0
NOTE-0511,NOTE-0511,gamma_undecalactone,Gamma-Undecalactone,,,0,1,0,unknown,unknown,unknown,unknown,unknown,180.04199999999997,255.36342592592592,3.357798165137614,0.012166376146788989,56.51152073732719,11.857142857142858,14.28110599078341,105.20046082949308,1,1,1,1,1,1,1,1
NOTE-0512,NOTE-0512,cinnamon_bark_oil,Cinnamon Bark Oil,,,0,1,0,unknown,unknown,unknown,unknown,unknown,180.04199999999997,255.36342592592592,3.357798165137614,0.012166376146788989,56.51152073732719,11.857142857142858,14.28110599078341,105.20046082949308,1,1,1,1,1,1,1,1
NOTE-0513,NOTE-0513,clove_bud_oil,Clove Bud Oil,Eugenol rich,8000-34-8,1,1,0,phenolic,spicy / sweet,heart,alcohol,clove buds,164.2,254.0,2.4,0.005,45.0,6.0,8.0,93.0,0,0,0,0,0,0,0,0
NOTE-0514,NOTE-0277,nutmeg_oil,Nutmeg Oil,Sabinene rich,8008-45-5,1,1,0,terpenoid,spicy / warm,heart,alcohol,nutmeg seed,136.24,167.0,4.0,0.02,35.0,4.0,6.0,69.0,0,0,0,0,0,0,0,0
NOTE-0515,NOTE-0515,patchouli_heart,Patchouli Heart,Patchoulol,5986-55-0,1,1,0,sesquiterpene alcohol,woody / earthy,base,alcohol/oil,patchouli leaves,222.37,280.0,4.5,0.01,90.0,24.0,24.0,150.0,0,0,0,0,0,0,0,0
NOTE-0516,NOTE-0054,castoreum_replacer,Castoreum Replacer,Phenolic blend,-,1,1,0,animalic base,leather / animalic,base,alcohol,synthetic,180.04199999999997,300.0,4.3,0.001,90.0,24.0,24.0,140.0,1,0,0,0,0,0,0,0
NOTE-0517,NOTE-0158,fig_leaf_accord,Fig Leaf Accord,,,0,1,0,unknown,unknown,unknown,unknown,unknown,180.04199999999997,255.36342592592592,3.357798165137614,0.012166376146788989,56.51152073732719,11.857142857142858,14.28110599078341,105.20046082949308,1,1,1,1,1,1,1,1
NOTE-0518,NOTE-0124,coconut_lactone,Coconut Lactone,δ-Nonalactone,104-61-0,1,1,0,lactone,creamy / coconut,heart/base,alcohol,synthetic,170.25,280.0,2.9,0.01,55.0,6.0,8.0,115.0,0,0,0,0,0,0,0,0
NOTE-0519,NOTE-0390,tobacco_absolute,Tobacco Absolute,Nicotine traces,8037-19-2,1,1,0,alkaloid extract,warm / sweet,base,alcohol,tobacco leaves,194.19,300.0,3.5,0.005,65.0,12.0,24.0,130.0,1,0,0,0,0,0,0,0
NOTE-0520,NOTE-0520,honey_accord,Honey Accord,,,0,1,0,unknown,unknown,unknown,unknown,unknown,180.04199999999997,255.36342592592592,3.357798165137614,0.012166376146788989,56.51152073732719,11.857142857142858,14.28110599078341,105.20046082949308,1,1,1,1,1,1,1,1
NOTE-0521,NOTE-0521,peppermint_oil,Peppermint Oil,,,0,1,0,unknown,unknown,unknown,unknown,unknown,180.04199999999997,255.36342592592592,3.357798165137614,0.012166376146788989,56.51152073732719,11.857142857142858,14.28110599078341,105.20046082949308,1,1,1,1,1,1,1,1
NOTE-0522,NOTE-0522,menthol_crystals,Menthol Crystals,,,0,1,0,unknown,unknown,unknown,unknown,unknown,180.04199999999997,255.36342592592592,3.357798165137614,0.012166376146788989,56.51152073732719,11.857142857142858,14.28110599078341,105.20046082949308,1,1,1,1,1,1,1,1
NOTE-0523,NOTE-0523,eucalyptol,Eucalyptol,,,0,1,0,unknown,unknown,unknown,unknown,unknown,180.04199999999997,255.36342592592592,3.357798165137614,0.012166376146788989,56.51152073732719,11.857142857142858,14.28110599078341,105.20046082949308,1,1,1,1,1,1,1,1
NOTE-0524,NOTE-0524,benzyl_salicylate,Benzyl Salicylate,Benzyl salicylate,118-58-1,1,1,0,aromatic ester,floral / balsamic,base,alcohol,synthetic,228.25,300.0,3.0,0.01,85.0,24.0,24.0,150.0,0,0,0,0,0,0,0,0
NOTE-0525,NOTE-0525,cypriol_oil,Cypriol Oil,Cyperus scariosus,91771-62-9,1,1,0,root oil,woody / smoky,base,alcohol,cypriol,180.04199999999997,280.0,4.3,0.001,90.0,24.0,24.0,135.0,1,0,0,0,0,0,0,0
NOTE-0526,NOTE-0526,grapefruit_oil,Grapefruit Oil,Nootkatone rich,8016-20-4,1,1,0,sesquiterpene,citrus / bitter,top,alcohol,grapefruit peel,218.33,279.0,3.6,0.01,15.0,1.0,2.0,110.0,0,0,0,0,0,0,0,0
NOTE-0527,NOTE-0292,orris_butter,Orris Butter,Iris pallida,8002-73-1,1,1,0,rhizome butter,powdery / floral,base,alcohol,orris,180.04199999999997,300.0,4.5,0.0001,95.0,48.0,48.0,150.0,1,0,0,0,0,0,0,0
NOTE-0528,NOTE-0528,iris_aldehyde,Iris Aldehyde,,,0,1,0,unknown,unknown,unknown,unknown,unknown,180.04199999999997,255.36342592592592,3.357798165137614,0.012166376146788989,56.51152073732719,11.857142857142858,14.28110599078341,105.20046082949308,1,1,1,1,1,1,1,1
NOTE-0529,NOTE-0529,carrot_seed_oil,Carrot Seed Oil,,,0,1,0,unknown,unknown,unknown,unknown,unknown,180.04199999999997,255.36342592592592,3.357798165137614,0.012166376146788989,56.51152073732719,11.857142857142858,14.28110599078341,105.20046082949308,1,1,1,1,1,1,1,1
NOTE-0530,NOTE-0275,neroli_oil,Neroli Oil,Linalool rich,8016-38-4,1,1,0,terpenoid,floral / citrus,top/heart,alcohol,orange blossom,154.25,198.0,2.9,0.01,28.0,4.0,6.0,78.0,0,0,0,0,0,0,0,0
NOTE-0531,NOTE-0531,hexyl_acetate,Hexyl Acetate,,,0,1,0,unknown,unknown,unknown,unknown,unknown,180.04199999999997,255.36342592592592,3.357798165137614,0.012166376146788989,56.51152073732719,11.857142857142858,14.28110599078341,105.20046082949308,1,1,1,1,1,1,1,1
NOTE-0532,NOTE-0158,cis_3_hexenol,cis-3-Hexenol,Cis-3-hexenol,928-96-1,1,1,0,alcohol,green / fresh,top,alcohol,leaves,100.16,157.0,1.5,0.03,18.0,1.0,2.0,54.0,0,0,0,0,0,0,0,0
NOTE-0533,NOTE-0533,aldehyde_c_6,Aldehyde C-6,Hexanal,66-25-1,1,1,0,aldehyde,green / fresh,top,alcohol,green leaves,100.16,131.0,2.4,0.05,10.0,0.5,1.0,60.0,0,0,0,0,0,0,0,0
NOTE-0534,NOTE-0534,ionone_alpha,Ionone Alpha,α-Ionone,127-41-3,1,1,0,ketone,floral / woody,heart,alcohol,violet,192.3,262.0,3.0,0.01,55.0,6.0,8.0,108.0,0,0,0,0,0,0,0,0
NOTE-0535,NOTE-0535,rosemary_oil,Rosemary Oil,"1,8-Cineole rich",8000-25-7,1,1,0,terpenoid,herbal / fresh,top,alcohol,rosemary leaves,154.25,176.0,2.8,0.02,18.0,1.0,2.0,65.0,0,0,0,0,0,0,0,0
NOTE-0536,NOTE-0536,benzaldehyde,Benzaldehyde,,,0,1,0,unknown,unknown,unknown,unknown,unknown,180.04199999999997,255.36342592592592,3.357798165137614,0.012166376146788989,56.51152073732719,11.857142857142858,14.28110599078341,105.20046082949308,1,1,1,1,1,1,1,1
NOTE-0537,NOTE-0053,pepper_black,Pepper Black,,,0,1,0,unknown,unknown,unknown,unknown,unknown,180.04199999999997,255.36342592592592,3.357798165137614,0.012166376146788989,56.51152073732719,11.857142857142858,14.28110599078341,105.20046082949308,1,1,1,1,1,1,1,1
NOTE-0538,NOTE-0538,ethyl_vanillin,Ethyl Vanillin,Ethyl vanillin,121-32-4,1,1,0,phenolic aldehyde,sweet / vanilla,base,alcohol,synthetic,166.17,285.0,1.4,0.005,80.0,18.0,24.0,150.0,0,0,0,0,0,0,0,0
NOTE-0539,NOTE-0539,frankincense_resin,Frankincense Resin,,,0,1,0,unknown,unknown,unknown,unknown,unknown,180.04199999999997,255.36342592592592,3.357798165137614,0.012166376146788989,56.51152073732719,11.857142857142858,14.28110599078341,105.20046082949308,1,1,1,1,1,1,1,1
NOTE-0540,NOTE-0540,aldehyde_c_12_lauric,Aldehyde C-12 Lauric,,,0,1,0,unknown,unknown,unknown,unknown,unknown,180.04199999999997,255.36342592592592,3.357798165137614,0.012166376146788989,56.51152073732719,11.857142857142858,14.28110599078341,105.20046082949308,1,1,1,1,1,1,1,1
NOTE-0541,NOTE-0541,rose_oxide,Rose Oxide,Rose oxide,16409-43-1,1,1,0,terpene oxide,floral / green,top,alcohol,rose,156.27,224.0,2.6,0.005,28.0,2.0,3.0,75.0,0,0,0,0,0,0,0,0
NOTE-0542,NOTE-0123,coffee_absolute,Coffee Absolute,Caffeine rich,84649-99-0,1,1,0,alkaloid extract,roasted / bitter,base,alcohol,coffee beans,194.19,300.0,1.5,0.005,65.0,12.0,24.0,130.0,1,0,0,0,0,0,0,0
NOTE-0543,NOTE-0543,pyrazine_accord,Pyrazine Accord,,,0,1,0,unknown,unknown,unknown,unknown,unknown,180.04199999999997,255.36342592592592,3.357798165137614,0.012166376146788989,56.51152073732719,11.857142857142858,14.28110599078341,105.20046082949308,1,1,1,1,1,1,1,1
NOTE-0544,NOTE-0123,cocoa_absolute,Cocoa Absolute,Theobromine rich,8002-31-1,1,1,0,alkaloid extract,gourmand / bitter,base,alcohol,cocoa beans,194.19,300.0,1.8,0.005,65.0,12.0,24.0,130.0,1,0,0,0,0,0,0,0
NOTE-0545,NOTE-0157,benzyl_alcohol,Benzyl Alcohol,Benzyl alcohol,100-51-6,1,1,0,aromatic alcohol,floral / sweet,heart,alcohol,"jasmine, fruits",108.14,205.0,1.1,0.02,30.0,2.0,4.0,93.0,0,0,0,0,0,0,0,0
NOTE-0546,NOTE-0105,cinnamon_leaf_oil,Cinnamon Leaf Oil,Eugenol rich,8015-91-6,1,1,0,phenolic,spicy / warm,heart,alcohol,cinnamon leaves,164.2,254.0,2.4,0.005,45.0,6.0,8.0,93.0,0,0,0,0,0,0,0,0
NOTE-0547,NOTE-0547,cinnamyl_alcohol,Cinnamyl Alcohol,Cinnamyl alcohol,104-54-1,1,1,0,aromatic alcohol,spicy / sweet,heart/base,alcohol,cinnamon bark,134.18,257.0,2.0,0.01,60.0,8.0,12.0,115.0,0,0,0,0,0,0,0,0
NOTE-0548,NOTE-0119,clove_oil,Clove Oil,,,0,1,0,unknown,unknown,unknown,unknown,unknown,180.04199999999997,255.36342592592592,3.357798165137614,0.012166376146788989,56.51152073732719,11.857142857142858,14.28110599078341,105.20046082949308,1,1,1,1,1,1,1,1
NOTE-0549,NOTE-0172,ginger_co2,Ginger CO₂,,,0,1,0,unknown,unknown,unknown,unknown,unknown,180.04199999999997,255.36342592592592,3.357798165137614,0.012166376146788989,56.51152073732719,11.857142857142858,14.28110599078341,105.20046082949308,1,1,1,1,1,1,1,1
NOTE-0550,NOTE-0081,cardamom_oil,Cardamom Oil,"1,8-Cineole rich",8000-66-6,1,1,0,terpenoid,spicy / fresh,top/heart,alcohol,cardamom pods,154.25,176.0,2.8,0.01,28.0,3.0,4.0,65.0,0,0,0,0,0,0,0,0
NOTE-0551,NOTE-0318,ethyl_butyrate,Ethyl Butyrate,Ethyl butyrate,105-54-4,1,1,0,ester,fruity / pineapple,top,alcohol,pineapple,116.16,121.0,1.9,0.02,18.0,1.0,2.0,25.0,0,0,0,0,0,0,0,0
NOTE-0552,NOTE-0119,eugenol,Eugenol,Eugenol,97-53-0,1,1,0,phenolic,spicy / clove,heart/base,alcohol,clove bud,164.2,254.0,2.3,0.005,70.0,12.0,18.0,120.0,0,0,0,0,0,0,0,0
NOTE-0553,NOTE-0242,mace_oil,Mace Oil,,,0,1,0,unknown,unknown,unknown,unknown,unknown,180.04199999999997,255.36342592592592,3.357798165137614,0.012166376146788989,56.51152073732719,11.857142857142858,14.28110599078341,105.20046082949308,1,1,1,1,1,1,1,1
NOTE-0554,NOTE-0053,black_pepper_oil,Black Pepper Oil,β-Caryophyllene,8006-82-4,1,1,0,sesquiterpene,spicy / dry,top,alcohol,black pepper,204.36,262.0,4.3,0.02,22.0,2.0,3.0,87.0,0,0,0,0,0,0,0,0
NOTE-0555,NOTE-0555,saffron_accord,Saffron Accord,,,0,1,0,unknown,unknown,unknown,unknown,unknown,180.04199999999997,255.36342592592592,3.357798165137614,0.012166376146788989,56.51152073732719,11.857142857142858,14.28110599078341,105.20046082949308,1,1,1,1,1,1,1,1
NOTE-0556,NOTE-0556,suederal,Suederal,Suederal,1001252-96-7,1,1,0,aromatic ketone,leather / suede,base,alcohol,synthetic,258.4,280.0,4.6,0.001,95.0,24.0,24.0,120.0,0,0,0,0,0,0,0,0
NOTE-0557,NOTE-0036,basil_oil,Basil Oil,Estragole rich,8015-73-4,1,1,0,phenylpropene,aromatic / green,top,alcohol,basil,148.2,216.0,2.9,0.02,18.0,1.0,2.0,70.0,0,0,0,0,0,0,0,0
NOTE-0558,NOTE-0388,thyme_oil,Thyme Oil,Thymol rich,8007-46-3,1,1,0,phenolic,herbal / spicy,top,alcohol,thyme,150.22,233.0,3.3,0.02,18.0,1.0,2.0,74.0,0,0,0,0,0,0,0,0
NOTE-0559,NOTE-0559,cumin_seed_oil,Cumin Seed Oil,Cuminaldehyde,8014-13-9,1,1,0,aldehyde,spicy / animalic,heart,alcohol,cumin seeds,148.2,237.0,2.7,0.01,40.0,4.0,6.0,90.0,0,0,0,0,0,0,0,0
NOTE-0560,NOTE-0130,coriander_seed_oil,Coriander Seed Oil,Linalool rich,8008-52-4,1,1,0,terpenoid,spicy / citrus,top/heart,alcohol,coriander seeds,154.25,198.0,2.9,0.02,28.0,3.0,4.0,75.0,0,0,0,0,0,0,0,0
NOTE-0561,NOTE-0561,ozonic_accord,Ozonic Accord,,,0,1,0,unknown,unknown,unknown,unknown,unknown,180.04199999999997,255.36342592592592,3.357798165137614,0.012166376146788989,56.51152073732719,11.857142857142858,14.28110599078341,105.20046082949308,1,1,1,1,1,1,1,1
NOTE-0562,NOTE-0036,green_tea_absolute,Green Tea Absolute,,,0,1,0,unknown,unknown,unknown,unknown,unknown,180.04199999999997,255.36342592592592,3.357798165137614,0.012166376146788989,56.51152073732719,11.857142857142858,14.28110599078341,105.20046082949308,1,1,1,1,1,1,1,1
NOTE-0563,NOTE-0563,milk_lactone,Milk Lactone,,,0,1,0,unknown,unknown,unknown,unknown,unknown,180.04199999999997,255.36342592592592,3.357798165137614,0.012166376146788989,56.51152073732719,11.857142857142858,14.28110599078341,105.20046082949308,1,1,1,1,1,1,1,1
NOTE-0564,NOTE-0564,rice_accord,Rice Accord,,,0,1,0,unknown,unknown,unknown,unknown,unknown,180.04199999999997,255.36342592592592,3.357798165137614,0.012166376146788989,56.51152073732719,11.857142857142858,14.28110599078341,105.20046082949308,1,1,1,1,1,1,1,1
NOTE-0565,NOTE-0565,violet_ionone,Violet Ionone,,,0,1,0,unknown,unknown,unknown,unknown,unknown,180.04199999999997,255.36342592592592,3.357798165137614,0.012166376146788989,56.51152073732719,11.857142857142858,14.28110599078341,105.20046082949308,1,1,1,1,1,1,1,1
NOTE-0566,NOTE-0346,rum_co2_extract,Rum CO₂ Extract,,,0,1,0,unknown,unknown,unknown,unknown,unknown,180.04199999999997,255.36342592592592,3.357798165137614,0.012166376146788989,56.51152073732719,11.857142857142858,14.28110599078341,105.20046082949308,1,1,1,1,1,1,1,1
NOTE-0567,NOTE-0567,oakwood_extract,Oakwood Extract,,,0,1,0,unknown,unknown,unknown,unknown,unknown,180.04199999999997,255.36342592592592,3.357798165137614,0.012166376146788989,56.51152073732719,11.857142857142858,14.28110599078341,105.20046082949308,1,1,1,1,1,1,1,1
NOTE-0568,NOTE-0397,tomato_leaf_accord,Tomato Leaf Accord,,,0,1,0,unknown,unknown,unknown,unknown,unknown,180.04199999999997,255.36342592592592,3.357798165137614,0.012166376146788989,56.51152073732719,11.857142857142858,14.28110599078341,105.20046082949308,1,1,1,1,1,1,1,1
NOTE-0569,NOTE-0569,civet_replacer,Civet Replacer,,,0,1,0,unknown,unknown,unknown,unknown,unknown,180.04199999999997,255.36342592592592,3.357798165137614,0.012166376146788989,56.51152073732719,11.857142857142858,14.28110599078341,105.20046082949308,1,1,1,1,1,1,1,1
NOTE-0570,NOTE-0570,costus_root,Costus Root,,,0,1,0,unknown,unknown,unknown,unknown,unknown,180.04199999999997,255.36342592592592,3.357798165137614,0.012166376146788989,56.51152073732719,11.857142857142858,14.28110599078341,105.20046082949308,1,1,1,1,1,1,1,1
NOTE-0571,NOTE-0281,olibanum_co2,Olibanum CO₂,,,0,1,0,unknown,unknown,unknown,unknown,unknown,180.04199999999997,255.36342592592592,3.357798165137614,0.012166376146788989,56.51152073732719,11.857142857142858,14.28110599078341,105.20046082949308,1,1,1,1,1,1,1,1
NOTE-0572,NOTE-0572,guaiacol,Guaiacol,Guaiacol,90-05-1,1,1,0,phenol,smoky / medicinal,heart / base,alcohol,wood tar,124.14,205.0,1.3,0.01,60.0,6.0,10.0,81.0,0,0,0,0,0,0,0,0
NOTE-0573,NOTE-0376,styrax_resin,Styrax Resin,Cinnamic esters,8046-19-3,1,1,0,balsamic resin,amber / leather,base,alcohol,styrax bark,212.2,300.0,3.2,0.005,90.0,24.0,24.0,140.0,1,0,0,0,0,0,0,0
NOTE-0574,NOTE-0197,honey_absolute,Honey Absolute,Honey extract,8028-66-8,1,1,0,animalic absolute,sweet / animalic,base,alcohol,honey,180.04199999999997,300.0,4.5,0.001,95.0,36.0,36.0,145.0,1,0,0,0,0,0,0,0
NOTE-0575,NOTE-0038,beeswax_absolute,Beeswax Absolute,Beeswax extract,8012-89-3,1,1,0,wax absolute,honey / waxy,base,alcohol,beeswax,180.04199999999997,300.0,4.6,0.001,98.0,48.0,48.0,145.0,1,0,0,0,0,0,0,0
NOTE-0576,NOTE-0576,ash_accord,Ash Accord,,,0,1,0,unknown,unknown,unknown,unknown,unknown,180.04199999999997,255.36342592592592,3.357798165137614,0.012166376146788989,56.51152073732719,11.857142857142858,14.28110599078341,105.20046082949308,1,1,1,1,1,1,1,1
NOTE-0577,NOTE-0577,wormwood_accord,Wormwood Accord,,,0,1,0,unknown,unknown,unknown,unknown,unknown,180.04199999999997,255.36342592592592,3.357798165137614,0.012166376146788989,56.51152073732719,11.857142857142858,14.28110599078341,105.20046082949308,1,1,1,1,1,1,1,1
NOTE-0578,NOTE-0273,sandalwood_mysore,Sandalwood Mysore,,,0,1,0,unknown,unknown,unknown,unknown,unknown,180.04199999999997,255.36342592592592,3.357798165137614,0.012166376146788989,56.51152073732719,11.857142857142858,14.28110599078341,105.20046082949308,1,1,1,1,1,1,1,1
NOTE-0579,NOTE-0579,birch_tar_low,Birch Tar (Low),,,0,1,0,unknown,unknown,unknown,unknown,unknown,180.04199999999997,255.36342592592592,3.357798165137614,0.012166376146788989,56.51152073732719,11.857142857142858,14.28110599078341,105.20046082949308,1,1,1,1,1,1,1,1
NOTE-0580,NOTE-0580,cinnamon_bark,Cinnamon Bark,,,0,1,0,unknown,unknown,unknown,unknown,unknown,180.04199999999997,255.36342592592592,3.357798165137614,0.012166376146788989,56.51152073732719,11.857142857142858,14.28110599078341,105.20046082949308,1,1,1,1,1,1,1,1
NOTE-0581,NOTE-0581,iris_butter,Iris Butter,Irone rich,8001-82-7,1,1,0,aromatic ketone,powdery / floral,base,alcohol,iris rhizome,218.99333333333334,300.0,4.0,0.001,85.0,24.0,24.0,150.0,1,0,0,0,0,0,0,0
NOTE-0582,NOTE-0582,aldehyde_c_12,Aldehyde C-12,,,0,1,0,unknown,unknown,unknown,unknown,unknown,180.04199999999997,255.36342592592592,3.357798165137614,0.012166376146788989,56.51152073732719,11.857142857142858,14.28110599078341,105.20046082949308,1,1,1,1,1,1,1,1
NOTE-0583,NOTE-0583,cade_oil_low,Cade Oil (Low),,,0,1,0,unknown,unknown,unknown,unknown,unknown,180.04199999999997,255.36342592592592,3.357798165137614,0.012166376146788989,56.51152073732719,11.857142857142858,14.28110599078341,105.20046082949308,1,1,1,1,1,1,1,1
NOTE-0584,NOTE-0584,apple_accord,Apple Accord,,,0,1,0,unknown,unknown,unknown,unknown,unknown,180.04199999999997,255.36342592592592,3.357798165137614,0.012166376146788989,56.51152073732719,11.857142857142858,14.28110599078341,105.20046082949308,1,1,1,1,1,1,1,1
NOTE-0585,NOTE-0301,patchouli_absolute,Patchouli Absolute,,,0,1,0,unknown,unknown,unknown,unknown,unknown,180.04199999999997,255.36342592592592,3.357798165137614,0.012166376146788989,56.51152073732719,11.857142857142858,14.28110599078341,105.20046082949308,1,1,1,1,1,1,1,1
NOTE-0586,NOTE-0213,vetiver_java,Vetiver Java,Vetiverol,89-81-6,1,1,0,sesquiterpene alcohol,woody / smoky,base,alcohol/oil,vetiver root,222.37,282.0,4.3,0.01,92.0,24.0,24.0,150.0,0,0,0,0,0,0,0,0
NOTE-0587,NOTE-0587,cannabis_accord,Cannabis Accord,,,0,1,0,unknown,unknown,unknown,unknown,unknown,180.04199999999997,255.36342592592592,3.357798165137614,0.012166376146788989,56.51152073732719,11.857142857142858,14.28110599078341,105.20046082949308,1,1,1,1,1,1,1,1
NOTE-0588,NOTE-0588,blackcurrant_bud,Blackcurrant Bud,Cassis base,68648-86-2,1,1,0,sulfurous,fruity / green,top/heart,alcohol,blackcurrant buds,180.04199999999997,300.0,3.0,0.001,35.0,3.0,5.0,120.0,1,0,0,0,0,0,0,0
NOTE-0589,NOTE-0589,hemp_accord,Hemp Accord,,,0,1,0,unknown,unknown,unknown,unknown,unknown,180.04199999999997,255.36342592592592,3.357798165137614,0.012166376146788989,56.51152073732719,11.857142857142858,14.28110599078341,105.20046082949308,1,1,1,1,1,1,1,1
NOTE-0590,NOTE-0590,mushroom_accord,Mushroom Accord,,,0,1,0,unknown,unknown,unknown,unknown,unknown,180.04199999999997,255.36342592592592,3.357798165137614,0.012166376146788989,56.51152073732719,11.857142857142858,14.28110599078341,105.20046082949308,1,1,1,1,1,1,1,1
NOTE-0591,NOTE-0591,geosmin_accord,Geosmin Accord,,,0,1,0,unknown,unknown,unknown,unknown,unknown,180.04199999999997,255.36342592592592,3.357798165137614,0.012166376146788989,56.51152073732719,11.857142857142858,14.28110599078341,105.20046082949308,1,1,1,1,1,1,1,1
NOTE-0592,NOTE-0592,pear_accord,Pear Accord,,,0,1,0,unknown,unknown,unknown,unknown,unknown,180.04199999999997,255.36342592592592,3.357798165137614,0.012166376146788989,56.51152073732719,11.857142857142858,14.28110599078341,105.20046082949308,1,1,1,1,1,1,1,1
NOTE-0593,NOTE-0593,ethyl_maltol_low,Ethyl Maltol (Low),,,0,1,0,unknown,unknown,unknown,unknown,unknown,180.04199999999997,255.36342592592592,3.357798165137614,0.012166376146788989,56.51152073732719,11.857142857142858,14.28110599078341,105.20046082949308,1,1,1,1,1,1,1,1
NOTE-0594,NOTE-0179,green_mango_accord,Green Mango Accord,,,0,1,0,unknown,unknown,unknown,unknown,unknown,180.04199999999997,255.36342592592592,3.357798165137614,0.012166376146788989,56.51152073732719,11.857142857142858,14.28110599078341,105.20046082949308,1,1,1,1,1,1,1,1
NOTE-0595,NOTE-0595,plum_accord,Plum Accord,,,0,1,0,unknown,unknown,unknown,unknown,unknown,180.04199999999997,255.36342592592592,3.357798165137614,0.012166376146788989,56.51152073732719,11.857142857142858,14.28110599078341,105.20046082949308,1,1,1,1,1,1,1,1
NOTE-0596,NOTE-0596,davana_oil,Davana Oil,,,0,1,0,unknown,unknown,unknown,unknown,unknown,180.04199999999997,255.36342592592592,3.357798165137614,0.012166376146788989,56.51152073732719,11.857142857142858,14.28110599078341,105.20046082949308,1,1,1,1,1,1,1,1
NOTE-0597,NOTE-0597,peach_lactone,Peach Lactone,,,0,1,0,unknown,unknown,unknown,unknown,unknown,180.04199999999997,255.36342592592592,3.357798165137614,0.012166376146788989,56.51152073732719,11.857142857142858,14.28110599078341,105.20046082949308,1,1,1,1,1,1,1,1
NOTE-0598,NOTE-0598,apricot_accord,Apricot Accord,,,0,1,0,unknown,unknown,unknown,unknown,unknown,180.04199999999997,255.36342592592592,3.357798165137614,0.012166376146788989,56.51152073732719,11.857142857142858,14.28110599078341,105.20046082949308,1,1,1,1,1,1,1,1
NOTE-0599,NOTE-0599,raspberry_ketone,Raspberry Ketone,4-(4-Hydroxyphenyl)-2-butanone,5471-51-2,1,1,0,aromatic ketone,fruity / sweet,heart,alcohol,synthetic,164.2,290.0,1.6,0.01,45.0,4.0,6.0,110.0,0,0,0,0,0,0,0,0
NOTE-0600,NOTE-0600,passionfruit_accord,Passionfruit Accord,,,0,1,0,unknown,unknown,unknown,unknown,unknown,180.04199999999997,255.36342592592592,3.357798165137614,0.012166376146788989,56.51152073732719,11.857142857142858,14.28110599078341,105.20046082949308,1,1,1,1,1,1,1,1
NOTE-0601,NOTE-0601,pineapple_accord,Pineapple Accord,,,0,1,0,unknown,unknown,unknown,unknown,unknown,180.04199999999997,255.36342592592592,3.357798165137614,0.012166376146788989,56.51152073732719,11.857142857142858,14.28110599078341,105.20046082949308,1,1,1,1,1,1,1,1
NOTE-0602,NOTE-0602,mango_accord,Mango Accord,,,0,1,0,unknown,unknown,unknown,unknown,unknown,180.04199999999997,255.36342592592592,3.357798165137614,0.012166376146788989,56.51152073732719,11.857142857142858,14.28110599078341,105.20046082949308,1,1,1,1,1,1,1,1
NOTE-0603,NOTE-0603,fig_accord,Fig Accord,,,0,1,0,unknown,unknown,unknown,unknown,unknown,180.04199999999997,255.36342592592592,3.357798165137614,0.012166376146788989,56.51152073732719,11.857142857142858,14.28110599078341,105.20046082949308,1,1,1,1,1,1,1,1
NOTE-0604,NOTE-0301,patchouli_oil,Patchouli Oil,Patchoulol rich,8014-09-3,1,1,0,sesquiterpene alcohol,woody / earthy,base,alcohol,patchouli leaf,222.37,280.0,4.5,0.005,90.0,24.0,24.0,120.0,0,0,0,0,0,0,0,0
NOTE-0605,NOTE-0605,safraleine,Safraleine,Safraleine,102353-43-9,1,1,0,aromatic aldehyde,leather / spicy,base,alcohol,synthetic,138.975,280.0,4.4,0.001,85.0,18.0,24.0,125.0,1,0,0,0,0,0,0,0
NOTE-0606,NOTE-0376,styrax_resinoid,Styrax Resinoid,Liquidambar orientalis,8046-19-3,1,1,0,resin,balsamic / leathery,base,alcohol,styrax,185.265,300.0,4.5,0.001,92.0,24.0,24.0,145.0,1,0,0,0,0,0,0,0
NOTE-0607,NOTE-0054,oud_synthetic,Oud Synthetic,Agarwood replacer,-,1,1,0,aromatic blend,woody / amber,base,alcohol,synthetic,180.04199999999997,255.36342592592592,4.8,0.0003,90.0,24.0,24.0,130.0,1,1,0,0,0,0,0,0
NOTE-0608,NOTE-0608,tonalid,Tonalid,Tonalid,1506-02-1,1,1,0,polycyclic musk,musky / sweet,base,alcohol,synthetic,258.4,300.0,5.7,0.0006,83.0,48.0,48.0,150.0,0,0,0,0,0,0,0,0
NOTE-0609,NOTE-0609,muscone,Muscone,Muscone,541-91-3,1,1,0,macrocyclic ketone,musky / animalic,base,alcohol,synthetic,238.4,300.0,4.3,0.0001,95.0,24.0,24.0,160.0,0,0,0,0,0,0,0,0
NOTE-0610,NOTE-0610,civetone,Civetone,Civetone,542-46-1,1,1,0,macrocyclic ketone,animalic / musky,base,alcohol,synthetic,250.4,300.0,4.5,0.0001,95.0,24.0,24.0,145.0,0,0,0,0,0,0,0,0
NOTE-0611,NOTE-0090,castoreum_absolute,Castoreum Absolute,Castoreum,8023-83-4,1,1,0,animalic absolute,animalic / leathery,base,alcohol,beaver castor,180.04199999999997,300.0,4.9,0.0001,99.0,72.0,72.0,150.0,1,0,0,0,0,0,0,0
NOTE-0612,NOTE-0104,cinnamon_oil,Cinnamon Oil,,,0,1,0,unknown,unknown,unknown,unknown,unknown,180.04199999999997,255.36342592592592,3.357798165137614,0.012166376146788989,56.51152073732719,11.857142857142858,14.28110599078341,105.20046082949308,1,1,1,1,1,1,1,1
NOTE-0613,NOTE-0165,frankincense_oil,Frankincense Oil,Incensole acetate,8016-36-2,1,1,0,terpenoid resin,resinous / fresh,base,alcohol,boswellia,252.4,300.0,4.1,0.005,80.0,18.0,24.0,135.0,0,0,0,0,0,0,0,0
NOTE-0614,NOTE-0271,myrrh_resinoid,Myrrh Resinoid,Commiphora myrrha,9000-45-7,1,1,0,resin,balsamic / bitter,base,alcohol,myrrh,185.265,300.0,4.6,0.001,95.0,24.0,24.0,145.0,1,0,0,0,0,0,0,0
NOTE-0615,NOTE-0615,costus_oil,Costus Oil,,,0,1,0,unknown,unknown,unknown,unknown,unknown,180.04199999999997,255.36342592592592,3.357798165137614,0.012166376146788989,56.51152073732719,11.857142857142858,14.28110599078341,105.20046082949308,1,1,1,1,1,1,1,1
NOTE-0616,NOTE-0019,ambrette_seed_oil,Ambrette Seed Oil,,,0,1,0,unknown,unknown,unknown,unknown,unknown,180.04199999999997,255.36342592592592,3.357798165137614,0.012166376146788989,56.51152073732719,11.857142857142858,14.28110599078341,105.20046082949308,1,1,1,1,1,1,1,1
NOTE-0617,NOTE-0617,muscenone,Muscenone,Muscenone,82356-51-2,1,1,0,macrocyclic ketone,musky / animalic,base,alcohol,synthetic,252.4,300.0,4.4,0.0001,98.0,24.0,24.0,145.0,0,0,0,0,0,0,0,0
NOTE-0618,NOTE-0618,egg_accord,Egg Accord,,,0,1,0,unknown,unknown,unknown,unknown,unknown,180.04199999999997,255.36342592592592,3.357798165137614,0.012166376146788989,56.51152073732719,11.857142857142858,14.28110599078341,105.20046082949308,1,1,1,1,1,1,1,1
NOTE-0619,NOTE-0619,caramel_accord,Caramel Accord,,,0,1,0,unknown,unknown,unknown,unknown,unknown,180.04199999999997,255.36342592592592,3.357798165137614,0.012166376146788989,56.51152073732719,11.857142857142858,14.28110599078341,105.20046082949308,1,1,1,1,1,1,1,1
NOTE-0620,NOTE-0620,almond_accord,Almond Accord,,,0,1,0,unknown,unknown,unknown,unknown,unknown,180.04199999999997,255.36342592592592,3.357798165137614,0.012166376146788989,56.51152073732719,11.857142857142858,14.28110599078341,105.20046082949308,1,1,1,1,1,1,1,1
NOTE-0621,NOTE-0621,butter_accord,Butter Accord,,,0,1,0,unknown,unknown,unknown,unknown,unknown,180.04199999999997,255.36342592592592,3.357798165137614,0.012166376146788989,56.51152073732719,11.857142857142858,14.28110599078341,105.20046082949308,1,1,1,1,1,1,1,1
NOTE-0622,NOTE-0622,burnt_sugar_accord,Burnt Sugar Accord,,,0,1,0,unknown,unknown,unknown,unknown,unknown,180.04199999999997,255.36342592592592,3.357798165137614,0.012166376146788989,56.51152073732719,11.857142857142858,14.28110599078341,105.20046082949308,1,1,1,1,1,1,1,1
NOTE-0623,NOTE-0141,cypriol_nagarmotha,Cypriol (Nagarmotha),Cypriol oil,91771-62-9,1,1,0,sesquiterpene,woody / smoky,base,alcohol,cypriol root,210.762,290.0,4.3,0.001,88.0,24.0,24.0,115.0,1,0,0,0,0,0,0,0
NOTE-0624,NOTE-0624,castoreum_accord,Castoreum Accord,,,0,1,0,unknown,unknown,unknown,unknown,unknown,180.04199999999997,255.36342592592592,3.357798165137614,0.012166376146788989,56.51152073732719,11.857142857142858,14.28110599078341,105.20046082949308,1,1,1,1,1,1,1,1
NOTE-0625,NOTE-0625,violet_ionones,Violet Ionones,,,0,1,0,unknown,unknown,unknown,unknown,unknown,180.04199999999997,255.36342592592592,3.357798165137614,0.012166376146788989,56.51152073732719,11.857142857142858,14.28110599078341,105.20046082949308,1,1,1,1,1,1,1,1
NOTE-0626,NOTE-0626,oakmoss_low,Oakmoss (Low),,,0,1,0,unknown,unknown,unknown,unknown,unknown,180.04199999999997,255.36342592592592,3.357798165137614,0.012166376146788989,56.51152073732719,11.857142857142858,14.28110599078341,105.20046082949308,1,1,1,1,1,1,1,1
NOTE-0627,NOTE-0292,orris_resinoid,Orris Resinoid,,,0,1,0,unknown,unknown,unknown,unknown,unknown,180.04199999999997,255.36342592592592,3.357798165137614,0.012166376146788989,56.51152073732719,11.857142857142858,14.28110599078341,105.20046082949308,1,1,1,1,1,1,1,1
NOTE-0628,NOTE-0628,sugar_accord,Sugar Accord,,,0,1,0,unknown,unknown,unknown,unknown,unknown,180.04199999999997,255.36342592592592,3.357798165137614,0.012166376146788989,56.51152073732719,11.857142857142858,14.28110599078341,105.20046082949308,1,1,1,1,1,1,1,1
NOTE-0629,NOTE-0629,powdery_musk,Powdery Musk,,,0,1,0,unknown,unknown,unknown,unknown,unknown,180.04199999999997,255.36342592592592,3.357798165137614,0.012166376146788989,56.51152073732719,11.857142857142858,14.28110599078341,105.20046082949308,1,1,1,1,1,1,1,1
NOTE-0630,NOTE-0630,timberol,Timberol,Timberol,70788-30-6,1,1,0,terpene alcohol,woody / dry,base,alcohol,synthetic,238.37,280.0,4.9,0.0002,90.0,24.0,24.0,130.0,0,0,0,0,0,0,0,0
NOTE-0631,NOTE-0631,cetalox,Cetalox,Ambroxide,3738-00-9,1,1,0,amberoid,amber / dry,base,alcohol,synthetic,236.4,300.0,4.5,0.001,90.0,48.0,48.0,140.0,0,0,0,0,0,0,0,0
NOTE-0632,NOTE-0273,sandalwood_oil,Sandalwood Oil,Santalol rich,8006-87-9,1,1,0,sesquiterpene alcohol,woody / creamy,base,alcohol,sandalwood,222.37,300.0,4.5,0.005,90.0,24.0,24.0,140.0,0,0,0,0,0,0,0,0
NOTE-0633,NOTE-0633,georgywood,Georgywood,Georgywood,40366-39-0,1,1,0,polycyclic alcohol,woody / amber,base,alcohol,synthetic,222.37,282.0,4.9,0.0002,92.0,24.0,24.0,130.0,0,0,0,0,0,0,0,0
NOTE-0634,NOTE-0634,pink_pepper_oil,Pink Pepper Oil,Limonene-rich oil,8016-20-4,1,1,0,terpenoid,spicy / fresh,top,alcohol,pink peppercorn,136.24,176.0,4.5,0.02,18.0,1.0,2.0,50.0,0,0,0,0,0,0,0,0
NOTE-0635,NOTE-0172,ginger_oil,Ginger Oil,Zingiberene,8007-08-7,1,1,0,sesquiterpene,spicy / fresh,top,alcohol,ginger root,204.36,255.0,4.1,0.02,22.0,2.0,3.0,87.0,0,0,0,0,0,0,0,0
NOTE-0636,NOTE-0350,sage_oil,Sage Oil,Thujone rich,8016-65-7,1,1,0,terpenoid,herbal / dry,top,alcohol,sage leaves,152.23,200.0,2.7,0.02,18.0,1.0,2.0,65.0,0,0,0,0,0,0,0,0
NOTE-0637,NOTE-0637,galbanum_oil,Galbanum Oil,Monoterpene rich,8023-91-4,1,1,0,terpenoid,green / bitter,top/heart,alcohol,galbanum resin,136.24,176.0,2.7,0.005,30.0,3.0,5.0,65.0,0,0,0,0,0,0,0,0
NOTE-0638,NOTE-0054,fig_leaf_base,Fig Leaf Base,Cis-3-hexenol blend,-,1,1,0,green alcohol blend,green / milky,top/heart,alcohol,fig leaf,180.04199999999997,260.0,2.8,0.01,28.0,3.0,4.0,95.0,1,0,0,0,0,0,0,0
NOTE-0639,NOTE-0639,helional,Helional,Helional,1205-17-0,1,1,0,aldehyde,fresh / aquatic,top / heart,alcohol,synthetic,180.25,268.0,2.7,0.02,35.0,3.0,5.0,95.0,0,0,0,0,0,0,0,0
NOTE-0640,NOTE-0640,melonal,Melonal,Melonal,106-72-9,1,1,0,aldehyde,marine / green,top,alcohol,synthetic,156.23,190.0,2.6,0.02,28.0,2.0,3.0,65.0,0,0,0,0,0,0,0,0
NOTE-0641,NOTE-0641,ambrocenide,Ambrocenide,Ambrocenide,153898-62-5,1,1,0,amberoid,amber / woody,base,alcohol,synthetic,234.38,285.0,5.6,5e-05,98.0,24.0,24.0,140.0,0,0,0,0,0,0,0,0
NOTE-0642,NOTE-0642,caramel_note,Caramel Note,,,0,1,0,unknown,unknown,unknown,unknown,unknown,180.04199999999997,255.36342592592592,3.357798165137614,0.012166376146788989,56.51152073732719,11.857142857142858,14.28110599078341,105.20046082949308,1,1,1,1,1,1,1,1
NOTE-0643,NOTE-0643,iris_absolute,Iris Absolute,,,0,1,0,unknown,unknown,unknown,unknown,unknown,180.04199999999997,255.36342592592592,3.357798165137614,0.012166376146788989,56.51152073732719,11.857142857142858,14.28110599078341,105.20046082949308,1,1,1,1,1,1,1,1
NOTE-0644,NOTE-0644,veramoss,Veramoss,Chlorinated phenyl ether,68155-66-8,1,1,0,aromatic ether,mossy / green,base,alcohol,synthetic,280.0,300.0,4.0,0.001,85.0,24.0,24.0,130.0,0,0,0,0,0,0,0,0
NOTE-0645,NOTE-0402,tuberose_absolute,Tuberose Absolute,Methyl benzoate rich,84776-65-6,1,1,0,aromatic extract,floral / creamy,heart,alcohol,tuberose flowers,146.14,300.0,3.2,0.001,60.0,8.0,12.0,115.0,1,0,0,0,0,0,0,0
NOTE-0646,NOTE-0646,gardenia_accord,Gardenia Accord,,,0,1,0,unknown,unknown,unknown,unknown,unknown,180.04199999999997,255.36342592592592,3.357798165137614,0.012166376146788989,56.51152073732719,11.857142857142858,14.28110599078341,105.20046082949308,1,1,1,1,1,1,1,1
NOTE-0647,NOTE-0647,phenethyl_alcohol,Phenethyl Alcohol,Phenethyl alcohol,60-12-8,1,1,0,aromatic alcohol,floral / rose,heart,alcohol,rose,122.16,219.0,1.4,0.01,35.0,3.0,5.0,85.0,0,0,0,0,0,0,0,0
NOTE-0648,NOTE-0648,ionone_beta,Ionone Beta,β-Ionone,79-77-6,1,1,0,ketone,floral / fruity,heart,alcohol,synthetic,192.3,262.0,3.0,0.01,55.0,6.0,8.0,108.0,0,0,0,0,0,0,0,0
NOTE-0649,NOTE-0649,methyl_ionone,Methyl Ionone,Methyl ionone,1335-46-2,1,1,0,ketone,floral / woody,heart,alcohol,synthetic,206.33,285.0,3.3,0.01,55.0,12.0,18.0,110.0,0,0,0,0,0,0,0,0
NOTE-0650,NOTE-0650,kephalis,Kephalis,Kephalis,65505-77-1,1,1,0,ketone,amber / woody,base,alcohol,synthetic,260.4,300.0,4.9,0.001,92.0,24.0,24.0,145.0,0,0,0,0,0,0,0,0
NOTE-0651,NOTE-0651,floralozone,Floralozone,Floralozone,67634-15-5,1,1,0,ketone,ozonic / floral,top,alcohol,synthetic,198.3,285.0,3.4,0.01,30.0,2.0,3.0,110.0,0,0,0,0,0,0,0,0
NOTE-0652,NOTE-0652,aquozone,Aquozone,Aquozone,68555-66-8,1,1,0,ketone,marine / fresh,top,alcohol,synthetic,214.3,300.0,3.5,0.01,30.0,3.0,4.0,120.0,0,0,0,0,0,0,0,0
NOTE-0653,NOTE-0653,indole,Indole,Indole,120-72-9,1,1,0,heterocyclic,animalic / floral,base,alcohol,jasmine,117.15,253.0,2.1,0.0001,85.0,12.0,24.0,121.0,0,0,0,0,0,0,0,0
NOTE-0654,NOTE-0246,mandarin_oil,Mandarin Oil,Limonene rich,8008-31-9,1,1,0,monoterpene,citrus / sweet,top,alcohol,mandarin peel,136.24,176.0,4.2,0.02,15.0,1.0,2.0,48.0,0,0,0,0,0,0,0,0
NOTE-0655,NOTE-0302,aldehyde_c_14,Aldehyde C-14,γ-Undecalactone,104-67-6,1,1,0,lactone,fruity / peach,heart,alcohol,synthetic,184.3,290.0,3.0,0.01,45.0,4.0,6.0,118.0,0,0,0,0,0,0,0,0
NOTE-0656,NOTE-0656,apple_lactone,Apple Lactone,δ-Decalactone,705-86-2,1,1,0,lactone,fruity / creamy,heart,alcohol,synthetic,170.25,282.0,2.9,0.01,45.0,4.0,6.0,115.0,0,0,0,0,0,0,0,0
NOTE-0657,NOTE-0657,maltol,Maltol,Maltol,118-71-8,1,1,0,lactone,sweet / caramel,heart,alcohol,larch bark,126.11,161.0,0.0,0.01,40.0,4.0,6.0,93.0,0,0,0,0,0,0,0,0
NOTE-0658,NOTE-0658,maple_lactone,Maple Lactone,Maple lactone,5471-51-2,1,1,0,lactone,sweet / maple,base,alcohol,synthetic,164.2,293.0,1.6,0.005,70.0,12.0,24.0,115.0,0,0,0,0,0,0,0,0
NOTE-0659,NOTE-0659,javanol,Javanol,Javanol,198404-98-7,1,1,0,terpene alcohol,woody / creamy,base,alcohol,synthetic,252.4,300.0,5.1,0.001,95.0,24.0,24.0,135.0,0,0,0,0,0,0,0,0
NOTE-0660,NOTE-0660,bacdanol,Bacdanol,Bacdanol,28219-61-6,1,1,0,terpene alcohol,woody / creamy,base,alcohol,synthetic,224.36,285.0,4.2,0.001,90.0,18.0,24.0,135.0,0,0,0,0,0,0,0,0
NOTE-0661,NOTE-0661,romandolide,Romandolide,Romandolide,236391-76-7,1,1,0,macrocyclic musk,musky / creamy,base,alcohol,synthetic,264.0,300.0,4.6,0.0002,94.0,48.0,48.0,160.0,1,0,0,0,0,0,0,0
NOTE-0662,NOTE-0662,anisaldehyde,Anisaldehyde,p-Anisaldehyde,0123-11-5,1,1,0,aromatic aldehyde,sweet / spicy,heart,alcohol,anise,136.15,248.0,2.1,0.01,38.0,4.0,6.0,83.0,0,0,0,0,0,0,0,0
NOTE-0663,NOTE-0124,aldehyde_c_18,Aldehyde C-18,γ-Nonalactone,104-61-0,1,1,0,lactone,creamy / coconut,heart/base,alcohol,synthetic,170.25,280.0,2.9,0.01,55.0,6.0,8.0,115.0,0,0,0,0,0,0,0,0
NOTE-0664,NOTE-0664,gamma_nonalactone,Gamma-Nonalactone,,,0,1,0,unknown,unknown,unknown,unknown,unknown,180.04199999999997,255.36342592592592,3.357798165137614,0.012166376146788989,56.51152073732719,11.857142857142858,14.28110599078341,105.20046082949308,1,1,1,1,1,1,1,1
NOTE-0665,NOTE-0665,benzyl_acetate,Benzyl Acetate,Benzyl acetate,0140-11-4,1,1,0,ester,floral / fruity,top/heart,alcohol,jasmine,150.17,213.0,1.9,0.02,20.0,1.0,3.0,102.0,0,0,0,0,0,0,0,0
NOTE-0666,NOTE-0666,exaltolide,Exaltolide,Exaltolide,0106-02-5,1,1,0,macrocyclic lactone,musky / clean,base,alcohol,synthetic,270.4,300.0,4.6,0.001,92.0,24.0,24.0,140.0,0,0,0,0,0,0,0,0
NOTE-0667,NOTE-0667,phenylacetic_acid,Phenylacetic Acid,Phenylacetic acid,103-82-2,1,1,0,aromatic acid,honey / animalic,base,alcohol,natural / synthetic,136.15,265.0,1.3,0.005,65.0,8.0,12.0,93.0,0,0,0,0,0,0,0,0
NOTE-0668,NOTE-0668,aldehyde_c10,Aldehyde C10,Decanal,112-31-2,1,0,0,aliphatic aldehyde,aldehydic / citrus,top,alcohol,citrus peel,156.27,208.0,3.3,0.02,15.0,1.0,2.0,70.0,0,0,0,0,0,0,0,0
NOTE-0669,NOTE-0669,aldehyde_c11,Aldehyde C11,Undecylenic aldehyde,112-44-7,1,0,0,aliphatic aldehyde,aldehydic / green,top,alcohol,synthetic,168.28,231.0,4.1,0.02,18.0,1.0,2.0,82.0,0,0,0,0,0,0,0,0
NOTE-0670,NOTE-0670,aldehyde_c12_lauric,Aldehyde C12 Lauric,Dodecanal,112-54-9,1,0,0,aliphatic aldehyde,aldehydic / soapy,top,alcohol,synthetic,184.32,258.0,4.8,0.02,20.0,1.0,2.0,102.0,0,0,0,0,0,0,0,0
NOTE-0671,NOTE-0671,aldehyde_c12_mna,Aldehyde C12 MNA,2-Methylundecanal,110-41-8,1,0,0,aliphatic aldehyde,aldehydic / floral,top,alcohol,synthetic,184.32,250.0,4.6,0.01,20.0,1.0,2.0,96.0,0,0,0,0,0,0,0,0
NOTE-0672,NOTE-0672,aldehyde_c13,Aldehyde C13,Tridecanal,10486-19-8,1,0,0,aliphatic aldehyde,aldehydic / fatty,top,alcohol,synthetic,198.34,270.0,5.3,0.02,22.0,1.0,2.0,112.0,0,0,0,0,0,0,0,0
NOTE-0673,NOTE-0673,aldehyde_c14,Aldehyde C14,γ-Undecalactone,104-67-6,1,0,0,lactone,fruity / peach,heart,alcohol,synthetic,184.28,290.0,3.0,0.01,50.0,6.0,8.0,118.0,0,0,0,0,0,0,0,0
NOTE-0674,NOTE-0674,aldehyde_c14_peach,Aldehyde C14 Peach,γ-Undecalactone,104-67-6,1,0,0,lactone,fruity / peach,heart,alcohol,synthetic,184.28,290.0,3.0,0.01,45.0,4.0,6.0,118.0,0,0,0,0,0,0,0,0
NOTE-0675,NOTE-0675,aldehyde_c16_strawberry,Aldehyde C16 Strawberry,Ethyl methyl phenylglycidate,77-83-8,1,0,0,aromatic ester,fruity / sweet,heart,alcohol,synthetic,206.24,290.0,2.6,0.01,45.0,4.0,6.0,110.0,0,0,0,0,0,0,0,0
NOTE-0676,NOTE-0676,aldehyde_c18,Aldehyde C18,γ-Nonalactone,104-61-0,1,0,0,lactone,creamy / coconut,heart / base,alcohol,synthetic,170.25,280.0,2.9,0.01,55.0,6.0,8.0,115.0,0,0,0,0,0,0,0,0
NOTE-0677,NOTE-0677,aldehyde_c18_coconut,Aldehyde C18 Coconut,γ-Nonalactone,104-61-0,1,0,0,lactone,creamy / coconut,heart/base,alcohol,synthetic,170.25,280.0,2.9,0.01,55.0,6.0,8.0,115.0,0,0,0,0,0,0,0,0
NOTE-0678,NOTE-0678,aldehyde_c_7,Aldehyde C-7,Heptanal,111-71-7,1,0,0,aldehyde,green / fatty,top,unknown,unknown,114.19,152.0,2.9571428571428573,0.014761904761904763,32.523809523809526,3.119047619047619,4.904761904761905,91.28571428571429,0,0,1,1,1,1,1,1
NOTE-0679,NOTE-0679,aldehyde_c_8,Aldehyde C-8,Octanal,124-13-0,1,0,0,aldehyde,citrus / fresh,top,alcohol,citrus,128.21,171.0,3.0,0.02,18.0,1.0,2.0,70.0,0,0,0,0,0,0,0,0
NOTE-0680,NOTE-0680,aldehyde_c_9,Aldehyde C-9,Nonanal,124-19-6,1,0,0,aldehyde,citrus / waxy,top,alcohol,citrus,142.24,191.0,3.3,0.01,18.0,1.0,2.0,75.0,0,0,0,0,0,0,0,0
NOTE-0681,NOTE-0681,aldehydes_c10,Aldehydes (C10),Decanal,112-31-2,1,0,0,aliphatic aldehyde,aldehydic / fresh,top,alcohol,synthetic,156.27,208.0,3.8,0.02,20.0,1.0,2.0,72.0,0,0,0,0,0,0,0,0
NOTE-0682,NOTE-0682,aldehydes_c11,Aldehydes (C11),Undecylenic aldehyde,112-44-7,1,0,0,aliphatic aldehyde,aldehydic / fresh,top,alcohol,synthetic,170.29,220.0,4.1,0.015,22.0,1.0,2.0,78.0,0,0,0,0,0,0,0,0
NOTE-0683,NOTE-0683,aldehydes_c12_mna,Aldehydes (C12 MNA),2-Methylundecanal,110-41-8,1,0,0,aliphatic aldehyde,aldehydic / floral,top,alcohol,synthetic,184.32,240.0,4.5,0.01,25.0,2.0,3.0,83.0,0,0,0,0,0,0,0,0
NOTE-0684,NOTE-0684,allspice_oil,Allspice Oil,Eugenol rich,8006-77-7,1,0,0,phenolic terpene,spicy / sweet,heart,alcohol,pimento berry,164.2,254.0,2.3,0.005,70.0,12.0,18.0,120.0,0,0,0,0,0,0,0,0
NOTE-0685,NOTE-0685,allyl_amyl_glycolate,Allyl Amyl Glycolate,Allyl amyl glycolate,67634-15-5,1,0,0,ester,fruity / green,top,alcohol,synthetic,200.28,270.0,3.2,0.02,22.0,2.0,3.0,96.0,0,0,0,0,0,0,0,0
NOTE-0686,NOTE-0686,alpha_ionone,Alpha-Ionone,α-Ionone,127-41-3,1,0,0,ketone,floral / powdery,heart,alcohol,violet,192.3,300.0,3.0,0.001,70.0,12.0,18.0,120.0,0,0,0,0,0,0,0,0
NOTE-0687,NOTE-0687,amber_seed,Amber Seed,Ambrette seed oil,8015-62-1,1,0,0,macrocyclic alcohol,musky / floral,base,alcohol,ambrette seeds,222.37,290.0,3.8,0.001,85.0,24.0,24.0,115.0,0,0,0,0,0,0,0,0
NOTE-0688,NOTE-0688,amber_xtreme,Amber Xtreme,Amber Xtreme,68901-15-5,1,0,0,amberoid,amber / woody,base,alcohol,synthetic,234.38,295.0,5.4,5e-05,98.0,24.0,24.0,140.0,0,0,0,0,0,0,0,0
NOTE-0689,NOTE-0689,ambergris_replacer,Ambergris Replacer,Ambroxide blend,-,1,0,0,ambergris base,amber / animalic,base,alcohol,synthetic,180.04199999999997,300.0,4.2,0.001,90.0,24.0,24.0,140.0,1,0,0,0,0,0,0,0
NOTE-0690,NOTE-0690,ambergris_tincture,Ambergris Tincture,Ambrein,6790-58-5,1,0,0,triterpene,amber / animalic,base,alcohol,ambergris,236.4,300.0,4.8,0.0005,99.0,72.0,72.0,150.0,0,0,0,0,0,0,0,0
NOTE-0691,NOTE-0691,amberlyn,Amberlyn,Amberlyn,-,1,0,0,amber molecule,amber / sweet,base,alcohol,synthetic,260.4,300.0,5.0,0.001,95.0,24.0,24.0,145.0,1,0,0,0,0,0,0,0
NOTE-0692,NOTE-0692,ambermarine_base,Ambermarine Base,Ambroxide blend,-,1,0,0,ambergris base,marine / amber,base,alcohol,synthetic,180.04199999999997,300.0,4.2,0.001,90.0,24.0,24.0,140.0,1,0,0,0,0,0,0,0
NOTE-0693,NOTE-0693,ambermax,Ambermax,Ambermax,71837-65-9,1,0,0,polycyclic,amber / woody,base,alcohol,synthetic,272.4,300.0,5.6,0.001,98.0,48.0,48.0,165.0,0,0,0,0,0,0,0,0
NOTE-0694,NOTE-0694,ambrein,Ambrein,Ambrein,6790-58-5,1,0,0,triterpene,amber / sweet,base,alcohol,ambergris,236.4,300.0,4.8,0.0005,99.0,72.0,72.0,150.0,0,0,0,0,0,0,0,0
NOTE-0695,NOTE-0695,amyris_oil,Amyris Oil,Valerianol rich,8015-65-4,1,0,0,sesquiterpene alcohol,woody / balsamic,base,alcohol,amyris wood,222.25944444444445,300.0,4.2,0.01,80.0,18.0,24.0,120.0,1,0,0,0,0,0,0,0
NOTE-0696,NOTE-0696,anethole,Anethole,Anethole,104-46-1,1,0,0,phenylpropene,sweet / spicy,heart,alcohol,star anise,148.2,234.0,3.0,0.01,45.0,6.0,8.0,87.0,0,0,0,0,0,0,0,0
NOTE-0697,NOTE-0697,angelica_root,Angelica Root,α-Pinene rich,8015-64-3,1,0,0,terpene,musky / green,heart / base,alcohol,angelica root,136.24,156.0,4.0,0.01,55.0,6.0,10.0,33.0,0,0,0,0,0,0,0,0
NOTE-0698,NOTE-0698,anisyl_alcohol,Anisyl Alcohol,p-Anisyl alcohol,105-13-5,1,0,0,aromatic alcohol,sweet / floral,heart,alcohol,synthetic,138.16,259.0,2.1,0.01,55.0,6.0,10.0,110.0,0,0,0,0,0,0,0,0
NOTE-0699,NOTE-0699,apricot_lactone,Apricot Lactone,γ-Octalactone,104-50-7,1,0,0,lactone,fruity / creamy,heart,alcohol,synthetic,156.22,255.0,2.6,0.01,45.0,4.0,6.0,100.0,0,0,0,0,0,0,0,0
NOTE-0700,NOTE-0700,artemisia_oil,Artemisia Oil,Thujone rich,8008-93-3,1,0,0,terpenoid,aromatic / bitter,top,alcohol,wormwood,152.23,200.0,2.7,0.02,18.0,1.0,2.0,70.0,0,0,0,0,0,0,0,0
NOTE-0701,NOTE-0701,atlas_cedrol,Atlas Cedrol,Cedrol,77-53-2,1,0,0,sesquiterpene alcohol,woody / dry,base,alcohol,cedarwood,222.4,280.0,4.4,0.001,92.0,36.0,36.0,140.0,0,0,0,0,0,0,0,0
NOTE-0702,NOTE-0702,australian_sandalwood,Australian Sandalwood,Santalol rich,90106-38-0,1,0,0,sesquiterpene alcohol,woody / dry,base,alcohol,sandalwood,222.37,300.0,4.5,0.005,90.0,24.0,24.0,140.0,0,0,0,0,0,0,0,0
NOTE-0703,NOTE-0703,bay_leaf_oil,Bay Leaf Oil,Eugenol rich,8006-78-8,1,0,0,phenolic,spicy / herbal,top,alcohol,bay leaves,164.2,254.0,2.4,0.01,22.0,2.0,3.0,93.0,0,0,0,0,0,0,0,0
NOTE-0704,NOTE-0704,bay_oil,Bay Oil,Pimenta racemosa,8006-78-8,1,0,0,leaf oil,spicy / herbal,top/heart,alcohol,bay leaf,164.2,250.0,3.2,0.02,55.0,6.0,10.0,90.0,0,0,0,0,0,0,0,0
NOTE-0705,NOTE-0705,benzoin_sumatra,Benzoin Sumatra,Benzoic resin,9000-72-0,1,0,0,balsamic resin,amber / smoky,base,alcohol,styrax,212.2,300.0,2.8,0.01,85.0,24.0,24.0,135.0,0,0,0,0,0,0,0,0
NOTE-0706,NOTE-0706,benzyl_benzoate,Benzyl Benzoate,Benzyl benzoate,120-51-4,1,0,0,aromatic ester,balsamic / sweet,base,alcohol,peru balsam,212.24,323.0,3.0,0.01,90.0,24.0,24.0,140.0,0,0,0,0,0,0,0,0
NOTE-0707,NOTE-0707,bergamot_oil_fcf,Bergamot Oil FCF,Linalyl acetate rich,8007-75-8,1,0,0,terpenoid,citrus / fresh,top,alcohol,bergamot peel,196.29,220.0,3.0,0.01,22.0,2.0,3.0,74.0,0,0,0,0,0,0,0,0
NOTE-0708,NOTE-0708,beta_ionone,Beta-Ionone,β-Ionone,,0,0,0,ketone,floral / woody,heart,alcohol,violet,192.3,300.0,3.1,0.001,70.0,12.0,18.0,120.0,0,0,0,0,0,0,0,0
NOTE-0709,NOTE-0709,bitter_orange_oil,Bitter Orange Oil,Limonene rich,8006-90-4,1,0,0,monoterpene,citrus / bitter,top,alcohol,bitter orange peel,136.24,176.0,4.4,0.02,15.0,1.0,2.0,48.0,0,0,0,0,0,0,0,0
NOTE-0710,NOTE-0710,blood_orange_oil,Blood Orange Oil,Citrus sinensis,8621-34-7,1,0,0,citrus oil,citrus / tart,top,alcohol,blood orange,136.2,176.0,2.5,0.05,25.0,1.0,3.0,50.0,0,0,0,0,0,0,0,0
NOTE-0711,NOTE-0711,bois_de_rose,Bois de Rose,Linalool rich,8015-77-8,1,0,0,terpenoid alcohol,woody / floral,heart,alcohol,rosewood,154.25,198.0,2.9,0.01,40.0,4.0,6.0,75.0,0,0,0,0,0,0,0,0
NOTE-0712,NOTE-0712,boisambrene_forte,Boisambrene Forte,Boisambrene Forte,,0,0,0,amber molecule,woody / amber,base,alcohol,synthetic,260.4,300.0,5.0,0.001,95.0,24.0,24.0,140.0,0,0,0,0,0,0,0,0
NOTE-0713,NOTE-0713,boisiris,Boisiris,Orris wood base,-,1,0,0,aromatic base,woody / powdery,base,unknown,unknown,180.04199999999997,300.0,4.3,0.001,56.51152073732719,11.857142857142858,14.28110599078341,105.20046082949308,1,0,0,0,1,1,1,1
NOTE-0714,NOTE-0714,bourgeonal,Bourgeonal,Bourgeonal,18127-01-0,1,0,0,aldehyde,floral / green,heart,alcohol,synthetic,196.29,285.0,3.1,0.01,40.0,4.0,6.0,110.0,0,0,0,0,0,0,0,0
NOTE-0715,NOTE-0715,bulgarian_rose_otto,Bulgarian Rose Otto,Citronellol rich,8007-01-0,1,0,0,terpenoid,floral / rosy,heart,alcohol,rosa damascena,154.25,206.0,3.0,0.002,45.0,4.0,6.0,80.0,0,0,0,0,0,0,0,0
NOTE-0716,NOTE-0716,calamansi_oil,Calamansi Oil,Limonene rich,68917-75-9,1,0,0,monoterpene,citrus / sweet,top,alcohol,calamansi peel,136.24,176.0,4.3,0.02,15.0,1.0,2.0,48.0,0,0,0,0,0,0,0,0
NOTE-0717,NOTE-0717,camphor,Camphor,Camphor,76-22-2,1,0,0,terpenoid ketone,medicinal / fresh,top,alcohol,camphor tree,152.23,204.0,2.4,0.02,18.0,1.0,2.0,65.0,0,0,0,0,0,0,0,0
NOTE-0718,NOTE-0718,carrot_seed,Carrot Seed,Carotol,8015-88-1,1,0,0,sesquiterpene alcohol,earthy / powdery,heart,alcohol,carrot seeds,222.37,285.0,4.0,0.01,58.0,6.0,10.0,110.0,0,0,0,0,0,0,0,0
NOTE-0719,NOTE-0719,cashmeran_high_purity,Cashmeran (High Purity),Cashmeran,33704-61-9,1,0,0,polycyclic ketone,woody / musky,base,alcohol,synthetic,206.33,241.0,4.4,0.0005,85.0,18.0,24.0,96.0,0,0,0,0,0,0,0,0
NOTE-0720,NOTE-0720,cassis_absolute,Cassis Absolute,Ribes nigrum,91722-40-6,1,0,0,fruit absolute,green / fruity,top/heart,alcohol,blackcurrant,180.04199999999997,300.0,3.6,0.001,70.0,8.0,12.0,130.0,1,0,0,0,0,0,0,0
NOTE-0721,NOTE-0721,cedramber,Cedramber,Cedramber,19870-74-7,1,0,0,amber wood,woody / amber,base,alcohol,synthetic,250.4,300.0,5.0,0.005,92.0,24.0,24.0,160.0,0,0,0,0,0,0,0,0
NOTE-0722,NOTE-0722,champaca_absolute,Champaca Absolute,Linalool rich,8006-71-5,1,0,0,aromatic extract,floral / spicy,heart,alcohol,michelia champaca,146.14,300.0,3.0,0.002,55.0,6.0,10.0,110.0,1,0,0,0,0,0,0,0
NOTE-0723,NOTE-0723,cherry,Cherry,Benzaldehyde rich,100-52-7,1,0,0,aromatic aldehyde,fruity / almond,top,alcohol,cherry pits,106.12,179.0,1.5,0.03,18.0,1.0,2.0,64.0,0,0,0,0,0,0,0,0
NOTE-0724,NOTE-0724,cinnamaldehyde,Cinnamaldehyde,Cinnamic aldehyde,104-55-2,1,0,0,aromatic aldehyde,spicy / hot,heart,alcohol,cinnamon,132.16,248.0,2.1,0.005,45.0,4.0,6.0,105.0,0,0,0,0,0,0,0,0
NOTE-0725,NOTE-0725,cis_3_hexenyl_acetate,Cis-3-Hexenyl Acetate,Cis-3-hexenyl acetate,3681-71-8,1,0,0,ester,green / fruity,top,alcohol,leaves,142.2,171.0,2.1,0.03,18.0,1.0,2.0,54.0,0,0,0,0,0,0,0,0
NOTE-0726,NOTE-0726,cis_3_hexenyl_butyrate,Cis-3-Hexenyl Butyrate,Cis-3-hexenyl butyrate,16491-54-6,1,0,0,ester,green / fruity,top,alcohol,synthetic,172.26,230.0,3.1,0.02,22.0,2.0,3.0,90.0,0,0,0,0,0,0,0,0
NOTE-0727,NOTE-0727,cis_jasmone,Cis-Jasmone,Cis-jasmone,0488-10-8,1,0,0,ketone,floral / jasmine,heart,alcohol,jasmine,164.2,258.0,2.4,0.01,60.0,8.0,12.0,95.0,0,0,0,0,0,0,0,0
NOTE-0728,NOTE-0728,cistus_oil,Cistus Oil,Cistus ladaniferus,89997-74-0,1,0,0,resin oil,amber / leathery,base,alcohol,cistus,180.04199999999997,300.0,4.6,0.001,95.0,24.0,24.0,145.0,1,0,0,0,0,0,0,0
NOTE-0729,NOTE-0729,citral,Citral,Citral,5392-40-5,1,0,0,aldehyde,citrus / green,top,alcohol,lemongrass,152.24,229.0,3.0,0.02,15.0,1.0,2.0,92.0,0,0,0,0,0,0,0,0
NOTE-0730,NOTE-0730,citron_oil,Citron Oil,Citronellal rich,8000-29-1,1,0,0,aldehyde,citrus / fresh,top,alcohol,citron peel,154.25,206.0,3.1,0.02,18.0,1.0,2.0,80.0,0,0,0,0,0,0,0,0
NOTE-0731,NOTE-0731,citronella,Citronella,Citronellal rich,8000-29-1,1,0,0,terpenoid aldehyde,citrus / green,top,alcohol,citronella grass,154.25,206.0,3.3,0.03,22.0,1.0,2.0,68.0,0,0,0,0,0,0,0,0
NOTE-0732,NOTE-0732,citronellyl_acetate,Citronellyl Acetate,Citronellyl acetate,150-84-5,1,0,0,terpenoid ester,floral / fresh,top / heart,alcohol,citronella,198.3,228.0,3.5,0.02,35.0,3.0,5.0,91.0,0,0,0,0,0,0,0,0
NOTE-0733,NOTE-0733,civet_absolute,Civet Absolute,Civetone,0126-11-4,1,0,0,macrocyclic ketone,animalic / musky,base,alcohol,civet,250.4,300.0,4.7,0.0001,99.0,72.0,72.0,150.0,0,0,0,0,0,0,0,0
NOTE-0734,NOTE-0734,civet_synthetic,Civet (Synthetic),Civetone blend,-,1,0,0,macrocyclic ketone,animalic / musky,base,alcohol,synthetic,248.404,306.0,4.5,0.0001,95.0,24.0,24.0,160.0,1,1,0,0,0,0,0,0
NOTE-0735,NOTE-0735,civettone,Civettone,Civettone,542-46-1,1,0,0,macrocyclic ketone,musky / animalic,base,alcohol,civet (synthetic),250.42,330.0,4.5,1e-05,98.0,48.0,48.0,165.0,0,0,0,0,0,0,0,0
NOTE-0736,NOTE-0736,clearwood,Clearwood,Clearwood,110677-62-4,1,0,0,terpene alcohol,woody / patchouli,base,alcohol,synthetic,224.36,290.0,4.4,0.001,85.0,24.0,24.0,125.0,0,0,0,0,0,0,0,0
NOTE-0737,NOTE-0737,clementine_oil,Clementine Oil,Limonene rich,8008-56-8,1,0,0,monoterpene,citrus / sweet,top,alcohol,clementine peel,136.24,176.0,4.2,0.02,15.0,1.0,2.0,48.0,0,0,0,0,0,0,0,0
NOTE-0738,NOTE-0738,costus,Costus,Costus oil,8023-88-9,1,0,0,lactone,animalic / rooty,base,alcohol,costus root,159.7725925925926,290.0,4.2,0.001,92.0,24.0,24.0,120.0,1,0,0,0,0,0,0,0
NOTE-0739,NOTE-0739,coumarin_refined,Coumarin (Refined),Coumarin,91-64-5,1,0,0,benzopyrone,sweet / hay,base,alcohol,tonka bean,146.14,302.0,1.6,0.01,78.0,12.0,24.0,151.0,0,0,0,0,0,0,0,0
NOTE-0740,NOTE-0740,coumarone,Coumarone,Coumarone,119-92-6,1,0,0,lactone,sweet / smoky,base,alcohol,synthetic,118.1,173.0,2.0,0.02,70.0,12.0,18.0,95.0,0,0,0,0,0,0,0,0
NOTE-0741,NOTE-0741,cyclamen_aldehyde,Cyclamen Aldehyde,Cyclamen aldehyde,103-95-7,1,0,0,aldehyde,floral / watery,top/heart,alcohol,synthetic,154.21,241.0,2.7,0.01,30.0,3.0,4.0,95.0,0,0,0,0,0,0,0,0
NOTE-0742,NOTE-0742,cyclotene,Cyclotene,Cyclotene,80-71-7,1,0,0,lactone,sweet / caramel,heart,alcohol,coffee,112.13,187.0,0.2,0.01,35.0,3.0,5.0,76.0,0,0,0,0,0,0,0,0
NOTE-0743,NOTE-0743,cypress_oil,Cypress Oil,α-Pinene rich,8013-86-3,1,0,0,monoterpene,woody / green,top/heart,alcohol,cypress,136.24,156.0,3.0,0.02,22.0,2.0,3.0,45.0,0,0,0,0,0,0,0,0
NOTE-0744,NOTE-0744,cypriol_oil_nagarmotha,Cypriol Oil (Nagarmotha),Cypriol rich,91745-46-9,1,0,0,sesquiterpene,woody / earthy,base,alcohol,cypriol root,210.762,300.0,4.4,0.005,85.0,24.0,24.0,130.0,1,0,0,0,0,0,0,0
NOTE-0745,NOTE-0745,damascenol,Damascenol,Damascenol,28664-35-9,1,0,0,alcohol,floral / fruity,heart,alcohol,rose,154.25,270.0,2.7,0.01,45.0,4.0,6.0,100.0,0,0,0,0,0,0,0,0
NOTE-0746,NOTE-0746,damask_rose_oil,Damask Rose Oil,Rosa damascena,8007-01-0,1,0,0,floral oil,floral / sweet,heart,alcohol,rose,154.2,300.0,3.8,0.001,80.0,18.0,24.0,140.0,1,0,0,0,0,0,0,0
NOTE-0747,NOTE-0747,deertongue,Deertongue,Coumarin rich,90063-60-6,1,0,0,aromatic extract,sweet / hay,base,alcohol,deertongue leaf,146.14,300.0,1.6,0.01,80.0,12.0,24.0,150.0,1,0,0,0,0,0,0,0
NOTE-0748,NOTE-0748,ebanol,Ebanol,Ebanol,67801-20-1,1,0,0,terpene alcohol,woody / dry,base,alcohol,synthetic,238.37,300.0,5.1,0.0002,95.0,24.0,24.0,135.0,0,0,0,0,0,0,0,0
NOTE-0749,NOTE-0749,elemi_oil,Elemi Oil,Limonene rich,8023-89-0,1,0,0,terpenoid,resinous / fresh,top/heart,alcohol,elemi resin,136.24,176.0,3.0,0.02,30.0,3.0,5.0,65.0,0,0,0,0,0,0,0,0
NOTE-0750,NOTE-0750,estragole,Estragole,Estragole,140-67-0,1,0,0,phenylpropene,sweet / herbal,top / heart,alcohol,basil,148.2,216.0,2.7,0.02,30.0,2.0,4.0,87.0,0,0,0,0,0,0,0,0
NOTE-0751,NOTE-0751,eucalyptus_oil,Eucalyptus Oil,"1,8-Cineole",8000-48-4,1,0,0,terpenoid,fresh / medicinal,top,alcohol,eucalyptus,154.25,176.0,2.8,0.02,18.0,1.0,2.0,49.0,0,0,0,0,0,0,0,0
NOTE-0752,NOTE-0752,eugenyl_acetate,Eugenyl Acetate,Eugenyl acetate,93-28-7,1,0,0,aromatic ester,spicy / sweet,heart,alcohol,clove buds,206.24,281.0,2.6,0.005,48.0,6.0,8.0,115.0,0,0,0,0,0,0,0,0
NOTE-0753,NOTE-0753,fenugreek,Fenugreek,Sotolone,28664-35-9,1,0,0,lactone,maple / gourmand,base,alcohol,fenugreek seeds,128.13,260.0,1.3,0.001,75.0,12.0,24.0,110.0,0,0,0,0,0,0,0,0
NOTE-0754,NOTE-0754,fenugreek_absolute,Fenugreek Absolute,Sotolone rich,8016-87-9,1,0,0,lactone,sweet / maple,base,alcohol,fenugreek seed,128.17,180.0,1.3,0.001,80.0,18.0,24.0,120.0,0,0,0,0,0,0,0,0
NOTE-0755,NOTE-0755,finger_lime_oil,Finger Lime Oil,Limonene rich,-,1,0,0,monoterpene,citrus / green,top,alcohol,finger lime peel,136.24,176.0,4.4,0.02,15.0,1.0,2.0,48.0,0,0,0,0,0,0,0,0
NOTE-0756,NOTE-0756,fir_balsam,Fir Balsam,Bornyl acetate,90028-76-5,1,0,0,terpenoid ester,balsamic / green,heart,alcohol,fir resin,196.29,227.0,3.5,0.02,40.0,4.0,6.0,78.0,0,0,0,0,0,0,0,0
NOTE-0757,NOTE-0757,fir_balsam_absolute,Fir Balsam Absolute,Bornyl acetate rich,8021-27-2,1,0,0,terpenoid resin,green / balsamic,heart/base,alcohol,abies balsamea,196.29,230.0,4.1,0.02,55.0,8.0,12.0,75.0,0,0,0,0,0,0,0,0
NOTE-0758,NOTE-0758,fir_needle_oil,Fir Needle Oil,Abies sibirica,8021-29-7,1,0,0,needle oil,green / pine,top,alcohol,fir,154.2,155.0,2.5,0.05,45.0,2.0,4.0,85.0,0,0,0,0,0,0,0,0
NOTE-0759,NOTE-0759,fixolide,Fixolide,Fixolide,1222-05-5,1,0,0,polycyclic musk,musky / sweet,base,alcohol,synthetic,258.4,300.0,5.8,0.0005,85.0,24.0,24.0,150.0,0,0,0,0,0,0,0,0
NOTE-0760,NOTE-0760,florhydral,Florhydral,Florhydral,125109-85-5,1,0,0,aldehyde,floral / fresh,heart,alcohol,synthetic,212.33,300.0,3.2,0.01,40.0,4.0,6.0,120.0,0,0,0,0,0,0,0,0
NOTE-0761,NOTE-0761,florol,Florol,Florol,63500-71-0,1,0,0,alcohol,floral / watery,heart,alcohol,synthetic,188.3,280.0,3.0,0.01,40.0,4.0,6.0,110.0,0,0,0,0,0,0,0,0
NOTE-0762,NOTE-0762,frangipani_absolute,Frangipani Absolute,Benzyl salicylate rich,8016-38-4,1,0,0,aromatic extract,floral / creamy,heart,alcohol,plumeria flowers,146.14,300.0,3.0,0.002,55.0,6.0,10.0,110.0,1,0,0,0,0,0,0,0
NOTE-0763,NOTE-0763,furaneol,Furaneol,Furaneol,3658-77-3,1,0,0,lactone,sweet / fruity,heart,alcohol,pineapple,128.13,170.0,0.3,0.001,40.0,4.0,6.0,72.0,0,0,0,0,0,0,0,0
NOTE-0764,NOTE-0764,galbanol,Galbanol,Galbanol,6812-07-5,1,0,0,terpenoid alcohol,green / resinous,heart,alcohol,galbanum resin,222.37,285.0,4.1,0.01,60.0,6.0,10.0,110.0,0,0,0,0,0,0,0,0
NOTE-0765,NOTE-0765,gardenia_absolute,Gardenia Absolute,Benzyl acetate rich,8006-71-5,1,0,0,aromatic extract,floral / creamy,heart,alcohol,gardenia flowers,146.14,300.0,3.1,0.001,60.0,8.0,12.0,115.0,1,0,0,0,0,0,0,0
NOTE-0766,NOTE-0766,geranyl_acetate,Geranyl Acetate,Geranyl acetate,105-87-3,1,0,0,ester,floral / fruity,heart,alcohol,geranium,196.29,235.0,3.6,0.01,40.0,3.0,5.0,96.0,0,0,0,0,0,0,0,0
NOTE-0767,NOTE-0767,guaiacwood,Guaiacwood,Guaiacol rich,8016-23-7,1,0,0,phenolic ether,woody / smoky,base,alcohol / oil,guaiacwood,124.14,205.0,2.6,0.01,65.0,8.0,12.0,79.0,0,0,0,0,0,0,0,0
NOTE-0768,NOTE-0768,hay_lactone,Hay Lactone,γ-Nonalactone,104-61-0,1,0,0,lactone,sweet / creamy,base,alcohol,synthetic,170.25,280.0,2.9,0.01,55.0,8.0,12.0,115.0,0,0,0,0,0,0,0,0
NOTE-0769,NOTE-0769,hedione_hc,Hedione HC,Dihydrojasmonate (high cis),-,1,0,0,ester,floral / fresh,heart,alcohol,synthetic,226.31,290.0,3.1,0.008,55.0,6.0,10.0,110.0,0,0,0,0,0,0,0,0
NOTE-0770,NOTE-0770,heliotrope_absolute,Heliotrope Absolute,Piperonal rich,120-57-0,1,0,0,aromatic aldehyde,powdery / sweet,heart,alcohol,synthetic,150.13,263.0,1.6,0.01,40.0,4.0,6.0,110.0,0,0,0,0,0,0,0,0
NOTE-0771,NOTE-0771,hinoki,Hinoki,Terpenes,91771-45-8,1,0,0,terpene,woody / clean,base,alcohol,hinoki wood,136.23777777777778,280.0,4.1,0.001,82.0,12.0,24.0,110.0,1,0,0,0,0,0,0,0
NOTE-0772,NOTE-0772,hydroxycitronellal,Hydroxycitronellal,Hydroxycitronellal,107-75-5,1,0,0,aldehyde,floral / muguet,heart,alcohol,synthetic,172.26,241.0,2.9,0.01,42.0,4.0,6.0,96.0,0,0,0,0,0,0,0,0
NOTE-0773,NOTE-0773,hyssop_oil,Hyssop Oil,Pinocamphone rich,8006-83-5,1,0,0,terpenoid,herbal / green,top,alcohol,hyssop,152.23,200.0,2.6,0.02,18.0,1.0,2.0,65.0,0,0,0,0,0,0,0,0
NOTE-0774,NOTE-0774,iris_orris,Iris (Orris),Irones,90045-89-9,1,0,0,ketone,powdery / woody,base,alcohol,orris root,206.33,280.0,3.5,0.0007,85.0,12.0,24.0,120.0,0,0,0,0,0,0,0,0
NOTE-0775,NOTE-0775,irone_alpha,Irone Alpha,α-Irone,583-61-9,1,0,0,ketone,powdery / floral,base,alcohol,orris,206.3,300.0,3.5,0.0001,95.0,48.0,48.0,145.0,0,0,0,0,0,0,0,0
NOTE-0776,NOTE-0776,irone_beta,Irone Beta,β-Irone,79-77-6,1,0,0,ketone,powdery / floral,base,alcohol,orris,206.3,300.0,3.6,0.0001,95.0,48.0,48.0,145.0,0,0,0,0,0,0,0,0
NOTE-0777,NOTE-0777,iso_e_super_plus,Iso E Super Plus,Iso E Super,54464-57-2,1,0,0,polycyclic ether,woody / amber,base,alcohol,synthetic,234.38,300.0,4.5,0.01,85.0,24.0,24.0,150.0,0,0,0,0,0,0,0,0
NOTE-0778,NOTE-0778,isoamyl_acetate,Isoamyl Acetate,Isoamyl acetate,123-92-2,1,0,0,ester,fruity / banana,top,alcohol,synthetic,130.18,142.0,2.3,0.02,18.0,1.0,2.0,33.0,0,0,0,0,0,0,0,0
NOTE-0779,NOTE-0779,isoeugenol,Isoeugenol,Isoeugenol,97-54-1,1,0,0,phenolic,spicy / sweet,heart/base,alcohol,synthetic,164.2,266.0,2.4,0.005,70.0,12.0,18.0,120.0,0,0,0,0,0,0,0,0
NOTE-0780,NOTE-0780,isopropyl_cresol,Isopropyl Cresol,Isopropyl cresol,3228-02-2,1,0,0,phenol,smoky / medicinal,base,alcohol,synthetic,150.2,210.0,2.5,0.01,55.0,8.0,12.0,90.0,0,0,0,0,0,0,0,0
NOTE-0781,NOTE-0781,jasmine_lactone,Jasmine Lactone,Jasmine lactone,123-86-4,1,0,0,lactone,floral / creamy,heart,alcohol,synthetic,186.29,280.0,3.0,0.01,50.0,6.0,8.0,115.0,0,0,0,0,0,0,0,0
NOTE-0782,NOTE-0782,java_vetiver,Java Vetiver,Vetiverone rich,8016-96-4,1,0,0,sesquiterpene ketone,woody / smoky,base,alcohol,vetiver root,180.04199999999997,280.0,4.6,0.005,85.0,24.0,24.0,120.0,1,0,0,0,0,0,0,0
NOTE-0783,NOTE-0783,juniper_berry,Juniper Berry,α-Pinene,8012-91-7,1,0,0,terpene,aromatic / fresh,top,alcohol,juniper berries,136.24,156.0,4.0,0.03,20.0,1.0,2.0,33.0,0,0,0,0,0,0,0,0
NOTE-0784,NOTE-0784,juniper_berry_oil,Juniper Berry Oil,α-Pinene rich,8012-91-7,1,0,0,monoterpene,aromatic / gin,top,alcohol,juniper berries,136.24,156.0,2.7,0.02,18.0,1.0,2.0,45.0,0,0,0,0,0,0,0,0
NOTE-0785,NOTE-0785,juniper_tar,Juniper Tar,Juniperus oxycedrus,8000-27-9,1,0,0,tar oil,smoky / woody,base,alcohol,juniper,180.04199999999997,300.0,4.6,0.001,95.0,24.0,24.0,145.0,1,0,0,0,0,0,0,0
NOTE-0786,NOTE-0786,kaffir_lime_leaf_oil,Kaffir Lime Leaf Oil,Citronellal rich,8007-02-1,1,0,0,aldehyde,citrus / green,top,alcohol,kaffir lime leaves,154.25,206.0,3.1,0.02,18.0,1.0,2.0,80.0,0,0,0,0,0,0,0,0
NOTE-0787,NOTE-0787,kiwi_accord_base,Kiwi Accord Base,Ethyl hexanoate blend,-,1,0,0,ester blend,fruity / green,top,alcohol,synthetic,180.04199999999997,240.0,2.7,0.02,22.0,2.0,3.0,85.0,1,0,0,0,0,0,0,0
NOTE-0788,NOTE-0788,labdanum_resin,Labdanum Resin,Labdanic acids,8016-26-0,1,0,0,resin,amber / sweet,base,alcohol,rockrose,185.265,300.0,4.9,0.005,90.0,24.0,24.0,140.0,1,0,0,0,0,0,0,0
NOTE-0789,NOTE-0789,lactonic_aldehyde,Lactonic Aldehyde,γ-Dodecalactone,2305-05-7,1,0,0,lactone,creamy / peach,heart/base,alcohol,synthetic,198.3,290.0,3.2,0.01,55.0,6.0,8.0,120.0,0,0,0,0,0,0,0,0
NOTE-0790,NOTE-0790,lemon_oil_expressed,Lemon Oil Expressed,Limonene rich,8008-56-8,1,0,0,monoterpene,citrus / fresh,top,alcohol,lemon peel,136.24,176.0,4.5,0.02,15.0,1.0,2.0,48.0,0,0,0,0,0,0,0,0
NOTE-0791,NOTE-0791,lemongrass,Lemongrass,Citral,8007-02-1,1,0,0,terpenoid aldehyde,citrus / fresh,top,alcohol,lemongrass,152.23,228.0,3.0,0.02,20.0,1.0,2.0,71.0,0,0,0,0,0,0,0,0
NOTE-0792,NOTE-0792,lemongrass_oil,Lemongrass Oil,Citral rich,8007-02-1,1,0,0,terpenoid,citrus / herbal,top,alcohol,lemongrass,152.23,229.0,3.4,0.02,18.0,1.0,2.0,77.0,0,0,0,0,0,0,0,0
NOTE-0793,NOTE-0793,lilial,Lilial,Butylphenyl methylpropional,80-54-6,1,0,0,aldehyde,floral / sweet,heart,alcohol,synthetic,204.3,267.0,3.3,0.01,40.0,4.0,6.0,102.0,0,0,0,0,0,0,0,0
NOTE-0794,NOTE-0794,lilial_butylphenyl_methylpropional,Lilial (Butylphenyl Methylpropional),BMHCA,80-54-6,1,0,0,aldehyde,floral / lily,heart,alcohol,synthetic,204.27,280.0,3.3,0.01,55.0,6.0,10.0,120.0,0,0,0,0,0,0,0,0
NOTE-0795,NOTE-0795,lime_oil,Lime Oil,Limonene rich,8008-26-2,1,0,0,monoterpene,citrus / green,top,alcohol,lime peel,136.24,176.0,2.8,0.02,15.0,1.0,2.0,48.0,0,0,0,0,0,0,0,0
NOTE-0796,NOTE-0796,lime_oil_distilled,Lime Oil Distilled,Limonene rich,8008-26-2,1,0,0,monoterpene,citrus / sharp,top,alcohol,lime peel,136.24,176.0,4.4,0.02,15.0,1.0,2.0,48.0,0,0,0,0,0,0,0,0
NOTE-0797,NOTE-0797,limonene,Limonene,Limonene,138-86-3,1,0,0,terpene,citrus,top,oil soluble,citrus peels,136.24,176.0,4.2,1.0,5.0,0.5,1.0,48.0,0,0,0,0,0,0,0,0
NOTE-0798,NOTE-0798,litsea_cubeba_oil,Litsea Cubeba Oil,Citral rich,68855-99-2,1,0,0,terpenoid,citrus / fresh,top,alcohol,litsea fruit,152.23,229.0,3.4,0.02,18.0,1.0,2.0,77.0,0,0,0,0,0,0,0,0
NOTE-0799,NOTE-0799,lotus_absolute,Lotus Absolute,Linalool rich,91770-15-9,1,0,0,aromatic extract,floral / watery,heart,alcohol,lotus flowers,146.14,300.0,2.7,0.002,45.0,4.0,6.0,105.0,1,0,0,0,0,0,0,0
NOTE-0800,NOTE-0800,lyral,Lyral,Hydroxyisohexyl cyclohexene carboxaldehyde,,0,0,0,aldehyde,floral / fresh,heart,alcohol,synthetic,198.3,282.0,3.4,0.01,40.0,4.0,6.0,110.0,0,0,0,0,0,0,0,0
NOTE-0801,NOTE-0801,magnolia_absolute,Magnolia Absolute,Linalool rich,91722-69-9,1,0,0,aromatic extract,floral / lemon,heart,alcohol,magnolia flowers,146.14,300.0,2.8,0.002,55.0,6.0,10.0,110.0,1,0,0,0,0,0,0,0
NOTE-0802,NOTE-0802,mango_lactone,Mango Lactone,δ-Decalactone variant,-,1,0,0,lactone,fruity / creamy,heart,alcohol,synthetic,159.7725925925926,280.0,3.0,0.01,45.0,4.0,6.0,115.0,1,0,0,0,0,0,0,0
NOTE-0803,NOTE-0803,methyl_anthranilate,Methyl Anthranilate,Methyl anthranilate,134-20-3,1,0,0,aromatic ester,floral / grape,heart,alcohol,orange blossom,151.16,256.0,2.1,0.01,42.0,4.0,6.0,98.0,0,0,0,0,0,0,0,0
NOTE-0804,NOTE-0804,methyl_anthranilate_natural,Methyl Anthranilate (Natural),Methyl anthranilate,134-20-3,1,0,0,aromatic ester,fruity / grape,heart,alcohol,orange blossom,151.16,256.0,2.1,0.01,40.0,4.0,6.0,98.0,0,0,0,0,0,0,0,0
NOTE-0805,NOTE-0805,methyleugenol,Methyleugenol,Methyleugenol,93-15-2,1,0,0,phenylpropene,spicy / sweet,heart,alcohol,basil / clove,178.23,254.0,2.4,0.005,50.0,6.0,8.0,99.0,0,0,0,0,0,0,0,0
NOTE-0806,NOTE-0806,mint_oil,Mint Oil,Menthol rich,8006-90-4,1,0,0,terpenoid,fresh / cooling,top,alcohol,mint leaves,156.27,212.0,3.4,0.02,18.0,1.0,2.0,75.0,0,0,0,0,0,0,0,0
NOTE-0807,NOTE-0807,musk_synthetic,Musk (Synthetic),Galaxolide,1222-05-5,1,0,0,polycyclic musk,musky / clean,base,alcohol,synthetic,258.4,270.0,5.9,0.0005,95.0,24.0,24.0,140.0,0,0,0,0,0,0,0,0
NOTE-0808,NOTE-0808,musk_xylene,Musk Xylene,Musk xylene,81-15-2,1,0,0,nitro musk,musky / sweet,base,alcohol,synthetic,297.3,350.0,4.4,0.01,92.0,48.0,48.0,170.0,0,0,0,0,0,0,0,0
NOTE-0809,NOTE-0809,myristicin,Myristicin,Myristicin,607-91-0,1,0,0,phenylpropene,spicy / warm,heart/base,alcohol,nutmeg,192.21,276.0,2.7,0.005,70.0,12.0,18.0,120.0,0,0,0,0,0,0,0,0
NOTE-0810,NOTE-0810,myrrh_oil,Myrrh Oil,"Furanoeudesma-1,3-diene",8016-37-3,1,0,0,sesquiterpene,resinous / bitter,base,alcohol,myrrh resin,204.36,280.0,4.2,0.01,70.0,12.0,24.0,110.0,0,0,0,0,0,0,0,0
NOTE-0811,NOTE-0811,myrrh_resin,Myrrh Resin,Furanosesquiterpenes,9000-45-7,1,0,0,resin,resinous / bitter,base,alcohol,commiphora,185.265,300.0,4.0,0.005,90.0,24.0,24.0,140.0,1,0,0,0,0,0,0,0
NOTE-0812,NOTE-0812,nagarmotha,Nagarmotha,Cyperus rotundus,91771-62-9,1,0,0,root oil,woody / earthy,base,alcohol,nagarmotha,180.04199999999997,280.0,4.4,0.001,90.0,24.0,24.0,135.0,1,0,0,0,0,0,0,0
NOTE-0813,NOTE-0813,narcissus_absolute,Narcissus Absolute,Indole rich,90064-26-3,1,0,0,aromatic extract,floral / green,heart,alcohol,narcissus flowers,146.14,300.0,3.1,0.001,55.0,6.0,10.0,110.0,1,0,0,0,0,0,0,0
NOTE-0814,NOTE-0814,nerol,Nerol,Nerol,106-25-2,1,0,0,terpenoid alcohol,floral / citrus,heart,alcohol,citrus blossoms,154.25,225.0,2.8,0.02,35.0,3.0,5.0,77.0,0,0,0,0,0,0,0,0
NOTE-0815,NOTE-0815,nerol_acetate,Nerol Acetate,Nerol acetate,0141-12-8,1,0,0,terpenoid ester,floral / citrus,heart,alcohol,citrus blossoms,196.29,230.0,3.2,0.02,38.0,4.0,6.0,93.0,0,0,0,0,0,0,0,0
NOTE-0816,NOTE-0816,nirvanolide,Nirvanolide,Nirvanolide,37609-25-9,1,0,0,macrocyclic musk,musky / creamy,base,alcohol,synthetic,270.4,300.0,5.0,1e-05,95.0,48.0,48.0,160.0,0,0,0,0,0,0,0,0
NOTE-0817,NOTE-0817,norlimbanol,Norlimbanol,Norlimbanol,66355-00-4,1,0,0,polycyclic alcohol,woody / amber,base,alcohol,synthetic,238.37,300.0,5.1,0.001,95.0,24.0,24.0,135.0,0,0,0,0,0,0,0,0
NOTE-0818,NOTE-0818,oakwood_absolute,Oakwood Absolute,Whiskey lactone rich,91770-28-4,1,0,0,lactone,woody / toasted,base,alcohol,oak wood,159.7725925925926,300.0,3.8,0.01,80.0,18.0,24.0,130.0,1,0,0,0,0,0,0,0
NOTE-0819,NOTE-0819,okoumal,Okoumal,Okoumal,131675-38-0,1,0,0,aromatic alcohol,woody / clean,base,alcohol,synthetic,218.33,280.0,4.3,0.001,85.0,18.0,24.0,120.0,0,0,0,0,0,0,0,0
NOTE-0820,NOTE-0820,olibanum_oil,Olibanum Oil,α-Pinene rich,8016-36-2,1,0,0,terpenoid resin,resinous / citrus,top/heart,alcohol,frankincense resin,136.24,156.0,2.7,0.02,30.0,3.0,5.0,65.0,0,0,0,0,0,0,0,0
NOTE-0821,NOTE-0821,olibanum_resinoid,Olibanum Resinoid,Boswellia carterii,89957-98-2,1,0,0,resin,resinous / dry,base,alcohol,frankincense,185.265,300.0,4.3,0.001,92.0,24.0,24.0,145.0,1,0,0,0,0,0,0,0
NOTE-0822,NOTE-0822,oolong_tea_absolute,Oolong Tea Absolute,Polyphenol rich,-,1,0,0,polyphenolic,green / floral,heart,alcohol,oolong tea,180.04199999999997,300.0,1.8,0.01,45.0,6.0,10.0,110.0,1,0,0,0,0,0,0,0
NOTE-0823,NOTE-0823,opoponax_resin,Opoponax Resin,Sesquiterpene resin,8016-37-3,1,0,0,resin,amber / smoky,base,alcohol,commiphora,185.265,300.0,4.2,0.005,90.0,24.0,24.0,140.0,1,0,0,0,0,0,0,0
NOTE-0824,NOTE-0824,orange_oil_sweet,Orange Oil Sweet,Limonene rich,8008-57-9,1,0,0,monoterpene,citrus / sweet,top,alcohol,sweet orange peel,136.24,176.0,4.5,0.02,15.0,1.0,2.0,48.0,0,0,0,0,0,0,0,0
NOTE-0825,NOTE-0825,orcanox,Orcanox,Orcanox,57378-68-4,1,0,0,amberoid,amber / musky,base,alcohol,synthetic,246.4,300.0,4.9,0.005,92.0,48.0,48.0,160.0,0,0,0,0,0,0,0,0
NOTE-0826,NOTE-0826,orris_absolute,Orris Absolute,Irone rich,8001-82-7,1,0,0,aromatic extract,powdery / floral,base,alcohol,iris root,146.14,300.0,4.0,0.001,85.0,24.0,24.0,150.0,1,0,0,0,0,0,0,0
NOTE-0827,NOTE-0827,osmanthus_absolute,Osmanthus Absolute,β-Ionone rich,92347-21-2,1,0,0,aromatic extract,floral / fruity,heart,alcohol,osmanthus flowers,146.14,300.0,3.1,0.001,60.0,8.0,12.0,115.0,1,0,0,0,0,0,0,0
NOTE-0828,NOTE-0828,palo_santo,Palo Santo,Limonene rich,959130-05-6,1,0,0,terpene,woody / citrus,heart / base,alcohol,palo santo wood,136.24,176.0,4.2,0.02,55.0,6.0,10.0,50.0,0,0,0,0,0,0,0,0
NOTE-0829,NOTE-0829,palo_santo_oil,Palo Santo Oil,Limonene rich,959130-05-5,1,0,0,terpenoid,woody / citrus,base,alcohol,palo santo,136.24,176.0,2.8,0.01,70.0,12.0,18.0,65.0,0,0,0,0,0,0,0,0
NOTE-0830,NOTE-0830,papyrus_oil,Papyrus Oil,Cypriol rich,91745-46-9,1,0,0,sesquiterpene,woody / dry,base,alcohol,papyrus root,210.762,300.0,4.3,0.005,80.0,18.0,24.0,125.0,1,0,0,0,0,0,0,0
NOTE-0831,NOTE-0831,passionfruit_sulfide,Passionfruit Sulfide,Thiol blend,-,1,0,0,sulfur compound,fruity / tropical,top,alcohol,passionfruit,180.04199999999997,240.0,3.1,0.0005,22.0,2.0,3.0,90.0,1,0,0,0,0,0,0,0
NOTE-0832,NOTE-0832,patchouli_light,Patchouli Light,Patchouli fraction,-,1,0,0,terpenoid blend,woody / clean,base,alcohol/oil,patchouli,180.04199999999997,280.0,4.2,0.01,85.0,18.0,24.0,150.0,1,0,0,0,0,0,0,0
NOTE-0833,NOTE-0833,peach_aldehyde,Peach Aldehyde,γ-Undecalactone,104-67-6,1,0,0,lactone,fruity / peach,heart,alcohol,synthetic,184.28,290.0,3.0,0.01,45.0,4.0,6.0,118.0,0,0,0,0,0,0,0,0
NOTE-0834,NOTE-0834,petitgrain_bigarade,Petitgrain Bigarade,Linalyl acetate rich,72968-50-4,1,0,0,terpenoid ester,green / citrus,top,alcohol,bitter orange leaves,196.29,220.0,3.0,0.02,25.0,1.0,3.0,73.0,0,0,0,0,0,0,0,0
NOTE-0835,NOTE-0835,phantolide,Phantolide,Phantolide,15323-35-0,1,0,0,polycyclic musk,musky / powdery,base,alcohol,synthetic,258.4,300.0,5.0,0.001,90.0,24.0,24.0,120.0,0,0,0,0,0,0,0,0
NOTE-0836,NOTE-0836,phenethyl_acetate,Phenethyl Acetate,Phenethyl acetate,103-45-7,1,0,0,aromatic ester,floral / fruity,top / heart,alcohol,rose,164.2,232.0,2.1,0.02,30.0,2.0,4.0,102.0,0,0,0,0,0,0,0,0
NOTE-0837,NOTE-0837,phenyl_ethyl_acetate,Phenyl Ethyl Acetate,Phenethyl acetate,103-45-7,1,0,0,ester,floral / honey,top/heart,alcohol,rose,164.2,232.0,2.4,0.01,30.0,3.0,5.0,90.0,0,0,0,0,0,0,0,0
NOTE-0838,NOTE-0838,pine_needle_oil,Pine Needle Oil,α-Pinene rich,8002-09-3,1,0,0,monoterpene,green / fresh,top,alcohol,pine needles,136.24,156.0,2.8,0.02,18.0,1.0,2.0,45.0,0,0,0,0,0,0,0,0
NOTE-0839,NOTE-0839,pine_tar,Pine Tar,Pinus species,8002-09-3,1,0,0,tar distillate,smoky / resinous,base,alcohol,pine,180.04199999999997,300.0,4.7,0.001,95.0,24.0,24.0,145.0,1,0,0,0,0,0,0,0
NOTE-0840,NOTE-0840,piperonal,Piperonal,Piperonal,120-57-0,1,0,0,aromatic aldehyde,sweet / floral,heart,alcohol,synthetic,150.13,263.0,1.6,0.01,40.0,4.0,6.0,110.0,0,0,0,0,0,0,0,0
NOTE-0841,NOTE-0841,polysantol,Polysantol,Polysantol,107898-54-4,1,0,0,terpene alcohol,woody / sweet,base,alcohol,synthetic,238.37,300.0,5.0,0.001,93.0,24.0,24.0,135.0,0,0,0,0,0,0,0,0
NOTE-0842,NOTE-0842,pomelo_oil,Pomelo Oil,Limonene rich,8016-95-1,1,0,0,monoterpene,citrus / fresh,top,alcohol,pomelo peel,136.24,176.0,4.3,0.02,15.0,1.0,2.0,48.0,0,0,0,0,0,0,0,0
NOTE-0843,NOTE-0843,rice_steam_note,Rice Steam Note,Aldehyde blend,-,1,0,0,aldehyde blend,starchy / soft,heart,unknown,unknown,180.04199999999997,240.0,1.6,0.02,56.51152073732719,11.857142857142858,14.28110599078341,105.20046082949308,1,0,0,0,1,1,1,1
NOTE-0844,NOTE-0844,roasted_barley,Roasted Barley,Maltol rich,-,1,0,0,aromatic lactone,grain / toasted,base,alcohol,barley,180.04199999999997,280.0,1.4,0.01,55.0,8.0,12.0,120.0,1,0,0,0,0,0,0,0
NOTE-0845,NOTE-0845,safflower,Safflower,Oleic esters,8001-23-8,1,0,0,fatty ester,soft / powdery,base,alcohol,safflower oil,282.46,300.0,5.2,0.001,60.0,8.0,12.0,150.0,0,0,0,0,0,0,0,0
NOTE-0846,NOTE-0846,safranal,Safranal,Safranal,116-26-7,1,0,0,aldehyde,spicy / leather,heart,alcohol,saffron,150.22,230.0,2.1,0.01,45.0,4.0,6.0,70.0,0,0,0,0,0,0,0,0
NOTE-0847,NOTE-0847,safrole,Safrole,Safrole,94-59-7,1,0,0,phenylpropene,spicy / rooty,heart,alcohol,sassafras,162.19,232.0,2.2,0.01,42.0,4.0,6.0,83.0,0,0,0,0,0,0,0,0
NOTE-0848,NOTE-0848,sambac_jasmine,Sambac Jasmine,Indole rich,91770-14-8,1,0,0,aromatic extract,floral / animalic,heart,alcohol,jasmine sambac,146.14,300.0,3.1,0.001,55.0,6.0,10.0,110.0,1,0,0,0,0,0,0,0
NOTE-0849,NOTE-0849,serenolide,Serenolide,Serenolide,144676-02-0,1,0,0,macrocyclic musk,musky / fresh,base,alcohol,synthetic,268.4,300.0,5.0,1e-05,95.0,48.0,48.0,160.0,0,0,0,0,0,0,0,0
NOTE-0850,NOTE-0850,skatole,Skatole,Skatole,83-34-1,1,0,0,heterocyclic,animalic,base,alcohol,natural,131.18,266.0,2.6,5e-05,90.0,24.0,24.0,135.0,0,0,0,0,0,0,0,0
NOTE-0851,NOTE-0851,sotolone,Sotolone,Sotolone,28664-35-9,1,0,0,lactone,sweet / spicy,base,alcohol,fenugreek,128.13,260.0,1.3,0.001,75.0,12.0,24.0,110.0,0,0,0,0,0,0,0,0
NOTE-0852,NOTE-0852,spearmint_oil,Spearmint Oil,Carvone rich,8008-79-5,1,0,0,terpenoid,fresh / sweet,top,alcohol,spearmint,150.22,230.0,2.5,0.02,18.0,1.0,2.0,80.0,0,0,0,0,0,0,0,0
NOTE-0853,NOTE-0853,spruce_oil,Spruce Oil,Bornyl acetate rich,8021-29-4,1,0,0,terpenoid,green / resinous,top/heart,alcohol,spruce needles,196.29,230.0,4.0,0.02,28.0,2.0,4.0,75.0,0,0,0,0,0,0,0,0
NOTE-0854,NOTE-0854,stemone,Stemone,Stemone,22451-73-6,1,0,0,ketone,green / vegetal,top/heart,alcohol,synthetic,166.26,255.0,3.1,0.01,22.0,2.0,3.0,95.0,0,0,0,0,0,0,0,0
NOTE-0855,NOTE-0855,strawberry_furanone,Strawberry Furanone,Furaneol,3658-77-3,1,0,0,furanone,fruity / sweet,heart,alcohol,pineapple,128.13,170.0,0.3,0.001,40.0,4.0,6.0,72.0,0,0,0,0,0,0,0,0
NOTE-0856,NOTE-0856,sudachi_oil,Sudachi Oil,Limonene rich,223748-40-9,1,0,0,monoterpene,citrus / fresh,top,alcohol,sudachi peel,136.24,176.0,4.2,0.02,15.0,1.0,2.0,48.0,0,0,0,0,0,0,0,0
NOTE-0857,NOTE-0857,sweet_orange_oil,Sweet Orange Oil,Citrus sinensis,8008-57-9,1,0,0,citrus oil,citrus / sweet,top,alcohol,orange peel,136.2,176.0,2.4,0.05,25.0,1.0,3.0,50.0,0,0,0,0,0,0,0,0
NOTE-0858,NOTE-0858,sylkolide,Sylkolide,Sylkolide,104-61-0,1,0,0,lactone,musky / creamy,base,alcohol,synthetic,170.25,280.0,2.9,0.01,55.0,6.0,10.0,115.0,0,0,0,0,0,0,0,0
NOTE-0859,NOTE-0859,tarragon_oil,Tarragon Oil,Estragole rich,8016-88-4,1,0,0,phenylpropene,herbal / anise,top,alcohol,tarragon,148.2,216.0,2.7,0.02,18.0,1.0,2.0,87.0,0,0,0,0,0,0,0,0
NOTE-0860,NOTE-0860,tea_absolute,Tea Absolute,Polyphenol rich,84650-60-2,1,0,0,polyphenolic,green / dry,heart,alcohol,tea leaves,180.04199999999997,300.0,1.8,0.01,45.0,6.0,10.0,110.0,1,0,0,0,0,0,0,0
NOTE-0861,NOTE-0861,tea_tree,Tea Tree,Terpinen-4-ol,562-74-3,1,0,0,terpenoid alcohol,medicinal / fresh,top,alcohol,tea tree leaves,154.25,209.0,2.9,0.03,22.0,1.0,2.0,60.0,0,0,0,0,0,0,0,0
NOTE-0862,NOTE-0862,texas_cedarwood,Texas Cedarwood,Juniperus mexicana,8000-27-9,1,0,0,wood oil,woody / dry,base,alcohol,cedarwood,180.04199999999997,280.0,4.3,0.001,90.0,36.0,36.0,135.0,1,0,0,0,0,0,0,0
NOTE-0863,NOTE-0863,timber_silk,Timber Silk,Timber silk,54464-57-2,1,0,0,aromatic ether,woody / amber,base,alcohol,synthetic,234.38,275.0,4.5,0.0006,88.0,24.0,24.0,110.0,0,0,0,0,0,0,0,0
NOTE-0864,NOTE-0864,timberone,Timberone,Timberone,70788-30-6,1,0,0,woody ketone,woody / dry,base,alcohol,synthetic,252.4,280.0,4.7,0.001,95.0,24.0,24.0,135.0,0,0,0,0,0,0,0,0
NOTE-0865,NOTE-0865,toasted_sugar,Toasted Sugar,Cyclopentenolone,80-71-7,1,0,0,ketone,sweet / burnt,base,alcohol,synthetic,112.13,187.0,0.2,0.01,60.0,8.0,12.0,76.0,0,0,0,0,0,0,0,0
NOTE-0866,NOTE-0866,tonalide,Tonalide,AHTN,1506-02-1,1,0,0,polycyclic musk,musky / sweet,base,alcohol,synthetic,258.4,300.0,5.2,0.001,90.0,24.0,24.0,120.0,0,0,0,0,0,0,0,0
NOTE-0867,NOTE-0867,tree_moss,Tree Moss,Evernia furfuracea,90028-67-4,1,0,0,lichen extract,mossy / dry,base,alcohol,tree moss,180.04199999999997,300.0,4.3,0.001,90.0,24.0,24.0,140.0,1,0,0,0,0,0,0,0
NOTE-0868,NOTE-0868,turkish_rose_absolute,Turkish Rose Absolute,Rosa damascena,90106-38-0,1,0,0,floral absolute,floral / honey,heart,alcohol,rose,180.04199999999997,300.0,4.0,0.001,85.0,24.0,24.0,145.0,1,0,0,0,0,0,0,0
NOTE-0869,NOTE-0869,undecavertol,Undecavertol,Undecavertol,81782-77-6,1,0,0,alcohol,green / fruity,top,alcohol,synthetic,170.29,240.0,3.4,0.01,22.0,2.0,3.0,90.0,0,0,0,0,0,0,0,0
NOTE-0870,NOTE-0870,vanillyl_acetate,Vanillyl Acetate,Vanillyl acetate,881-68-5,1,0,0,aromatic ester,sweet / vanilla,base,alcohol,vanilla,196.2,300.0,1.2,0.001,70.0,12.0,24.0,150.0,0,0,0,0,0,0,0,0
NOTE-0871,NOTE-0871,vanitrope,Vanitrope,Heliotropin,120-57-0,1,0,0,aldehyde,sweet / powdery,heart/base,alcohol,synthetic,152.1,263.0,1.5,0.01,70.0,12.0,18.0,140.0,0,0,0,0,0,0,0,0
NOTE-0872,NOTE-0872,velvione,Velvione,Velvione,3391-83-1,1,0,0,macrocyclic musk,musky / powdery,base,alcohol,synthetic,258.4,300.0,5.1,0.0003,95.0,24.0,24.0,145.0,0,0,0,0,0,0,0,0
NOTE-0873,NOTE-0873,veratraldehyde,Veratraldehyde,Veratraldehyde,120-14-9,1,0,0,aromatic aldehyde,powdery / sweet,heart,alcohol,synthetic,166.17,281.0,1.4,0.01,40.0,4.0,6.0,110.0,0,0,0,0,0,0,0,0
NOTE-0874,NOTE-0874,vertofix,Vertofix,Methyl cedryl ketone,32388-55-9,1,0,0,ketone,woody / leather,base,alcohol,synthetic,218.33,290.0,4.2,0.01,88.0,24.0,24.0,145.0,0,0,0,0,0,0,0,0
NOTE-0875,NOTE-0875,vertofix_coeur,Vertofix Coeur,Methyl cedryl ketone,32388-55-9,1,0,0,aromatic ketone,woody / amber,base,alcohol,synthetic,234.38,280.0,4.2,0.005,85.0,24.0,24.0,120.0,0,0,0,0,0,0,0,0
NOTE-0876,NOTE-0876,vertoflor,Vertoflor,Vertoflor,,0,0,0,aromatic alcohol,woody / green,base,alcohol,synthetic,238.4,275.0,4.1,0.005,80.0,18.0,24.0,125.0,0,0,0,0,0,0,0,0
NOTE-0877,NOTE-0877,vetiver_oil,Vetiver Oil,Vetiverol rich,8016-96-4,1,0,0,sesquiterpene alcohol,woody / earthy,base,alcohol,vetiver root,222.37,280.0,4.5,0.005,85.0,24.0,24.0,120.0,0,0,0,0,0,0,0,0
NOTE-0878,NOTE-0878,violet_leaf_alcohol,Violet Leaf Alcohol,Cis-3-hexenol derivative,-,1,0,0,alcohol,green / floral,heart,alcohol,violet leaf,153.25,260.0,3.2,0.01,30.0,3.0,5.0,100.0,1,0,0,0,0,0,0,0
NOTE-0879,NOTE-0879,water_lily_absolute,Water Lily Absolute,Aldehyde rich,-,1,0,0,aromatic extract,floral / watery,heart,alcohol,water lily,146.14,300.0,2.7,0.002,45.0,4.0,6.0,105.0,1,0,0,0,0,0,0,0
NOTE-0880,NOTE-0880,wintergreen_oil,Wintergreen Oil,Methyl salicylate,68917-75-9,1,0,0,aromatic ester,medicinal / sweet,top,alcohol,wintergreen,152.15,220.0,2.5,0.02,18.0,1.0,2.0,96.0,0,0,0,0,0,0,0,0
NOTE-0881,NOTE-0881,yuzu_oil,Yuzu Oil,Limonene rich,233673-17-7,1,0,0,monoterpene,citrus / aromatic,top,alcohol,yuzu peel,136.24,176.0,4.3,0.02,15.0,1.0,2.0,48.0,0,0,0,0,0,0,0,0
NOTE-0882,NOTE-0882,z11_musk,Z11 Musk,Macrocyclic ketone,-,1,0,0,macrocyclic ketone,musky / clean,base,alcohol,synthetic,248.404,306.0,4.5,0.0002,90.0,24.0,24.0,155.0,1,1,0,0,0,0,0,0
NOTE-0883,NOTE-0883,zenolide,Zenolide,Zenolide,2445-80-5,1,0,0,macrocyclic lactone,musky / clean,base,alcohol,synthetic,256.4,300.0,4.7,5e-05,92.0,48.0,48.0,155.0,0,0,0,0,0,0,0,0
