request_id,split
REQ-00001,train
REQ-00002,train
REQ-00003,train
REQ-00004,train
REQ-00005,train
REQ-00006,train
REQ-00007,train
REQ-00008,train
REQ-00009,train
REQ-00010,train
REQ-00011,val
REQ-00012,train
REQ-00013,train
REQ-00014,train
REQ-00015,train
REQ-00016,train
REQ-00017,train
REQ-00018,train
REQ-00019,test
REQ-00020,train
REQ-00021,train
REQ-00022,test
REQ-00023,test
REQ-00024,train
REQ-00025,train
REQ-00026,val
REQ-00027,train
REQ-00028,train
REQ-00029,train
REQ-00030,train
REQ-00031,train
REQ-00032,train
REQ-00033,val
REQ-00034,train
REQ-00035,train
REQ-00036,train
REQ-00037,val
REQ-00038,train
REQ-00039,train
REQ-00040,test
REQ-00041,test
REQ-00042,train
REQ-00043,val
REQ-00044,train
REQ-00045,test
REQ-00046,train
REQ-00047,train
REQ-00048,train
REQ-00049,train
REQ-00050,train
REQ-00051,train
REQ-00052,train
REQ-00053,train
REQ-00054,train
REQ-00055,train
REQ-00056,train
REQ-00057,train
REQ-00058,train
REQ-00059,train
REQ-00060,train
REQ-00061,train
REQ-00062,train
REQ-00063,val
REQ-00064,train
REQ-00065,train
REQ-00066,train
REQ-00067,test
REQ-00068,test
REQ-00069,train
REQ-00070,train
REQ-00071,train
REQ-00072,train
REQ-00073,train
REQ-00074,train
REQ-00075,train
REQ-00076,train
REQ-00077,train
REQ-00078,train
REQ-00079,train
REQ-00080,train
REQ-00081,train
REQ-00082,val
REQ-00083,train
REQ-00084,train
REQ-00085,train
REQ-00086,train
REQ-00087,train
REQ-00088,train
REQ-00089,train
REQ-00090,val
REQ-00091,train
REQ-00092,train
REQ-00093,train
REQ-00094,val
REQ-00095,train
REQ-00096,train
REQ-00097,val
REQ-00098,test
REQ-00099,train
REQ-00100,train
REQ-00101,train
REQ-00102,train
REQ-00103,train
REQ-00104,test
REQ-00105,train
REQ-00106,train
REQ-00107,train
REQ-00108,train
REQ-00109,train
REQ-00110,train
REQ-00111,val
REQ-00112,test
REQ-00113,train
REQ-00114,train
REQ-00115,val
REQ-00116,train
REQ-00117,train
REQ-00118,train
REQ-00119,train
REQ-00120,test
REQ-00121,train
REQ-00122,train
REQ-00123,train
REQ-00124,test
REQ-00125,test
REQ-00126,train
REQ-00127,train
REQ-00128,train
REQ-00129,train
REQ-00130,train
REQ-00131,test
REQ-00132,train
REQ-00133,train
REQ-00134,train
REQ-00135,train
REQ-00136,train
REQ-00137,train
REQ-00138,train
REQ-00139,train
REQ-00140,train
REQ-00141,train
REQ-00142,test
REQ-00143,test
REQ-00144,train
REQ-00145,train
REQ-00146,train
REQ-00147,test
REQ-00148,train
REQ-00149,train
REQ-00150,train
REQ-00151,train
REQ-00152,train
REQ-00153,train
REQ-00154,train
REQ-00155,train
REQ-00156,train
REQ-00157,train
REQ-00158,train
REQ-00159,train
REQ-00160,val
REQ-00161,train
REQ-00162,train
REQ-00163,train
REQ-00164,test
REQ-00165,train
REQ-00166,train
REQ-00167,train
REQ-00168,train
REQ-00169,train
REQ-00170,train
REQ-00171,train
REQ-00172,test
REQ-00173,train
REQ-00174,train
REQ-00175,train
REQ-00176,test
REQ-00177,train
REQ-00178,train
REQ-00179,train
REQ-00180,val
REQ-00181,train
REQ-00182,train
REQ-00183,train
REQ-00184,train
REQ-00185,train
REQ-00186,train
REQ-00187,train
REQ-00188,train
REQ-00189,train
REQ-00190,train
REQ-00191,train
REQ-00192,train
REQ-00193,train
REQ-00194,train
REQ-00195,train
REQ-00196,train
REQ-00197,test
REQ-00198,train
REQ-00199,train
REQ-00200,train
REQ-00201,train
REQ-00202,train
REQ-00203,train
REQ-00204,train
REQ-00205,train
REQ-00206,train
REQ-00207,train
REQ-00208,test
REQ-00209,train
REQ-00210,train
REQ-00211,test
REQ-00212,val
REQ-00213,train
REQ-00214,train
REQ-00215,train
REQ-00216,train
REQ-00217,train
REQ-00218,train
REQ-00219,train
REQ-00220,train
REQ-00221,val
REQ-00222,train
REQ-00223,train
REQ-00224,train
REQ-00225,val
REQ-00226,train
REQ-00227,train
REQ-00228,train
REQ-00229,train
REQ-00230,test
REQ-00231,train
REQ-00232,train
REQ-00233,test
REQ-00234,train
REQ-00235,train
REQ-00236,train
REQ-00237,train
REQ-00238,train
REQ-00239,train
REQ-00240,val
REQ-00241,train
REQ-00242,train
REQ-00243,train
REQ-00244,train
REQ-00245,train
REQ-00246,train
REQ-00247,train
REQ-00248,train
REQ-00249,test
REQ-00250,train
REQ-00251,train
REQ-00252,train
REQ-00253,train
REQ-00254,val
REQ-00255,train
REQ-00256,train
REQ-00257,train
REQ-00258,train
REQ-00259,train
REQ-00260,train
REQ-00261,train
REQ-00262,train
REQ-00263,val
REQ-00264,train
REQ-00265,train
REQ-00266,train
REQ-00267,train
REQ-00268,train
REQ-00269,train
REQ-00270,val
REQ-00271,val
REQ-00272,train
REQ-00273,train
REQ-00274,train
REQ-00275,train
REQ-00276,train
REQ-00277,test
REQ-00278,val
REQ-00279,train
REQ-00280,train
REQ-00281,train
REQ-00282,train
REQ-00283,train
REQ-00284,train
REQ-00285,train
REQ-00286,train
REQ-00287,train
REQ-00288,train
REQ-00289,val
REQ-00290,train
REQ-00291,train
REQ-00292,train
REQ-00293,train
REQ-00294,test
REQ-00295,train
REQ-00296,train
REQ-00297,train
REQ-00298,train
REQ-00299,train
REQ-00300,train
REQ-00301,train
REQ-00302,test
REQ-00303,train
REQ-00304,train
REQ-00305,train
REQ-00306,train
REQ-00307,val
REQ-00308,train
REQ-00309,train
REQ-00310,train
REQ-00311,train
REQ-00312,val
REQ-00313,train
REQ-00314,train
REQ-00315,train
REQ-00316,train
REQ-00317,train
REQ-00318,train
REQ-00319,train
REQ-00320,train
REQ-00321,train
REQ-00322,val
REQ-00323,train
REQ-00324,test
REQ-00325,train
REQ-00326,train
REQ-00327,train
REQ-00328,train
REQ-00329,test
REQ-00330,train
REQ-00331,train
REQ-00332,train
REQ-00333,val
REQ-00334,test
REQ-00335,train
REQ-00336,train
REQ-00337,train
REQ-00338,train
REQ-00339,val
REQ-00340,train
REQ-00341,train
REQ-00342,train
REQ-00343,train
REQ-00344,train
REQ-00345,train
REQ-00346,train
REQ-00347,train
REQ-00348,train
REQ-00349,train
REQ-00350,train
REQ-00351,train
REQ-00352,train
REQ-00353,train
REQ-00354,val
REQ-00355,train
REQ-00356,train
REQ-00357,train
REQ-00358,train
REQ-00359,val
REQ-00360,val
REQ-00361,train
REQ-00362,train
REQ-00363,val
REQ-00364,train
REQ-00365,train
REQ-00366,train
REQ-00367,train
REQ-00368,train
REQ-00369,train
REQ-00370,test
REQ-00371,train
REQ-00372,train
REQ-00373,train
REQ-00374,train
REQ-00375,train
REQ-00376,train
REQ-00377,train
REQ-00378,test
REQ-00379,train
REQ-00380,train
REQ-00381,train
REQ-00382,train
REQ-00383,train
REQ-00384,train
REQ-00385,train
REQ-00386,train
REQ-00387,train
REQ-00388,train
REQ-00389,train
REQ-00390,train
REQ-00391,train
REQ-00392,val
REQ-00393,train
REQ-00394,train
REQ-00395,train
REQ-00396,test
REQ-00397,train
REQ-00398,train
REQ-00399,train
REQ-00400,train
REQ-00401,train
REQ-00402,val
REQ-00403,test
REQ-00404,train
REQ-00405,train
REQ-00406,train
REQ-00407,val
REQ-00408,train
REQ-00409,train
REQ-00410,train
REQ-00411,train
REQ-00412,train
REQ-00413,train
REQ-00414,train
REQ-00415,train
REQ-00416,train
REQ-00417,val
REQ-00418,train
REQ-00419,train
REQ-00420,train
REQ-00421,train
REQ-00422,train
REQ-00423,val
REQ-00424,train
REQ-00425,train
REQ-00426,train
REQ-00427,train
REQ-00428,train
REQ-00429,train
REQ-00430,train
REQ-00431,train
REQ-00432,val
REQ-00433,train
REQ-00434,train
REQ-00435,train
REQ-00436,train
REQ-00437,train
REQ-00438,train
REQ-00439,train
REQ-00440,val
REQ-00441,test
REQ-00442,val
REQ-00443,train
REQ-00444,train
REQ-00445,train
REQ-00446,train
REQ-00447,train
REQ-00448,test
REQ-00449,train
REQ-00450,train
REQ-00451,train
REQ-00452,train
REQ-00453,train
REQ-00454,train
REQ-00455,train
REQ-00456,train
REQ-00457,train
REQ-00458,train
REQ-00459,train
REQ-00460,train
REQ-00461,train
REQ-00462,train
REQ-00463,train
REQ-00464,val
REQ-00465,val
REQ-00466,train
REQ-00467,train
REQ-00468,test
REQ-00469,train
REQ-00470,train
REQ-00471,train
REQ-00472,train
REQ-00473,train
REQ-00474,train
REQ-00475,train
REQ-00476,train
REQ-00477,test
REQ-00478,train
REQ-00479,train
REQ-00480,train
REQ-00481,train
REQ-00482,train
REQ-00483,val
REQ-00484,train
REQ-00485,train
REQ-00486,train
REQ-00487,val
REQ-00488,train
REQ-00489,train
REQ-00490,test
REQ-00491,val
REQ-00492,train
REQ-00493,train
REQ-00494,val
REQ-00495,train
REQ-00496,train
REQ-00497,train
REQ-00498,train
REQ-00499,train
REQ-00500,train
REQ-00501,train
REQ-00502,train
REQ-00503,val
REQ-00504,train
REQ-00505,train
REQ-00506,train
REQ-00507,train
REQ-00508,train
REQ-00509,train
REQ-00510,train
REQ-00511,train
REQ-00512,train
REQ-00513,train
REQ-00514,train
REQ-00515,train
REQ-00516,train
REQ-00517,train
REQ-00518,train
REQ-00519,val
REQ-00520,train
REQ-00521,val
REQ-00522,train
REQ-00523,train
REQ-00524,train
REQ-00525,train
REQ-00526,test
REQ-00527,train
REQ-00528,train
REQ-00529,train
REQ-00530,train
REQ-00531,train
REQ-00532,val
REQ-00533,test
REQ-00534,test
REQ-00535,train
REQ-00536,train
REQ-00537,val
REQ-00538,val
REQ-00539,train
REQ-00540,train
REQ-00541,train
REQ-00542,train
REQ-00543,train
REQ-00544,train
REQ-00545,train
REQ-00546,train
REQ-00547,train
REQ-00548,train
REQ-00549,train
REQ-00550,train
REQ-00551,train
REQ-00552,train
REQ-00553,train
REQ-00554,train
REQ-00555,train
REQ-00556,val
REQ-00557,train
REQ-00558,train
REQ-00559,train
REQ-00560,train
REQ-00561,train
REQ-00562,train
REQ-00563,train
REQ-00564,train
REQ-00565,train
REQ-00566,train
REQ-00567,train
REQ-00568,val
REQ-00569,val
REQ-00570,train
REQ-00571,train
REQ-00572,test
REQ-00573,train
REQ-00574,train
REQ-00575,train
REQ-00576,train
REQ-00577,val
REQ-00578,val
REQ-00579,train
REQ-00580,test
REQ-00581,val
REQ-00582,train
REQ-00583,train
REQ-00584,train
REQ-00585,train
REQ-00586,train
REQ-00587,train
REQ-00588,train
REQ-00589,test
REQ-00590,train
REQ-00591,train
REQ-00592,test
REQ-00593,train
REQ-00594,val
REQ-00595,train
REQ-00596,train
REQ-00597,train
REQ-00598,test
REQ-00599,train
REQ-00600,train
REQ-00601,val
REQ-00602,train
REQ-00603,train
REQ-00604,train
REQ-00605,train
REQ-00606,train
REQ-00607,train
REQ-00608,train
REQ-00609,train
REQ-00610,train
REQ-00611,train
REQ-00612,train
REQ-00613,train
REQ-00614,train
REQ-00615,train
REQ-00616,train
REQ-00617,train
REQ-00618,train
REQ-00619,train
REQ-00620,test
REQ-00621,val
REQ-00622,test
REQ-00623,train
REQ-00624,train
REQ-00625,train
REQ-00626,train
REQ-00627,test
REQ-00628,train
REQ-00629,train
REQ-00630,test
REQ-00631,train
REQ-00632,train
REQ-00633,train
REQ-00634,train
REQ-00635,train
REQ-00636,train
REQ-00637,train
REQ-00638,train
REQ-00639,train
REQ-00640,test
REQ-00641,val
REQ-00642,train
REQ-00643,train
REQ-00644,train
REQ-00645,train
REQ-00646,train
REQ-00647,train
REQ-00648,train
REQ-00649,train
REQ-00650,train
REQ-00651,train
REQ-00652,train
REQ-00653,train
REQ-00654,train
REQ-00655,train
REQ-00656,train
REQ-00657,train
REQ-00658,train
REQ-00659,train
REQ-00660,train
REQ-00661,train
REQ-00662,val
REQ-00663,val
REQ-00664,train
REQ-00665,test
REQ-00666,train
REQ-00667,train
REQ-00668,train
REQ-00669,test
REQ-00670,test
REQ-00671,train
REQ-00672,train
REQ-00673,train
REQ-00674,train
REQ-00675,test
REQ-00676,train
REQ-00677,train
REQ-00678,train
REQ-00679,train
REQ-00680,train
REQ-00681,train
REQ-00682,train
REQ-00683,train
REQ-00684,train
REQ-00685,val
REQ-00686,train
REQ-00687,train
REQ-00688,train
REQ-00689,train
REQ-00690,train
REQ-00691,train
REQ-00692,train
REQ-00693,train
REQ-00694,train
REQ-00695,val
REQ-00696,val
REQ-00697,train
REQ-00698,val
REQ-00699,train
REQ-00700,train
REQ-00701,train
REQ-00702,val
REQ-00703,train
REQ-00704,train
REQ-00705,test
REQ-00706,train
REQ-00707,train
REQ-00708,train
REQ-00709,train
REQ-00710,train
REQ-00711,train
REQ-00712,train
REQ-00713,train
REQ-00714,train
REQ-00715,train
REQ-00716,train
REQ-00717,train
REQ-00718,test
REQ-00719,train
REQ-00720,train
REQ-00721,train
REQ-00722,train
REQ-00723,test
REQ-00724,train
REQ-00725,train
REQ-00726,train
REQ-00727,train
REQ-00728,train
REQ-00729,test
REQ-00730,train
REQ-00731,train
REQ-00732,train
REQ-00733,train
REQ-00734,train
REQ-00735,train
REQ-00736,val
REQ-00737,train
REQ-00738,train
REQ-00739,train
REQ-00740,test
REQ-00741,train
REQ-00742,train
REQ-00743,train
REQ-00744,train
REQ-00745,train
REQ-00746,train
REQ-00747,train
REQ-00748,train
REQ-00749,train
REQ-00750,train
REQ-00751,train
REQ-00752,train
REQ-00753,train
REQ-00754,train
REQ-00755,train
REQ-00756,train
REQ-00757,train
REQ-00758,train
REQ-00759,train
REQ-00760,train
REQ-00761,train
REQ-00762,train
REQ-00763,train
REQ-00764,train
REQ-00765,train
REQ-00766,train
REQ-00767,val
REQ-00768,train
REQ-00769,train
REQ-00770,train
REQ-00771,train
REQ-00772,train
REQ-00773,train
REQ-00774,train
REQ-00775,train
REQ-00776,train
REQ-00777,train
REQ-00778,test
REQ-00779,train
REQ-00780,train
REQ-00781,train
REQ-00782,test
REQ-00783,train
REQ-00784,test
REQ-00785,train
REQ-00786,train
REQ-00787,val
REQ-00788,train
REQ-00789,train
REQ-00790,train
REQ-00791,val
REQ-00792,train
REQ-00793,train
REQ-00794,train
REQ-00795,val
REQ-00796,test
REQ-00797,train
REQ-00798,train
REQ-00799,val
REQ-00800,train
REQ-00801,train
REQ-00802,test
REQ-00803,train
REQ-00804,train
REQ-00805,train
REQ-00806,test
REQ-00807,train
REQ-00808,val
REQ-00809,train
REQ-00810,train
REQ-00811,train
REQ-00812,test
REQ-00813,train
REQ-00814,train
REQ-00815,train
REQ-00816,train
REQ-00817,train
REQ-00818,train
REQ-00819,train
REQ-00820,train
REQ-00821,train
REQ-00822,train
REQ-00823,train
REQ-00824,train
REQ-00825,train
REQ-00826,test
REQ-00827,train
REQ-00828,train
REQ-00829,train
REQ-00830,test
REQ-00831,val
REQ-00832,train
REQ-00833,train
REQ-00834,train
REQ-00835,train
REQ-00836,train
REQ-00837,train
REQ-00838,train
REQ-00839,train
REQ-00840,train
REQ-00841,train
REQ-00842,train
REQ-00843,train
REQ-00844,test
REQ-00845,train
REQ-00846,train
REQ-00847,train
REQ-00848,train
REQ-00849,train
REQ-00850,train
REQ-00851,train
REQ-00852,train
REQ-00853,train
REQ-00854,train
REQ-00855,train
REQ-00856,test
REQ-00857,train
REQ-00858,test
REQ-00859,train
REQ-00860,test
REQ-00861,train
REQ-00862,train
REQ-00863,train
REQ-00864,val
REQ-00865,train
REQ-00866,train
REQ-00867,train
REQ-00868,train
REQ-00869,train
REQ-00870,train
REQ-00871,train
REQ-00872,test
REQ-00873,train
REQ-00874,train
REQ-00875,train
REQ-00876,train
REQ-00877,val
REQ-00878,val
REQ-00879,train
REQ-00880,train
REQ-00881,train
REQ-00882,val
REQ-00883,test
REQ-00884,train
REQ-00885,test
REQ-00886,train
REQ-00887,train
REQ-00888,train
REQ-00889,train
REQ-00890,train
REQ-00891,test
REQ-00892,test
REQ-00893,train
REQ-00894,train
REQ-00895,train
REQ-00896,train
REQ-00897,val
REQ-00898,train
REQ-00899,val
REQ-00900,train
REQ-00901,train
REQ-00902,train
REQ-00903,train
REQ-00904,train
REQ-00905,train
REQ-00906,train
REQ-00907,train
REQ-00908,train
REQ-00909,train
REQ-00910,train
REQ-00911,test
REQ-00912,train
REQ-00913,train
REQ-00914,train
REQ-00915,train
REQ-00916,train
REQ-00917,train
REQ-00918,train
REQ-00919,train
REQ-00920,train
REQ-00921,train
REQ-00922,train
REQ-00923,train
REQ-00924,train
REQ-00925,val
REQ-00926,train
REQ-00927,train
REQ-00928,train
REQ-00929,train
REQ-00930,train
REQ-00931,train
REQ-00932,train
REQ-00933,train
REQ-00934,train
REQ-00935,train
REQ-00936,val
REQ-00937,train
REQ-00938,train
REQ-00939,train
REQ-00940,train
REQ-00941,train
REQ-00942,train
REQ-00943,train
REQ-00944,train
REQ-00945,val
REQ-00946,train
REQ-00947,val
REQ-00948,train
REQ-00949,train
REQ-00950,train
REQ-00951,train
REQ-00952,train
REQ-00953,test
REQ-00954,train
REQ-00955,train
REQ-00956,train
REQ-00957,train
REQ-00958,train
REQ-00959,train
REQ-00960,train
REQ-00961,train
REQ-00962,train
REQ-00963,val
REQ-00964,train
REQ-00965,train
REQ-00966,train
REQ-00967,test
REQ-00968,train
REQ-00969,train
REQ-00970,train
REQ-00971,train
REQ-00972,test
REQ-00973,train
REQ-00974,train
REQ-00975,train
REQ-00976,test
REQ-00977,train
REQ-00978,train
REQ-00979,train
REQ-00980,train
REQ-00981,train
REQ-00982,test
REQ-00983,train
REQ-00984,train
REQ-00985,train
REQ-00986,train
REQ-00987,test
REQ-00988,train
REQ-00989,train
REQ-00990,train
REQ-00991,train
REQ-00992,train
REQ-00993,train
REQ-00994,train
REQ-00995,train
REQ-00996,train
REQ-00997,val
REQ-00998,train
REQ-00999,train
REQ-01000,train
REQ-01001,train
REQ-01002,train
REQ-01003,train
REQ-01004,val
REQ-01005,train
REQ-01006,test
REQ-01007,train
REQ-01008,train
REQ-01009,train
REQ-01010,val
REQ-01011,train
REQ-01012,train
REQ-01013,train
REQ-01014,train
REQ-01015,train
REQ-01016,test
REQ-01017,test
REQ-01018,train
REQ-01019,test
REQ-01020,train
REQ-01021,train
REQ-01022,train
REQ-01023,train
REQ-01024,train
REQ-01025,train
REQ-01026,train
REQ-01027,train
REQ-01028,train
REQ-01029,train
REQ-01030,train
REQ-01031,train
REQ-01032,train
REQ-01033,train
REQ-01034,test
REQ-01035,test
REQ-01036,train
REQ-01037,test
REQ-01038,train
REQ-01039,train
REQ-01040,train
REQ-01041,val
REQ-01042,train
REQ-01043,train
REQ-01044,train
REQ-01045,train
REQ-01046,train
REQ-01047,test
REQ-01048,train
REQ-01049,train
REQ-01050,val
REQ-01051,val
REQ-01052,train
REQ-01053,train
REQ-01054,train
REQ-01055,train
REQ-01056,val
REQ-01057,train
REQ-01058,train
REQ-01059,val
REQ-01060,train
REQ-01061,train
REQ-01062,train
REQ-01063,train
REQ-01064,train
REQ-01065,train
REQ-01066,train
REQ-01067,train
REQ-01068,train
REQ-01069,train
REQ-01070,test
REQ-01071,test
REQ-01072,train
REQ-01073,train
REQ-01074,train
REQ-01075,train
REQ-01076,train
REQ-01077,train
REQ-01078,train
REQ-01079,train
REQ-01080,train
REQ-01081,train
REQ-01082,train
REQ-01083,train
REQ-01084,train
REQ-01085,train
REQ-01086,train
REQ-01087,train
REQ-01088,train
REQ-01089,val
REQ-01090,train
REQ-01091,test
REQ-01092,val
REQ-01093,train
REQ-01094,val
REQ-01095,train
REQ-01096,train
REQ-01097,train
REQ-01098,val
REQ-01099,train
REQ-01100,train
REQ-01101,train
REQ-01102,train
REQ-01103,val
REQ-01104,train
REQ-01105,train
REQ-01106,train
REQ-01107,train
REQ-01108,train
REQ-01109,test
REQ-01110,train
REQ-01111,train
REQ-01112,train
REQ-01113,train
REQ-01114,val
REQ-01115,train
REQ-01116,train
REQ-01117,train
REQ-01118,test
REQ-01119,val
REQ-01120,test
REQ-01121,train
REQ-01122,train
REQ-01123,train
REQ-01124,train
REQ-01125,train
REQ-01126,train
REQ-01127,train
REQ-01128,train
REQ-01129,train
REQ-01130,val
REQ-01131,train
REQ-01132,train
REQ-01133,val
REQ-01134,test
REQ-01135,test
REQ-01136,train
REQ-01137,train
REQ-01138,train
REQ-01139,test
REQ-01140,train
REQ-01141,test
REQ-01142,train
REQ-01143,val
REQ-01144,train
REQ-01145,train
REQ-01146,test
REQ-01147,train
REQ-01148,train
REQ-01149,train
REQ-01150,train
REQ-01151,train
REQ-01152,train
REQ-01153,train
REQ-01154,val
REQ-01155,train
REQ-01156,test
REQ-01157,test
REQ-01158,train
REQ-01159,train
REQ-01160,train
REQ-01161,train
REQ-01162,train
REQ-01163,train
REQ-01164,test
REQ-01165,train
REQ-01166,train
REQ-01167,train
REQ-01168,train
REQ-01169,val
REQ-01170,train
REQ-01171,train
REQ-01172,train
REQ-01173,train
REQ-01174,train
REQ-01175,test
REQ-01176,train
REQ-01177,train
REQ-01178,train
REQ-01179,val
REQ-01180,train
REQ-01181,train
REQ-01182,train
REQ-01183,train
REQ-01184,train
REQ-01185,train
REQ-01186,train
REQ-01187,train
REQ-01188,train
REQ-01189,train
REQ-01190,train
REQ-01191,train
REQ-01192,train
REQ-01193,train
REQ-01194,val
REQ-01195,train
REQ-01196,train
REQ-01197,train
REQ-01198,train
REQ-01199,train
REQ-01200,train
REQ-01201,train
REQ-01202,test
REQ-01203,val
REQ-01204,val
REQ-01205,train
REQ-01206,train
REQ-01207,train
REQ-01208,val
REQ-01209,val
REQ-01210,train
REQ-01211,train
REQ-01212,train
REQ-01213,train
REQ-01214,test
REQ-01215,train
REQ-01216,train
REQ-01217,train
REQ-01218,train
REQ-01219,train
REQ-01220,train
REQ-01221,train
REQ-01222,train
REQ-01223,val
REQ-01224,train
REQ-01225,val
REQ-01226,train
REQ-01227,train
REQ-01228,test
REQ-01229,val
REQ-01230,test
REQ-01231,train
REQ-01232,train
REQ-01233,val
REQ-01234,train
REQ-01235,train
REQ-01236,val
REQ-01237,train
REQ-01238,train
REQ-01239,val
REQ-01240,train
REQ-01241,val
REQ-01242,val
REQ-01243,train
REQ-01244,train
REQ-01245,train
REQ-01246,test
REQ-01247,train
REQ-01248,train
REQ-01249,train
REQ-01250,test
REQ-01251,train
REQ-01252,train
REQ-01253,train
REQ-01254,train
REQ-01255,test
REQ-01256,train
REQ-01257,train
REQ-01258,train
REQ-01259,train
REQ-01260,train
REQ-01261,train
REQ-01262,train
REQ-01263,train
REQ-01264,train
REQ-01265,train
REQ-01266,train
REQ-01267,test
REQ-01268,train
REQ-01269,train
REQ-01270,val
REQ-01271,train
REQ-01272,train
REQ-01273,train
REQ-01274,test
REQ-01275,train
REQ-01276,val
REQ-01277,test
REQ-01278,test
REQ-01279,train
REQ-01280,train
REQ-01281,test
REQ-01282,train
REQ-01283,val
REQ-01284,train
REQ-01285,val
REQ-01286,train
REQ-01287,train
REQ-01288,train
REQ-01289,train
REQ-01290,train
REQ-01291,train
REQ-01292,train
REQ-01293,train
REQ-01294,train
REQ-01295,train
REQ-01296,train
REQ-01297,train
REQ-01298,train
REQ-01299,train
REQ-01300,train
REQ-01301,train
REQ-01302,train
REQ-01303,val
REQ-01304,train
REQ-01305,train
REQ-01306,train
REQ-01307,train
REQ-01308,train
REQ-01309,train
REQ-01310,val
REQ-01311,train
REQ-01312,test
REQ-01313,test
REQ-01314,val
REQ-01315,train
REQ-01316,train
REQ-01317,train
REQ-01318,train
REQ-01319,train
REQ-01320,train
REQ-01321,train
REQ-01322,train
REQ-01323,test
REQ-01324,train
REQ-01325,train
REQ-01326,train
REQ-01327,test
REQ-01328,test
REQ-01329,test
REQ-01330,train
REQ-01331,train
REQ-01332,train
REQ-01333,train
REQ-01334,train
REQ-01335,train
REQ-01336,test
REQ-01337,val
REQ-01338,train
REQ-01339,train
REQ-01340,train
REQ-01341,train
REQ-01342,train
REQ-01343,train
REQ-01344,train
REQ-01345,train
REQ-01346,train
REQ-01347,train
REQ-01348,train
REQ-01349,val
REQ-01350,train
REQ-01351,train
REQ-01352,train
REQ-01353,train
REQ-01354,train
REQ-01355,train
REQ-01356,train
REQ-01357,train
REQ-01358,train
REQ-01359,train
REQ-01360,train
REQ-01361,test
REQ-01362,train
REQ-01363,train
REQ-01364,train
REQ-01365,train
REQ-01366,train
REQ-01367,train
REQ-01368,train
REQ-01369,train
REQ-01370,train
REQ-01371,train
REQ-01372,train
REQ-01373,train
REQ-01374,train
REQ-01375,train
REQ-01376,train
REQ-01377,val
REQ-01378,train
REQ-01379,train
REQ-01380,train
REQ-01381,train
REQ-01382,train
REQ-01383,train
REQ-01384,train
REQ-01385,train
REQ-01386,train
REQ-01387,train
REQ-01388,val
REQ-01389,train
REQ-01390,train
REQ-01391,train
REQ-01392,train
REQ-01393,train
REQ-01394,train
REQ-01395,train
REQ-01396,train
REQ-01397,test
REQ-01398,train
REQ-01399,train
REQ-01400,train
REQ-01401,train
REQ-01402,train
REQ-01403,train
REQ-01404,test
REQ-01405,test
REQ-01406,train
REQ-01407,train
REQ-01408,test
REQ-01409,train
REQ-01410,train
REQ-01411,train
REQ-01412,train
REQ-01413,train
REQ-01414,train
REQ-01415,train
REQ-01416,test
REQ-01417,test
REQ-01418,val
REQ-01419,train
REQ-01420,train
REQ-01421,val
REQ-01422,train
REQ-01423,train
REQ-01424,train
REQ-01425,train
REQ-01426,train
REQ-01427,train
REQ-01428,val
REQ-01429,train
REQ-01430,val
REQ-01431,val
REQ-01432,train
REQ-01433,train
REQ-01434,train
REQ-01435,train
REQ-01436,test
REQ-01437,test
REQ-01438,train
REQ-01439,train
REQ-01440,test
REQ-01441,train
REQ-01442,train
REQ-01443,train
REQ-01444,train
REQ-01445,train
REQ-01446,val
REQ-01447,train
REQ-01448,train
REQ-01449,train
REQ-01450,train
REQ-01451,train
REQ-01452,train
REQ-01453,train
REQ-01454,train
REQ-01455,train
REQ-01456,train
REQ-01457,train
REQ-01458,train
REQ-01459,train
REQ-01460,train
REQ-01461,train
REQ-01462,train
REQ-01463,train
REQ-01464,train
REQ-01465,train
REQ-01466,train
REQ-01467,train
REQ-01468,train
REQ-01469,train
REQ-01470,test
REQ-01471,train
REQ-01472,test
REQ-01473,train
REQ-01474,train
REQ-01475,train
REQ-01476,train
REQ-01477,train
REQ-01478,train
REQ-01479,train
REQ-01480,test
REQ-01481,train
REQ-01482,test
REQ-01483,train
REQ-01484,train
REQ-01485,train
REQ-01486,train
REQ-01487,train
REQ-01488,test
REQ-01489,train
REQ-01490,train
REQ-01491,train
REQ-01492,train
REQ-01493,train
REQ-01494,train
REQ-01495,val
REQ-01496,train
REQ-01497,val
REQ-01498,train
REQ-01499,train
REQ-01500,train
REQ-01501,train
REQ-01502,train
REQ-01503,val
REQ-01504,train
REQ-01505,train
REQ-01506,train
REQ-01507,train
REQ-01508,val
REQ-01509,train
REQ-01510,train
REQ-01511,train
REQ-01512,train
REQ-01513,train
REQ-01514,train
REQ-01515,val
REQ-01516,train
REQ-01517,test
REQ-01518,train
REQ-01519,train
REQ-01520,train
REQ-01521,test
REQ-01522,train
REQ-01523,train
REQ-01524,train
REQ-01525,train
REQ-01526,train
REQ-01527,train
REQ-01528,test
REQ-01529,train
REQ-01530,train
REQ-01531,train
REQ-01532,train
REQ-01533,train
REQ-01534,train
REQ-01535,train
REQ-01536,train
REQ-01537,train
REQ-01538,train
REQ-01539,val
REQ-01540,train
REQ-01541,train
REQ-01542,train
REQ-01543,train
REQ-01544,train
REQ-01545,train
REQ-01546,train
REQ-01547,train
REQ-01548,train
REQ-01549,train
REQ-01550,train
REQ-01551,train
REQ-01552,test
REQ-01553,train
REQ-01554,train
REQ-01555,train
REQ-01556,train
REQ-01557,train
REQ-01558,val
REQ-01559,train
REQ-01560,train
REQ-01561,train
REQ-01562,train
REQ-01563,train
REQ-01564,train
REQ-01565,train
REQ-01566,train
REQ-01567,train
REQ-01568,train
REQ-01569,train
REQ-01570,train
REQ-01571,train
REQ-01572,train
REQ-01573,val
REQ-01574,train
REQ-01575,val
REQ-01576,train
REQ-01577,train
REQ-01578,train
REQ-01579,train
REQ-01580,train
REQ-01581,train
REQ-01582,train
REQ-01583,train
REQ-01584,train
REQ-01585,train
REQ-01586,train
REQ-01587,train
REQ-01588,train
REQ-01589,val
REQ-01590,train
REQ-01591,train
REQ-01592,train
REQ-01593,train
REQ-01594,train
REQ-01595,train
REQ-01596,test
REQ-01597,val
REQ-01598,train
REQ-01599,val
REQ-01600,train
REQ-01601,val
REQ-01602,train
REQ-01603,val
REQ-01604,train
REQ-01605,train
REQ-01606,train
REQ-01607,train
REQ-01608,train
REQ-01609,train
REQ-01610,train
REQ-01611,train
REQ-01612,train
REQ-01613,val
REQ-01614,val
REQ-01615,train
REQ-01616,train
REQ-01617,train
REQ-01618,train
REQ-01619,train
REQ-01620,train
REQ-01621,train
REQ-01622,train
REQ-01623,test
REQ-01624,train
REQ-01625,val
REQ-01626,val
REQ-01627,test
REQ-01628,train
REQ-01629,train
REQ-01630,train
REQ-01631,train
REQ-01632,test
REQ-01633,val
REQ-01634,train
REQ-01635,test
REQ-01636,test
REQ-01637,train
REQ-01638,test
REQ-01639,test
REQ-01640,train
REQ-01641,test
REQ-01642,test
REQ-01643,train
REQ-01644,train
REQ-01645,val
REQ-01646,train
REQ-01647,train
REQ-01648,val
REQ-01649,train
REQ-01650,train
REQ-01651,val
REQ-01652,train
REQ-01653,train
REQ-01654,train
REQ-01655,train
REQ-01656,test
REQ-01657,train
REQ-01658,train
REQ-01659,train
REQ-01660,val
REQ-01661,test
REQ-01662,train
REQ-01663,test
REQ-01664,train
REQ-01665,val
REQ-01666,train
REQ-01667,train
REQ-01668,train
REQ-01669,train
REQ-01670,train
REQ-01671,train
REQ-01672,test
REQ-01673,train
REQ-01674,train
REQ-01675,train
REQ-01676,val
REQ-01677,train
REQ-01678,train
REQ-01679,train
REQ-01680,train
REQ-01681,train
REQ-01682,val
REQ-01683,train
REQ-01684,train
REQ-01685,train
REQ-01686,train
REQ-01687,train
REQ-01688,train
REQ-01689,train
REQ-01690,train
REQ-01691,train
REQ-01692,train
REQ-01693,val
REQ-01694,train
REQ-01695,train
REQ-01696,train
REQ-01697,train
REQ-01698,train
REQ-01699,train
REQ-01700,val
REQ-01701,train
REQ-01702,train
REQ-01703,train
REQ-01704,train
REQ-01705,train
REQ-01706,train
REQ-01707,train
REQ-01708,train
REQ-01709,train
REQ-01710,train
REQ-01711,train
REQ-01712,train
REQ-01713,train
REQ-01714,test
REQ-01715,val
REQ-01716,test
REQ-01717,train
REQ-01718,train
REQ-01719,train
REQ-01720,train
REQ-01721,train
REQ-01722,train
REQ-01723,train
REQ-01724,train
REQ-01725,test
REQ-01726,test
REQ-01727,train
REQ-01728,train
REQ-01729,train
REQ-01730,train
REQ-01731,train
REQ-01732,train
REQ-01733,test
REQ-01734,train
REQ-01735,val
REQ-01736,train
REQ-01737,train
REQ-01738,train
REQ-01739,train
REQ-01740,train
REQ-01741,train
REQ-01742,train
REQ-01743,train
REQ-01744,train
REQ-01745,train
REQ-01746,val
REQ-01747,train
REQ-01748,train
REQ-01749,train
REQ-01750,train
REQ-01751,train
REQ-01752,val
REQ-01753,val
REQ-01754,train
REQ-01755,train
REQ-01756,train
REQ-01757,train
REQ-01758,train
REQ-01759,train
REQ-01760,train
REQ-01761,train
REQ-01762,train
REQ-01763,train
REQ-01764,train
REQ-01765,train
REQ-01766,test
REQ-01767,test
REQ-01768,val
REQ-01769,train
REQ-01770,train
REQ-01771,test
REQ-01772,train
REQ-01773,train
REQ-01774,train
REQ-01775,train
REQ-01776,test
REQ-01777,train
REQ-01778,train
REQ-01779,val
REQ-01780,train
REQ-01781,train
REQ-01782,test
REQ-01783,train
REQ-01784,train
REQ-01785,train
REQ-01786,train
REQ-01787,train
REQ-01788,train
REQ-01789,val
REQ-01790,train
REQ-01791,train
REQ-01792,train
REQ-01793,train
REQ-01794,train
REQ-01795,train
REQ-01796,train
REQ-01797,train
REQ-01798,train
REQ-01799,train
REQ-01800,train
REQ-01801,train
REQ-01802,train
REQ-01803,train
REQ-01804,test
REQ-01805,val
REQ-01806,train
REQ-01807,train
REQ-01808,train
REQ-01809,train
REQ-01810,train
REQ-01811,test
REQ-01812,train
REQ-01813,train
REQ-01814,train
REQ-01815,train
REQ-01816,train
REQ-01817,train
REQ-01818,train
REQ-01819,train
REQ-01820,train
REQ-01821,train
REQ-01822,test
REQ-01823,train
REQ-01824,val
REQ-01825,test
REQ-01826,train
REQ-01827,train
REQ-01828,train
REQ-01829,test
REQ-01830,train
REQ-01831,train
REQ-01832,test
REQ-01833,train
REQ-01834,train
REQ-01835,train
REQ-01836,train
REQ-01837,train
REQ-01838,train
REQ-01839,train
REQ-01840,train
REQ-01841,val
REQ-01842,train
REQ-01843,train
REQ-01844,train
REQ-01845,val
REQ-01846,train
REQ-01847,train
REQ-01848,train
REQ-01849,train
REQ-01850,val
REQ-01851,train
REQ-01852,train
REQ-01853,train
REQ-01854,val
REQ-01855,train
REQ-01856,test
REQ-01857,train
REQ-01858,test
REQ-01859,train
REQ-01860,train
REQ-01861,train
REQ-01862,train
REQ-01863,train
REQ-01864,train
REQ-01865,train
REQ-01866,train
REQ-01867,val
REQ-01868,train
REQ-01869,train
REQ-01870,train
REQ-01871,train
REQ-01872,train
REQ-01873,train
REQ-01874,train
REQ-01875,train
REQ-01876,val
REQ-01877,train
REQ-01878,train
REQ-01879,val
REQ-01880,train
REQ-01881,val
REQ-01882,train
REQ-01883,train
REQ-01884,test
REQ-01885,test
REQ-01886,test
REQ-01887,train
REQ-01888,val
REQ-01889,train
REQ-01890,train
REQ-01891,test
REQ-01892,train
REQ-01893,train
REQ-01894,train
REQ-01895,train
REQ-01896,train
REQ-01897,train
REQ-01898,train
REQ-01899,train
REQ-01900,train
REQ-01901,train
REQ-01902,train
REQ-01903,val
REQ-01904,train
REQ-01905,val
REQ-01906,train
REQ-01907,val
REQ-01908,train
REQ-01909,train
REQ-01910,val
REQ-01911,train
REQ-01912,val
REQ-01913,train
REQ-01914,train
REQ-01915,train
REQ-01916,train
REQ-01917,train
REQ-01918,train
REQ-01919,val
REQ-01920,train
REQ-01921,train
REQ-01922,train
REQ-01923,train
REQ-01924,train
REQ-01925,train
REQ-01926,train
REQ-01927,train
REQ-01928,train
REQ-01929,train
REQ-01930,train
REQ-01931,val
REQ-01932,train
REQ-01933,train
REQ-01934,test
REQ-01935,train
REQ-01936,train
REQ-01937,train
REQ-01938,train
REQ-01939,train
REQ-01940,test
REQ-01941,train
REQ-01942,train
REQ-01943,train
REQ-01944,train
REQ-01945,train
REQ-01946,train
REQ-01947,test
REQ-01948,train
REQ-01949,train
REQ-01950,train
REQ-01951,train
REQ-01952,train
REQ-01953,train
REQ-01954,train
REQ-01955,train
REQ-01956,train
REQ-01957,train
REQ-01958,train
REQ-01959,train
REQ-01960,train
REQ-01961,val
REQ-01962,test
REQ-01963,train
REQ-01964,train
REQ-01965,train
REQ-01966,train
REQ-01967,train
REQ-01968,test
REQ-01969,train
REQ-01970,train
REQ-01971,train
REQ-01972,train
REQ-01973,train
REQ-01974,train
REQ-01975,train
REQ-01976,val
REQ-01977,train
REQ-01978,train
REQ-01979,train
REQ-01980,train
REQ-01981,train
REQ-01982,val
REQ-01983,train
REQ-01984,train
REQ-01985,test
REQ-01986,train
REQ-01987,train
REQ-01988,train
REQ-01989,train
REQ-01990,train
REQ-01991,train
REQ-01992,train
REQ-01993,train
REQ-01994,train
REQ-01995,train
REQ-01996,val
REQ-01997,train
REQ-01998,val
REQ-01999,train
REQ-02000,train
REQ-02001,train
REQ-02002,train
REQ-02003,train
REQ-02004,train
REQ-02005,train
REQ-02006,test
REQ-02007,train
REQ-02008,train
REQ-02009,train
REQ-02010,train
REQ-02011,train
REQ-02012,test
REQ-02013,train
REQ-02014,train
REQ-02015,train
REQ-02016,train
REQ-02017,train
REQ-02018,train
REQ-02019,train
REQ-02020,train
REQ-02021,train
REQ-02022,train
REQ-02023,train
REQ-02024,val
REQ-02025,test
REQ-02026,train
REQ-02027,train
REQ-02028,train
REQ-02029,train
REQ-02030,train
REQ-02031,train
REQ-02032,train
REQ-02033,train
REQ-02034,val
REQ-02035,train
REQ-02036,train
REQ-02037,train
REQ-02038,val
REQ-02039,test
REQ-02040,train
REQ-02041,train
REQ-02042,train
REQ-02043,train
REQ-02044,train
REQ-02045,train
REQ-02046,test
REQ-02047,train
REQ-02048,train
REQ-02049,train
REQ-02050,train
REQ-02051,train
REQ-02052,val
REQ-02053,val
REQ-02054,train
REQ-02055,train
REQ-02056,train
REQ-02057,train
REQ-02058,train
REQ-02059,train
REQ-02060,val
REQ-02061,test
REQ-02062,test
REQ-02063,train
REQ-02064,val
REQ-02065,train
REQ-02066,train
REQ-02067,train
REQ-02068,train
REQ-02069,train
REQ-02070,train
REQ-02071,train
REQ-02072,test
REQ-02073,train
REQ-02074,train
REQ-02075,train
REQ-02076,test
REQ-02077,val
REQ-02078,train
REQ-02079,train
REQ-02080,train
REQ-02081,train
REQ-02082,test
REQ-02083,train
REQ-02084,train
REQ-02085,train
REQ-02086,train
REQ-02087,test
REQ-02088,train
REQ-02089,val
REQ-02090,train
REQ-02091,val
REQ-02092,train
REQ-02093,train
REQ-02094,train
REQ-02095,val
REQ-02096,train
REQ-02097,train
REQ-02098,test
REQ-02099,train
REQ-02100,train
REQ-02101,train
REQ-02102,train
REQ-02103,test
REQ-02104,train
REQ-02105,train
REQ-02106,train
REQ-02107,train
REQ-02108,train
REQ-02109,val
REQ-02110,test
REQ-02111,train
REQ-02112,train
REQ-02113,test
REQ-02114,train
REQ-02115,train
REQ-02116,train
REQ-02117,train
REQ-02118,train
REQ-02119,train
REQ-02120,train
REQ-02121,train
REQ-02122,train
REQ-02123,train
REQ-02124,val
REQ-02125,train
REQ-02126,val
REQ-02127,test
REQ-02128,train
REQ-02129,train
REQ-02130,train
REQ-02131,train
REQ-02132,train
REQ-02133,train
REQ-02134,train
REQ-02135,train
REQ-02136,val
REQ-02137,train
REQ-02138,train
REQ-02139,train
REQ-02140,train
REQ-02141,train
REQ-02142,val
REQ-02143,train
REQ-02144,val
REQ-02145,train
REQ-02146,train
REQ-02147,train
REQ-02148,train
REQ-02149,train
REQ-02150,train
REQ-02151,train
REQ-02152,train
REQ-02153,test
REQ-02154,val
REQ-02155,train
REQ-02156,train
REQ-02157,train
REQ-02158,train
REQ-02159,test
REQ-02160,train
REQ-02161,train
REQ-02162,train
REQ-02163,train
REQ-02164,train
REQ-02165,train
REQ-02166,train
REQ-02167,train
REQ-02168,train
REQ-02169,test
REQ-02170,train
REQ-02171,train
REQ-02172,train
REQ-02173,test
REQ-02174,train
REQ-02175,test
REQ-02176,train
REQ-02177,train
REQ-02178,train
REQ-02179,train
REQ-02180,train
REQ-02181,train
REQ-02182,val
REQ-02183,train
REQ-02184,train
REQ-02185,test
REQ-02186,val
REQ-02187,train
REQ-02188,train
REQ-02189,train
REQ-02190,test
REQ-02191,train
REQ-02192,train
REQ-02193,train
REQ-02194,train
REQ-02195,train
REQ-02196,train
REQ-02197,test
REQ-02198,train
REQ-02199,train
REQ-02200,train
REQ-02201,train
REQ-02202,test
REQ-02203,train
REQ-02204,train
REQ-02205,train
REQ-02206,train
REQ-02207,train
REQ-02208,train
REQ-02209,test
REQ-02210,train
REQ-02211,train
REQ-02212,train
REQ-02213,train
REQ-02214,train
REQ-02215,train
REQ-02216,train
REQ-02217,train
REQ-02218,train
REQ-02219,test
REQ-02220,train
REQ-02221,train
REQ-02222,test
REQ-02223,train
REQ-02224,train
REQ-02225,test
REQ-02226,train
REQ-02227,train
REQ-02228,val
REQ-02229,val
REQ-02230,train
REQ-02231,val
REQ-02232,train
REQ-02233,train
REQ-02234,val
REQ-02235,train
REQ-02236,test
REQ-02237,test
REQ-02238,train
REQ-02239,train
REQ-02240,train
REQ-02241,test
REQ-02242,train
REQ-02243,train
REQ-02244,train
REQ-02245,train
REQ-02246,test
REQ-02247,train
REQ-02248,train
REQ-02249,train
REQ-02250,train
REQ-02251,train
REQ-02252,train
REQ-02253,train
REQ-02254,train
REQ-02255,train
REQ-02256,train
REQ-02257,test
REQ-02258,train
REQ-02259,train
REQ-02260,train
REQ-02261,train
REQ-02262,test
REQ-02263,train
REQ-02264,train
REQ-02265,train
REQ-02266,train
REQ-02267,train
REQ-02268,train
REQ-02269,train
REQ-02270,test
REQ-02271,train
REQ-02272,train
REQ-02273,train
REQ-02274,train
REQ-02275,train
REQ-02276,train
REQ-02277,train
REQ-02278,train
REQ-02279,train
REQ-02280,test
REQ-02281,val
REQ-02282,train
REQ-02283,val
REQ-02284,train
REQ-02285,test
REQ-02286,train
REQ-02287,train
REQ-02288,train
REQ-02289,train
REQ-02290,train
REQ-02291,train
REQ-02292,train
REQ-02293,train
REQ-02294,train
REQ-02295,val
REQ-02296,val
REQ-02297,train
REQ-02298,train
REQ-02299,train
REQ-02300,train
REQ-02301,train
REQ-02302,train
REQ-02303,train
REQ-02304,train
REQ-02305,train
REQ-02306,train
REQ-02307,test
REQ-02308,train
REQ-02309,train
REQ-02310,train
REQ-02311,train
REQ-02312,train
REQ-02313,train
REQ-02314,train
REQ-02315,train
REQ-02316,train
REQ-02317,train
REQ-02318,train
REQ-02319,train
REQ-02320,train
REQ-02321,test
REQ-02322,train
REQ-02323,train
REQ-02324,train
REQ-02325,train
REQ-02326,val
REQ-02327,train
REQ-02328,train
REQ-02329,train
REQ-02330,train
REQ-02331,test
REQ-02332,train
REQ-02333,train
REQ-02334,train
REQ-02335,train
REQ-02336,train
REQ-02337,train
REQ-02338,train
REQ-02339,train
REQ-02340,train
REQ-02341,test
REQ-02342,train
REQ-02343,train
REQ-02344,train
REQ-02345,train
REQ-02346,val
REQ-02347,train
REQ-02348,test
REQ-02349,train
REQ-02350,train
REQ-02351,train
REQ-02352,train
REQ-02353,train
REQ-02354,train
REQ-02355,train
REQ-02356,train
REQ-02357,val
REQ-02358,train
REQ-02359,train
REQ-02360,train
REQ-02361,train
REQ-02362,train
REQ-02363,train
REQ-02364,val
REQ-02365,train
REQ-02366,val
REQ-02367,train
REQ-02368,train
REQ-02369,train
REQ-02370,train
REQ-02371,train
REQ-02372,train
REQ-02373,train
REQ-02374,train
REQ-02375,train
REQ-02376,train
REQ-02377,train
REQ-02378,train
REQ-02379,train
REQ-02380,train
REQ-02381,train
REQ-02382,train
REQ-02383,train
REQ-02384,train
REQ-02385,train
REQ-02386,val
REQ-02387,train
REQ-02388,train
REQ-02389,val
REQ-02390,val
REQ-02391,test
REQ-02392,train
REQ-02393,train
REQ-02394,train
REQ-02395,train
REQ-02396,train
REQ-02397,train
REQ-02398,train
REQ-02399,train
REQ-02400,train
REQ-02401,train
REQ-02402,test
REQ-02403,train
REQ-02404,train
REQ-02405,train
REQ-02406,train
REQ-02407,train
REQ-02408,test
REQ-02409,train
REQ-02410,train
REQ-02411,train
REQ-02412,train
REQ-02413,train
REQ-02414,test
REQ-02415,train
REQ-02416,train
REQ-02417,train
REQ-02418,test
REQ-02419,train
REQ-02420,train
REQ-02421,train
REQ-02422,train
REQ-02423,train
REQ-02424,train
REQ-02425,val
REQ-02426,val
REQ-02427,train
REQ-02428,train
REQ-02429,train
REQ-02430,train
REQ-02431,train
REQ-02432,train
REQ-02433,train
REQ-02434,train
REQ-02435,train
REQ-02436,train
REQ-02437,train
REQ-02438,train
REQ-02439,train
REQ-02440,val
REQ-02441,train
REQ-02442,train
REQ-02443,train
REQ-02444,train
REQ-02445,train
REQ-02446,train
REQ-02447,train
REQ-02448,train
REQ-02449,train
REQ-02450,train
REQ-02451,train
REQ-02452,train
REQ-02453,train
REQ-02454,test
REQ-02455,train
REQ-02456,train
REQ-02457,train
REQ-02458,train
REQ-02459,train
REQ-02460,train
REQ-02461,train
REQ-02462,train
REQ-02463,test
REQ-02464,test
REQ-02465,train
REQ-02466,train
REQ-02467,train
REQ-02468,test
REQ-02469,train
REQ-02470,train
REQ-02471,train
REQ-02472,train
REQ-02473,train
REQ-02474,train
REQ-02475,train
REQ-02476,train
REQ-02477,val
REQ-02478,train
REQ-02479,train
REQ-02480,train
REQ-02481,train
REQ-02482,train
REQ-02483,train
REQ-02484,train
REQ-02485,test
REQ-02486,train
REQ-02487,val
REQ-02488,train
REQ-02489,val
REQ-02490,train
REQ-02491,train
REQ-02492,val
REQ-02493,train
REQ-02494,train
REQ-02495,train
REQ-02496,train
REQ-02497,train
REQ-02498,test
REQ-02499,train
REQ-02500,val
REQ-02501,train
REQ-02502,train
REQ-02503,train
REQ-02504,train
REQ-02505,test
REQ-02506,train
REQ-02507,test
REQ-02508,train
REQ-02509,val
REQ-02510,train
REQ-02511,train
REQ-02512,train
REQ-02513,train
REQ-02514,val
REQ-02515,train
REQ-02516,train
REQ-02517,train
REQ-02518,val
REQ-02519,val
REQ-02520,train
REQ-02521,train
REQ-02522,train
REQ-02523,train
REQ-02524,train
REQ-02525,train
REQ-02526,train
REQ-02527,train
REQ-02528,train
REQ-02529,train
REQ-02530,train
REQ-02531,val
REQ-02532,train
REQ-02533,train
REQ-02534,train
REQ-02535,train
REQ-02536,train
REQ-02537,test
REQ-02538,test
REQ-02539,train
REQ-02540,train
REQ-02541,train
REQ-02542,train
REQ-02543,val
REQ-02544,train
REQ-02545,train
REQ-02546,train
REQ-02547,train
REQ-02548,val
REQ-02549,train
REQ-02550,train
REQ-02551,train
REQ-02552,train
REQ-02553,train
REQ-02554,test
REQ-02555,train
REQ-02556,train
REQ-02557,test
REQ-02558,train
REQ-02559,train
REQ-02560,train
REQ-02561,train
REQ-02562,train
REQ-02563,train
REQ-02564,val
REQ-02565,train
REQ-02566,test
REQ-02567,train
REQ-02568,train
REQ-02569,train
REQ-02570,train
REQ-02571,train
REQ-02572,train
REQ-02573,train
REQ-02574,train
REQ-02575,train
REQ-02576,train
REQ-02577,train
REQ-02578,train
REQ-02579,train
REQ-02580,train
REQ-02581,train
REQ-02582,train
REQ-02583,train
REQ-02584,train
REQ-02585,train
REQ-02586,train
REQ-02587,train
REQ-02588,train
REQ-02589,train
REQ-02590,train
REQ-02591,train
REQ-02592,test
REQ-02593,train
REQ-02594,val
REQ-02595,train
REQ-02596,train
REQ-02597,train
REQ-02598,train
REQ-02599,val
REQ-02600,train
REQ-02601,val
REQ-02602,train
REQ-02603,train
REQ-02604,train
REQ-02605,test
REQ-02606,train
REQ-02607,train
REQ-02608,train
REQ-02609,train
REQ-02610,train
REQ-02611,train
REQ-02612,train
REQ-02613,test
REQ-02614,train
REQ-02615,test
REQ-02616,train
REQ-02617,train
REQ-02618,train
REQ-02619,val
REQ-02620,train
REQ-02621,train
REQ-02622,train
REQ-02623,train
REQ-02624,train
REQ-02625,test
REQ-02626,train
REQ-02627,test
REQ-02628,train
REQ-02629,train
REQ-02630,test
REQ-02631,train
REQ-02632,train
REQ-02633,val
REQ-02634,train
REQ-02635,train
REQ-02636,train
REQ-02637,train
REQ-02638,train
REQ-02639,train
REQ-02640,train
REQ-02641,val
REQ-02642,train
REQ-02643,train
REQ-02644,train
REQ-02645,train
REQ-02646,train
REQ-02647,train
REQ-02648,val
REQ-02649,train
REQ-02650,train
REQ-02651,test
REQ-02652,test
REQ-02653,train
REQ-02654,train
REQ-02655,train
REQ-02656,train
REQ-02657,train
REQ-02658,train
REQ-02659,train
REQ-02660,train
REQ-02661,train
REQ-02662,train
REQ-02663,train
REQ-02664,train
REQ-02665,test
REQ-02666,train
REQ-02667,train
REQ-02668,train
REQ-02669,val
REQ-02670,train
REQ-02671,train
REQ-02672,train
REQ-02673,train
REQ-02674,train
REQ-02675,train
REQ-02676,test
REQ-02677,test
REQ-02678,train
REQ-02679,train
REQ-02680,train
REQ-02681,train
REQ-02682,train
REQ-02683,train
REQ-02684,train
REQ-02685,train
REQ-02686,test
REQ-02687,train
REQ-02688,train
REQ-02689,val
REQ-02690,train
REQ-02691,train
REQ-02692,train
REQ-02693,train
REQ-02694,train
REQ-02695,train
REQ-02696,test
REQ-02697,train
REQ-02698,train
REQ-02699,train
REQ-02700,train
REQ-02701,train
REQ-02702,val
REQ-02703,train
REQ-02704,train
REQ-02705,train
REQ-02706,train
REQ-02707,train
REQ-02708,train
REQ-02709,test
REQ-02710,test
REQ-02711,train
REQ-02712,train
REQ-02713,train
REQ-02714,train
REQ-02715,train
REQ-02716,val
REQ-02717,train
REQ-02718,train
REQ-02719,train
REQ-02720,train
REQ-02721,train
REQ-02722,val
REQ-02723,val
REQ-02724,train
REQ-02725,train
REQ-02726,train
REQ-02727,train
REQ-02728,train
REQ-02729,train
REQ-02730,train
REQ-02731,train
REQ-02732,train
REQ-02733,train
REQ-02734,train
REQ-02735,train
REQ-02736,train
REQ-02737,train
REQ-02738,test
REQ-02739,train
REQ-02740,train
REQ-02741,val
REQ-02742,train
REQ-02743,train
REQ-02744,train
REQ-02745,train
REQ-02746,train
REQ-02747,train
REQ-02748,train
REQ-02749,test
REQ-02750,train
REQ-02751,val
REQ-02752,train
REQ-02753,train
REQ-02754,test
REQ-02755,test
REQ-02756,train
REQ-02757,train
REQ-02758,train
REQ-02759,train
REQ-02760,train
REQ-02761,train
REQ-02762,train
REQ-02763,train
REQ-02764,train
REQ-02765,train
REQ-02766,train
REQ-02767,train
REQ-02768,train
REQ-02769,train
REQ-02770,train
REQ-02771,train
REQ-02772,train
REQ-02773,train
REQ-02774,train
REQ-02775,val
REQ-02776,train
REQ-02777,train
REQ-02778,train
REQ-02779,train
REQ-02780,train
REQ-02781,train
REQ-02782,train
REQ-02783,val
REQ-02784,train
REQ-02785,train
REQ-02786,train
REQ-02787,train
REQ-02788,train
REQ-02789,train
REQ-02790,train
REQ-02791,train
REQ-02792,train
REQ-02793,val
REQ-02794,train
REQ-02795,test
REQ-02796,train
REQ-02797,test
REQ-02798,train
REQ-02799,train
REQ-02800,test
REQ-02801,train
REQ-02802,train
REQ-02803,train
REQ-02804,train
REQ-02805,test
REQ-02806,train
REQ-02807,train
REQ-02808,val
REQ-02809,test
REQ-02810,test
REQ-02811,train
REQ-02812,train
REQ-02813,train
REQ-02814,train
REQ-02815,val
REQ-02816,train
REQ-02817,train
REQ-02818,train
REQ-02819,train
REQ-02820,val
REQ-02821,train
REQ-02822,train
REQ-02823,train
REQ-02824,train
REQ-02825,train
REQ-02826,train
REQ-02827,train
REQ-02828,test
REQ-02829,train
REQ-02830,train
REQ-02831,train
REQ-02832,train
REQ-02833,train
REQ-02834,train
REQ-02835,train
REQ-02836,train
REQ-02837,train
REQ-02838,train
REQ-02839,train
REQ-02840,train
REQ-02841,train
REQ-02842,train
REQ-02843,train
REQ-02844,train
REQ-02845,test
REQ-02846,train
REQ-02847,train
REQ-02848,train
REQ-02849,train
REQ-02850,train
REQ-02851,train
REQ-02852,train
REQ-02853,test
REQ-02854,train
REQ-02855,train
REQ-02856,train
REQ-02857,test
REQ-02858,train
REQ-02859,test
REQ-02860,val
REQ-02861,train
REQ-02862,train
REQ-02863,train
REQ-02864,train
REQ-02865,test
REQ-02866,train
REQ-02867,train
REQ-02868,test
REQ-02869,train
REQ-02870,train
REQ-02871,test
REQ-02872,train
REQ-02873,val
REQ-02874,val
REQ-02875,train
REQ-02876,train
REQ-02877,train
REQ-02878,train
REQ-02879,train
REQ-02880,train
REQ-02881,val
REQ-02882,train
REQ-02883,val
REQ-02884,train
REQ-02885,train
REQ-02886,train
REQ-02887,train
REQ-02888,train
REQ-02889,train
REQ-02890,val
REQ-02891,train
REQ-02892,train
REQ-02893,train
REQ-02894,val
REQ-02895,train
REQ-02896,train
REQ-02897,train
REQ-02898,test
REQ-02899,train
REQ-02900,train
REQ-02901,train
REQ-02902,train
REQ-02903,train
REQ-02904,train
REQ-02905,val
REQ-02906,test
REQ-02907,train
REQ-02908,val
REQ-02909,train
REQ-02910,train
REQ-02911,train
REQ-02912,train
REQ-02913,train
REQ-02914,train
REQ-02915,train
REQ-02916,train
REQ-02917,train
REQ-02918,test
REQ-02919,train
REQ-02920,train
REQ-02921,train
REQ-02922,val
REQ-02923,train
REQ-02924,train
REQ-02925,test
REQ-02926,train
REQ-02927,train
REQ-02928,train
REQ-02929,train
REQ-02930,train
REQ-02931,train
REQ-02932,train
REQ-02933,val
REQ-02934,train
REQ-02935,train
REQ-02936,train
REQ-02937,test
REQ-02938,train
REQ-02939,test
REQ-02940,train
REQ-02941,test
REQ-02942,train
REQ-02943,val
REQ-02944,val
REQ-02945,train
REQ-02946,train
REQ-02947,train
REQ-02948,train
REQ-02949,val
REQ-02950,train
REQ-02951,train
REQ-02952,train
REQ-02953,train
REQ-02954,train
REQ-02955,train
REQ-02956,train
REQ-02957,train
REQ-02958,train
REQ-02959,train
REQ-02960,train
REQ-02961,train
REQ-02962,train
REQ-02963,train
REQ-02964,train
REQ-02965,train
REQ-02966,train
REQ-02967,val
REQ-02968,train
REQ-02969,train
REQ-02970,train
REQ-02971,train
REQ-02972,train
REQ-02973,train
REQ-02974,train
REQ-02975,train
REQ-02976,train
REQ-02977,train
REQ-02978,test
REQ-02979,train
REQ-02980,train
REQ-02981,train
REQ-02982,val
REQ-02983,test
REQ-02984,train
REQ-02985,test
REQ-02986,train
REQ-02987,train
REQ-02988,train
REQ-02989,train
REQ-02990,train
REQ-02991,train
REQ-02992,train
REQ-02993,train
REQ-02994,val
REQ-02995,train
REQ-02996,test
REQ-02997,train
REQ-02998,train
REQ-02999,train
REQ-03000,train
REQ-03001,train
REQ-03002,val
REQ-03003,train
REQ-03004,train
REQ-03005,train
REQ-03006,train
REQ-03007,train
REQ-03008,val
REQ-03009,train
REQ-03010,train
REQ-03011,test
REQ-03012,train
REQ-03013,train
REQ-03014,train
REQ-03015,train
REQ-03016,train
REQ-03017,train
REQ-03018,train
REQ-03019,val
REQ-03020,train
REQ-03021,train
REQ-03022,test
REQ-03023,train
REQ-03024,train
REQ-03025,train
REQ-03026,train
REQ-03027,train
REQ-03028,val
REQ-03029,test
REQ-03030,train
REQ-03031,val
REQ-03032,train
REQ-03033,train
REQ-03034,train
REQ-03035,train
REQ-03036,train
REQ-03037,train
REQ-03038,train
REQ-03039,train
REQ-03040,train
REQ-03041,train
REQ-03042,test
REQ-03043,train
REQ-03044,train
REQ-03045,train
REQ-03046,train
REQ-03047,train
REQ-03048,train
REQ-03049,train
REQ-03050,train
REQ-03051,test
REQ-03052,train
REQ-03053,train
REQ-03054,train
REQ-03055,train
REQ-03056,train
REQ-03057,val
REQ-03058,val
REQ-03059,train
REQ-03060,train
REQ-03061,test
REQ-03062,train
REQ-03063,train
REQ-03064,train
REQ-03065,train
REQ-03066,train
REQ-03067,train
REQ-03068,train
REQ-03069,test
REQ-03070,train
REQ-03071,train
REQ-03072,val
REQ-03073,train
REQ-03074,train
REQ-03075,train
REQ-03076,train
REQ-03077,train
REQ-03078,val
REQ-03079,train
REQ-03080,train
REQ-03081,val
REQ-03082,train
REQ-03083,train
REQ-03084,test
REQ-03085,train
REQ-03086,train
REQ-03087,train
REQ-03088,train
REQ-03089,test
REQ-03090,test
REQ-03091,train
REQ-03092,train
REQ-03093,val
REQ-03094,train
REQ-03095,train
REQ-03096,train
REQ-03097,train
REQ-03098,train
REQ-03099,train
REQ-03100,train
REQ-03101,train
REQ-03102,train
REQ-03103,train
REQ-03104,test
REQ-03105,train
REQ-03106,train
REQ-03107,train
REQ-03108,train
REQ-03109,train
REQ-03110,train
REQ-03111,train
REQ-03112,test
REQ-03113,train
REQ-03114,train
REQ-03115,train
REQ-03116,train
REQ-03117,train
REQ-03118,train
REQ-03119,test
REQ-03120,train
REQ-03121,train
REQ-03122,train
REQ-03123,train
REQ-03124,val
REQ-03125,train
REQ-03126,train
REQ-03127,train
REQ-03128,train
REQ-03129,train
REQ-03130,train
REQ-03131,train
REQ-03132,train
REQ-03133,train
REQ-03134,train
REQ-03135,train
REQ-03136,train
REQ-03137,train
REQ-03138,train
REQ-03139,train
REQ-03140,val
REQ-03141,train
REQ-03142,train
REQ-03143,test
REQ-03144,train
REQ-03145,train
REQ-03146,train
REQ-03147,train
REQ-03148,train
REQ-03149,train
REQ-03150,train
REQ-03151,test
REQ-03152,train
REQ-03153,train
REQ-03154,train
REQ-03155,train
REQ-03156,train
REQ-03157,train
REQ-03158,train
REQ-03159,train
REQ-03160,train
REQ-03161,train
REQ-03162,train
REQ-03163,train
REQ-03164,train
REQ-03165,test
REQ-03166,train
REQ-03167,test
REQ-03168,train
REQ-03169,train
REQ-03170,train
REQ-03171,train
REQ-03172,train
REQ-03173,val
REQ-03174,train
REQ-03175,train
REQ-03176,test
REQ-03177,val
REQ-03178,train
REQ-03179,train
REQ-03180,train
REQ-03181,train
REQ-03182,train
REQ-03183,train
REQ-03184,train
REQ-03185,train
REQ-03186,train
REQ-03187,train
REQ-03188,val
REQ-03189,test
REQ-03190,test
REQ-03191,train
REQ-03192,train
REQ-03193,train
REQ-03194,train
REQ-03195,train
REQ-03196,train
REQ-03197,train
REQ-03198,train
REQ-03199,train
REQ-03200,train
REQ-03201,train
REQ-03202,train
REQ-03203,train
REQ-03204,test
REQ-03205,val
REQ-03206,train
REQ-03207,test
REQ-03208,train
REQ-03209,train
REQ-03210,train
REQ-03211,train
REQ-03212,train
REQ-03213,train
REQ-03214,val
REQ-03215,train
REQ-03216,train
REQ-03217,train
REQ-03218,train
REQ-03219,train
REQ-03220,train
REQ-03221,train
REQ-03222,train
REQ-03223,train
REQ-03224,train
REQ-03225,train
REQ-03226,val
REQ-03227,test
REQ-03228,train
REQ-03229,val
REQ-03230,train
REQ-03231,train
REQ-03232,test
REQ-03233,train
REQ-03234,train
REQ-03235,test
REQ-03236,val
REQ-03237,val
REQ-03238,test
REQ-03239,train
REQ-03240,test
REQ-03241,test
REQ-03242,train
REQ-03243,val
REQ-03244,train
REQ-03245,train
REQ-03246,train
REQ-03247,train
REQ-03248,test
REQ-03249,train
REQ-03250,train
REQ-03251,train
REQ-03252,train
REQ-03253,train
REQ-03254,test
REQ-03255,train
REQ-03256,train
REQ-03257,train
REQ-03258,train
REQ-03259,train
REQ-03260,train
REQ-03261,test
REQ-03262,val
REQ-03263,train
REQ-03264,train
REQ-03265,train
REQ-03266,val
REQ-03267,train
REQ-03268,train
REQ-03269,val
REQ-03270,train
REQ-03271,train
REQ-03272,train
REQ-03273,train
REQ-03274,train
REQ-03275,train
REQ-03276,train
REQ-03277,train
REQ-03278,train
REQ-03279,val
REQ-03280,train
REQ-03281,test
REQ-03282,train
REQ-03283,train
REQ-03284,train
REQ-03285,train
REQ-03286,train
REQ-03287,train
REQ-03288,train
REQ-03289,train
REQ-03290,train
REQ-03291,train
REQ-03292,train
REQ-03293,train
REQ-03294,train
REQ-03295,train
REQ-03296,train
REQ-03297,train
REQ-03298,train
REQ-03299,train
REQ-03300,train
REQ-03301,train
REQ-03302,train
REQ-03303,val
REQ-03304,val
REQ-03305,train
REQ-03306,train
REQ-03307,val
REQ-03308,train
REQ-03309,train
REQ-03310,train
REQ-03311,train
REQ-03312,train
REQ-03313,train
REQ-03314,val
REQ-03315,train
REQ-03316,train
REQ-03317,train
REQ-03318,train
REQ-03319,train
REQ-03320,train
REQ-03321,val
REQ-03322,train
REQ-03323,train
REQ-03324,train
REQ-03325,train
REQ-03326,train
REQ-03327,train
REQ-03328,train
REQ-03329,train
REQ-03330,train
REQ-03331,train
REQ-03332,train
REQ-03333,test
REQ-03334,train
REQ-03335,train
REQ-03336,train
REQ-03337,train
REQ-03338,train
REQ-03339,train
REQ-03340,train
REQ-03341,train
REQ-03342,val
REQ-03343,test
REQ-03344,train
REQ-03345,test
REQ-03346,train
REQ-03347,test
REQ-03348,train
REQ-03349,train
REQ-03350,train
REQ-03351,train
REQ-03352,val
REQ-03353,train
REQ-03354,train
REQ-03355,train
REQ-03356,val
REQ-03357,train
REQ-03358,train
REQ-03359,train
REQ-03360,test
REQ-03361,train
REQ-03362,train
REQ-03363,train
REQ-03364,train
REQ-03365,val
REQ-03366,train
REQ-03367,train
REQ-03368,test
REQ-03369,train
REQ-03370,train
REQ-03371,val
REQ-03372,train
REQ-03373,train
REQ-03374,train
REQ-03375,train
REQ-03376,train
REQ-03377,train
REQ-03378,train
REQ-03379,train
REQ-03380,train
REQ-03381,train
REQ-03382,train
REQ-03383,train
REQ-03384,train
REQ-03385,train
REQ-03386,train
REQ-03387,test
REQ-03388,train
REQ-03389,test
REQ-03390,train
REQ-03391,train
REQ-03392,train
REQ-03393,train
REQ-03394,train
REQ-03395,test
REQ-03396,train
REQ-03397,train
REQ-03398,train
REQ-03399,train
REQ-03400,train
REQ-03401,train
REQ-03402,train
REQ-03403,train
REQ-03404,train
REQ-03405,train
REQ-03406,train
REQ-03407,train
REQ-03408,train
REQ-03409,train
REQ-03410,train
REQ-03411,train
REQ-03412,test
REQ-03413,test
REQ-03414,train
REQ-03415,val
REQ-03416,train
REQ-03417,train
REQ-03418,val
REQ-03419,val
REQ-03420,train
REQ-03421,train
REQ-03422,train
REQ-03423,train
REQ-03424,train
REQ-03425,train
REQ-03426,train
REQ-03427,val
REQ-03428,val
REQ-03429,val
REQ-03430,train
REQ-03431,train
REQ-03432,train
REQ-03433,train
REQ-03434,test
REQ-03435,train
REQ-03436,train
REQ-03437,train
REQ-03438,train
REQ-03439,train
REQ-03440,train
REQ-03441,train
REQ-03442,train
REQ-03443,test
REQ-03444,train
REQ-03445,val
REQ-03446,train
REQ-03447,train
REQ-03448,train
REQ-03449,test
REQ-03450,test
REQ-03451,test
REQ-03452,train
REQ-03453,train
REQ-03454,train
REQ-03455,train
REQ-03456,train
REQ-03457,train
REQ-03458,train
REQ-03459,test
REQ-03460,train
REQ-03461,train
REQ-03462,train
REQ-03463,train
REQ-03464,train
REQ-03465,val
REQ-03466,train
REQ-03467,train
REQ-03468,train
REQ-03469,train
REQ-03470,train
REQ-03471,test
REQ-03472,train
REQ-03473,test
REQ-03474,train
REQ-03475,test
REQ-03476,train
REQ-03477,train
REQ-03478,train
REQ-03479,train
REQ-03480,train
REQ-03481,val
REQ-03482,train
REQ-03483,train
REQ-03484,train
REQ-03485,train
REQ-03486,train
REQ-03487,train
REQ-03488,val
REQ-03489,train
REQ-03490,train
REQ-03491,train
REQ-03492,train
REQ-03493,train
REQ-03494,train
REQ-03495,train
REQ-03496,train
REQ-03497,train
REQ-03498,train
REQ-03499,train
REQ-03500,train
REQ-03501,val
REQ-03502,train
REQ-03503,train
REQ-03504,train
REQ-03505,train
REQ-03506,train
REQ-03507,train
REQ-03508,train
REQ-03509,train
REQ-03510,test
REQ-03511,train
REQ-03512,val
REQ-03513,train
REQ-03514,train
REQ-03515,val
REQ-03516,train
REQ-03517,train
REQ-03518,train
REQ-03519,train
REQ-03520,train
REQ-03521,train
REQ-03522,train
REQ-03523,train
REQ-03524,train
REQ-03525,train
REQ-03526,train
REQ-03527,train
REQ-03528,train
REQ-03529,train
REQ-03530,train
REQ-03531,train
REQ-03532,train
REQ-03533,val
REQ-03534,train
REQ-03535,train
REQ-03536,train
REQ-03537,train
REQ-03538,train
REQ-03539,train
REQ-03540,train
REQ-03541,train
REQ-03542,train
REQ-03543,train
REQ-03544,train
REQ-03545,train
REQ-03546,train
REQ-03547,val
REQ-03548,train
REQ-03549,train
REQ-03550,train
REQ-03551,train
REQ-03552,train
REQ-03553,train
REQ-03554,train
REQ-03555,train
REQ-03556,train
REQ-03557,train
REQ-03558,train
REQ-03559,train
REQ-03560,train
REQ-03561,train
REQ-03562,val
REQ-03563,train
REQ-03564,train
REQ-03565,train
REQ-03566,test
REQ-03567,val
REQ-03568,val
REQ-03569,train
REQ-03570,train
REQ-03571,train
REQ-03572,train
REQ-03573,train
REQ-03574,train
REQ-03575,train
REQ-03576,train
REQ-03577,train
REQ-03578,train
REQ-03579,test
REQ-03580,train
REQ-03581,train
REQ-03582,train
REQ-03583,train
REQ-03584,train
REQ-03585,train
REQ-03586,train
REQ-03587,train
REQ-03588,train
REQ-03589,train
REQ-03590,train
REQ-03591,train
REQ-03592,train
REQ-03593,train
REQ-03594,train
REQ-03595,train
REQ-03596,train
REQ-03597,train
REQ-03598,train
REQ-03599,train
REQ-03600,test
REQ-03601,train
REQ-03602,train
REQ-03603,train
REQ-03604,train
REQ-03605,train
REQ-03606,train
REQ-03607,train
REQ-03608,train
REQ-03609,train
REQ-03610,val
REQ-03611,train
REQ-03612,train
REQ-03613,train
REQ-03614,train
REQ-03615,train
REQ-03616,train
REQ-03617,train
REQ-03618,train
REQ-03619,train
REQ-03620,test
REQ-03621,train
REQ-03622,train
REQ-03623,val
REQ-03624,train
REQ-03625,train
REQ-03626,test
REQ-03627,val
REQ-03628,train
REQ-03629,train
REQ-03630,train
REQ-03631,train
REQ-03632,test
REQ-03633,train
REQ-03634,train
REQ-03635,train
REQ-03636,train
REQ-03637,train
REQ-03638,train
REQ-03639,train
REQ-03640,val
REQ-03641,train
REQ-03642,train
REQ-03643,test
REQ-03644,test
REQ-03645,train
REQ-03646,val
REQ-03647,train
REQ-03648,train
REQ-03649,train
REQ-03650,train
REQ-03651,train
REQ-03652,train
REQ-03653,train
REQ-03654,train
REQ-03655,train
REQ-03656,train
REQ-03657,train
REQ-03658,train
REQ-03659,train
REQ-03660,train
REQ-03661,train
REQ-03662,train
REQ-03663,val
REQ-03664,train
REQ-03665,train
REQ-03666,val
REQ-03667,train
REQ-03668,train
REQ-03669,train
REQ-03670,train
REQ-03671,train
REQ-03672,train
REQ-03673,train
REQ-03674,test
REQ-03675,val
REQ-03676,train
REQ-03677,train
REQ-03678,test
REQ-03679,train
REQ-03680,train
REQ-03681,val
REQ-03682,train
REQ-03683,train
REQ-03684,train
REQ-03685,train
REQ-03686,train
REQ-03687,val
REQ-03688,train
REQ-03689,train
REQ-03690,train
REQ-03691,train
REQ-03692,test
REQ-03693,train
REQ-03694,train
REQ-03695,train
REQ-03696,train
REQ-03697,train
REQ-03698,train
REQ-03699,train
REQ-03700,train
REQ-03701,train
REQ-03702,train
REQ-03703,test
REQ-03704,val
REQ-03705,train
REQ-03706,train
REQ-03707,train
REQ-03708,train
REQ-03709,val
REQ-03710,val
REQ-03711,train
REQ-03712,train
REQ-03713,train
REQ-03714,train
REQ-03715,train
REQ-03716,train
REQ-03717,train
REQ-03718,train
REQ-03719,train
REQ-03720,test
REQ-03721,train
REQ-03722,train
REQ-03723,test
REQ-03724,train
REQ-03725,train
REQ-03726,test
REQ-03727,train
REQ-03728,train
REQ-03729,train
REQ-03730,train
REQ-03731,train
REQ-03732,train
REQ-03733,test
REQ-03734,test
REQ-03735,train
REQ-03736,train
REQ-03737,train
REQ-03738,train
REQ-03739,train
REQ-03740,test
REQ-03741,test
REQ-03742,train
REQ-03743,train
REQ-03744,train
REQ-03745,val
REQ-03746,train
REQ-03747,train
REQ-03748,train
REQ-03749,train
REQ-03750,train
REQ-03751,test
REQ-03752,train
REQ-03753,test
REQ-03754,train
REQ-03755,val
REQ-03756,train
REQ-03757,train
REQ-03758,val
REQ-03759,train
REQ-03760,train
REQ-03761,test
REQ-03762,train
REQ-03763,train
REQ-03764,test
REQ-03765,train
REQ-03766,train
REQ-03767,train
REQ-03768,train
REQ-03769,train
REQ-03770,train
REQ-03771,val
REQ-03772,train
REQ-03773,train
REQ-03774,val
REQ-03775,train
REQ-03776,test
REQ-03777,train
REQ-03778,train
REQ-03779,train
REQ-03780,train
REQ-03781,train
REQ-03782,train
REQ-03783,train
REQ-03784,test
REQ-03785,train
REQ-03786,train
REQ-03787,train
REQ-03788,train
REQ-03789,train
REQ-03790,train
REQ-03791,train
REQ-03792,test
REQ-03793,train
REQ-03794,train
REQ-03795,train
REQ-03796,train
REQ-03797,train
REQ-03798,val
REQ-03799,train
REQ-03800,val
REQ-03801,train
REQ-03802,train
REQ-03803,train
REQ-03804,val
REQ-03805,train
REQ-03806,train
REQ-03807,train
REQ-03808,train
REQ-03809,val
REQ-03810,val
REQ-03811,train
REQ-03812,train
REQ-03813,test
REQ-03814,train
REQ-03815,train
REQ-03816,train
REQ-03817,train
REQ-03818,train
REQ-03819,test
REQ-03820,test
REQ-03821,train
REQ-03822,train
REQ-03823,train
REQ-03824,train
REQ-03825,train
REQ-03826,train
REQ-03827,train
REQ-03828,train
REQ-03829,train
REQ-03830,train
REQ-03831,train
REQ-03832,train
REQ-03833,val
REQ-03834,val
REQ-03835,train
REQ-03836,train
REQ-03837,train
REQ-03838,train
REQ-03839,train
REQ-03840,train
REQ-03841,train
REQ-03842,train
REQ-03843,train
REQ-03844,test
REQ-03845,train
REQ-03846,train
REQ-03847,train
REQ-03848,train
REQ-03849,train
REQ-03850,train
REQ-03851,train
REQ-03852,train
REQ-03853,train
REQ-03854,train
REQ-03855,train
REQ-03856,train
REQ-03857,train
REQ-03858,test
REQ-03859,train
REQ-03860,train
REQ-03861,train
REQ-03862,train
REQ-03863,train
REQ-03864,train
REQ-03865,train
REQ-03866,test
REQ-03867,train
REQ-03868,train
REQ-03869,test
REQ-03870,train
REQ-03871,train
REQ-03872,train
REQ-03873,train
REQ-03874,train
REQ-03875,train
REQ-03876,train
REQ-03877,train
REQ-03878,train
REQ-03879,train
REQ-03880,train
REQ-03881,train
REQ-03882,train
REQ-03883,train
REQ-03884,train
REQ-03885,test
REQ-03886,train
REQ-03887,val
REQ-03888,train
REQ-03889,train
REQ-03890,train
REQ-03891,train
REQ-03892,train
REQ-03893,test
REQ-03894,val
REQ-03895,train
REQ-03896,val
REQ-03897,train
REQ-03898,train
REQ-03899,train
REQ-03900,train
REQ-03901,train
REQ-03902,train
REQ-03903,train
REQ-03904,val
REQ-03905,test
REQ-03906,train
REQ-03907,test
REQ-03908,train
REQ-03909,train
REQ-03910,val
REQ-03911,train
REQ-03912,train
REQ-03913,train
REQ-03914,train
REQ-03915,val
REQ-03916,train
REQ-03917,train
REQ-03918,train
REQ-03919,train
REQ-03920,train
REQ-03921,train
REQ-03922,train
REQ-03923,train
REQ-03924,test
REQ-03925,train
REQ-03926,train
REQ-03927,train
REQ-03928,train
REQ-03929,train
REQ-03930,train
REQ-03931,train
REQ-03932,val
REQ-03933,train
REQ-03934,train
REQ-03935,train
REQ-03936,test
REQ-03937,train
REQ-03938,train
REQ-03939,test
REQ-03940,train
REQ-03941,train
REQ-03942,test
REQ-03943,test
REQ-03944,train
REQ-03945,train
REQ-03946,train
REQ-03947,train
REQ-03948,train
REQ-03949,train
REQ-03950,val
REQ-03951,train
REQ-03952,train
REQ-03953,train
REQ-03954,train
REQ-03955,train
REQ-03956,train
REQ-03957,train
REQ-03958,train
REQ-03959,train
REQ-03960,train
REQ-03961,train
REQ-03962,train
REQ-03963,train
REQ-03964,train
REQ-03965,train
REQ-03966,train
REQ-03967,train
REQ-03968,train
REQ-03969,train
REQ-03970,train
REQ-03971,train
REQ-03972,test
REQ-03973,train
REQ-03974,train
REQ-03975,train
REQ-03976,train
REQ-03977,train
REQ-03978,train
REQ-03979,train
REQ-03980,train
REQ-03981,train
REQ-03982,train
REQ-03983,val
REQ-03984,train
REQ-03985,train
REQ-03986,train
REQ-03987,train
REQ-03988,train
REQ-03989,val
REQ-03990,val
REQ-03991,train
REQ-03992,val
REQ-03993,train
REQ-03994,train
REQ-03995,train
REQ-03996,train
REQ-03997,train
REQ-03998,train
REQ-03999,train
REQ-04000,train
REQ-04001,train
REQ-04002,test
REQ-04003,train
REQ-04004,train
REQ-04005,train
REQ-04006,train
REQ-04007,train
REQ-04008,train
REQ-04009,test
REQ-04010,train
REQ-04011,train
REQ-04012,train
REQ-04013,train
REQ-04014,train
REQ-04015,train
REQ-04016,train
REQ-04017,train
REQ-04018,train
REQ-04019,train
REQ-04020,train
REQ-04021,train
REQ-04022,train
REQ-04023,train
REQ-04024,train
REQ-04025,train
REQ-04026,train
REQ-04027,train
REQ-04028,train
REQ-04029,train
REQ-04030,train
REQ-04031,train
REQ-04032,train
REQ-04033,train
REQ-04034,train
REQ-04035,train
REQ-04036,train
REQ-04037,train
REQ-04038,train
REQ-04039,train
REQ-04040,train
REQ-04041,train
REQ-04042,train
REQ-04043,train
REQ-04044,train
REQ-04045,train
REQ-04046,train
REQ-04047,train
REQ-04048,val
REQ-04049,train
REQ-04050,train
REQ-04051,train
REQ-04052,train
REQ-04053,test
REQ-04054,train
REQ-04055,train
REQ-04056,train
REQ-04057,train
REQ-04058,train
REQ-04059,train
REQ-04060,train
REQ-04061,train
REQ-04062,train
REQ-04063,train
REQ-04064,val
REQ-04065,train
REQ-04066,train
REQ-04067,train
REQ-04068,train
REQ-04069,test
REQ-04070,train
REQ-04071,test
REQ-04072,train
REQ-04073,train
REQ-04074,test
REQ-04075,test
REQ-04076,train
REQ-04077,train
REQ-04078,val
REQ-04079,train
REQ-04080,train
REQ-04081,val
REQ-04082,train
REQ-04083,train
REQ-04084,test
REQ-04085,train
REQ-04086,train
REQ-04087,train
REQ-04088,train
REQ-04089,test
REQ-04090,train
REQ-04091,val
REQ-04092,train
REQ-04093,train
REQ-04094,train
REQ-04095,train
REQ-04096,train
REQ-04097,train
REQ-04098,train
REQ-04099,train
REQ-04100,val
REQ-04101,val
REQ-04102,train
REQ-04103,train
REQ-04104,train
REQ-04105,train
REQ-04106,train
REQ-04107,train
REQ-04108,train
REQ-04109,train
REQ-04110,train
REQ-04111,train
REQ-04112,train
REQ-04113,train
REQ-04114,train
REQ-04115,train
REQ-04116,train
REQ-04117,val
REQ-04118,train
REQ-04119,train
REQ-04120,train
REQ-04121,train
REQ-04122,train
REQ-04123,val
REQ-04124,train
REQ-04125,train
REQ-04126,val
REQ-04127,train
REQ-04128,train
REQ-04129,train
REQ-04130,train
REQ-04131,train
REQ-04132,train
REQ-04133,train
REQ-04134,train
REQ-04135,test
REQ-04136,train
REQ-04137,train
REQ-04138,train
REQ-04139,train
REQ-04140,train
REQ-04141,train
REQ-04142,train
REQ-04143,train
REQ-04144,train
REQ-04145,train
REQ-04146,train
REQ-04147,train
REQ-04148,test
REQ-04149,train
REQ-04150,train
REQ-04151,train
REQ-04152,train
REQ-04153,train
REQ-04154,train
REQ-04155,train
REQ-04156,train
REQ-04157,train
REQ-04158,train
REQ-04159,train
REQ-04160,train
REQ-04161,train
REQ-04162,train
REQ-04163,train
REQ-04164,train
REQ-04165,test
REQ-04166,train
REQ-04167,train
REQ-04168,train
REQ-04169,train
REQ-04170,train
REQ-04171,train
REQ-04172,train
REQ-04173,train
REQ-04174,train
REQ-04175,train
REQ-04176,train
REQ-04177,test
REQ-04178,train
REQ-04179,train
REQ-04180,train
REQ-04181,train
REQ-04182,train
REQ-04183,val
REQ-04184,val
REQ-04185,train
REQ-04186,train
REQ-04187,train
REQ-04188,train
REQ-04189,train
REQ-04190,train
REQ-04191,train
REQ-04192,train
REQ-04193,train
REQ-04194,val
REQ-04195,train
REQ-04196,test
REQ-04197,train
REQ-04198,test
REQ-04199,train
REQ-04200,train
REQ-04201,train
REQ-04202,train
REQ-04203,train
REQ-04204,train
REQ-04205,test
REQ-04206,train
REQ-04207,train
REQ-04208,test
REQ-04209,train
REQ-04210,train
REQ-04211,test
REQ-04212,train
REQ-04213,val
REQ-04214,train
REQ-04215,test
REQ-04216,train
REQ-04217,test
REQ-04218,val
REQ-04219,train
REQ-04220,train
REQ-04221,train
REQ-04222,train
REQ-04223,test
REQ-04224,train
REQ-04225,train
REQ-04226,train
REQ-04227,train
REQ-04228,train
REQ-04229,train
REQ-04230,train
REQ-04231,train
REQ-04232,train
REQ-04233,train
REQ-04234,train
REQ-04235,train
REQ-04236,train
REQ-04237,train
REQ-04238,train
REQ-04239,train
REQ-04240,train
REQ-04241,train
REQ-04242,train
REQ-04243,train
REQ-04244,train
REQ-04245,train
REQ-04246,val
REQ-04247,train
REQ-04248,val
REQ-04249,train
REQ-04250,train
REQ-04251,train
REQ-04252,test
REQ-04253,train
REQ-04254,train
REQ-04255,test
REQ-04256,test
REQ-04257,train
REQ-04258,train
REQ-04259,train
REQ-04260,val
REQ-04261,train
REQ-04262,train
REQ-04263,train
REQ-04264,train
REQ-04265,train
REQ-04266,train
REQ-04267,train
REQ-04268,train
REQ-04269,train
REQ-04270,train
REQ-04271,train
REQ-04272,val
REQ-04273,train
REQ-04274,train
REQ-04275,train
REQ-04276,train
REQ-04277,train
REQ-04278,train
REQ-04279,train
REQ-04280,train
REQ-04281,test
REQ-04282,train
REQ-04283,train
REQ-04284,train
REQ-04285,val
REQ-04286,train
REQ-04287,train
REQ-04288,val
REQ-04289,train
REQ-04290,train
REQ-04291,train
REQ-04292,train
REQ-04293,train
REQ-04294,val
REQ-04295,val
REQ-04296,train
REQ-04297,train
REQ-04298,train
REQ-04299,train
REQ-04300,train
REQ-04301,test
REQ-04302,train
REQ-04303,train
REQ-04304,train
REQ-04305,val
REQ-04306,train
REQ-04307,val
REQ-04308,train
REQ-04309,train
REQ-04310,train
REQ-04311,test
REQ-04312,test
REQ-04313,train
REQ-04314,train
REQ-04315,train
REQ-04316,train
REQ-04317,train
REQ-04318,val
REQ-04319,train
REQ-04320,train
REQ-04321,train
REQ-04322,train
REQ-04323,train
REQ-04324,train
REQ-04325,test
REQ-04326,train
REQ-04327,train
REQ-04328,train
REQ-04329,train
REQ-04330,train
REQ-04331,train
REQ-04332,train
REQ-04333,train
REQ-04334,test
REQ-04335,train
REQ-04336,train
REQ-04337,train
REQ-04338,train
REQ-04339,train
REQ-04340,train
REQ-04341,train
REQ-04342,train
REQ-04343,train
REQ-04344,train
REQ-04345,train
REQ-04346,train
REQ-04347,train
REQ-04348,train
REQ-04349,train
REQ-04350,train
REQ-04351,train
REQ-04352,train
REQ-04353,val
REQ-04354,val
REQ-04355,train
REQ-04356,val
REQ-04357,test
REQ-04358,train
REQ-04359,train
REQ-04360,test
REQ-04361,train
REQ-04362,train
REQ-04363,train
REQ-04364,test
REQ-04365,train
REQ-04366,train
REQ-04367,train
REQ-04368,val
REQ-04369,train
REQ-04370,train
REQ-04371,train
REQ-04372,train
REQ-04373,train
REQ-04374,train
REQ-04375,train
REQ-04376,train
REQ-04377,val
REQ-04378,train
REQ-04379,train
REQ-04380,train
REQ-04381,train
REQ-04382,train
REQ-04383,train
REQ-04384,train
REQ-04385,train
REQ-04386,train
REQ-04387,train
REQ-04388,train
REQ-04389,train
REQ-04390,train
REQ-04391,test
REQ-04392,train
REQ-04393,train
REQ-04394,train
REQ-04395,train
REQ-04396,train
REQ-04397,val
REQ-04398,val
REQ-04399,train
REQ-04400,train
REQ-04401,test
REQ-04402,train
REQ-04403,train
REQ-04404,train
REQ-04405,train
REQ-04406,train
REQ-04407,train
REQ-04408,train
REQ-04409,train
REQ-04410,train
REQ-04411,train
REQ-04412,train
REQ-04413,train
REQ-04414,train
REQ-04415,train
REQ-04416,val
REQ-04417,val
REQ-04418,train
REQ-04419,train
REQ-04420,train
REQ-04421,train
REQ-04422,train
REQ-04423,train
REQ-04424,val
REQ-04425,train
REQ-04426,val
REQ-04427,train
REQ-04428,train
REQ-04429,train
REQ-04430,train
REQ-04431,train
REQ-04432,train
REQ-04433,train
REQ-04434,train
REQ-04435,train
REQ-04436,train
REQ-04437,val
REQ-04438,train
REQ-04439,train
REQ-04440,train
REQ-04441,train
REQ-04442,test
REQ-04443,train
REQ-04444,train
REQ-04445,train
REQ-04446,train
REQ-04447,val
REQ-04448,train
REQ-04449,train
REQ-04450,train
REQ-04451,train
REQ-04452,train
REQ-04453,train
REQ-04454,train
REQ-04455,train
REQ-04456,train
REQ-04457,train
REQ-04458,train
REQ-04459,val
REQ-04460,train
REQ-04461,train
REQ-04462,train
REQ-04463,train
REQ-04464,train
REQ-04465,train
REQ-04466,train
REQ-04467,train
REQ-04468,train
REQ-04469,train
REQ-04470,train
REQ-04471,train
REQ-04472,train
REQ-04473,train
REQ-04474,train
REQ-04475,train
REQ-04476,val
REQ-04477,train
REQ-04478,train
REQ-04479,train
REQ-04480,train
REQ-04481,train
REQ-04482,test
REQ-04483,train
REQ-04484,train
REQ-04485,train
REQ-04486,train
REQ-04487,train
REQ-04488,val
REQ-04489,train
REQ-04490,train
REQ-04491,train
REQ-04492,test
REQ-04493,train
REQ-04494,val
REQ-04495,train
REQ-04496,train
REQ-04497,train
REQ-04498,train
REQ-04499,train
REQ-04500,train
REQ-04501,test
REQ-04502,val
REQ-04503,train
REQ-04504,train
REQ-04505,train
REQ-04506,train
REQ-04507,train
REQ-04508,train
REQ-04509,train
REQ-04510,train
REQ-04511,val
REQ-04512,train
REQ-04513,train
REQ-04514,train
REQ-04515,train
REQ-04516,train
REQ-04517,train
REQ-04518,train
REQ-04519,train
REQ-04520,train
REQ-04521,train
REQ-04522,train
REQ-04523,train
REQ-04524,train
REQ-04525,train
REQ-04526,train
REQ-04527,train
REQ-04528,train
REQ-04529,train
REQ-04530,train
REQ-04531,train
REQ-04532,train
REQ-04533,train
REQ-04534,train
REQ-04535,train
REQ-04536,train
REQ-04537,train
REQ-04538,train
REQ-04539,train
REQ-04540,test
REQ-04541,train
REQ-04542,test
REQ-04543,train
REQ-04544,train
REQ-04545,train
REQ-04546,train
REQ-04547,train
REQ-04548,train
REQ-04549,val
REQ-04550,train
REQ-04551,train
REQ-04552,train
REQ-04553,test
REQ-04554,train
REQ-04555,val
REQ-04556,train
REQ-04557,train
REQ-04558,test
REQ-04559,train
REQ-04560,train
REQ-04561,train
REQ-04562,train
REQ-04563,val
REQ-04564,test
REQ-04565,train
REQ-04566,train
REQ-04567,train
REQ-04568,train
REQ-04569,train
REQ-04570,val
REQ-04571,train
REQ-04572,train
REQ-04573,test
REQ-04574,train
REQ-04575,train
REQ-04576,train
REQ-04577,val
REQ-04578,train
REQ-04579,val
REQ-04580,train
REQ-04581,train
REQ-04582,train
REQ-04583,train
REQ-04584,train
REQ-04585,train
REQ-04586,train
REQ-04587,train
REQ-04588,train
REQ-04589,train
REQ-04590,train
REQ-04591,train
REQ-04592,val
REQ-04593,test
REQ-04594,train
REQ-04595,val
REQ-04596,train
REQ-04597,train
REQ-04598,train
REQ-04599,train
REQ-04600,test
REQ-04601,val
REQ-04602,train
REQ-04603,train
REQ-04604,train
REQ-04605,test
REQ-04606,train
REQ-04607,train
REQ-04608,val
REQ-04609,train
REQ-04610,train
REQ-04611,train
REQ-04612,train
REQ-04613,train
REQ-04614,train
REQ-04615,train
REQ-04616,train
REQ-04617,train
REQ-04618,train
REQ-04619,train
REQ-04620,train
REQ-04621,train
REQ-04622,train
REQ-04623,train
REQ-04624,train
REQ-04625,train
REQ-04626,train
REQ-04627,test
REQ-04628,train
REQ-04629,train
REQ-04630,train
REQ-04631,test
REQ-04632,test
REQ-04633,test
REQ-04634,train
REQ-04635,train
REQ-04636,train
REQ-04637,test
REQ-04638,train
REQ-04639,train
REQ-04640,train
REQ-04641,train
REQ-04642,train
REQ-04643,train
REQ-04644,train
REQ-04645,val
REQ-04646,train
REQ-04647,train
REQ-04648,train
REQ-04649,train
REQ-04650,val
REQ-04651,train
REQ-04652,train
REQ-04653,train
REQ-04654,train
REQ-04655,train
REQ-04656,train
REQ-04657,train
REQ-04658,train
REQ-04659,train
REQ-04660,train
REQ-04661,train
REQ-04662,train
REQ-04663,train
REQ-04664,train
REQ-04665,train
REQ-04666,train
REQ-04667,train
REQ-04668,train
REQ-04669,train
REQ-04670,train
REQ-04671,train
REQ-04672,val
REQ-04673,train
REQ-04674,train
REQ-04675,train
REQ-04676,val
REQ-04677,train
REQ-04678,train
REQ-04679,train
REQ-04680,val
REQ-04681,train
REQ-04682,train
REQ-04683,train
REQ-04684,val
REQ-04685,train
REQ-04686,val
REQ-04687,test
REQ-04688,train
REQ-04689,test
REQ-04690,train
REQ-04691,test
REQ-04692,train
REQ-04693,test
REQ-04694,train
REQ-04695,train
REQ-04696,train
REQ-04697,train
REQ-04698,train
REQ-04699,train
REQ-04700,val
REQ-04701,train
REQ-04702,train
REQ-04703,train
REQ-04704,train
REQ-04705,train
REQ-04706,train
REQ-04707,train
REQ-04708,train
REQ-04709,train
REQ-04710,train
REQ-04711,train
REQ-04712,train
REQ-04713,train
REQ-04714,train
REQ-04715,train
REQ-04716,train
REQ-04717,train
REQ-04718,train
REQ-04719,train
REQ-04720,train
REQ-04721,train
REQ-04722,train
REQ-04723,train
REQ-04724,train
REQ-04725,train
REQ-04726,train
REQ-04727,train
REQ-04728,test
REQ-04729,val
REQ-04730,train
REQ-04731,train
REQ-04732,train
REQ-04733,train
REQ-04734,train
REQ-04735,train
REQ-04736,train
REQ-04737,train
REQ-04738,train
REQ-04739,test
REQ-04740,train
REQ-04741,test
REQ-04742,test
REQ-04743,train
REQ-04744,test
REQ-04745,train
REQ-04746,val
REQ-04747,train
REQ-04748,train
REQ-04749,train
REQ-04750,train
REQ-04751,train
REQ-04752,train
REQ-04753,train
REQ-04754,train
REQ-04755,train
REQ-04756,train
REQ-04757,test
REQ-04758,train
REQ-04759,train
REQ-04760,train
REQ-04761,train
REQ-04762,train
REQ-04763,test
REQ-04764,train
REQ-04765,train
REQ-04766,train
REQ-04767,val
REQ-04768,train
REQ-04769,train
REQ-04770,train
REQ-04771,train
REQ-04772,val
REQ-04773,train
REQ-04774,train
REQ-04775,train
REQ-04776,train
REQ-04777,train
REQ-04778,train
REQ-04779,val
REQ-04780,train
REQ-04781,train
REQ-04782,train
REQ-04783,train
REQ-04784,train
REQ-04785,test
REQ-04786,train
REQ-04787,train
REQ-04788,train
REQ-04789,train
REQ-04790,train
REQ-04791,train
REQ-04792,train
REQ-04793,train
REQ-04794,val
REQ-04795,train
REQ-04796,train
REQ-04797,test
REQ-04798,train
REQ-04799,test
REQ-04800,train
REQ-04801,train
REQ-04802,train
REQ-04803,train
REQ-04804,val
REQ-04805,train
REQ-04806,train
REQ-04807,test
REQ-04808,train
REQ-04809,train
REQ-04810,train
REQ-04811,train
REQ-04812,train
REQ-04813,train
REQ-04814,train
REQ-04815,train
REQ-04816,train
REQ-04817,train
REQ-04818,train
REQ-04819,train
REQ-04820,train
REQ-04821,train
REQ-04822,train
REQ-04823,test
REQ-04824,val
REQ-04825,train
REQ-04826,train
REQ-04827,train
REQ-04828,val
REQ-04829,train
REQ-04830,train
REQ-04831,val
REQ-04832,train
REQ-04833,train
REQ-04834,train
REQ-04835,train
REQ-04836,train
REQ-04837,train
REQ-04838,train
REQ-04839,train
REQ-04840,train
REQ-04841,train
REQ-04842,train
REQ-04843,train
REQ-04844,train
REQ-04845,train
REQ-04846,train
REQ-04847,train
REQ-04848,test
REQ-04849,val
REQ-04850,train
REQ-04851,train
REQ-04852,train
REQ-04853,test
REQ-04854,train
REQ-04855,train
REQ-04856,train
REQ-04857,train
REQ-04858,train
REQ-04859,train
REQ-04860,train
REQ-04861,train
REQ-04862,train
REQ-04863,train
REQ-04864,train
REQ-04865,train
REQ-04866,train
REQ-04867,train
REQ-04868,train
REQ-04869,train
REQ-04870,train
REQ-04871,train
REQ-04872,train
REQ-04873,train
REQ-04874,train
REQ-04875,train
REQ-04876,train
REQ-04877,train
REQ-04878,train
REQ-04879,train
REQ-04880,val
REQ-04881,train
REQ-04882,train
REQ-04883,train
REQ-04884,train
REQ-04885,val
REQ-04886,train
REQ-04887,train
REQ-04888,train
REQ-04889,train
REQ-04890,train
REQ-04891,test
REQ-04892,train
REQ-04893,train
REQ-04894,train
REQ-04895,train
REQ-04896,train
REQ-04897,train
REQ-04898,test
REQ-04899,train
REQ-04900,train
REQ-04901,val
REQ-04902,train
REQ-04903,train
REQ-04904,train
REQ-04905,train
REQ-04906,val
REQ-04907,train
REQ-04908,train
REQ-04909,train
REQ-04910,test
REQ-04911,train
REQ-04912,train
REQ-04913,val
REQ-04914,train
REQ-04915,test
REQ-04916,train
REQ-04917,train
REQ-04918,test
REQ-04919,test
REQ-04920,train
REQ-04921,train
REQ-04922,train
REQ-04923,train
REQ-04924,val
REQ-04925,train
REQ-04926,train
REQ-04927,val
REQ-04928,test
REQ-04929,val
REQ-04930,train
REQ-04931,train
REQ-04932,train
REQ-04933,test
REQ-04934,train
REQ-04935,train
REQ-04936,train
REQ-04937,train
REQ-04938,train
REQ-04939,train
REQ-04940,train
REQ-04941,train
REQ-04942,train
REQ-04943,test
REQ-04944,train
REQ-04945,train
REQ-04946,train
REQ-04947,train
REQ-04948,val
REQ-04949,train
REQ-04950,train
REQ-04951,train
REQ-04952,train
REQ-04953,train
REQ-04954,val
REQ-04955,val
REQ-04956,train
REQ-04957,train
REQ-04958,train
REQ-04959,test
REQ-04960,train
REQ-04961,train
REQ-04962,test
REQ-04963,val
REQ-04964,test
REQ-04965,train
REQ-04966,train
REQ-04967,train
REQ-04968,train
REQ-04969,train
REQ-04970,train
REQ-04971,val
REQ-04972,train
REQ-04973,train
REQ-04974,train
REQ-04975,train
REQ-04976,train
REQ-04977,train
REQ-04978,test
REQ-04979,test
REQ-04980,train
REQ-04981,train
REQ-04982,val
REQ-04983,train
REQ-04984,train
REQ-04985,train
REQ-04986,val
REQ-04987,train
REQ-04988,train
REQ-04989,val
REQ-04990,train
REQ-04991,train
REQ-04992,train
REQ-04993,test
REQ-04994,test
REQ-04995,train
REQ-04996,train
REQ-04997,val
REQ-04998,train
REQ-04999,train
REQ-05000,train
REQ-05001,train
REQ-05002,train
REQ-05003,train
REQ-05004,train
REQ-05005,train
REQ-05006,train
REQ-05007,train
REQ-05008,train
REQ-05009,val
REQ-05010,val
REQ-05011,train
REQ-05012,val
REQ-05013,train
REQ-05014,train
REQ-05015,train
REQ-05016,train
REQ-05017,test
REQ-05018,val
REQ-05019,train
REQ-05020,train
REQ-05021,val
REQ-05022,train
REQ-05023,test
REQ-05024,train
REQ-05025,train
REQ-05026,train
REQ-05027,train
REQ-05028,train
REQ-05029,train
REQ-05030,train
REQ-05031,train
REQ-05032,train
REQ-05033,train
REQ-05034,train
REQ-05035,train
REQ-05036,test
REQ-05037,train
REQ-05038,train
REQ-05039,train
REQ-05040,test
REQ-05041,train
REQ-05042,test
REQ-05043,train
REQ-05044,train
REQ-05045,train
REQ-05046,train
REQ-05047,val
REQ-05048,train
REQ-05049,train
REQ-05050,train
REQ-05051,train
REQ-05052,train
REQ-05053,val
REQ-05054,train
REQ-05055,train
REQ-05056,val
REQ-05057,train
REQ-05058,train
REQ-05059,train
REQ-05060,train
REQ-05061,train
REQ-05062,train
REQ-05063,train
REQ-05064,train
REQ-05065,val
REQ-05066,train
REQ-05067,train
REQ-05068,val
REQ-05069,train
REQ-05070,train
REQ-05071,train
REQ-05072,val
REQ-05073,train
REQ-05074,train
REQ-05075,train
REQ-05076,train
REQ-05077,train
REQ-05078,val
REQ-05079,train
REQ-05080,train
REQ-05081,train
REQ-05082,test
REQ-05083,train
REQ-05084,train
REQ-05085,train
REQ-05086,train
REQ-05087,train
REQ-05088,train
REQ-05089,train
REQ-05090,train
REQ-05091,train
REQ-05092,train
REQ-05093,test
REQ-05094,train
REQ-05095,train
REQ-05096,train
REQ-05097,train
REQ-05098,test
REQ-05099,train
REQ-05100,train
REQ-05101,train
REQ-05102,val
REQ-05103,train
REQ-05104,train
REQ-05105,train
REQ-05106,train
REQ-05107,train
REQ-05108,train
REQ-05109,train
REQ-05110,train
REQ-05111,train
REQ-05112,val
REQ-05113,train
REQ-05114,train
REQ-05115,test
REQ-05116,test
REQ-05117,train
REQ-05118,train
REQ-05119,train
REQ-05120,train
REQ-05121,val
REQ-05122,train
REQ-05123,train
REQ-05124,train
REQ-05125,train
REQ-05126,train
REQ-05127,train
REQ-05128,train
REQ-05129,train
REQ-05130,train
REQ-05131,train
REQ-05132,train
REQ-05133,train
REQ-05134,train
REQ-05135,train
REQ-05136,test
REQ-05137,train
REQ-05138,train
REQ-05139,test
REQ-05140,train
REQ-05141,test
REQ-05142,train
REQ-05143,train
REQ-05144,val
REQ-05145,train
REQ-05146,train
REQ-05147,train
REQ-05148,train
REQ-05149,train
REQ-05150,val
REQ-05151,train
REQ-05152,train
REQ-05153,train
REQ-05154,train
REQ-05155,train
REQ-05156,train
REQ-05157,train
REQ-05158,test
REQ-05159,val
REQ-05160,val
REQ-05161,train
REQ-05162,train
REQ-05163,test
REQ-05164,train
REQ-05165,train
REQ-05166,val
REQ-05167,train
REQ-05168,train
REQ-05169,train
REQ-05170,train
REQ-05171,val
REQ-05172,train
REQ-05173,test
REQ-05174,train
REQ-05175,test
REQ-05176,test
REQ-05177,test
REQ-05178,train
REQ-05179,train
REQ-05180,train
REQ-05181,train
REQ-05182,train
REQ-05183,train
REQ-05184,train
REQ-05185,train
REQ-05186,train
REQ-05187,test
REQ-05188,train
REQ-05189,train
REQ-05190,train
REQ-05191,train
REQ-05192,test
REQ-05193,val
REQ-05194,train
REQ-05195,test
REQ-05196,train
REQ-05197,train
REQ-05198,train
REQ-05199,train
REQ-05200,val
REQ-05201,train
REQ-05202,test
REQ-05203,train
REQ-05204,train
REQ-05205,train
REQ-05206,train
REQ-05207,train
REQ-05208,train
REQ-05209,val
REQ-05210,train
REQ-05211,train
REQ-05212,train
REQ-05213,train
REQ-05214,train
REQ-05215,val
REQ-05216,val
REQ-05217,test
REQ-05218,train
REQ-05219,val
REQ-05220,train
REQ-05221,train
REQ-05222,train
REQ-05223,train
REQ-05224,train
REQ-05225,train
REQ-05226,train
REQ-05227,train
REQ-05228,train
REQ-05229,train
REQ-05230,train
REQ-05231,train
REQ-05232,train
REQ-05233,train
REQ-05234,train
REQ-05235,train
REQ-05236,train
REQ-05237,test
REQ-05238,train
REQ-05239,train
REQ-05240,train
REQ-05241,train
REQ-05242,train
REQ-05243,train
REQ-05244,train
REQ-05245,train
REQ-05246,train
REQ-05247,val
REQ-05248,train
REQ-05249,train
REQ-05250,train
REQ-05251,train
REQ-05252,train
REQ-05253,train
REQ-05254,train
REQ-05255,train
REQ-05256,train
REQ-05257,train
REQ-05258,train
REQ-05259,train
REQ-05260,train
REQ-05261,val
REQ-05262,train
REQ-05263,train
REQ-05264,val
REQ-05265,train
REQ-05266,test
REQ-05267,train
REQ-05268,val
REQ-05269,train
REQ-05270,train
REQ-05271,test
REQ-05272,val
REQ-05273,val
REQ-05274,val
REQ-05275,test
REQ-05276,train
REQ-05277,val
REQ-05278,train
REQ-05279,train
REQ-05280,train
REQ-05281,train
REQ-05282,train
REQ-05283,train
REQ-05284,train
REQ-05285,train
REQ-05286,train
REQ-05287,train
REQ-05288,train
REQ-05289,train
REQ-05290,train
REQ-05291,train
REQ-05292,train
REQ-05293,train
REQ-05294,train
REQ-05295,train
REQ-05296,train
REQ-05297,test
REQ-05298,train
REQ-05299,test
REQ-05300,train
REQ-05301,train
REQ-05302,train
REQ-05303,train
REQ-05304,train
REQ-05305,train
REQ-05306,train
REQ-05307,train
REQ-05308,train
REQ-05309,train
REQ-05310,train
REQ-05311,train
REQ-05312,train
REQ-05313,train
REQ-05314,train
REQ-05315,train
REQ-05316,train
REQ-05317,train
REQ-05318,train
REQ-05319,train
REQ-05320,train
REQ-05321,train
REQ-05322,train
REQ-05323,train
REQ-05324,train
REQ-05325,val
REQ-05326,test
REQ-05327,test
REQ-05328,train
REQ-05329,train
REQ-05330,val
REQ-05331,test
REQ-05332,test
REQ-05333,val
REQ-05334,train
REQ-05335,train
REQ-05336,train
REQ-05337,train
REQ-05338,val
REQ-05339,train
REQ-05340,test
REQ-05341,val
REQ-05342,train
REQ-05343,train
REQ-05344,train
REQ-05345,train
REQ-05346,test
REQ-05347,train
REQ-05348,train
REQ-05349,test
REQ-05350,train
REQ-05351,test
REQ-05352,train
REQ-05353,train
REQ-05354,train
REQ-05355,train
REQ-05356,test
REQ-05357,test
REQ-05358,train
REQ-05359,train
REQ-05360,train
REQ-05361,train
REQ-05362,train
REQ-05363,train
REQ-05364,train
REQ-05365,train
REQ-05366,train
REQ-05367,train
REQ-05368,train
REQ-05369,train
REQ-05370,train
REQ-05371,val
REQ-05372,train
REQ-05373,train
REQ-05374,train
REQ-05375,train
REQ-05376,train
REQ-05377,test
REQ-05378,train
REQ-05379,train
REQ-05380,train
REQ-05381,test
REQ-05382,train
REQ-05383,train
REQ-05384,test
REQ-05385,train
REQ-05386,train
REQ-05387,train
REQ-05388,train
REQ-05389,train
REQ-05390,train
REQ-05391,train
REQ-05392,train
REQ-05393,train
REQ-05394,train
REQ-05395,train
REQ-05396,train
REQ-05397,train
REQ-05398,train
REQ-05399,train
REQ-05400,train
REQ-05401,train
REQ-05402,train
REQ-05403,train
REQ-05404,train
REQ-05405,train
REQ-05406,train
REQ-05407,train
REQ-05408,train
REQ-05409,train
REQ-05410,val
REQ-05411,train
REQ-05412,train
REQ-05413,train
REQ-05414,train
REQ-05415,train
REQ-05416,train
REQ-05417,train
REQ-05418,train
REQ-05419,train
REQ-05420,train
REQ-05421,train
REQ-05422,train
REQ-05423,train
REQ-05424,train
REQ-05425,train
REQ-05426,test
REQ-05427,train
REQ-05428,train
REQ-05429,train
REQ-05430,train
REQ-05431,train
REQ-05432,train
REQ-05433,train
REQ-05434,train
REQ-05435,train
REQ-05436,train
REQ-05437,train
REQ-05438,test
REQ-05439,train
REQ-05440,val
REQ-05441,train
REQ-05442,test
REQ-05443,train
REQ-05444,train
REQ-05445,train
REQ-05446,test
REQ-05447,train
REQ-05448,train
REQ-05449,train
REQ-05450,train
REQ-05451,train
REQ-05452,train
REQ-05453,train
REQ-05454,train
REQ-05455,train
REQ-05456,train
REQ-05457,train
REQ-05458,train
REQ-05459,train
REQ-05460,train
REQ-05461,train
REQ-05462,train
REQ-05463,train
REQ-05464,train
REQ-05465,train
REQ-05466,train
REQ-05467,train
REQ-05468,train
REQ-05469,train
REQ-05470,train
REQ-05471,train
REQ-05472,train
REQ-05473,train
REQ-05474,test
REQ-05475,test
REQ-05476,train
REQ-05477,val
REQ-05478,train
REQ-05479,train
REQ-05480,train
REQ-05481,train
REQ-05482,train
REQ-05483,train
REQ-05484,train
REQ-05485,test
REQ-05486,train
REQ-05487,train
REQ-05488,train
REQ-05489,train
REQ-05490,train
REQ-05491,train
REQ-05492,train
REQ-05493,train
REQ-05494,train
REQ-05495,train
REQ-05496,val
REQ-05497,train
REQ-05498,train
REQ-05499,test
REQ-05500,train
REQ-05501,train
REQ-05502,train
REQ-05503,train
REQ-05504,train
REQ-05505,train
REQ-05506,train
REQ-05507,train
REQ-05508,train
REQ-05509,train
REQ-05510,train
REQ-05511,train
REQ-05512,test
REQ-05513,train
REQ-05514,val
REQ-05515,train
REQ-05516,train
REQ-05517,train
REQ-05518,train
REQ-05519,test
REQ-05520,val
REQ-05521,test
REQ-05522,train
REQ-05523,train
REQ-05524,train
REQ-05525,val
REQ-05526,train
REQ-05527,train
REQ-05528,test
REQ-05529,train
REQ-05530,val
REQ-05531,train
REQ-05532,train
REQ-05533,train
REQ-05534,val
REQ-05535,train
REQ-05536,train
REQ-05537,train
REQ-05538,train
REQ-05539,train
REQ-05540,train
REQ-05541,train
REQ-05542,train
REQ-05543,test
REQ-05544,train
REQ-05545,train
REQ-05546,train
REQ-05547,train
REQ-05548,train
REQ-05549,train
REQ-05550,train
REQ-05551,train
REQ-05552,train
REQ-05553,train
REQ-05554,val
REQ-05555,train
REQ-05556,train
REQ-05557,train
REQ-05558,train
REQ-05559,train
REQ-05560,train
REQ-05561,train
REQ-05562,test
REQ-05563,train
REQ-05564,train
REQ-05565,val
REQ-05566,train
REQ-05567,train
REQ-05568,val
REQ-05569,train
REQ-05570,train
REQ-05571,train
REQ-05572,train
REQ-05573,train
REQ-05574,train
REQ-05575,train
REQ-05576,train
REQ-05577,train
REQ-05578,train
REQ-05579,train
REQ-05580,test
REQ-05581,train
REQ-05582,train
REQ-05583,train
REQ-05584,train
REQ-05585,train
REQ-05586,train
REQ-05587,train
REQ-05588,train
REQ-05589,train
REQ-05590,train
REQ-05591,train
REQ-05592,test
REQ-05593,train
REQ-05594,train
REQ-05595,train
REQ-05596,train
REQ-05597,train
REQ-05598,train
REQ-05599,train
REQ-05600,train
REQ-05601,test
REQ-05602,train
REQ-05603,train
REQ-05604,train
REQ-05605,train
REQ-05606,train
REQ-05607,train
REQ-05608,train
REQ-05609,train
REQ-05610,train
REQ-05611,val
REQ-05612,train
REQ-05613,train
REQ-05614,train
REQ-05615,train
REQ-05616,train
REQ-05617,test
REQ-05618,train
REQ-05619,val
REQ-05620,train
REQ-05621,train
REQ-05622,train
REQ-05623,train
REQ-05624,train
REQ-05625,train
REQ-05626,train
REQ-05627,train
REQ-05628,train
REQ-05629,train
REQ-05630,test
REQ-05631,train
REQ-05632,test
REQ-05633,train
REQ-05634,train
REQ-05635,train
REQ-05636,train
REQ-05637,test
REQ-05638,train
REQ-05639,train
REQ-05640,train
REQ-05641,test
REQ-05642,train
REQ-05643,train
REQ-05644,test
REQ-05645,train
REQ-05646,train
REQ-05647,train
REQ-05648,train
REQ-05649,test
REQ-05650,train
REQ-05651,test
REQ-05652,test
REQ-05653,test
REQ-05654,train
REQ-05655,train
REQ-05656,train
REQ-05657,train
REQ-05658,train
REQ-05659,train
REQ-05660,train
REQ-05661,test
REQ-05662,train
REQ-05663,train
REQ-05664,train
REQ-05665,train
REQ-05666,test
REQ-05667,train
REQ-05668,train
REQ-05669,train
REQ-05670,train
REQ-05671,train
REQ-05672,train
REQ-05673,train
REQ-05674,test
REQ-05675,train
REQ-05676,train
REQ-05677,train
REQ-05678,train
REQ-05679,train
REQ-05680,train
REQ-05681,train
REQ-05682,train
REQ-05683,train
REQ-05684,train
REQ-05685,train
REQ-05686,train
REQ-05687,train
REQ-05688,train
REQ-05689,train
REQ-05690,train
REQ-05691,train
REQ-05692,train
REQ-05693,train
REQ-05694,train
REQ-05695,train
REQ-05696,train
REQ-05697,train
REQ-05698,test
REQ-05699,train
REQ-05700,train
REQ-05701,train
REQ-05702,train
REQ-05703,train
REQ-05704,train
REQ-05705,train
REQ-05706,train
REQ-05707,train
REQ-05708,train
REQ-05709,val
REQ-05710,test
REQ-05711,train
REQ-05712,train
REQ-05713,train
REQ-05714,test
REQ-05715,train
REQ-05716,train
REQ-05717,train
REQ-05718,train
REQ-05719,train
REQ-05720,val
REQ-05721,train
REQ-05722,train
REQ-05723,train
REQ-05724,train
REQ-05725,train
REQ-05726,train
REQ-05727,train
REQ-05728,train
REQ-05729,train
REQ-05730,val
REQ-05731,train
REQ-05732,train
REQ-05733,train
REQ-05734,train
REQ-05735,train
REQ-05736,train
REQ-05737,train
REQ-05738,train
REQ-05739,train
REQ-05740,val
REQ-05741,train
REQ-05742,train
REQ-05743,val
REQ-05744,train
REQ-05745,train
REQ-05746,train
REQ-05747,train
REQ-05748,train
REQ-05749,train
REQ-05750,train
REQ-05751,train
REQ-05752,val
REQ-05753,train
REQ-05754,train
REQ-05755,train
REQ-05756,train
REQ-05757,train
REQ-05758,train
REQ-05759,train
REQ-05760,train
REQ-05761,train
REQ-05762,train
REQ-05763,train
REQ-05764,train
REQ-05765,val
REQ-05766,train
REQ-05767,train
REQ-05768,train
REQ-05769,train
REQ-05770,train
REQ-05771,val
REQ-05772,train
REQ-05773,test
REQ-05774,train
REQ-05775,train
REQ-05776,train
REQ-05777,train
REQ-05778,test
REQ-05779,train
REQ-05780,train
REQ-05781,train
REQ-05782,val
REQ-05783,train
REQ-05784,train
REQ-05785,train
REQ-05786,train
REQ-05787,train
REQ-05788,train
REQ-05789,train
REQ-05790,train
REQ-05791,train
REQ-05792,train
REQ-05793,train
REQ-05794,val
REQ-05795,train
REQ-05796,train
REQ-05797,train
REQ-05798,train
REQ-05799,train
REQ-05800,test
REQ-05801,train
REQ-05802,train
REQ-05803,train
REQ-05804,train
REQ-05805,train
REQ-05806,train
REQ-05807,test
REQ-05808,train
REQ-05809,train
REQ-05810,train
REQ-05811,train
REQ-05812,train
REQ-05813,train
REQ-05814,train
REQ-05815,train
REQ-05816,train
REQ-05817,train
REQ-05818,train
REQ-05819,train
REQ-05820,train
REQ-05821,train
REQ-05822,val
REQ-05823,val
REQ-05824,train
REQ-05825,train
REQ-05826,train
REQ-05827,val
REQ-05828,train
REQ-05829,train
REQ-05830,train
REQ-05831,train
REQ-05832,train
REQ-05833,train
REQ-05834,train
REQ-05835,test
REQ-05836,train
REQ-05837,train
REQ-05838,train
REQ-05839,val
REQ-05840,test
REQ-05841,train
REQ-05842,train
REQ-05843,train
REQ-05844,train
REQ-05845,train
REQ-05846,test
REQ-05847,val
REQ-05848,train
REQ-05849,train
REQ-05850,train
REQ-05851,train
REQ-05852,train
REQ-05853,train
REQ-05854,train
REQ-05855,train
REQ-05856,train
REQ-05857,train
REQ-05858,train
REQ-05859,val
REQ-05860,train
REQ-05861,train
REQ-05862,train
REQ-05863,train
REQ-05864,train
REQ-05865,train
REQ-05866,train
REQ-05867,train
REQ-05868,train
REQ-05869,train
REQ-05870,train
REQ-05871,train
REQ-05872,train
REQ-05873,train
REQ-05874,train
REQ-05875,train
REQ-05876,train
REQ-05877,test
REQ-05878,train
REQ-05879,val
REQ-05880,train
REQ-05881,train
REQ-05882,test
REQ-05883,train
REQ-05884,train
REQ-05885,train
REQ-05886,test
REQ-05887,train
REQ-05888,train
REQ-05889,test
REQ-05890,train
REQ-05891,train
REQ-05892,train
REQ-05893,train
REQ-05894,val
REQ-05895,train
REQ-05896,train
REQ-05897,train
REQ-05898,train
REQ-05899,train
REQ-05900,train
REQ-05901,test
REQ-05902,train
REQ-05903,train
REQ-05904,train
REQ-05905,train
REQ-05906,train
REQ-05907,train
REQ-05908,train
REQ-05909,train
REQ-05910,train
REQ-05911,train
REQ-05912,train
REQ-05913,train
REQ-05914,train
REQ-05915,val
REQ-05916,train
REQ-05917,train
REQ-05918,train
REQ-05919,train
REQ-05920,train
REQ-05921,train
REQ-05922,train
REQ-05923,train
REQ-05924,test
REQ-05925,train
REQ-05926,train
REQ-05927,train
REQ-05928,train
REQ-05929,train
REQ-05930,train
REQ-05931,train
REQ-05932,train
REQ-05933,train
REQ-05934,train
REQ-05935,val
REQ-05936,test
REQ-05937,train
REQ-05938,train
REQ-05939,train
REQ-05940,test
REQ-05941,train
REQ-05942,train
REQ-05943,val
REQ-05944,train
REQ-05945,train
REQ-05946,train
REQ-05947,train
REQ-05948,train
REQ-05949,train
REQ-05950,train
REQ-05951,train
REQ-05952,train
REQ-05953,train
REQ-05954,train
REQ-05955,train
REQ-05956,train
REQ-05957,train
REQ-05958,train
REQ-05959,train
REQ-05960,train
REQ-05961,train
REQ-05962,train
REQ-05963,train
REQ-05964,train
REQ-05965,train
REQ-05966,train
REQ-05967,train
REQ-05968,train
REQ-05969,train
REQ-05970,train
REQ-05971,test
REQ-05972,train
REQ-05973,train
REQ-05974,train
REQ-05975,val
REQ-05976,train
REQ-05977,train
REQ-05978,train
REQ-05979,val
REQ-05980,train
REQ-05981,train
REQ-05982,train
REQ-05983,train
REQ-05984,test
REQ-05985,train
REQ-05986,train
REQ-05987,train
REQ-05988,train
REQ-05989,train
REQ-05990,train
REQ-05991,train
REQ-05992,train
REQ-05993,train
REQ-05994,train
REQ-05995,train
REQ-05996,train
REQ-05997,train
REQ-05998,train
REQ-05999,train
REQ-06000,train
REQ-06001,train
REQ-06002,test
REQ-06003,train
REQ-06004,val
REQ-06005,train
REQ-06006,train
REQ-06007,train
REQ-06008,train
REQ-06009,test
REQ-06010,train
REQ-06011,train
REQ-06012,test
REQ-06013,val
REQ-06014,train
REQ-06015,train
REQ-06016,test
REQ-06017,train
REQ-06018,val
REQ-06019,train
REQ-06020,train
REQ-06021,train
REQ-06022,train
REQ-06023,train
REQ-06024,val
REQ-06025,train
REQ-06026,train
REQ-06027,test
REQ-06028,train
REQ-06029,train
REQ-06030,train
REQ-06031,test
REQ-06032,train
REQ-06033,train
REQ-06034,train
REQ-06035,train
REQ-06036,train
REQ-06037,train
REQ-06038,train
REQ-06039,train
REQ-06040,train
REQ-06041,train
REQ-06042,train
REQ-06043,train
REQ-06044,train
REQ-06045,train
REQ-06046,train
REQ-06047,train
REQ-06048,train
REQ-06049,train
REQ-06050,val
REQ-06051,train
REQ-06052,train
REQ-06053,train
REQ-06054,train
REQ-06055,test
REQ-06056,train
REQ-06057,val
REQ-06058,train
REQ-06059,val
REQ-06060,train
REQ-06061,test
REQ-06062,train
REQ-06063,train
REQ-06064,train
REQ-06065,train
REQ-06066,train
REQ-06067,train
REQ-06068,train
REQ-06069,train
REQ-06070,train
REQ-06071,train
REQ-06072,train
REQ-06073,train
REQ-06074,test
REQ-06075,train
REQ-06076,test
REQ-06077,train
REQ-06078,train
REQ-06079,val
REQ-06080,train
REQ-06081,train
REQ-06082,train
REQ-06083,test
REQ-06084,train
REQ-06085,train
REQ-06086,train
REQ-06087,train
REQ-06088,train
REQ-06089,train
REQ-06090,val
REQ-06091,train
REQ-06092,test
REQ-06093,train
REQ-06094,train
REQ-06095,train
REQ-06096,train
REQ-06097,train
REQ-06098,train
REQ-06099,train
REQ-06100,train
REQ-06101,train
REQ-06102,val
REQ-06103,train
REQ-06104,train
REQ-06105,train
REQ-06106,train
REQ-06107,train
REQ-06108,train
REQ-06109,train
REQ-06110,train
REQ-06111,train
REQ-06112,train
REQ-06113,train
REQ-06114,train
REQ-06115,train
REQ-06116,train
REQ-06117,train
REQ-06118,train
REQ-06119,train
REQ-06120,train
REQ-06121,test
REQ-06122,train
REQ-06123,test
REQ-06124,train
REQ-06125,val
REQ-06126,train
REQ-06127,train
REQ-06128,train
REQ-06129,train
REQ-06130,train
REQ-06131,train
REQ-06132,train
REQ-06133,train
REQ-06134,val
REQ-06135,train
REQ-06136,train
REQ-06137,train
REQ-06138,train
REQ-06139,train
REQ-06140,train
REQ-06141,train
REQ-06142,val
REQ-06143,test
REQ-06144,train
REQ-06145,val
REQ-06146,train
REQ-06147,val
REQ-06148,train
REQ-06149,train
REQ-06150,val
REQ-06151,train
REQ-06152,train
REQ-06153,train
REQ-06154,train
REQ-06155,train
REQ-06156,train
REQ-06157,train
REQ-06158,train
REQ-06159,train
REQ-06160,train
REQ-06161,train
REQ-06162,train
REQ-06163,train
REQ-06164,train
REQ-06165,train
REQ-06166,train
REQ-06167,train
REQ-06168,train
REQ-06169,train
REQ-06170,train
REQ-06171,train
REQ-06172,train
REQ-06173,train
REQ-06174,test
REQ-06175,train
REQ-06176,test
REQ-06177,val
REQ-06178,train
REQ-06179,train
REQ-06180,val
REQ-06181,train
REQ-06182,train
REQ-06183,train
REQ-06184,val
REQ-06185,train
REQ-06186,train
REQ-06187,train
REQ-06188,train
REQ-06189,train
REQ-06190,train
REQ-06191,train
REQ-06192,train
REQ-06193,train
REQ-06194,train
REQ-06195,train
REQ-06196,val
REQ-06197,train
REQ-06198,train
REQ-06199,train
REQ-06200,train
REQ-06201,train
REQ-06202,train
REQ-06203,train
REQ-06204,train
REQ-06205,train
REQ-06206,train
REQ-06207,train
REQ-06208,train
REQ-06209,test
REQ-06210,train
REQ-06211,train
REQ-06212,train
REQ-06213,train
REQ-06214,train
REQ-06215,train
REQ-06216,train
REQ-06217,train
REQ-06218,train
REQ-06219,train
REQ-06220,train
REQ-06221,train
REQ-06222,train
REQ-06223,train
REQ-06224,train
REQ-06225,train
REQ-06226,val
REQ-06227,train
REQ-06228,train
REQ-06229,train
REQ-06230,train
REQ-06231,val
REQ-06232,train
REQ-06233,train
REQ-06234,train
REQ-06235,train
REQ-06236,train
REQ-06237,train
REQ-06238,train
REQ-06239,train
REQ-06240,train
REQ-06241,val
REQ-06242,train
REQ-06243,train
REQ-06244,val
REQ-06245,train
REQ-06246,train
REQ-06247,train
REQ-06248,train
REQ-06249,train
REQ-06250,val
REQ-06251,train
REQ-06252,val
REQ-06253,val
REQ-06254,test
REQ-06255,train
REQ-06256,test
REQ-06257,train
REQ-06258,train
REQ-06259,train
REQ-06260,test
REQ-06261,val
REQ-06262,train
REQ-06263,train
REQ-06264,train
REQ-06265,train
REQ-06266,train
REQ-06267,train
REQ-06268,train
REQ-06269,train
REQ-06270,train
REQ-06271,train
REQ-06272,train
REQ-06273,train
REQ-06274,train
REQ-06275,train
REQ-06276,train
REQ-06277,train
REQ-06278,train
REQ-06279,train
REQ-06280,train
REQ-06281,train
REQ-06282,train
REQ-06283,train
REQ-06284,train
REQ-06285,test
REQ-06286,train
REQ-06287,test
REQ-06288,train
REQ-06289,train
REQ-06290,val
REQ-06291,train
REQ-06292,val
REQ-06293,train
REQ-06294,val
REQ-06295,train
REQ-06296,train
REQ-06297,train
REQ-06298,train
REQ-06299,train
REQ-06300,test
REQ-06301,train
REQ-06302,train
REQ-06303,train
REQ-06304,train
REQ-06305,val
REQ-06306,train
REQ-06307,val
REQ-06308,train
REQ-06309,train
REQ-06310,train
REQ-06311,train
REQ-06312,test
REQ-06313,train
REQ-06314,train
REQ-06315,train
REQ-06316,train
REQ-06317,train
REQ-06318,train
REQ-06319,train
REQ-06320,train
REQ-06321,train
REQ-06322,train
REQ-06323,test
REQ-06324,train
REQ-06325,train
REQ-06326,train
REQ-06327,train
REQ-06328,train
REQ-06329,train
REQ-06330,train
REQ-06331,train
REQ-06332,val
REQ-06333,train
REQ-06334,train
REQ-06335,train
REQ-06336,train
REQ-06337,train
REQ-06338,val
REQ-06339,val
REQ-06340,train
REQ-06341,train
REQ-06342,train
REQ-06343,train
REQ-06344,train
REQ-06345,train
REQ-06346,val
REQ-06347,train
REQ-06348,train
REQ-06349,test
REQ-06350,train
REQ-06351,train
REQ-06352,train
REQ-06353,train
REQ-06354,train
REQ-06355,val
REQ-06356,train
REQ-06357,train
REQ-06358,train
REQ-06359,train
REQ-06360,train
REQ-06361,train
REQ-06362,train
REQ-06363,train
REQ-06364,train
REQ-06365,test
REQ-06366,train
REQ-06367,train
REQ-06368,train
REQ-06369,train
REQ-06370,test
REQ-06371,val
REQ-06372,train
REQ-06373,train
REQ-06374,train
REQ-06375,train
REQ-06376,train
REQ-06377,train
REQ-06378,train
REQ-06379,test
REQ-06380,train
REQ-06381,val
REQ-06382,val
REQ-06383,train
REQ-06384,train
REQ-06385,train
REQ-06386,train
REQ-06387,train
REQ-06388,train
REQ-06389,train
REQ-06390,train
REQ-06391,train
REQ-06392,train
REQ-06393,train
REQ-06394,train
REQ-06395,test
REQ-06396,train
REQ-06397,train
REQ-06398,train
REQ-06399,train
REQ-06400,train
REQ-06401,train
REQ-06402,train
REQ-06403,train
REQ-06404,train
REQ-06405,train
REQ-06406,test
REQ-06407,test
REQ-06408,test
REQ-06409,test
REQ-06410,test
REQ-06411,train
REQ-06412,train
REQ-06413,train
REQ-06414,test
REQ-06415,train
REQ-06416,train
REQ-06417,train
REQ-06418,train
REQ-06419,train
REQ-06420,train
REQ-06421,train
REQ-06422,train
REQ-06423,train
REQ-06424,test
REQ-06425,train
REQ-06426,train
REQ-06427,train
REQ-06428,train
REQ-06429,train
REQ-06430,train
REQ-06431,train
REQ-06432,train
REQ-06433,train
REQ-06434,train
REQ-06435,train
REQ-06436,val
REQ-06437,train
REQ-06438,val
REQ-06439,train
REQ-06440,train
REQ-06441,train
REQ-06442,train
REQ-06443,train
REQ-06444,train
REQ-06445,train
REQ-06446,train
REQ-06447,train
REQ-06448,train
REQ-06449,train
REQ-06450,train
REQ-06451,train
REQ-06452,test
REQ-06453,test
REQ-06454,train
REQ-06455,test
REQ-06456,train
REQ-06457,train
REQ-06458,train
REQ-06459,train
REQ-06460,train
REQ-06461,train
REQ-06462,test
REQ-06463,train
REQ-06464,train
REQ-06465,train
REQ-06466,train
REQ-06467,val
REQ-06468,val
REQ-06469,train
REQ-06470,train
REQ-06471,train
REQ-06472,train
REQ-06473,train
REQ-06474,train
REQ-06475,train
REQ-06476,train
REQ-06477,train
REQ-06478,train
REQ-06479,val
REQ-06480,val
REQ-06481,val
REQ-06482,train
REQ-06483,train
REQ-06484,train
REQ-06485,val
REQ-06486,train
REQ-06487,train
REQ-06488,train
REQ-06489,train
REQ-06490,train
REQ-06491,train
REQ-06492,train
REQ-06493,train
REQ-06494,train
REQ-06495,test
REQ-06496,val
REQ-06497,train
REQ-06498,train
REQ-06499,train
REQ-06500,train
REQ-06501,train
REQ-06502,train
REQ-06503,val
REQ-06504,train
REQ-06505,test
REQ-06506,train
REQ-06507,test
REQ-06508,train
REQ-06509,train
REQ-06510,train
REQ-06511,train
REQ-06512,train
REQ-06513,train
REQ-06514,train
REQ-06515,train
REQ-06516,train
REQ-06517,val
REQ-06518,train
REQ-06519,train
REQ-06520,train
REQ-06521,train
REQ-06522,train
REQ-06523,val
REQ-06524,train
REQ-06525,train
REQ-06526,train
REQ-06527,test
REQ-06528,train
REQ-06529,train
REQ-06530,train
REQ-06531,train
REQ-06532,train
REQ-06533,test
REQ-06534,train
REQ-06535,train
REQ-06536,test
REQ-06537,train
REQ-06538,train
REQ-06539,train
REQ-06540,train
REQ-06541,test
REQ-06542,train
REQ-06543,train
REQ-06544,train
REQ-06545,train
REQ-06546,train
REQ-06547,val
REQ-06548,train
REQ-06549,train
REQ-06550,train
REQ-06551,train
REQ-06552,train
REQ-06553,train
REQ-06554,train
REQ-06555,train
REQ-06556,test
REQ-06557,train
REQ-06558,train
REQ-06559,train
REQ-06560,train
REQ-06561,train
REQ-06562,train
REQ-06563,train
REQ-06564,train
REQ-06565,train
REQ-06566,train
REQ-06567,train
REQ-06568,train
REQ-06569,train
REQ-06570,train
REQ-06571,train
REQ-06572,train
REQ-06573,train
REQ-06574,train
REQ-06575,train
REQ-06576,train
REQ-06577,train
REQ-06578,train
REQ-06579,train
REQ-06580,test
REQ-06581,train
REQ-06582,train
REQ-06583,val
REQ-06584,train
REQ-06585,train
REQ-06586,train
REQ-06587,train
REQ-06588,val
REQ-06589,train
REQ-06590,train
REQ-06591,train
REQ-06592,train
REQ-06593,train
REQ-06594,test
REQ-06595,val
REQ-06596,train
REQ-06597,val
REQ-06598,val
REQ-06599,train
REQ-06600,train
REQ-06601,train
REQ-06602,test
REQ-06603,train
REQ-06604,train
REQ-06605,train
REQ-06606,val
REQ-06607,train
REQ-06608,train
REQ-06609,train
REQ-06610,val
REQ-06611,train
REQ-06612,test
REQ-06613,train
REQ-06614,train
REQ-06615,test
REQ-06616,test
REQ-06617,train
REQ-06618,train
REQ-06619,train
REQ-06620,val
REQ-06621,train
REQ-06622,train
REQ-06623,test
REQ-06624,train
REQ-06625,train
REQ-06626,train
REQ-06627,train
REQ-06628,train
REQ-06629,train
REQ-06630,train
REQ-06631,train
REQ-06632,train
REQ-06633,train
REQ-06634,test
REQ-06635,val
REQ-06636,train
REQ-06637,train
REQ-06638,train
REQ-06639,test
REQ-06640,train
REQ-06641,train
REQ-06642,train
REQ-06643,train
REQ-06644,test
REQ-06645,train
REQ-06646,val
REQ-06647,train
REQ-06648,train
REQ-06649,train
REQ-06650,val
REQ-06651,train
REQ-06652,train
REQ-06653,train
REQ-06654,train
REQ-06655,train
REQ-06656,train
REQ-06657,train
REQ-06658,train
REQ-06659,train
REQ-06660,train
REQ-06661,train
REQ-06662,train
REQ-06663,train
REQ-06664,train
REQ-06665,train
REQ-06666,train
REQ-06667,train
REQ-06668,train
REQ-06669,train
REQ-06670,train
REQ-06671,train
REQ-06672,train
REQ-06673,train
REQ-06674,train
REQ-06675,train
REQ-06676,train
REQ-06677,train
REQ-06678,test
REQ-06679,train
REQ-06680,train
REQ-06681,train
REQ-06682,train
REQ-06683,train
REQ-06684,train
REQ-06685,train
REQ-06686,train
REQ-06687,val
REQ-06688,train
REQ-06689,train
REQ-06690,train
REQ-06691,train
REQ-06692,train
REQ-06693,train
REQ-06694,train
REQ-06695,train
REQ-06696,train
REQ-06697,train
REQ-06698,train
REQ-06699,train
REQ-06700,train
REQ-06701,val
REQ-06702,train
REQ-06703,train
REQ-06704,train
REQ-06705,train
REQ-06706,val
REQ-06707,train
REQ-06708,train
REQ-06709,train
REQ-06710,train
REQ-06711,train
REQ-06712,train
REQ-06713,train
REQ-06714,train
REQ-06715,train
REQ-06716,train
REQ-06717,train
REQ-06718,train
REQ-06719,train
REQ-06720,train
REQ-06721,test
REQ-06722,train
REQ-06723,test
REQ-06724,train
REQ-06725,train
REQ-06726,test
REQ-06727,val
REQ-06728,train
REQ-06729,train
REQ-06730,val
REQ-06731,train
REQ-06732,train
REQ-06733,train
REQ-06734,train
REQ-06735,train
REQ-06736,train
REQ-06737,train
REQ-06738,train
REQ-06739,train
REQ-06740,val
REQ-06741,val
REQ-06742,train
REQ-06743,train
REQ-06744,train
REQ-06745,train
REQ-06746,train
REQ-06747,train
REQ-06748,train
REQ-06749,train
REQ-06750,train
REQ-06751,val
REQ-06752,train
REQ-06753,train
REQ-06754,train
REQ-06755,train
REQ-06756,train
REQ-06757,train
REQ-06758,train
REQ-06759,train
REQ-06760,train
REQ-06761,train
REQ-06762,train
REQ-06763,train
REQ-06764,val
REQ-06765,train
REQ-06766,val
REQ-06767,train
REQ-06768,train
REQ-06769,train
REQ-06770,train
REQ-06771,train
REQ-06772,train
REQ-06773,train
REQ-06774,train
REQ-06775,train
REQ-06776,train
REQ-06777,train
REQ-06778,train
REQ-06779,train
REQ-06780,train
REQ-06781,train
REQ-06782,train
REQ-06783,train
REQ-06784,train
REQ-06785,val
REQ-06786,train
REQ-06787,train
REQ-06788,train
REQ-06789,train
REQ-06790,train
REQ-06791,train
REQ-06792,train
REQ-06793,train
REQ-06794,train
REQ-06795,train
REQ-06796,val
REQ-06797,train
REQ-06798,train
REQ-06799,val
REQ-06800,train
REQ-06801,train
REQ-06802,train
REQ-06803,val
REQ-06804,train
REQ-06805,train
REQ-06806,train
REQ-06807,test
REQ-06808,train
REQ-06809,train
REQ-06810,train
REQ-06811,train
REQ-06812,train
REQ-06813,train
REQ-06814,train
REQ-06815,train
REQ-06816,train
REQ-06817,train
REQ-06818,train
REQ-06819,train
REQ-06820,test
REQ-06821,train
REQ-06822,train
REQ-06823,train
REQ-06824,train
REQ-06825,val
REQ-06826,train
REQ-06827,train
REQ-06828,train
REQ-06829,val
REQ-06830,train
REQ-06831,train
REQ-06832,train
REQ-06833,train
REQ-06834,test
REQ-06835,train
REQ-06836,train
REQ-06837,train
REQ-06838,train
REQ-06839,train
REQ-06840,train
REQ-06841,train
REQ-06842,train
REQ-06843,train
REQ-06844,train
REQ-06845,train
REQ-06846,train
REQ-06847,train
REQ-06848,train
REQ-06849,train
REQ-06850,train
REQ-06851,train
REQ-06852,train
REQ-06853,train
REQ-06854,train
REQ-06855,train
REQ-06856,train
REQ-06857,train
REQ-06858,train
REQ-06859,train
REQ-06860,train
REQ-06861,train
REQ-06862,train
REQ-06863,train
REQ-06864,train
REQ-06865,train
REQ-06866,train
REQ-06867,test
REQ-06868,train
REQ-06869,train
REQ-06870,train
REQ-06871,train
REQ-06872,train
REQ-06873,train
REQ-06874,train
REQ-06875,train
REQ-06876,train
REQ-06877,train
REQ-06878,train
REQ-06879,train
REQ-06880,train
REQ-06881,train
REQ-06882,train
REQ-06883,val
REQ-06884,train
REQ-06885,train
REQ-06886,val
REQ-06887,train
REQ-06888,train
REQ-06889,val
REQ-06890,val
REQ-06891,train
REQ-06892,train
REQ-06893,train
REQ-06894,train
REQ-06895,train
REQ-06896,train
REQ-06897,train
REQ-06898,train
REQ-06899,train
REQ-06900,test
REQ-06901,train
REQ-06902,test
REQ-06903,train
REQ-06904,train
REQ-06905,train
REQ-06906,train
REQ-06907,train
REQ-06908,train
REQ-06909,train
REQ-06910,test
REQ-06911,test
REQ-06912,train
REQ-06913,train
REQ-06914,train
REQ-06915,train
REQ-06916,train
REQ-06917,train
REQ-06918,train
REQ-06919,train
REQ-06920,train
REQ-06921,train
REQ-06922,train
REQ-06923,train
REQ-06924,train
REQ-06925,train
REQ-06926,train
REQ-06927,train
REQ-06928,train
REQ-06929,test
REQ-06930,train
REQ-06931,train
REQ-06932,train
REQ-06933,train
REQ-06934,train
REQ-06935,test
REQ-06936,train
REQ-06937,test
REQ-06938,train
REQ-06939,train
REQ-06940,train
REQ-06941,train
REQ-06942,train
REQ-06943,train
REQ-06944,train
REQ-06945,train
REQ-06946,train
REQ-06947,test
REQ-06948,train
REQ-06949,train
REQ-06950,train
REQ-06951,train
REQ-06952,train
REQ-06953,test
REQ-06954,test
REQ-06955,train
REQ-06956,train
REQ-06957,train
REQ-06958,train
REQ-06959,train
REQ-06960,train
REQ-06961,train
REQ-06962,train
REQ-06963,val
REQ-06964,train
REQ-06965,train
REQ-06966,val
REQ-06967,train
REQ-06968,val
REQ-06969,train
REQ-06970,train
REQ-06971,train
REQ-06972,train
REQ-06973,test
REQ-06974,val
REQ-06975,train
REQ-06976,train
REQ-06977,train
REQ-06978,train
REQ-06979,train
REQ-06980,train
REQ-06981,train
REQ-06982,train
REQ-06983,train
REQ-06984,train
REQ-06985,train
REQ-06986,test
REQ-06987,train
REQ-06988,train
REQ-06989,train
REQ-06990,train
REQ-06991,test
REQ-06992,train
REQ-06993,train
REQ-06994,test
REQ-06995,train
REQ-06996,train
REQ-06997,train
REQ-06998,train
REQ-06999,train
REQ-07000,train
REQ-07001,train
REQ-07002,train
REQ-07003,train
REQ-07004,test
REQ-07005,train
REQ-07006,train
REQ-07007,train
REQ-07008,train
REQ-07009,train
REQ-07010,train
REQ-07011,train
REQ-07012,train
REQ-07013,train
REQ-07014,train
REQ-07015,train
REQ-07016,train
REQ-07017,train
REQ-07018,val
REQ-07019,val
REQ-07020,test
REQ-07021,train
REQ-07022,val
REQ-07023,train
REQ-07024,train
REQ-07025,train
REQ-07026,train
REQ-07027,train
REQ-07028,train
REQ-07029,train
REQ-07030,train
REQ-07031,train
REQ-07032,train
REQ-07033,train
REQ-07034,train
REQ-07035,train
REQ-07036,train
REQ-07037,train
REQ-07038,test
REQ-07039,train
REQ-07040,train
REQ-07041,train
REQ-07042,train
REQ-07043,val
REQ-07044,train
REQ-07045,train
REQ-07046,val
REQ-07047,train
REQ-07048,train
REQ-07049,train
REQ-07050,val
REQ-07051,train
REQ-07052,train
REQ-07053,test
REQ-07054,train
REQ-07055,train
REQ-07056,train
REQ-07057,train
REQ-07058,train
REQ-07059,train
REQ-07060,train
REQ-07061,train
REQ-07062,train
REQ-07063,train
REQ-07064,train
REQ-07065,test
REQ-07066,val
REQ-07067,train
REQ-07068,val
REQ-07069,val
REQ-07070,train
REQ-07071,train
REQ-07072,test
REQ-07073,train
REQ-07074,train
REQ-07075,train
REQ-07076,test
REQ-07077,train
REQ-07078,train
REQ-07079,train
REQ-07080,train
REQ-07081,train
REQ-07082,train
REQ-07083,val
REQ-07084,val
REQ-07085,train
REQ-07086,val
REQ-07087,train
REQ-07088,train
REQ-07089,train
REQ-07090,train
REQ-07091,train
REQ-07092,train
REQ-07093,train
REQ-07094,train
REQ-07095,train
REQ-07096,train
REQ-07097,test
REQ-07098,train
REQ-07099,test
REQ-07100,train
REQ-07101,train
REQ-07102,val
REQ-07103,val
REQ-07104,train
REQ-07105,train
REQ-07106,test
REQ-07107,train
REQ-07108,val
REQ-07109,train
REQ-07110,test
REQ-07111,train
REQ-07112,test
REQ-07113,train
REQ-07114,train
REQ-07115,train
REQ-07116,val
REQ-07117,test
REQ-07118,train
REQ-07119,test
REQ-07120,train
REQ-07121,train
REQ-07122,train
REQ-07123,train
REQ-07124,val
REQ-07125,train
REQ-07126,test
REQ-07127,test
REQ-07128,test
REQ-07129,train
REQ-07130,train
REQ-07131,train
REQ-07132,test
REQ-07133,train
REQ-07134,val
REQ-07135,train
REQ-07136,test
REQ-07137,train
REQ-07138,train
REQ-07139,train
REQ-07140,test
REQ-07141,train
REQ-07142,test
REQ-07143,train
REQ-07144,train
REQ-07145,train
REQ-07146,train
REQ-07147,train
REQ-07148,train
REQ-07149,train
REQ-07150,train
REQ-07151,train
REQ-07152,train
REQ-07153,train
REQ-07154,train
REQ-07155,train
REQ-07156,val
REQ-07157,train
REQ-07158,train
REQ-07159,train
REQ-07160,val
REQ-07161,train
REQ-07162,train
REQ-07163,train
REQ-07164,train
REQ-07165,train
REQ-07166,train
REQ-07167,train
REQ-07168,train
REQ-07169,train
REQ-07170,test
REQ-07171,test
REQ-07172,train
REQ-07173,train
REQ-07174,train
REQ-07175,train
REQ-07176,train
REQ-07177,train
REQ-07178,train
REQ-07179,train
REQ-07180,test
REQ-07181,train
REQ-07182,train
REQ-07183,val
REQ-07184,val
REQ-07185,train
REQ-07186,train
REQ-07187,train
REQ-07188,train
REQ-07189,train
REQ-07190,train
REQ-07191,train
REQ-07192,train
REQ-07193,val
REQ-07194,train
REQ-07195,train
REQ-07196,train
REQ-07197,train
REQ-07198,train
REQ-07199,test
REQ-07200,train
REQ-07201,train
REQ-07202,train
REQ-07203,train
REQ-07204,train
REQ-07205,val
REQ-07206,test
REQ-07207,train
REQ-07208,train
REQ-07209,train
REQ-07210,train
REQ-07211,train
REQ-07212,train
REQ-07213,train
REQ-07214,train
REQ-07215,train
REQ-07216,train
REQ-07217,train
REQ-07218,train
REQ-07219,val
REQ-07220,val
REQ-07221,test
REQ-07222,train
REQ-07223,train
REQ-07224,train
REQ-07225,train
REQ-07226,train
REQ-07227,val
REQ-07228,train
REQ-07229,train
REQ-07230,train
REQ-07231,train
REQ-07232,train
REQ-07233,train
REQ-07234,train
REQ-07235,train
REQ-07236,train
REQ-07237,test
REQ-07238,test
REQ-07239,train
REQ-07240,train
REQ-07241,train
REQ-07242,train
REQ-07243,train
REQ-07244,train
REQ-07245,val
REQ-07246,test
REQ-07247,train
REQ-07248,train
REQ-07249,test
REQ-07250,train
REQ-07251,train
REQ-07252,train
REQ-07253,train
REQ-07254,train
REQ-07255,train
REQ-07256,train
REQ-07257,train
REQ-07258,train
REQ-07259,train
REQ-07260,test
REQ-07261,train
REQ-07262,train
REQ-07263,test
REQ-07264,train
REQ-07265,train
REQ-07266,train
REQ-07267,train
REQ-07268,train
REQ-07269,test
REQ-07270,train
REQ-07271,train
REQ-07272,train
REQ-07273,train
REQ-07274,train
REQ-07275,train
REQ-07276,train
REQ-07277,train
REQ-07278,train
REQ-07279,train
REQ-07280,val
REQ-07281,train
REQ-07282,val
REQ-07283,train
REQ-07284,test
REQ-07285,train
REQ-07286,train
REQ-07287,val
REQ-07288,test
REQ-07289,test
REQ-07290,train
REQ-07291,train
REQ-07292,train
REQ-07293,train
REQ-07294,train
REQ-07295,train
REQ-07296,train
REQ-07297,train
REQ-07298,train
REQ-07299,train
REQ-07300,train
REQ-07301,train
REQ-07302,train
REQ-07303,train
REQ-07304,train
REQ-07305,train
REQ-07306,test
REQ-07307,train
REQ-07308,train
REQ-07309,train
REQ-07310,train
REQ-07311,train
REQ-07312,train
REQ-07313,train
REQ-07314,val
REQ-07315,train
REQ-07316,train
REQ-07317,test
REQ-07318,train
REQ-07319,train
REQ-07320,train
REQ-07321,val
REQ-07322,train
REQ-07323,train
REQ-07324,val
REQ-07325,train
REQ-07326,train
REQ-07327,train
REQ-07328,train
REQ-07329,train
REQ-07330,test
REQ-07331,train
REQ-07332,test
REQ-07333,train
REQ-07334,train
REQ-07335,train
REQ-07336,train
REQ-07337,train
REQ-07338,train
REQ-07339,train
REQ-07340,train
REQ-07341,test
REQ-07342,test
REQ-07343,train
REQ-07344,train
REQ-07345,train
REQ-07346,train
REQ-07347,train
REQ-07348,train
REQ-07349,train
REQ-07350,train
REQ-07351,train
REQ-07352,train
REQ-07353,train
REQ-07354,train
REQ-07355,train
REQ-07356,train
REQ-07357,test
REQ-07358,train
REQ-07359,train
REQ-07360,val
REQ-07361,train
REQ-07362,train
REQ-07363,train
REQ-07364,train
REQ-07365,test
REQ-07366,train
REQ-07367,train
REQ-07368,train
REQ-07369,train
REQ-07370,train
REQ-07371,train
REQ-07372,train
REQ-07373,train
REQ-07374,train
REQ-07375,val
REQ-07376,train
REQ-07377,train
REQ-07378,train
REQ-07379,train
REQ-07380,val
REQ-07381,train
REQ-07382,train
REQ-07383,train
REQ-07384,train
REQ-07385,train
REQ-07386,train
REQ-07387,train
REQ-07388,train
REQ-07389,train
REQ-07390,train
REQ-07391,train
REQ-07392,train
REQ-07393,train
REQ-07394,train
REQ-07395,train
REQ-07396,train
REQ-07397,train
REQ-07398,train
REQ-07399,train
REQ-07400,train
REQ-07401,train
REQ-07402,val
REQ-07403,train
REQ-07404,train
REQ-07405,train
REQ-07406,val
REQ-07407,train
REQ-07408,train
REQ-07409,train
REQ-07410,train
REQ-07411,train
REQ-07412,train
REQ-07413,test
REQ-07414,val
REQ-07415,val
REQ-07416,train
REQ-07417,train
REQ-07418,train
REQ-07419,train
REQ-07420,train
REQ-07421,train
REQ-07422,train
REQ-07423,train
REQ-07424,train
REQ-07425,train
REQ-07426,train
REQ-07427,train
REQ-07428,train
REQ-07429,val
REQ-07430,train
REQ-07431,train
REQ-07432,train
REQ-07433,train
REQ-07434,train
REQ-07435,train
REQ-07436,train
REQ-07437,train
REQ-07438,train
REQ-07439,train
REQ-07440,train
REQ-07441,train
REQ-07442,train
REQ-07443,train
REQ-07444,train
REQ-07445,train
REQ-07446,train
REQ-07447,train
REQ-07448,val
REQ-07449,train
REQ-07450,val
REQ-07451,test
REQ-07452,train
REQ-07453,train
REQ-07454,train
REQ-07455,train
REQ-07456,train
REQ-07457,val
REQ-07458,train
REQ-07459,train
REQ-07460,test
REQ-07461,train
REQ-07462,train
REQ-07463,train
REQ-07464,val
REQ-07465,train
REQ-07466,train
REQ-07467,val
REQ-07468,train
REQ-07469,test
REQ-07470,train
REQ-07471,train
REQ-07472,train
REQ-07473,train
REQ-07474,train
REQ-07475,train
REQ-07476,train
REQ-07477,train
REQ-07478,train
REQ-07479,train
REQ-07480,train
REQ-07481,val
REQ-07482,train
REQ-07483,val
REQ-07484,train
REQ-07485,train
REQ-07486,train
REQ-07487,train
REQ-07488,train
REQ-07489,train
REQ-07490,train
REQ-07491,train
REQ-07492,train
REQ-07493,train
REQ-07494,train
REQ-07495,train
REQ-07496,train
REQ-07497,train
REQ-07498,train
REQ-07499,train
REQ-07500,train
REQ-07501,train
REQ-07502,train
REQ-07503,test
REQ-07504,train
REQ-07505,train
REQ-07506,train
REQ-07507,train
REQ-07508,train
REQ-07509,test
REQ-07510,train
REQ-07511,train
REQ-07512,train
REQ-07513,val
REQ-07514,train
REQ-07515,train
REQ-07516,test
REQ-07517,train
REQ-07518,train
REQ-07519,train
REQ-07520,train
REQ-07521,train
REQ-07522,train
REQ-07523,train
REQ-07524,train
REQ-07525,train
REQ-07526,train
REQ-07527,train
REQ-07528,train
REQ-07529,train
REQ-07530,train
REQ-07531,train
REQ-07532,train
REQ-07533,train
REQ-07534,train
REQ-07535,train
REQ-07536,train
REQ-07537,train
REQ-07538,train
REQ-07539,train
REQ-07540,train
REQ-07541,train
REQ-07542,train
REQ-07543,train
REQ-07544,train
REQ-07545,val
REQ-07546,train
REQ-07547,val
REQ-07548,train
REQ-07549,train
REQ-07550,train
REQ-07551,train
REQ-07552,train
REQ-07553,train
REQ-07554,test
REQ-07555,train
REQ-07556,test
REQ-07557,train
REQ-07558,train
REQ-07559,train
REQ-07560,train
REQ-07561,train
REQ-07562,train
REQ-07563,train
REQ-07564,train
REQ-07565,train
REQ-07566,train
REQ-07567,train
REQ-07568,train
REQ-07569,train
REQ-07570,train
REQ-07571,train
REQ-07572,train
REQ-07573,train
REQ-07574,test
REQ-07575,train
REQ-07576,test
REQ-07577,train
REQ-07578,train
REQ-07579,train
REQ-07580,train
REQ-07581,train
REQ-07582,train
REQ-07583,val
REQ-07584,train
REQ-07585,train
REQ-07586,train
REQ-07587,val
REQ-07588,train
REQ-07589,train
REQ-07590,train
REQ-07591,test
REQ-07592,train
REQ-07593,val
REQ-07594,train
REQ-07595,test
REQ-07596,train
REQ-07597,train
REQ-07598,val
REQ-07599,val
REQ-07600,train
REQ-07601,train
REQ-07602,train
REQ-07603,train
REQ-07604,train
REQ-07605,val
REQ-07606,train
REQ-07607,train
REQ-07608,train
REQ-07609,train
REQ-07610,train
REQ-07611,train
REQ-07612,train
REQ-07613,test
REQ-07614,test
REQ-07615,train
REQ-07616,train
REQ-07617,train
REQ-07618,train
REQ-07619,train
REQ-07620,val
REQ-07621,train
REQ-07622,train
REQ-07623,test
REQ-07624,train
REQ-07625,test
REQ-07626,train
REQ-07627,train
REQ-07628,val
REQ-07629,train
REQ-07630,train
REQ-07631,train
REQ-07632,train
REQ-07633,train
REQ-07634,train
REQ-07635,train
REQ-07636,train
REQ-07637,train
REQ-07638,train
REQ-07639,train
REQ-07640,train
REQ-07641,train
REQ-07642,train
REQ-07643,train
REQ-07644,train
REQ-07645,train
REQ-07646,test
REQ-07647,val
REQ-07648,train
REQ-07649,val
REQ-07650,train
REQ-07651,train
REQ-07652,train
REQ-07653,val
REQ-07654,test
REQ-07655,train
REQ-07656,train
REQ-07657,train
REQ-07658,train
REQ-07659,train
REQ-07660,train
REQ-07661,val
REQ-07662,train
REQ-07663,train
REQ-07664,train
REQ-07665,train
REQ-07666,train
REQ-07667,train
REQ-07668,train
REQ-07669,train
REQ-07670,train
REQ-07671,val
REQ-07672,train
REQ-07673,train
REQ-07674,train
REQ-07675,test
REQ-07676,train
REQ-07677,train
REQ-07678,train
REQ-07679,train
REQ-07680,train
REQ-07681,train
REQ-07682,train
REQ-07683,train
REQ-07684,train
REQ-07685,train
REQ-07686,test
REQ-07687,train
REQ-07688,train
REQ-07689,train
REQ-07690,train
REQ-07691,train
REQ-07692,train
REQ-07693,train
REQ-07694,test
REQ-07695,train
REQ-07696,train
REQ-07697,train
REQ-07698,train
REQ-07699,train
REQ-07700,train
REQ-07701,train
REQ-07702,train
REQ-07703,val
REQ-07704,train
REQ-07705,train
REQ-07706,train
REQ-07707,train
REQ-07708,train
REQ-07709,train
REQ-07710,val
REQ-07711,train
REQ-07712,train
REQ-07713,train
REQ-07714,test
REQ-07715,test
REQ-07716,train
REQ-07717,train
REQ-07718,train
REQ-07719,train
REQ-07720,train
REQ-07721,train
REQ-07722,val
REQ-07723,train
REQ-07724,train
REQ-07725,train
REQ-07726,train
REQ-07727,train
REQ-07728,train
REQ-07729,train
REQ-07730,train
REQ-07731,val
REQ-07732,train
REQ-07733,train
REQ-07734,train
REQ-07735,val
REQ-07736,train
REQ-07737,train
REQ-07738,train
REQ-07739,test
REQ-07740,train
REQ-07741,train
REQ-07742,train
REQ-07743,test
REQ-07744,train
REQ-07745,train
REQ-07746,train
REQ-07747,train
REQ-07748,train
REQ-07749,test
REQ-07750,train
REQ-07751,val
REQ-07752,train
REQ-07753,train
REQ-07754,train
REQ-07755,train
REQ-07756,train
REQ-07757,train
REQ-07758,train
REQ-07759,val
REQ-07760,test
REQ-07761,train
REQ-07762,train
REQ-07763,train
REQ-07764,train
REQ-07765,train
REQ-07766,train
REQ-07767,train
REQ-07768,train
REQ-07769,train
REQ-07770,train
REQ-07771,val
REQ-07772,train
REQ-07773,train
REQ-07774,test
REQ-07775,train
REQ-07776,train
REQ-07777,train
REQ-07778,train
REQ-07779,train
REQ-07780,train
REQ-07781,train
REQ-07782,train
REQ-07783,train
REQ-07784,train
REQ-07785,train
REQ-07786,train
REQ-07787,train
REQ-07788,val
REQ-07789,train
REQ-07790,train
REQ-07791,train
REQ-07792,train
REQ-07793,train
REQ-07794,train
REQ-07795,train
REQ-07796,train
REQ-07797,train
REQ-07798,train
REQ-07799,test
REQ-07800,train
REQ-07801,train
REQ-07802,train
REQ-07803,train
REQ-07804,train
REQ-07805,val
REQ-07806,train
REQ-07807,train
REQ-07808,test
REQ-07809,train
REQ-07810,train
REQ-07811,train
REQ-07812,train
REQ-07813,train
REQ-07814,train
REQ-07815,test
REQ-07816,train
REQ-07817,train
REQ-07818,train
REQ-07819,train
REQ-07820,train
REQ-07821,train
REQ-07822,train
REQ-07823,train
REQ-07824,train
REQ-07825,train
REQ-07826,test
REQ-07827,train
REQ-07828,train
REQ-07829,train
REQ-07830,train
REQ-07831,train
REQ-07832,train
REQ-07833,train
REQ-07834,train
REQ-07835,train
REQ-07836,train
REQ-07837,train
REQ-07838,train
REQ-07839,train
REQ-07840,train
REQ-07841,train
REQ-07842,train
REQ-07843,train
REQ-07844,val
REQ-07845,test
REQ-07846,test
REQ-07847,train
REQ-07848,train
REQ-07849,val
REQ-07850,train
REQ-07851,train
REQ-07852,train
REQ-07853,train
REQ-07854,val
REQ-07855,train
REQ-07856,train
REQ-07857,train
REQ-07858,train
REQ-07859,train
REQ-07860,train
REQ-07861,train
REQ-07862,train
REQ-07863,train
REQ-07864,train
REQ-07865,train
REQ-07866,train
REQ-07867,train
REQ-07868,train
REQ-07869,train
REQ-07870,train
REQ-07871,train
REQ-07872,train
REQ-07873,train
REQ-07874,train
REQ-07875,train
REQ-07876,val
REQ-07877,train
REQ-07878,train
REQ-07879,test
REQ-07880,train
REQ-07881,train
REQ-07882,val
REQ-07883,train
REQ-07884,train
REQ-07885,train
REQ-07886,train
REQ-07887,train
REQ-07888,train
REQ-07889,train
REQ-07890,train
REQ-07891,train
REQ-07892,test
REQ-07893,train
REQ-07894,train
REQ-07895,train
REQ-07896,train
REQ-07897,train
REQ-07898,train
REQ-07899,train
REQ-07900,val
REQ-07901,train
REQ-07902,test
REQ-07903,train
REQ-07904,train
REQ-07905,val
REQ-07906,train
REQ-07907,val
REQ-07908,val
REQ-07909,train
REQ-07910,train
REQ-07911,train
REQ-07912,train
REQ-07913,train
REQ-07914,train
REQ-07915,train
REQ-07916,train
REQ-07917,train
REQ-07918,train
REQ-07919,train
REQ-07920,train
REQ-07921,train
REQ-07922,train
REQ-07923,train
REQ-07924,train
REQ-07925,train
REQ-07926,train
REQ-07927,train
REQ-07928,train
REQ-07929,train
REQ-07930,train
REQ-07931,val
REQ-07932,train
REQ-07933,train
REQ-07934,train
REQ-07935,train
REQ-07936,train
REQ-07937,train
REQ-07938,train
REQ-07939,train
REQ-07940,val
REQ-07941,train
REQ-07942,train
REQ-07943,train
REQ-07944,train
REQ-07945,train
REQ-07946,train
REQ-07947,train
REQ-07948,val
REQ-07949,val
REQ-07950,train
REQ-07951,train
REQ-07952,train
REQ-07953,train
REQ-07954,train
REQ-07955,train
REQ-07956,train
REQ-07957,train
REQ-07958,train
REQ-07959,train
REQ-07960,test
REQ-07961,test
REQ-07962,train
REQ-07963,train
REQ-07964,train
REQ-07965,train
REQ-07966,val
REQ-07967,train
REQ-07968,train
REQ-07969,test
REQ-07970,train
REQ-07971,train
REQ-07972,train
REQ-07973,test
REQ-07974,train
REQ-07975,train
REQ-07976,train
REQ-07977,train
REQ-07978,train
REQ-07979,val
REQ-07980,train
REQ-07981,train
REQ-07982,train
REQ-07983,train
REQ-07984,train
REQ-07985,train
REQ-07986,train
REQ-07987,train
REQ-07988,train
REQ-07989,val
REQ-07990,test
REQ-07991,train
REQ-07992,train
REQ-07993,train
REQ-07994,val
REQ-07995,train
REQ-07996,train
REQ-07997,train
REQ-07998,train
REQ-07999,val
REQ-08000,train
REQ-08001,train
REQ-08002,train
REQ-08003,train
REQ-08004,train
REQ-08005,train
REQ-08006,train
REQ-08007,val
REQ-08008,train
REQ-08009,test
REQ-08010,train
REQ-08011,train
REQ-08012,train
REQ-08013,train
REQ-08014,train
REQ-08015,train
REQ-08016,test
REQ-08017,train
REQ-08018,val
REQ-08019,train
REQ-08020,val
REQ-08021,train
REQ-08022,val
REQ-08023,train
REQ-08024,train
REQ-08025,train
REQ-08026,train
REQ-08027,train
REQ-08028,train
REQ-08029,train
REQ-08030,train
REQ-08031,train
REQ-08032,train
REQ-08033,train
REQ-08034,train
REQ-08035,train
REQ-08036,train
REQ-08037,train
REQ-08038,train
REQ-08039,train
REQ-08040,train
REQ-08041,train
REQ-08042,train
REQ-08043,train
REQ-08044,train
REQ-08045,train
REQ-08046,val
REQ-08047,train
REQ-08048,train
REQ-08049,train
REQ-08050,train
REQ-08051,train
REQ-08052,train
REQ-08053,train
REQ-08054,test
REQ-08055,val
REQ-08056,val
REQ-08057,train
REQ-08058,train
REQ-08059,train
REQ-08060,train
REQ-08061,train
REQ-08062,train
REQ-08063,train
REQ-08064,val
REQ-08065,train
REQ-08066,train
REQ-08067,train
REQ-08068,train
REQ-08069,val
REQ-08070,test
REQ-08071,train
REQ-08072,train
REQ-08073,test
REQ-08074,train
REQ-08075,train
REQ-08076,test
REQ-08077,train
REQ-08078,train
REQ-08079,train
REQ-08080,train
REQ-08081,train
REQ-08082,train
REQ-08083,train
REQ-08084,val
REQ-08085,train
REQ-08086,train
REQ-08087,train
REQ-08088,train
REQ-08089,test
REQ-08090,train
REQ-08091,train
REQ-08092,train
REQ-08093,train
REQ-08094,train
REQ-08095,train
REQ-08096,train
REQ-08097,train
REQ-08098,train
REQ-08099,train
REQ-08100,train
REQ-08101,train
REQ-08102,train
REQ-08103,test
REQ-08104,train
REQ-08105,train
REQ-08106,val
REQ-08107,train
REQ-08108,train
REQ-08109,train
REQ-08110,train
REQ-08111,train
REQ-08112,train
REQ-08113,train
REQ-08114,train
REQ-08115,train
REQ-08116,train
REQ-08117,train
REQ-08118,train
REQ-08119,test
REQ-08120,train
REQ-08121,train
REQ-08122,train
REQ-08123,train
REQ-08124,val
REQ-08125,train
REQ-08126,val
REQ-08127,val
REQ-08128,train
REQ-08129,train
REQ-08130,val
REQ-08131,train
REQ-08132,test
REQ-08133,val
REQ-08134,val
REQ-08135,train
REQ-08136,train
REQ-08137,train
REQ-08138,val
REQ-08139,train
REQ-08140,train
REQ-08141,train
REQ-08142,train
REQ-08143,val
REQ-08144,train
REQ-08145,train
REQ-08146,train
REQ-08147,train
REQ-08148,train
REQ-08149,train
REQ-08150,train
REQ-08151,train
REQ-08152,train
REQ-08153,train
REQ-08154,train
REQ-08155,train
REQ-08156,train
REQ-08157,train
REQ-08158,train
REQ-08159,train
REQ-08160,train
REQ-08161,train
REQ-08162,train
REQ-08163,train
REQ-08164,train
REQ-08165,train
REQ-08166,test
REQ-08167,train
REQ-08168,train
REQ-08169,train
REQ-08170,train
REQ-08171,train
REQ-08172,train
REQ-08173,train
REQ-08174,train
REQ-08175,train
REQ-08176,train
REQ-08177,val
REQ-08178,train
REQ-08179,train
REQ-08180,train
REQ-08181,val
REQ-08182,train
REQ-08183,train
REQ-08184,train
REQ-08185,train
REQ-08186,train
REQ-08187,train
REQ-08188,test
REQ-08189,train
REQ-08190,train
REQ-08191,train
REQ-08192,val
REQ-08193,train
REQ-08194,train
REQ-08195,train
REQ-08196,train
REQ-08197,train
REQ-08198,test
REQ-08199,train
REQ-08200,train
REQ-08201,train
REQ-08202,val
REQ-08203,train
REQ-08204,train
REQ-08205,train
REQ-08206,train
REQ-08207,train
REQ-08208,train
REQ-08209,train
REQ-08210,train
REQ-08211,train
REQ-08212,train
REQ-08213,train
REQ-08214,train
REQ-08215,train
REQ-08216,test
REQ-08217,train
REQ-08218,train
REQ-08219,train
REQ-08220,train
REQ-08221,train
REQ-08222,test
REQ-08223,test
REQ-08224,train
REQ-08225,train
REQ-08226,train
REQ-08227,test
REQ-08228,train
REQ-08229,test
REQ-08230,train
REQ-08231,train
REQ-08232,train
REQ-08233,test
REQ-08234,train
REQ-08235,train
REQ-08236,train
REQ-08237,train
REQ-08238,train
REQ-08239,val
REQ-08240,train
REQ-08241,train
REQ-08242,test
REQ-08243,train
REQ-08244,val
REQ-08245,val
REQ-08246,train
REQ-08247,val
REQ-08248,test
REQ-08249,train
REQ-08250,test
REQ-08251,test
REQ-08252,train
REQ-08253,train
REQ-08254,test
REQ-08255,train
REQ-08256,train
REQ-08257,val
REQ-08258,train
REQ-08259,val
REQ-08260,train
REQ-08261,train
REQ-08262,train
REQ-08263,train
REQ-08264,train
REQ-08265,test
REQ-08266,train
REQ-08267,train
REQ-08268,train
REQ-08269,train
REQ-08270,train
REQ-08271,train
REQ-08272,train
REQ-08273,train
REQ-08274,train
REQ-08275,train
REQ-08276,train
REQ-08277,train
REQ-08278,train
REQ-08279,train
REQ-08280,val
REQ-08281,val
REQ-08282,test
REQ-08283,train
REQ-08284,train
REQ-08285,train
REQ-08286,train
REQ-08287,train
REQ-08288,train
REQ-08289,train
REQ-08290,train
REQ-08291,train
REQ-08292,train
REQ-08293,train
REQ-08294,val
REQ-08295,train
REQ-08296,train
REQ-08297,train
REQ-08298,train
REQ-08299,train
REQ-08300,val
REQ-08301,train
REQ-08302,train
REQ-08303,train
REQ-08304,train
REQ-08305,test
REQ-08306,train
REQ-08307,train
REQ-08308,train
REQ-08309,train
REQ-08310,train
REQ-08311,train
REQ-08312,train
REQ-08313,val
REQ-08314,train
REQ-08315,train
REQ-08316,train
REQ-08317,val
REQ-08318,val
REQ-08319,train
REQ-08320,train
REQ-08321,train
REQ-08322,test
REQ-08323,train
REQ-08324,train
REQ-08325,train
REQ-08326,val
REQ-08327,train
REQ-08328,test
REQ-08329,train
REQ-08330,train
REQ-08331,train
REQ-08332,train
REQ-08333,train
REQ-08334,val
REQ-08335,train
REQ-08336,train
REQ-08337,val
REQ-08338,train
REQ-08339,train
REQ-08340,train
REQ-08341,train
REQ-08342,train
REQ-08343,val
REQ-08344,train
REQ-08345,train
REQ-08346,train
REQ-08347,train
REQ-08348,train
REQ-08349,train
REQ-08350,train
REQ-08351,train
REQ-08352,train
REQ-08353,train
REQ-08354,train
REQ-08355,train
REQ-08356,train
REQ-08357,train
REQ-08358,train
REQ-08359,test
REQ-08360,train
REQ-08361,train
REQ-08362,train
REQ-08363,train
REQ-08364,train
REQ-08365,train
REQ-08366,train
REQ-08367,train
REQ-08368,train
REQ-08369,train
REQ-08370,train
REQ-08371,train
REQ-08372,test
REQ-08373,train
REQ-08374,train
REQ-08375,train
REQ-08376,train
REQ-08377,train
REQ-08378,test
REQ-08379,train
REQ-08380,train
REQ-08381,train
REQ-08382,test
REQ-08383,val
REQ-08384,train
REQ-08385,test
REQ-08386,train
REQ-08387,test
REQ-08388,train
REQ-08389,train
REQ-08390,train
REQ-08391,train
REQ-08392,train
REQ-08393,train
REQ-08394,train
REQ-08395,train
REQ-08396,train
REQ-08397,train
REQ-08398,train
REQ-08399,train
REQ-08400,train
REQ-08401,train
REQ-08402,train
REQ-08403,train
REQ-08404,test
REQ-08405,val
REQ-08406,train
REQ-08407,train
REQ-08408,train
REQ-08409,val
REQ-08410,val
REQ-08411,test
REQ-08412,val
REQ-08413,train
REQ-08414,val
REQ-08415,train
REQ-08416,train
REQ-08417,train
REQ-08418,train
REQ-08419,train
REQ-08420,train
REQ-08421,val
REQ-08422,train
REQ-08423,train
REQ-08424,train
REQ-08425,train
REQ-08426,train
REQ-08427,train
REQ-08428,train
REQ-08429,test
REQ-08430,train
REQ-08431,train
REQ-08432,val
REQ-08433,val
REQ-08434,train
REQ-08435,train
REQ-08436,train
REQ-08437,val
REQ-08438,train
REQ-08439,val
REQ-08440,train
REQ-08441,val
REQ-08442,val
REQ-08443,train
REQ-08444,train
REQ-08445,train
REQ-08446,train
REQ-08447,test
REQ-08448,train
REQ-08449,train
REQ-08450,train
REQ-08451,train
REQ-08452,train
REQ-08453,train
REQ-08454,val
REQ-08455,train
REQ-08456,train
REQ-08457,train
REQ-08458,train
REQ-08459,train
REQ-08460,train
REQ-08461,train
REQ-08462,test
REQ-08463,test
REQ-08464,train
REQ-08465,train
REQ-08466,train
REQ-08467,train
REQ-08468,train
REQ-08469,train
REQ-08470,val
REQ-08471,test
REQ-08472,train
REQ-08473,train
REQ-08474,train
REQ-08475,train
REQ-08476,test
REQ-08477,train
REQ-08478,train
REQ-08479,train
REQ-08480,train
REQ-08481,train
REQ-08482,train
REQ-08483,train
REQ-08484,train
REQ-08485,train
REQ-08486,train
REQ-08487,train
REQ-08488,test
REQ-08489,train
REQ-08490,train
REQ-08491,train
REQ-08492,train
REQ-08493,train
REQ-08494,train
REQ-08495,train
REQ-08496,train
REQ-08497,train
REQ-08498,train
REQ-08499,test
REQ-08500,val
REQ-08501,train
REQ-08502,val
REQ-08503,train
REQ-08504,train
REQ-08505,train
REQ-08506,train
REQ-08507,test
REQ-08508,test
REQ-08509,train
REQ-08510,train
REQ-08511,test
REQ-08512,train
REQ-08513,train
REQ-08514,train
REQ-08515,train
REQ-08516,test
REQ-08517,train
REQ-08518,train
REQ-08519,train
REQ-08520,train
REQ-08521,train
REQ-08522,train
REQ-08523,train
REQ-08524,train
REQ-08525,train
REQ-08526,train
REQ-08527,train
REQ-08528,train
REQ-08529,train
REQ-08530,train
REQ-08531,train
REQ-08532,train
REQ-08533,val
REQ-08534,train
REQ-08535,train
REQ-08536,train
REQ-08537,train
REQ-08538,val
REQ-08539,train
REQ-08540,train
REQ-08541,train
REQ-08542,train
REQ-08543,test
REQ-08544,train
REQ-08545,test
REQ-08546,train
REQ-08547,train
REQ-08548,train
REQ-08549,test
REQ-08550,train
REQ-08551,val
REQ-08552,train
REQ-08553,train
REQ-08554,val
REQ-08555,train
REQ-08556,train
REQ-08557,train
REQ-08558,train
REQ-08559,train
REQ-08560,train
REQ-08561,train
REQ-08562,train
REQ-08563,val
REQ-08564,test
REQ-08565,train
REQ-08566,train
REQ-08567,train
REQ-08568,train
REQ-08569,train
REQ-08570,val
REQ-08571,train
REQ-08572,train
REQ-08573,val
REQ-08574,train
REQ-08575,val
REQ-08576,train
REQ-08577,train
REQ-08578,train
REQ-08579,train
REQ-08580,train
REQ-08581,train
REQ-08582,train
REQ-08583,test
REQ-08584,train
REQ-08585,train
REQ-08586,train
REQ-08587,train
REQ-08588,val
REQ-08589,val
REQ-08590,test
REQ-08591,train
REQ-08592,train
REQ-08593,train
REQ-08594,test
REQ-08595,val
REQ-08596,train
REQ-08597,train
REQ-08598,train
REQ-08599,val
REQ-08600,train
REQ-08601,test
REQ-08602,val
REQ-08603,val
REQ-08604,train
REQ-08605,train
REQ-08606,test
REQ-08607,train
REQ-08608,val
REQ-08609,train
REQ-08610,train
REQ-08611,train
REQ-08612,train
REQ-08613,train
REQ-08614,train
REQ-08615,train
REQ-08616,train
REQ-08617,train
REQ-08618,train
REQ-08619,train
REQ-08620,train
REQ-08621,train
REQ-08622,train
REQ-08623,train
REQ-08624,train
REQ-08625,train
REQ-08626,train
REQ-08627,val
REQ-08628,test
REQ-08629,train
REQ-08630,train
REQ-08631,train
REQ-08632,val
REQ-08633,test
REQ-08634,train
REQ-08635,train
REQ-08636,train
REQ-08637,train
REQ-08638,val
REQ-08639,val
REQ-08640,train
REQ-08641,train
REQ-08642,train
REQ-08643,train
REQ-08644,train
REQ-08645,train
REQ-08646,train
REQ-08647,train
REQ-08648,train
REQ-08649,val
REQ-08650,train
REQ-08651,train
REQ-08652,train
REQ-08653,train
REQ-08654,test
REQ-08655,val
REQ-08656,train
REQ-08657,test
REQ-08658,train
REQ-08659,train
REQ-08660,train
REQ-08661,train
REQ-08662,train
REQ-08663,train
REQ-08664,train
REQ-08665,test
REQ-08666,train
REQ-08667,train
REQ-08668,train
REQ-08669,train
REQ-08670,train
REQ-08671,train
REQ-08672,train
REQ-08673,test
REQ-08674,train
REQ-08675,train
REQ-08676,train
REQ-08677,train
REQ-08678,train
REQ-08679,train
REQ-08680,train
REQ-08681,train
REQ-08682,test
REQ-08683,val
REQ-08684,train
REQ-08685,train
REQ-08686,test
REQ-08687,train
REQ-08688,val
REQ-08689,train
REQ-08690,train
REQ-08691,train
REQ-08692,train
REQ-08693,train
REQ-08694,train
REQ-08695,train
REQ-08696,test
REQ-08697,train
REQ-08698,val
REQ-08699,test
REQ-08700,train
REQ-08701,train
REQ-08702,train
REQ-08703,train
REQ-08704,train
REQ-08705,val
REQ-08706,train
REQ-08707,val
REQ-08708,train
REQ-08709,test
REQ-08710,train
REQ-08711,train
REQ-08712,val
REQ-08713,train
REQ-08714,train
REQ-08715,train
REQ-08716,test
REQ-08717,train
REQ-08718,train
REQ-08719,train
REQ-08720,train
REQ-08721,train
REQ-08722,train
REQ-08723,train
REQ-08724,test
REQ-08725,val
REQ-08726,train
REQ-08727,train
REQ-08728,train
REQ-08729,train
REQ-08730,val
REQ-08731,train
REQ-08732,train
REQ-08733,train
REQ-08734,train
REQ-08735,train
REQ-08736,train
REQ-08737,train
REQ-08738,train
REQ-08739,val
REQ-08740,train
REQ-08741,train
REQ-08742,train
REQ-08743,train
REQ-08744,train
REQ-08745,train
REQ-08746,train
REQ-08747,val
REQ-08748,train
REQ-08749,train
REQ-08750,train
REQ-08751,train
REQ-08752,train
REQ-08753,train
REQ-08754,val
REQ-08755,test
REQ-08756,train
REQ-08757,train
REQ-08758,train
REQ-08759,train
REQ-08760,train
REQ-08761,train
REQ-08762,train
REQ-08763,train
REQ-08764,train
REQ-08765,train
REQ-08766,train
REQ-08767,train
REQ-08768,train
REQ-08769,train
REQ-08770,train
REQ-08771,train
REQ-08772,train
REQ-08773,train
REQ-08774,test
REQ-08775,train
REQ-08776,train
REQ-08777,train
REQ-08778,train
REQ-08779,train
REQ-08780,train
REQ-08781,train
REQ-08782,train
REQ-08783,val
REQ-08784,train
REQ-08785,test
REQ-08786,train
REQ-08787,train
REQ-08788,train
REQ-08789,train
REQ-08790,train
REQ-08791,train
REQ-08792,train
REQ-08793,train
REQ-08794,train
REQ-08795,train
REQ-08796,train
REQ-08797,train
REQ-08798,val
REQ-08799,train
REQ-08800,train
REQ-08801,train
REQ-08802,train
REQ-08803,train
REQ-08804,train
REQ-08805,train
REQ-08806,val
REQ-08807,train
REQ-08808,test
REQ-08809,train
REQ-08810,train
REQ-08811,train
REQ-08812,val
REQ-08813,train
REQ-08814,train
REQ-08815,train
REQ-08816,test
REQ-08817,train
REQ-08818,train
REQ-08819,train
REQ-08820,train
REQ-08821,train
REQ-08822,train
REQ-08823,test
REQ-08824,train
REQ-08825,val
REQ-08826,train
REQ-08827,train
REQ-08828,train
REQ-08829,train
REQ-08830,train
REQ-08831,train
REQ-08832,train
REQ-08833,train
REQ-08834,val
REQ-08835,val
REQ-08836,train
REQ-08837,train
REQ-08838,train
REQ-08839,train
REQ-08840,train
REQ-08841,train
REQ-08842,train
REQ-08843,val
REQ-08844,train
REQ-08845,train
REQ-08846,train
REQ-08847,train
REQ-08848,train
REQ-08849,train
REQ-08850,train
REQ-08851,train
REQ-08852,val
REQ-08853,train
REQ-08854,train
REQ-08855,train
REQ-08856,train
REQ-08857,train
REQ-08858,train
REQ-08859,train
REQ-08860,train
REQ-08861,train
REQ-08862,test
REQ-08863,test
REQ-08864,train
REQ-08865,train
REQ-08866,train
REQ-08867,train
REQ-08868,train
REQ-08869,train
REQ-08870,train
REQ-08871,train
REQ-08872,train
REQ-08873,train
REQ-08874,train
REQ-08875,train
REQ-08876,train
REQ-08877,train
REQ-08878,train
REQ-08879,train
REQ-08880,test
REQ-08881,train
REQ-08882,train
REQ-08883,train
REQ-08884,train
REQ-08885,train
REQ-08886,train
REQ-08887,train
REQ-08888,train
REQ-08889,train
REQ-08890,train
REQ-08891,train
REQ-08892,train
REQ-08893,train
REQ-08894,val
REQ-08895,train
REQ-08896,train
REQ-08897,val
REQ-08898,train
REQ-08899,test
REQ-08900,train
REQ-08901,train
REQ-08902,train
REQ-08903,train
REQ-08904,val
REQ-08905,train
REQ-08906,train
REQ-08907,train
REQ-08908,train
REQ-08909,train
REQ-08910,train
REQ-08911,train
REQ-08912,train
REQ-08913,train
REQ-08914,train
REQ-08915,train
REQ-08916,train
REQ-08917,train
REQ-08918,train
REQ-08919,train
REQ-08920,train
REQ-08921,train
REQ-08922,train
REQ-08923,train
REQ-08924,train
REQ-08925,train
REQ-08926,train
REQ-08927,test
REQ-08928,train
REQ-08929,val
REQ-08930,train
REQ-08931,train
REQ-08932,train
REQ-08933,train
REQ-08934,train
REQ-08935,train
REQ-08936,val
REQ-08937,train
REQ-08938,train
REQ-08939,train
REQ-08940,train
REQ-08941,train
REQ-08942,test
REQ-08943,train
REQ-08944,train
REQ-08945,train
REQ-08946,val
REQ-08947,train
REQ-08948,train
REQ-08949,train
REQ-08950,train
REQ-08951,train
REQ-08952,test
REQ-08953,train
REQ-08954,train
REQ-08955,train
REQ-08956,train
REQ-08957,train
REQ-08958,train
REQ-08959,train
REQ-08960,train
REQ-08961,train
REQ-08962,test
REQ-08963,train
REQ-08964,train
REQ-08965,train
REQ-08966,train
REQ-08967,val
REQ-08968,train
REQ-08969,val
REQ-08970,train
REQ-08971,train
REQ-08972,train
REQ-08973,train
REQ-08974,train
REQ-08975,train
REQ-08976,train
REQ-08977,train
REQ-08978,train
REQ-08979,train
REQ-08980,train
REQ-08981,train
REQ-08982,train
REQ-08983,train
REQ-08984,val
REQ-08985,test
REQ-08986,train
REQ-08987,train
REQ-08988,train
REQ-08989,train
REQ-08990,train
REQ-08991,train
REQ-08992,train
REQ-08993,train
REQ-08994,train
REQ-08995,train
REQ-08996,train
REQ-08997,train
REQ-08998,val
REQ-08999,train
REQ-09000,train
REQ-09001,train
REQ-09002,train
REQ-09003,train
REQ-09004,train
REQ-09005,train
REQ-09006,train
REQ-09007,train
REQ-09008,train
REQ-09009,train
REQ-09010,train
REQ-09011,val
REQ-09012,train
REQ-09013,train
REQ-09014,train
REQ-09015,train
REQ-09016,train
REQ-09017,train
REQ-09018,train
REQ-09019,train
REQ-09020,train
REQ-09021,train
REQ-09022,train
REQ-09023,train
REQ-09024,train
REQ-09025,test
REQ-09026,train
REQ-09027,train
REQ-09028,val
REQ-09029,train
REQ-09030,train
REQ-09031,val
REQ-09032,train
REQ-09033,train
REQ-09034,train
REQ-09035,train
REQ-09036,train
REQ-09037,train
REQ-09038,train
REQ-09039,train
REQ-09040,train
REQ-09041,train
REQ-09042,val
REQ-09043,test
REQ-09044,train
REQ-09045,train
REQ-09046,test
REQ-09047,train
REQ-09048,train
REQ-09049,train
REQ-09050,val
REQ-09051,train
REQ-09052,train
REQ-09053,train
REQ-09054,train
REQ-09055,train
REQ-09056,train
REQ-09057,train
REQ-09058,train
REQ-09059,train
REQ-09060,train
REQ-09061,val
REQ-09062,test
REQ-09063,train
REQ-09064,train
REQ-09065,train
REQ-09066,train
REQ-09067,test
REQ-09068,train
REQ-09069,train
REQ-09070,val
REQ-09071,train
REQ-09072,test
REQ-09073,train
REQ-09074,train
REQ-09075,val
REQ-09076,train
REQ-09077,train
REQ-09078,train
REQ-09079,train
REQ-09080,train
REQ-09081,train
REQ-09082,train
REQ-09083,test
REQ-09084,val
REQ-09085,train
REQ-09086,train
REQ-09087,train
REQ-09088,train
REQ-09089,train
REQ-09090,test
REQ-09091,val
REQ-09092,train
REQ-09093,train
REQ-09094,train
REQ-09095,train
REQ-09096,train
REQ-09097,train
REQ-09098,train
REQ-09099,train
REQ-09100,train
REQ-09101,train
REQ-09102,train
REQ-09103,val
REQ-09104,train
REQ-09105,train
REQ-09106,train
REQ-09107,train
REQ-09108,train
REQ-09109,train
REQ-09110,train
REQ-09111,train
REQ-09112,test
REQ-09113,train
REQ-09114,test
REQ-09115,train
REQ-09116,train
REQ-09117,train
REQ-09118,test
REQ-09119,train
REQ-09120,train
REQ-09121,val
REQ-09122,test
REQ-09123,train
REQ-09124,train
REQ-09125,test
REQ-09126,train
REQ-09127,val
REQ-09128,train
REQ-09129,val
REQ-09130,train
REQ-09131,train
REQ-09132,train
REQ-09133,train
REQ-09134,train
REQ-09135,train
REQ-09136,train
REQ-09137,train
REQ-09138,train
REQ-09139,train
REQ-09140,train
REQ-09141,train
REQ-09142,train
REQ-09143,train
REQ-09144,train
REQ-09145,train
REQ-09146,train
REQ-09147,train
REQ-09148,train
REQ-09149,train
REQ-09150,train
REQ-09151,train
REQ-09152,train
REQ-09153,train
REQ-09154,train
REQ-09155,test
REQ-09156,train
REQ-09157,train
REQ-09158,train
REQ-09159,train
REQ-09160,test
REQ-09161,test
REQ-09162,train
REQ-09163,train
REQ-09164,val
REQ-09165,test
REQ-09166,train
REQ-09167,train
REQ-09168,train
REQ-09169,train
REQ-09170,train
REQ-09171,train
REQ-09172,train
REQ-09173,train
REQ-09174,train
REQ-09175,train
REQ-09176,train
REQ-09177,train
REQ-09178,train
REQ-09179,train
REQ-09180,train
REQ-09181,val
REQ-09182,val
REQ-09183,train
REQ-09184,train
REQ-09185,train
REQ-09186,train
REQ-09187,train
REQ-09188,test
REQ-09189,train
REQ-09190,train
REQ-09191,train
REQ-09192,val
REQ-09193,train
REQ-09194,train
REQ-09195,test
REQ-09196,test
REQ-09197,train
REQ-09198,test
REQ-09199,train
REQ-09200,train
REQ-09201,train
REQ-09202,val
REQ-09203,train
REQ-09204,test
REQ-09205,train
REQ-09206,train
REQ-09207,train
REQ-09208,train
REQ-09209,train
REQ-09210,train
REQ-09211,train
REQ-09212,train
REQ-09213,train
REQ-09214,train
REQ-09215,train
REQ-09216,train
REQ-09217,train
REQ-09218,train
REQ-09219,train
REQ-09220,train
REQ-09221,train
REQ-09222,test
REQ-09223,train
REQ-09224,train
REQ-09225,train
REQ-09226,train
REQ-09227,train
REQ-09228,val
REQ-09229,train
REQ-09230,train
REQ-09231,train
REQ-09232,train
REQ-09233,train
REQ-09234,train
REQ-09235,train
REQ-09236,test
REQ-09237,train
REQ-09238,train
REQ-09239,train
REQ-09240,train
REQ-09241,train
REQ-09242,train
REQ-09243,train
REQ-09244,train
REQ-09245,train
REQ-09246,train
REQ-09247,val
REQ-09248,train
REQ-09249,train
REQ-09250,test
REQ-09251,train
REQ-09252,train
REQ-09253,train
REQ-09254,train
REQ-09255,train
REQ-09256,val
REQ-09257,train
REQ-09258,train
REQ-09259,train
REQ-09260,train
REQ-09261,train
REQ-09262,train
REQ-09263,train
REQ-09264,train
REQ-09265,train
REQ-09266,train
REQ-09267,train
REQ-09268,train
REQ-09269,test
REQ-09270,train
REQ-09271,train
REQ-09272,train
REQ-09273,train
REQ-09274,val
REQ-09275,test
REQ-09276,train
REQ-09277,train
REQ-09278,train
REQ-09279,train
REQ-09280,train
REQ-09281,train
REQ-09282,train
REQ-09283,val
REQ-09284,train
REQ-09285,train
REQ-09286,train
REQ-09287,train
REQ-09288,train
REQ-09289,train
REQ-09290,train
REQ-09291,train
REQ-09292,train
REQ-09293,train
REQ-09294,train
REQ-09295,test
REQ-09296,val
REQ-09297,train
REQ-09298,train
REQ-09299,train
REQ-09300,train
REQ-09301,train
REQ-09302,test
REQ-09303,train
REQ-09304,train
REQ-09305,train
REQ-09306,train
REQ-09307,val
REQ-09308,val
REQ-09309,train
REQ-09310,train
REQ-09311,train
REQ-09312,val
REQ-09313,train
REQ-09314,train
REQ-09315,train
REQ-09316,val
REQ-09317,train
REQ-09318,train
REQ-09319,train
REQ-09320,train
REQ-09321,test
REQ-09322,train
REQ-09323,train
REQ-09324,test
REQ-09325,train
REQ-09326,train
REQ-09327,train
REQ-09328,train
REQ-09329,train
REQ-09330,train
REQ-09331,train
REQ-09332,train
REQ-09333,train
REQ-09334,train
REQ-09335,train
REQ-09336,train
REQ-09337,train
REQ-09338,train
REQ-09339,train
REQ-09340,train
REQ-09341,train
REQ-09342,train
REQ-09343,train
REQ-09344,test
REQ-09345,train
REQ-09346,train
REQ-09347,train
REQ-09348,test
REQ-09349,train
REQ-09350,train
REQ-09351,train
REQ-09352,test
REQ-09353,train
REQ-09354,train
REQ-09355,train
REQ-09356,train
REQ-09357,train
REQ-09358,train
REQ-09359,train
REQ-09360,train
REQ-09361,train
REQ-09362,train
REQ-09363,train
REQ-09364,train
REQ-09365,train
REQ-09366,train
REQ-09367,train
REQ-09368,train
REQ-09369,train
REQ-09370,train
REQ-09371,train
REQ-09372,train
REQ-09373,train
REQ-09374,train
REQ-09375,train
REQ-09376,train
REQ-09377,val
REQ-09378,train
REQ-09379,train
REQ-09380,val
REQ-09381,train
REQ-09382,train
REQ-09383,train
REQ-09384,train
REQ-09385,test
REQ-09386,train
REQ-09387,test
REQ-09388,train
REQ-09389,train
REQ-09390,train
REQ-09391,train
REQ-09392,train
REQ-09393,train
REQ-09394,train
REQ-09395,train
REQ-09396,train
REQ-09397,train
REQ-09398,val
REQ-09399,train
REQ-09400,train
REQ-09401,train
REQ-09402,train
REQ-09403,val
REQ-09404,train
REQ-09405,train
REQ-09406,train
REQ-09407,val
REQ-09408,train
REQ-09409,train
REQ-09410,train
REQ-09411,train
REQ-09412,train
REQ-09413,train
REQ-09414,train
REQ-09415,train
REQ-09416,train
REQ-09417,train
REQ-09418,train
REQ-09419,train
REQ-09420,test
REQ-09421,train
REQ-09422,train
REQ-09423,train
REQ-09424,train
REQ-09425,train
REQ-09426,train
REQ-09427,train
REQ-09428,val
REQ-09429,train
REQ-09430,train
REQ-09431,train
REQ-09432,train
REQ-09433,train
REQ-09434,train
REQ-09435,train
REQ-09436,train
REQ-09437,train
REQ-09438,train
REQ-09439,train
REQ-09440,train
REQ-09441,train
REQ-09442,train
REQ-09443,train
REQ-09444,train
REQ-09445,train
REQ-09446,train
REQ-09447,train
REQ-09448,train
REQ-09449,train
REQ-09450,train
REQ-09451,train
REQ-09452,train
REQ-09453,train
REQ-09454,train
REQ-09455,train
REQ-09456,train
REQ-09457,train
REQ-09458,train
REQ-09459,train
REQ-09460,test
REQ-09461,train
REQ-09462,train
REQ-09463,test
REQ-09464,train
REQ-09465,train
REQ-09466,train
REQ-09467,train
REQ-09468,train
REQ-09469,test
REQ-09470,train
REQ-09471,train
REQ-09472,train
REQ-09473,train
REQ-09474,train
REQ-09475,train
REQ-09476,train
REQ-09477,train
REQ-09478,train
REQ-09479,train
REQ-09480,train
REQ-09481,train
REQ-09482,val
REQ-09483,train
REQ-09484,train
REQ-09485,train
REQ-09486,train
REQ-09487,val
REQ-09488,train
REQ-09489,train
REQ-09490,train
REQ-09491,train
REQ-09492,train
REQ-09493,train
REQ-09494,test
REQ-09495,val
REQ-09496,train
REQ-09497,train
REQ-09498,train
REQ-09499,train
REQ-09500,test
REQ-09501,val
REQ-09502,train
REQ-09503,train
REQ-09504,train
REQ-09505,train
REQ-09506,train
REQ-09507,train
REQ-09508,train
REQ-09509,test
REQ-09510,train
REQ-09511,train
REQ-09512,train
REQ-09513,train
REQ-09514,train
REQ-09515,test
REQ-09516,test
REQ-09517,train
REQ-09518,train
REQ-09519,train
REQ-09520,train
REQ-09521,test
REQ-09522,test
REQ-09523,train
REQ-09524,test
REQ-09525,train
REQ-09526,train
REQ-09527,test
REQ-09528,train
REQ-09529,train
REQ-09530,train
REQ-09531,train
REQ-09532,train
REQ-09533,train
REQ-09534,train
REQ-09535,train
REQ-09536,train
REQ-09537,train
REQ-09538,train
REQ-09539,test
REQ-09540,train
REQ-09541,train
REQ-09542,train
REQ-09543,test
REQ-09544,train
REQ-09545,train
REQ-09546,train
REQ-09547,train
REQ-09548,train
REQ-09549,val
REQ-09550,train
REQ-09551,train
REQ-09552,test
REQ-09553,train
REQ-09554,val
REQ-09555,train
REQ-09556,train
REQ-09557,train
REQ-09558,train
REQ-09559,train
REQ-09560,train
REQ-09561,train
REQ-09562,test
REQ-09563,train
REQ-09564,train
REQ-09565,train
REQ-09566,train
REQ-09567,train
REQ-09568,train
REQ-09569,train
REQ-09570,train
REQ-09571,train
REQ-09572,train
REQ-09573,train
REQ-09574,train
REQ-09575,test
REQ-09576,train
REQ-09577,train
REQ-09578,train
REQ-09579,train
REQ-09580,train
REQ-09581,train
REQ-09582,train
REQ-09583,train
REQ-09584,train
REQ-09585,train
REQ-09586,val
REQ-09587,train
REQ-09588,train
REQ-09589,train
REQ-09590,train
REQ-09591,train
REQ-09592,train
REQ-09593,train
REQ-09594,val
REQ-09595,train
REQ-09596,train
REQ-09597,train
REQ-09598,val
REQ-09599,train
REQ-09600,train
REQ-09601,train
REQ-09602,train
REQ-09603,train
REQ-09604,train
REQ-09605,train
REQ-09606,train
REQ-09607,val
REQ-09608,train
REQ-09609,test
REQ-09610,train
REQ-09611,train
REQ-09612,train
REQ-09613,train
REQ-09614,train
REQ-09615,train
REQ-09616,val
REQ-09617,val
REQ-09618,train
REQ-09619,train
REQ-09620,train
REQ-09621,train
REQ-09622,train
REQ-09623,test
REQ-09624,train
REQ-09625,train
REQ-09626,train
REQ-09627,train
REQ-09628,train
REQ-09629,train
REQ-09630,train
REQ-09631,train
REQ-09632,train
REQ-09633,val
REQ-09634,train
REQ-09635,train
REQ-09636,test
REQ-09637,train
REQ-09638,train
REQ-09639,train
REQ-09640,train
REQ-09641,train
REQ-09642,train
REQ-09643,val
REQ-09644,train
REQ-09645,test
REQ-09646,train
REQ-09647,train
REQ-09648,train
REQ-09649,test
REQ-09650,train
REQ-09651,train
REQ-09652,train
REQ-09653,train
REQ-09654,train
REQ-09655,train
REQ-09656,train
REQ-09657,train
REQ-09658,train
REQ-09659,train
REQ-09660,train
REQ-09661,test
REQ-09662,train
REQ-09663,train
REQ-09664,train
REQ-09665,train
REQ-09666,val
REQ-09667,train
REQ-09668,train
REQ-09669,train
REQ-09670,train
REQ-09671,train
REQ-09672,train
REQ-09673,train
REQ-09674,train
REQ-09675,train
REQ-09676,train
REQ-09677,test
REQ-09678,train
REQ-09679,train
REQ-09680,train
REQ-09681,train
REQ-09682,train
REQ-09683,train
REQ-09684,train
REQ-09685,test
REQ-09686,train
REQ-09687,train
REQ-09688,train
REQ-09689,train
REQ-09690,train
REQ-09691,train
REQ-09692,train
REQ-09693,train
REQ-09694,val
REQ-09695,val
REQ-09696,train
REQ-09697,train
REQ-09698,train
REQ-09699,train
REQ-09700,train
REQ-09701,train
REQ-09702,test
REQ-09703,val
REQ-09704,train
REQ-09705,train
REQ-09706,train
REQ-09707,val
REQ-09708,train
REQ-09709,train
REQ-09710,train
REQ-09711,train
REQ-09712,train
REQ-09713,train
REQ-09714,train
REQ-09715,train
REQ-09716,train
REQ-09717,train
REQ-09718,train
REQ-09719,train
REQ-09720,train
REQ-09721,train
REQ-09722,val
REQ-09723,train
REQ-09724,train
REQ-09725,train
REQ-09726,val
REQ-09727,val
REQ-09728,train
REQ-09729,val
REQ-09730,train
REQ-09731,test
REQ-09732,train
REQ-09733,train
REQ-09734,train
REQ-09735,train
REQ-09736,train
REQ-09737,test
REQ-09738,test
REQ-09739,train
REQ-09740,train
REQ-09741,train
REQ-09742,train
REQ-09743,train
REQ-09744,train
REQ-09745,train
REQ-09746,train
REQ-09747,train
REQ-09748,train
REQ-09749,train
REQ-09750,train
REQ-09751,train
REQ-09752,val
REQ-09753,train
REQ-09754,train
REQ-09755,train
REQ-09756,train
REQ-09757,train
REQ-09758,test
REQ-09759,train
REQ-09760,val
REQ-09761,train
REQ-09762,test
REQ-09763,train
REQ-09764,train
REQ-09765,train
REQ-09766,train
REQ-09767,test
REQ-09768,train
REQ-09769,train
REQ-09770,train
REQ-09771,train
REQ-09772,test
REQ-09773,train
REQ-09774,train
REQ-09775,train
REQ-09776,train
REQ-09777,test
REQ-09778,val
REQ-09779,train
REQ-09780,train
REQ-09781,train
REQ-09782,test
REQ-09783,train
REQ-09784,train
REQ-09785,train
REQ-09786,train
REQ-09787,train
REQ-09788,train
REQ-09789,val
REQ-09790,train
REQ-09791,train
REQ-09792,train
REQ-09793,train
REQ-09794,train
REQ-09795,train
REQ-09796,val
REQ-09797,train
REQ-09798,train
REQ-09799,val
REQ-09800,val
REQ-09801,train
REQ-09802,val
REQ-09803,train
REQ-09804,test
REQ-09805,train
REQ-09806,train
REQ-09807,train
REQ-09808,train
REQ-09809,train
REQ-09810,test
REQ-09811,train
REQ-09812,train
REQ-09813,train
REQ-09814,train
REQ-09815,train
REQ-09816,val
REQ-09817,test
REQ-09818,train
REQ-09819,val
REQ-09820,val
REQ-09821,train
REQ-09822,train
REQ-09823,train
REQ-09824,train
REQ-09825,train
REQ-09826,train
REQ-09827,test
REQ-09828,train
REQ-09829,train
REQ-09830,train
REQ-09831,train
REQ-09832,train
REQ-09833,test
REQ-09834,train
REQ-09835,train
REQ-09836,train
REQ-09837,train
REQ-09838,test
REQ-09839,train
REQ-09840,train
REQ-09841,train
REQ-09842,train
REQ-09843,train
REQ-09844,val
REQ-09845,train
REQ-09846,val
REQ-09847,train
REQ-09848,test
REQ-09849,train
REQ-09850,train
REQ-09851,train
REQ-09852,test
REQ-09853,train
REQ-09854,train
REQ-09855,train
REQ-09856,train
REQ-09857,val
REQ-09858,train
REQ-09859,test
REQ-09860,train
REQ-09861,train
REQ-09862,train
REQ-09863,train
REQ-09864,train
REQ-09865,train
REQ-09866,train
REQ-09867,train
REQ-09868,train
REQ-09869,train
REQ-09870,train
REQ-09871,train
REQ-09872,train
REQ-09873,val
REQ-09874,train
REQ-09875,train
REQ-09876,train
REQ-09877,train
REQ-09878,train
REQ-09879,train
REQ-09880,train
REQ-09881,test
REQ-09882,train
REQ-09883,train
REQ-09884,train
REQ-09885,val
REQ-09886,train
REQ-09887,train
REQ-09888,train
REQ-09889,train
REQ-09890,train
REQ-09891,train
REQ-09892,train
REQ-09893,train
REQ-09894,train
REQ-09895,train
REQ-09896,train
REQ-09897,test
REQ-09898,train
REQ-09899,train
REQ-09900,train
REQ-09901,train
REQ-09902,test
REQ-09903,train
REQ-09904,val
REQ-09905,test
REQ-09906,train
REQ-09907,train
REQ-09908,train
REQ-09909,train
REQ-09910,train
REQ-09911,train
REQ-09912,train
REQ-09913,train
REQ-09914,val
REQ-09915,train
REQ-09916,train
REQ-09917,train
REQ-09918,train
REQ-09919,train
REQ-09920,train
REQ-09921,train
REQ-09922,test
REQ-09923,train
REQ-09924,train
REQ-09925,train
REQ-09926,val
REQ-09927,train
REQ-09928,train
REQ-09929,train
REQ-09930,test
REQ-09931,val
REQ-09932,train
REQ-09933,train
REQ-09934,train
REQ-09935,train
REQ-09936,test
REQ-09937,train
REQ-09938,val
REQ-09939,train
REQ-09940,train
REQ-09941,test
REQ-09942,val
REQ-09943,train
REQ-09944,train
REQ-09945,train
REQ-09946,train
REQ-09947,train
REQ-09948,train
REQ-09949,train
REQ-09950,train
REQ-09951,train
REQ-09952,train
REQ-09953,test
REQ-09954,train
REQ-09955,train
REQ-09956,train
REQ-09957,train
REQ-09958,train
REQ-09959,train
REQ-09960,train
REQ-09961,train
REQ-09962,train
REQ-09963,train
REQ-09964,train
REQ-09965,test
REQ-09966,train
REQ-09967,train
REQ-09968,train
REQ-09969,train
REQ-09970,train
REQ-09971,train
REQ-09972,train
REQ-09973,train
REQ-09974,train
REQ-09975,train
REQ-09976,train
REQ-09977,train
REQ-09978,train
REQ-09979,train
REQ-09980,train
REQ-09981,train
REQ-09982,train
REQ-09983,train
REQ-09984,val
REQ-09985,train
REQ-09986,train
REQ-09987,train
REQ-09988,train
REQ-09989,train
REQ-09990,train
REQ-09991,train
REQ-09992,train
REQ-09993,train
REQ-09994,train
REQ-09995,train
REQ-09996,train
REQ-09997,train
REQ-09998,train
REQ-09999,train
REQ-10000,train
REQ-AUG-0001,train
REQ-AUG-0002,train
REQ-AUG-0003,train
REQ-AUG-0004,train
REQ-AUG-0005,train
REQ-AUG-0006,train
REQ-AUG-0007,train
REQ-AUG-0008,train
REQ-AUG-0009,train
REQ-AUG-0010,train
REQ-AUG-0011,train
REQ-AUG-0012,train
REQ-AUG-0013,train
REQ-AUG-0014,train
REQ-AUG-0015,train
REQ-AUG-0016,train
REQ-AUG-0017,train
REQ-AUG-0018,train
REQ-AUG-0019,train
REQ-AUG-0020,train
REQ-AUG-0021,train
REQ-AUG-0022,train
REQ-AUG-0023,train
REQ-AUG-0024,train
REQ-AUG-0025,train
REQ-AUG-0026,train
REQ-AUG-0027,train
REQ-AUG-0028,train
REQ-AUG-0029,train
REQ-AUG-0030,train
REQ-AUG-0031,train
REQ-AUG-0032,train
REQ-AUG-0033,train
REQ-AUG-0034,train
REQ-AUG-0035,train
REQ-AUG-0036,train
REQ-AUG-0037,train
REQ-AUG-0038,train
REQ-AUG-0039,train
REQ-AUG-0040,train
REQ-AUG-0041,train
REQ-AUG-0042,train
REQ-AUG-0043,train
REQ-AUG-0044,train
REQ-AUG-0045,train
REQ-AUG-0046,train
REQ-AUG-0047,train
REQ-AUG-0048,train
REQ-AUG-0049,train
REQ-AUG-0050,train
REQ-AUG-0051,train
REQ-AUG-0052,train
REQ-AUG-0053,train
REQ-AUG-0054,train
REQ-AUG-0055,train
REQ-AUG-0056,train
REQ-AUG-0057,train
REQ-AUG-0058,train
REQ-AUG-0059,train
REQ-AUG-0060,train
REQ-AUG-0061,train
REQ-AUG-0062,train
REQ-AUG-0063,train
REQ-AUG-0064,train
REQ-AUG-0065,train
REQ-AUG-0066,train
REQ-AUG-0067,train
REQ-AUG-0068,train
REQ-AUG-0069,train
REQ-AUG-0070,train
REQ-AUG-0071,train
REQ-AUG-0072,train
REQ-AUG-0073,train
REQ-AUG-0074,train
REQ-AUG-0075,train
REQ-AUG-0076,train
REQ-AUG-0077,train
REQ-AUG-0078,train
REQ-AUG-0079,train
REQ-AUG-0080,train
REQ-AUG-0081,train
REQ-AUG-0082,train
REQ-AUG-0083,train
REQ-AUG-0084,train
REQ-AUG-0085,train
REQ-AUG-0086,train
REQ-AUG-0087,train
REQ-AUG-0088,train
REQ-AUG-0089,train
REQ-AUG-0090,train
REQ-AUG-0091,train
REQ-AUG-0092,train
REQ-AUG-0093,train
REQ-AUG-0094,train
REQ-AUG-0095,train
REQ-AUG-0096,train
REQ-AUG-0097,train
REQ-AUG-0098,train
REQ-AUG-0099,train
REQ-AUG-0100,train
REQ-AUG-0101,train
REQ-AUG-0102,train
REQ-AUG-0103,train
REQ-AUG-0104,train
REQ-AUG-0105,train
REQ-AUG-0106,train
REQ-AUG-0107,train
REQ-AUG-0108,train
REQ-AUG-0109,train
REQ-AUG-0110,train
REQ-AUG-0111,train
REQ-AUG-0112,train
REQ-AUG-0113,train
REQ-AUG-0114,train
REQ-AUG-0115,train
REQ-AUG-0116,train
REQ-AUG-0117,train
REQ-AUG-0118,train
REQ-AUG-0119,train
REQ-AUG-0120,train
REQ-AUG-0121,train
REQ-AUG-0122,train
REQ-AUG-0123,train
REQ-AUG-0124,train
REQ-AUG-0125,train
REQ-AUG-0126,train
REQ-AUG-0127,train
REQ-AUG-0128,train
REQ-AUG-0129,train
REQ-AUG-0130,train
REQ-AUG-0131,train
REQ-AUG-0132,train
REQ-AUG-0133,train
REQ-AUG-0134,train
REQ-AUG-0135,train
REQ-AUG-0136,train
REQ-AUG-0137,train
REQ-AUG-0138,train
REQ-AUG-0139,train
REQ-AUG-0140,train
REQ-AUG-0141,train
REQ-AUG-0142,train
REQ-AUG-0143,train
REQ-AUG-0144,train
REQ-AUG-0145,train
REQ-AUG-0146,train
REQ-AUG-0147,train
REQ-AUG-0148,train
REQ-AUG-0149,train
REQ-AUG-0150,train
REQ-AUG-0151,train
REQ-AUG-0152,train
REQ-AUG-0153,train
REQ-AUG-0154,train
REQ-AUG-0155,train
REQ-AUG-0156,train
REQ-AUG-0157,train
REQ-AUG-0158,train
REQ-AUG-0159,train
REQ-AUG-0160,train
REQ-AUG-0161,train
REQ-AUG-0162,train
REQ-AUG-0163,train
REQ-AUG-0164,train
REQ-AUG-0165,train
REQ-AUG-0166,train
REQ-AUG-0167,train
REQ-AUG-0168,train
REQ-AUG-0169,train
REQ-AUG-0170,train
REQ-AUG-0171,train
REQ-AUG-0172,train
REQ-AUG-0173,train
REQ-AUG-0174,train
REQ-AUG-0175,train
REQ-AUG-0176,train
REQ-AUG-0177,train
REQ-AUG-0178,train
REQ-AUG-0179,train
REQ-AUG-0180,train
REQ-AUG-0181,train
REQ-AUG-0182,train
REQ-AUG-0183,train
REQ-AUG-0184,train
REQ-AUG-0185,train
REQ-AUG-0186,train
REQ-AUG-0187,train
REQ-AUG-0188,train
REQ-AUG-0189,train
REQ-AUG-0190,train
REQ-AUG-0191,train
REQ-AUG-0192,train
REQ-AUG-0193,train
REQ-AUG-0194,train
REQ-AUG-0195,train
REQ-AUG-0196,train
REQ-AUG-0197,train
REQ-AUG-0198,train
REQ-AUG-0199,train
REQ-AUG-0200,train
REQ-AUG-0201,train
REQ-AUG-0202,train
REQ-AUG-0203,train
REQ-AUG-0204,train
REQ-AUG-0205,train
REQ-AUG-0206,train
REQ-AUG-0207,train
REQ-AUG-0208,train
REQ-AUG-0209,train
REQ-AUG-0210,train
REQ-AUG-0211,train
REQ-AUG-0212,train
REQ-AUG-0213,train
REQ-AUG-0214,train
REQ-AUG-0215,train
REQ-AUG-0216,train
REQ-AUG-0217,train
REQ-AUG-0218,train
REQ-AUG-0219,train
REQ-AUG-0220,train
REQ-AUG-0221,train
REQ-AUG-0222,train
REQ-AUG-0223,train
REQ-AUG-0224,train
REQ-AUG-0225,train
REQ-AUG-0226,train
REQ-AUG-0227,train
REQ-AUG-0228,train
REQ-AUG-0229,train
REQ-AUG-0230,train
REQ-AUG-0231,train
REQ-AUG-0232,train
REQ-AUG-0233,train
REQ-AUG-0234,train
REQ-AUG-0235,train
REQ-AUG-0236,train
REQ-AUG-0237,train
REQ-AUG-0238,train
REQ-AUG-0239,train
REQ-AUG-0240,train
REQ-AUG-0241,train
REQ-AUG-0242,train
REQ-AUG-0243,train
REQ-AUG-0244,train
REQ-AUG-0245,train
REQ-AUG-0246,train
REQ-AUG-0247,train
REQ-AUG-0248,train
REQ-AUG-0249,train
REQ-AUG-0250,train
REQ-AUG-0251,train
REQ-AUG-0252,train
REQ-AUG-0253,train
REQ-AUG-0254,train
REQ-AUG-0255,train
REQ-AUG-0256,train
REQ-AUG-0257,train
REQ-AUG-0258,train
REQ-AUG-0259,train
REQ-AUG-0260,train
REQ-AUG-0261,train
REQ-AUG-0262,train
REQ-AUG-0263,train
REQ-AUG-0264,train
REQ-AUG-0265,train
REQ-AUG-0266,train
REQ-AUG-0267,train
REQ-AUG-0268,train
REQ-AUG-0269,train
REQ-AUG-0270,train
REQ-AUG-0271,train
REQ-AUG-0272,train
REQ-AUG-0273,train
REQ-AUG-0274,train
REQ-AUG-0275,train
REQ-AUG-0276,train
REQ-AUG-0277,train
REQ-AUG-0278,train
REQ-AUG-0279,train
REQ-AUG-0280,train
REQ-AUG-0281,train
REQ-AUG-0282,train
REQ-AUG-0283,train
REQ-AUG-0284,train
REQ-AUG-0285,train
REQ-AUG-0286,train
REQ-AUG-0287,train
REQ-AUG-0288,train
REQ-AUG-0289,train
REQ-AUG-0290,train
REQ-AUG-0291,train
REQ-AUG-0292,train
REQ-AUG-0293,train
REQ-AUG-0294,train
REQ-AUG-0295,train
REQ-AUG-0296,train
REQ-AUG-0297,train
REQ-AUG-0298,train
REQ-AUG-0299,train
REQ-AUG-0300,train
REQ-AUG-0301,train
REQ-AUG-0302,train
REQ-AUG-0303,train
REQ-AUG-0304,train
REQ-AUG-0305,train
REQ-AUG-0306,train
REQ-AUG-0307,train
REQ-AUG-0308,train
REQ-AUG-0309,train
REQ-AUG-0310,train
REQ-AUG-0311,train
REQ-AUG-0312,train
REQ-AUG-0313,train
REQ-AUG-0314,train
REQ-AUG-0315,train
REQ-AUG-0316,train
REQ-AUG-0317,train
REQ-AUG-0318,train
REQ-AUG-0319,train
REQ-AUG-0320,train
REQ-AUG-0321,train
REQ-AUG-0322,train
REQ-AUG-0323,train
REQ-AUG-0324,train
REQ-AUG-0325,train
REQ-AUG-0326,train
REQ-AUG-0327,train
REQ-AUG-0328,train
REQ-AUG-0329,train
REQ-AUG-0330,train
REQ-AUG-0331,train
REQ-AUG-0332,train
REQ-AUG-0333,train
REQ-AUG-0334,train
REQ-AUG-0335,train
REQ-AUG-0336,train
REQ-AUG-0337,train
REQ-AUG-0338,train
REQ-AUG-0339,train
REQ-AUG-0340,train
REQ-AUG-0341,train
REQ-AUG-0342,train
REQ-AUG-0343,train
REQ-AUG-0344,train
REQ-AUG-0345,train
REQ-AUG-0346,train
REQ-AUG-0347,train
REQ-AUG-0348,train
REQ-AUG-0349,train
REQ-AUG-0350,train
REQ-AUG-0351,train
REQ-AUG-0352,train
REQ-AUG-0353,train
REQ-AUG-0354,train
REQ-AUG-0355,train
REQ-AUG-0356,train
REQ-AUG-0357,train
REQ-AUG-0358,train
REQ-AUG-0359,train
REQ-AUG-0360,train
REQ-AUG-0361,train
REQ-AUG-0362,train
REQ-AUG-0363,train
REQ-AUG-0364,train
REQ-AUG-0365,train
REQ-AUG-0366,train
REQ-AUG-0367,train
REQ-AUG-0368,train
REQ-AUG-0369,train
REQ-AUG-0370,train
REQ-AUG-0371,train
REQ-AUG-0372,train
REQ-AUG-0373,train
REQ-AUG-0374,train
REQ-AUG-0375,train
REQ-AUG-0376,train
REQ-AUG-0377,train
REQ-AUG-0378,train
REQ-AUG-0379,train
REQ-AUG-0380,train
REQ-AUG-0381,train
REQ-AUG-0382,train
REQ-AUG-0383,train
REQ-AUG-0384,train
REQ-AUG-0385,train
REQ-AUG-0386,train
REQ-AUG-0387,train
REQ-AUG-0388,train
REQ-AUG-0389,train
REQ-AUG-0390,train
REQ-AUG-0391,train
REQ-AUG-0392,train
REQ-AUG-0393,train
REQ-AUG-0394,train
REQ-AUG-0395,train
REQ-AUG-0396,train
REQ-AUG-0397,train
REQ-AUG-0398,train
REQ-AUG-0399,train
REQ-AUG-0400,train
REQ-AUG-0401,train
REQ-AUG-0402,train
REQ-AUG-0403,train
REQ-AUG-0404,train
REQ-AUG-0405,train
REQ-AUG-0406,train
REQ-AUG-0407,train
REQ-AUG-0408,train
REQ-AUG-0409,train
REQ-AUG-0410,train
REQ-AUG-0411,train
REQ-AUG-0412,train
REQ-AUG-0413,train
REQ-AUG-0414,train
REQ-AUG-0415,train
REQ-AUG-0416,train
REQ-AUG-0417,train
REQ-AUG-0418,train
REQ-AUG-0419,train
REQ-AUG-0420,train
REQ-AUG-0421,train
REQ-AUG-0422,train
REQ-AUG-0423,train
REQ-AUG-0424,train
REQ-AUG-0425,train
REQ-AUG-0426,train
REQ-AUG-0427,train
REQ-AUG-0428,train
REQ-AUG-0429,train
REQ-AUG-0430,train
REQ-AUG-0431,train
REQ-AUG-0432,train
REQ-AUG-0433,train
REQ-AUG-0434,train
REQ-AUG-0435,train
REQ-AUG-0436,train
REQ-AUG-0437,train
REQ-AUG-0438,train
REQ-AUG-0439,train
REQ-AUG-0440,train
REQ-AUG-0441,train
REQ-AUG-0442,train
REQ-AUG-0443,train
REQ-AUG-0444,train
REQ-AUG-0445,train
REQ-AUG-0446,train
REQ-AUG-0447,train
REQ-AUG-0448,train
REQ-AUG-0449,train
REQ-AUG-0450,train
REQ-AUG-0451,train
REQ-AUG-0452,train
REQ-AUG-0453,train
REQ-AUG-0454,train
REQ-AUG-0455,train
REQ-AUG-0456,train
REQ-AUG-0457,train
REQ-AUG-0458,train
REQ-AUG-0459,train
REQ-AUG-0460,train
REQ-AUG-0461,train
REQ-AUG-0462,train
REQ-AUG-0463,train
REQ-AUG-0464,train
REQ-AUG-0465,train
REQ-AUG-0466,train
REQ-AUG-0467,train
REQ-AUG-0468,train
REQ-AUG-0469,train
REQ-AUG-0470,train
REQ-AUG-0471,train
REQ-AUG-0472,train
REQ-AUG-0473,train
REQ-AUG-0474,train
REQ-AUG-0475,train
REQ-AUG-0476,train
REQ-AUG-0477,train
REQ-AUG-0478,train
REQ-AUG-0479,train
REQ-AUG-0480,train
REQ-AUG-0481,train
REQ-AUG-0482,train
REQ-AUG-0483,train
REQ-AUG-0484,train
REQ-AUG-0485,train
REQ-AUG-0486,train
REQ-AUG-0487,train
REQ-AUG-0488,train
REQ-AUG-0489,train
REQ-AUG-0490,train
REQ-AUG-0491,train
REQ-AUG-0492,train
REQ-AUG-0493,train
REQ-AUG-0494,train
REQ-AUG-0495,train
REQ-AUG-0496,train
REQ-AUG-0497,train
REQ-AUG-0498,train
REQ-AUG-0499,train
REQ-AUG-0500,train
REQ-AUG-0501,train
REQ-AUG-0502,train
REQ-AUG-0503,train
REQ-AUG-0504,train
REQ-AUG-0505,train
REQ-AUG-0506,train
REQ-AUG-0507,train
REQ-AUG-0508,train
REQ-AUG-0509,train
REQ-AUG-0510,train
REQ-AUG-0511,train
REQ-AUG-0512,train
REQ-AUG-0513,train
REQ-AUG-0514,train
REQ-AUG-0515,train
REQ-AUG-0516,train
REQ-AUG-0517,train
REQ-AUG-0518,train
REQ-AUG-0519,train
REQ-AUG-0520,train
REQ-AUG-0521,train
REQ-AUG-0522,train
REQ-AUG-0523,train
REQ-AUG-0524,train
REQ-AUG-0525,train
REQ-AUG-0526,train
REQ-AUG-0527,train
REQ-AUG-0528,train
REQ-AUG-0529,train
REQ-AUG-0530,train
REQ-AUG-0531,train
REQ-AUG-0532,train
REQ-AUG-0533,train
REQ-AUG-0534,train
REQ-AUG-0535,train
REQ-AUG-0536,train
REQ-AUG-0537,train
REQ-AUG-0538,train
REQ-AUG-0539,train
REQ-AUG-0540,train
REQ-AUG-0541,train
REQ-AUG-0542,train
REQ-AUG-0543,train
REQ-AUG-0544,train
REQ-AUG-0545,train
REQ-AUG-0546,train
REQ-AUG-0547,train
REQ-AUG-0548,train
REQ-AUG-0549,train
REQ-AUG-0550,train
REQ-AUG-0551,train
REQ-AUG-0552,train
REQ-AUG-0553,train
REQ-AUG-0554,train
REQ-AUG-0555,train
REQ-AUG-0556,train
REQ-AUG-0557,train
REQ-AUG-0558,train
REQ-AUG-0559,train
REQ-AUG-0560,train
REQ-AUG-0561,train
REQ-AUG-0562,train
REQ-AUG-0563,train
REQ-AUG-0564,train
REQ-AUG-0565,train
REQ-AUG-0566,train
REQ-AUG-0567,train
REQ-AUG-0568,train
REQ-AUG-0569,train
REQ-AUG-0570,train
REQ-AUG-0571,train
REQ-AUG-0572,train
REQ-AUG-0573,train
REQ-AUG-0574,train
REQ-AUG-0575,train
REQ-AUG-0576,train
REQ-AUG-0577,train
REQ-AUG-0578,train
REQ-AUG-0579,train
REQ-AUG-0580,train
REQ-AUG-0581,train
REQ-AUG-0582,train
REQ-AUG-0583,train
REQ-AUG-0584,train
REQ-AUG-0585,train
REQ-AUG-0586,train
REQ-AUG-0587,train
REQ-AUG-0588,train
REQ-AUG-0589,train
REQ-AUG-0590,train
REQ-AUG-0591,train
REQ-AUG-0592,train
REQ-AUG-0593,train
REQ-AUG-0594,train
REQ-AUG-0595,train
REQ-AUG-0596,train
REQ-AUG-0597,train
REQ-AUG-0598,train
REQ-AUG-0599,train
REQ-AUG-0600,train
REQ-AUG-0601,train
REQ-AUG-0602,train
REQ-AUG-0603,train
REQ-AUG-0604,train
REQ-AUG-0605,train
REQ-AUG-0606,train
REQ-AUG-0607,train
REQ-AUG-0608,train
REQ-AUG-0609,train
REQ-AUG-0610,train
REQ-AUG-0611,train
REQ-AUG-0612,train
REQ-AUG-0613,train
REQ-AUG-0614,train
REQ-AUG-0615,train
REQ-AUG-0616,train
REQ-AUG-0617,train
REQ-AUG-0618,train
REQ-AUG-0619,train
REQ-AUG-0620,train
REQ-AUG-0621,train
REQ-AUG-0622,train
REQ-AUG-0623,train
REQ-AUG-0624,train
REQ-AUG-0625,train
REQ-AUG-0626,train
REQ-AUG-0627,train
REQ-AUG-0628,train
REQ-AUG-0629,train
REQ-AUG-0630,train
REQ-AUG-0631,train
REQ-AUG-0632,train
REQ-AUG-0633,train
REQ-AUG-0634,train
REQ-AUG-0635,train
REQ-AUG-0636,train
REQ-AUG-0637,train
REQ-AUG-0638,train
REQ-AUG-0639,train
REQ-AUG-0640,train
REQ-AUG-0641,train
REQ-AUG-0642,train
REQ-AUG-0643,train
REQ-AUG-0644,train
REQ-AUG-0645,train
REQ-AUG-0646,train
REQ-AUG-0647,train
REQ-AUG-0648,train
REQ-AUG-0649,train
REQ-AUG-0650,train
REQ-AUG-0651,train
REQ-AUG-0652,train
REQ-AUG-0653,train
REQ-AUG-0654,train
REQ-AUG-0655,train
REQ-AUG-0656,train
REQ-AUG-0657,train
REQ-AUG-0658,train
REQ-AUG-0659,train
REQ-AUG-0660,train
REQ-AUG-0661,train
REQ-AUG-0662,train
REQ-AUG-0663,train
REQ-AUG-0664,train
REQ-AUG-0665,train
REQ-AUG-0666,train
REQ-AUG-0667,train
REQ-AUG-0668,train
REQ-AUG-0669,train
REQ-AUG-0670,train
REQ-AUG-0671,train
REQ-AUG-0672,train
REQ-AUG-0673,train
REQ-AUG-0674,train
REQ-AUG-0675,train
REQ-AUG-0676,train
REQ-AUG-0677,train
REQ-AUG-0678,train
REQ-AUG-0679,train
REQ-AUG-0680,train
REQ-AUG-0681,train
REQ-AUG-0682,train
REQ-AUG-0683,train
REQ-AUG-0684,train
REQ-AUG-0685,train
REQ-AUG-0686,train
REQ-AUG-0687,train
REQ-AUG-0688,train
REQ-AUG-0689,train
REQ-AUG-0690,train
REQ-AUG-0691,train
REQ-AUG-0692,train
REQ-AUG-0693,train
REQ-AUG-0694,train
REQ-AUG-0695,train
REQ-AUG-0696,train
REQ-AUG-0697,train
REQ-AUG-0698,train
REQ-AUG-0699,train
REQ-AUG-0700,train
REQ-AUG-0701,train
REQ-AUG-0702,train
REQ-AUG-0703,train
REQ-AUG-0704,train
REQ-AUG-0705,train
REQ-AUG-0706,train
REQ-AUG-0707,train
REQ-AUG-0708,train
REQ-AUG-0709,train
REQ-AUG-0710,train
REQ-AUG-0711,train
REQ-AUG-0712,train
REQ-AUG-0713,train
REQ-AUG-0714,train
REQ-AUG-0715,train
REQ-AUG-0716,train
REQ-AUG-0717,train
REQ-AUG-0718,train
REQ-AUG-0719,train
REQ-AUG-0720,train
REQ-AUG-0721,train
REQ-AUG-0722,train
REQ-AUG-0723,train
REQ-AUG-0724,train
REQ-AUG-0725,train
REQ-AUG-0726,train
REQ-AUG-0727,train
REQ-AUG-0728,train
REQ-AUG-0729,train
REQ-AUG-0730,train
REQ-AUG-0731,train
REQ-AUG-0732,train
REQ-AUG-0733,train
REQ-AUG-0734,train
REQ-AUG-0735,train
REQ-AUG-0736,train
REQ-AUG-0737,train
REQ-AUG-0738,train
REQ-AUG-0739,train
REQ-AUG-0740,train
REQ-AUG-0741,train
REQ-AUG-0742,train
REQ-AUG-0743,train
REQ-AUG-0744,train
REQ-AUG-0745,train
REQ-AUG-0746,train
REQ-AUG-0747,train
REQ-AUG-0748,train
REQ-AUG-0749,train
REQ-AUG-0750,train
REQ-AUG-0751,train
REQ-AUG-0752,train
REQ-AUG-0753,train
REQ-AUG-0754,train
REQ-AUG-0755,train
REQ-AUG-0756,train
REQ-AUG-0757,train
REQ-AUG-0758,train
REQ-AUG-0759,train
REQ-AUG-0760,train
REQ-AUG-0761,train
REQ-AUG-0762,train
REQ-AUG-0763,train
REQ-AUG-0764,train
REQ-AUG-0765,train
REQ-AUG-0766,train
REQ-AUG-0767,train
REQ-AUG-0768,train
REQ-AUG-0769,train
REQ-AUG-0770,train
REQ-AUG-0771,train
REQ-AUG-0772,train
REQ-AUG-0773,train
REQ-AUG-0774,train
REQ-AUG-0775,train
REQ-AUG-0776,train
REQ-AUG-0777,train
REQ-AUG-0778,train
REQ-AUG-0779,train
REQ-AUG-0780,train
REQ-AUG-0781,train
REQ-AUG-0782,train
REQ-AUG-0783,train
REQ-AUG-0784,train
REQ-AUG-0785,train
REQ-AUG-0786,train
REQ-AUG-0787,train
REQ-AUG-0788,train
REQ-AUG-0789,train
REQ-AUG-0790,train
REQ-AUG-0791,train
REQ-AUG-0792,train
REQ-AUG-0793,train
REQ-AUG-0794,train
REQ-AUG-0795,train
REQ-AUG-0796,train
REQ-AUG-0797,train
REQ-AUG-0798,train
REQ-AUG-0799,train
REQ-AUG-0800,train
REQ-AUG-0801,train
REQ-AUG-0802,train
REQ-AUG-0803,train
REQ-AUG-0804,train
REQ-AUG-0805,train
REQ-AUG-0806,train
REQ-AUG-0807,train
