review_id,asin,rating,text,perfume_id,perfume,target_accord_id_primary,target_accord_id_secondary,all_accord_ids
753,B096G6722H,5.0,"nice formula, feels good, absorbs well, effective. This is my 2nd container. Love GoMay. I have used this before! I had used several GoMay products about a two years ago. I have liked them all, and there are some products that I have repurchased (love their aminos face wash). I remember really liking this night cream, and so when it came up as an option to try, I thought maybe it was another version, but no it is the same. I think the change has been in the company. They were entirely a Chinese brand, and now I see USA labeling- but I think it is still a Chinese beauty product. Same stuff that I know and love. Same press down dispenser container. I am copying over my old review as the info is all the same, and my experience is the same. While I dont rate on price, I am pleased at its effectiveness and how it is half the price of similar items I have used.<br /><br />Safe, effective moisturizing product with promising ingredients. I am used to using several of these ingredients, and I must stress that it is important to use SPF when using anything with retinol. I saw that this has quite a list of ingredients that I am not totally familiar with, so I went through each one and looked them up. I included a short description of each (and included EWG rating for those that like that sort of information). You will note that most all have a very GOOD rating of 1 or 2. The only ingredient that has a higher number (bad) is for the retinol- and that is because of the degree to which retinol/vitamin A, by nature can absorb into the skin (toxicity) and how our skin is more sensitive to UV rays. So again, wear your SPF when using any retinol based products.<br /><br />--GoMay is a Chinese (turned USA) beauty company and from everything I have used, the products have been impressive in formulation and the thought and safety put into creating it.<br /><br />--Awesome, attractive container. Has a press down lid that pops out some product. Keeps it clean and safe! BUT if you want to ",P000046,Elizabeth Arden Green Tea,ACC-0022,ACC-0039,ACC-0022|ACC-0039|ACC-0008|ACC-0033|ACC-0032
800,B07RGZNDV4,5.0,"excellent sunscreen with skin loving ingredients, broad spectrum, great little container. The ""Drop the Bomb"" BBOSONG Suns stick uses one of THEE best UVA/UVB sunscreen ingredients on the planet: ""Bis-Ethylhexyloxyphenol Methoxyphenyl Triazine""! Say that 5 times fast. Or once. lol. It is a broad spectrum, highly photo stable, chemical sunscreen. Chemical sunscreens mean that they absorb rays and disperse as heat before they can reach skin and do damage. The SPF rating of 50+ and PA++++ means that it offers the highest amount of protection that a sunscreen can offer.<br /><br />Korean skin care, particularly sunscreens, can use super effective ingredients that products made in (or for) USA can not have because the governing bodies have not approved it. It is not because they are unsafe, but because there is a significant amount of bureaucracy involved. No new sunscreen ingredients have been approved in the USA in over 15 years, sad since there are so many wonderful innovations in the rest of the world. We lag greatly behind. Fortunately, we can still buy these products.<br /><br />The other sunscreen used in this product is, Ethylhexyl Methoxycinnamate (Octinoxate)- a less stellar chemical sunscreen that has mixed thoughts on its efficacy, safety, and desirability. It protects only against UVB rays and breaks down when exposed to light (10% per 30-40 minutes). However, when combined with another broad spectrum sunscreen, it compliments it very well.<br /><br />The third sunscreen component is, Octocrylene.  Screens out the UVB and somewhat in the UVA II range. It is quite photostable (loses 10% of SPF protection in 95 mins) and is often used to stabilize other photo-unstable UV-filters (octinoxate) It is also often used to improve the water resistance of the products.<br /><br />As for all the other ingredients- primarily stabilizers, viscosity controlling ingredients, hardeners-- basically all ingredients that make it a STICK than can glide onto the skin. It is form",P000046,Elizabeth Arden Green Tea,ACC-0022,ACC-0039,ACC-0022|ACC-0039|ACC-0008|ACC-0033|ACC-0032
986,B01MA3LXIL,5.0,"Very moisturizing, but not greasy!. This 4 pack of travel lotions by Spanature is super nice, from the presentation of the product, to the performance of the product. They come packaged soooo nicely in 4 little gift boxes, so they are perfect for gift giving. Also, the tubes are the perfect size to fit in your purse- so they are great for on the go or even traveling!<br /><br />The lotion itself is very moisturizing, and not greasy at all. The green tea scent is not strong at all, which is perfect if you are sensitive to strong scents.",P000046,Elizabeth Arden Green Tea,ACC-0022,ACC-0039,ACC-0022|ACC-0039|ACC-0008|ACC-0033|ACC-0032
1062,B08KWN77LW,5.0,"Very nice under eye patches. In this jar you get 30 pairs of marine algae eye patches. The jar is quite pretty and will look good in any bathroom. The eye patches smell great and are rather soothing to be honest. However I have to say paying $24, much cheaper than their green tea version.<br /><br />These work quite nicely and I do really like them. I do like how soothing these are and use them when my under eye area is puffy or is very dark and seems like I have been put through the ringer. These feel even better if you keep them in the fridge, they then have an even more cooling effect.<br /><br />All in all I do really like them, so I will get these instead of their green tea ones from now on.",P000046,Elizabeth Arden Green Tea,ACC-0022,ACC-0039,ACC-0022|ACC-0039|ACC-0008|ACC-0033|ACC-0032
1094,B08CJHC9ZV,4.0,Very nice moisturizer. his is a nice moisturizer for men but in my eyes could also be used for women. It is pretty much fragrance free which makes it great for people who are sensitive to fragrances. It comes in a very classic black squeeze tube. This moisturizer is very lightweight and absorbs quickly into the skin. There is no residue left behind on the skin either which is great. The skin feels nicely moisturized which is exactly as it should. This is also not an expensive product which makes it perfect.,P000015,Coach for Men,ACC-0022,ACC-0008,ACC-0022|ACC-0008|ACC-0004|ACC-0033|ACC-0036|ACC-0095|ACC-0082|ACC-0092|ACC-0049|ACC-0005
1095,B08GMC5ZRY,3.0,"Nice moisturizer. This is an above average moisturizer by Black Wolf. You get a fairly small white squeeze bottle that contains the moisturizer. You don’t need a lot of the product when you use it. It has a very nice and lovely fragrance that I do like and is fairly gender neutral, but I think it is definitely more appropriate for men than women.<br /><br />The moisturizer is lightweight and absorbs quickly into the skin. It does leave a greasy feeling on the skin though that takes some time to dissipate. Because of that I would recommend this for evening use. It is very moisturizing though so I am happy with that. My skin did look and feel great once the product was completely absorbed into the skin and the sticky feeling was gone. It is fairly inexpensive at just below $20.",P000015,Coach for Men,ACC-0022,ACC-0008,ACC-0022|ACC-0008|ACC-0004|ACC-0033|ACC-0036|ACC-0095|ACC-0082|ACC-0092|ACC-0049|ACC-0005
1547,B000JJMTJC,5.0,"Citrus Scented Gel. If you have sensitive skin and dislike the abrasive quality of most exfoliating washes, then the Start Up Exfoliating Wash may impress you.<br /><br />The clean smooth feeling of the citrus scented gel is a pleasure for your face. You are actually exfoliating with the natural fruit acids in this product. There are also anti-inflammatory ingredients and astringent properties.<br /><br />Some of the natural ingredients: Lavender, Rosemary, Sage, Red Clover, Golden Seal, Juniper Berries, Lemon Balm, Aloe Vera, Extracts of green Tea, Apple, Sugar Cane, Orange Oil, Lime, Lemon, Grapefruit, tangerine, Clementine and Lemongrass.<br /><br />~The Rebecca Review",P000046,Elizabeth Arden Green Tea,ACC-0022,ACC-0039,ACC-0022|ACC-0039|ACC-0008|ACC-0033|ACC-0032
2659,B081K7P7DF,4.0,"Nice kit for men. My husband put this kit to good use so I asked him if he'd mind letting me know what he thought about it. He didn't mind at all and this is what he had to say:<br /><br />""Very comprehensive, quality kit for men. If you're like me you will find there are items in here that you likely won't really need. I personally don't use hair pomade or those light shave creams. I prefer foam and my hair just sort of keeps my head warm.<br />Aside from the items I can't use there are some great items in here for everyone. The body scrub soap like and feel a good bit more fresh after using it. But my preference, and where I really came to appreciate this, was with the facial moisturizer and lip balm. I don't usually buy those items and let the winter have its way with my face. I ride a bike everyday. But using the items in this kit really helped me keep my skin from drying, and my lips. The lip balm tastes and smells great, too.""<br /><br />That's what he had to say about it. He did genuinely seem to enjoy using this kit.",P000015,Coach for Men,ACC-0022,ACC-0008,ACC-0022|ACC-0008|ACC-0004|ACC-0033|ACC-0036|ACC-0095|ACC-0082|ACC-0092|ACC-0049|ACC-0005
2708,B0B34GRFL2,5.0,"Gentle effectie cleanser, made in Korea. This jelly facial cleanser from Vitamasques is made in Korea.<br /><br />The tube has a foil safety seal under the white cap. The cleanser is brown with a jelly-like consistency. It does have a scent, a mix of green tea and tea tree oil. I do notice the scent when using the cleanser but the scent doesn’t linger.<br /><br />A small drop is enough to wash my face and neck. It doesn’t make a lot of lather but does feel silky going on the skin. I really like the consistency of it.<br /><br />And I really like how well the cleanser works! It cleaned two layers of sunscreen grime and sweat off my face. Some face washes don’t remove all the sunscreen residue, and I have to keep washing my face or use an exfoliating scrub. This cleanser? One wash and done. I was amazed by how well it worked.<br /><br />I’m in my 30s, white, with sensitive combination skin. The cleanser did not irritate my face at all.",P000046,Elizabeth Arden Green Tea,ACC-0022,ACC-0039,ACC-0022|ACC-0039|ACC-0008|ACC-0033|ACC-0032
2822,B08JFF4PLP,4.0,"Works well, but costly. This shampoo works fairly well. I am not certain why it is specifically for men. The shampoo lathers easily and leaves my hair soft. It also has a nice scent. The bottle is only 250 ml, whereas most shampoos are at least 400 ml so the price is relatively high for the size.",P000015,Coach for Men,ACC-0022,ACC-0008,ACC-0022|ACC-0008|ACC-0004|ACC-0033|ACC-0036|ACC-0095|ACC-0082|ACC-0092|ACC-0049|ACC-0005
2868,B01MA3LXIL,5.0,"Great gift, reasonable price. At the current price of $15 for a set of four, you pay 3.75 per tube. The fragrance is light and vaguely like green tea, but not quite as herbal (too bad—I adore green tea), but it’s still good. As for the texture and moisture—a tiny bit greasy but very moisturizing, perfect for dry hands or feet. Korean skincare is terrific, and these make a great gift with cute little gift boxes.",P000046,Elizabeth Arden Green Tea,ACC-0022,ACC-0039,ACC-0022|ACC-0039|ACC-0008|ACC-0033|ACC-0032
3207,B0845LNDJK,4.0,"Refreshing Soap for Your Face as Well as Your Body. This black soap bar feels as thick as a brick but feels great on my skin. It's made with activated charcoal and has the coloring of charcoal, but thankfully not the scent! Under a hot shower it releases a nice minty scent and the hardy soap appears to less vulnerable to melting away in the soap dish unlike other softer soaps I've used. It's made for men but I don't see why women can't use it as well, as it's refreshing. It's best used for the face, as it cleans out your pores, but as I wash my face and body in the shower at the same time, it's a perfect face body combination soap.",P000015,Coach for Men,ACC-0022,ACC-0008,ACC-0022|ACC-0008|ACC-0004|ACC-0033|ACC-0036|ACC-0095|ACC-0082|ACC-0092|ACC-0049|ACC-0005
3218,B07ND4HPHT,4.0,"Great as a Styling Wax - Hold Is Not as Strong. I think it works better as a styling wax - it didn't stiffen my hair as much as I would have liked, but the cream made it a breeze to style. The scent is a little strong but it's pleasant. I think this product could be used by both men and women though it's obviously intended for men. This product is made in England and the graphics are pleasant to look at it - it has a quaint Victorian vibe about it. Overall I'm pleased with the product but the price could be better",P000015,Coach for Men,ACC-0022,ACC-0008,ACC-0022|ACC-0008|ACC-0004|ACC-0033|ACC-0036|ACC-0095|ACC-0082|ACC-0092|ACC-0049|ACC-0005
3224,B0844X21MJ,5.0,"Strongly Scented Body Wash - Wakes Up Your Senses. This is a strongly scented mens body wash with notes of ginseng, green tea, menthol and Vitamin B. Caffeine is also listed as an ingredient. The menthol and the ginseng scents overpower the rest. It lathers up very well and imparts a cooling sensation that makes you tingle all over and even clears your sinuses! I would recommend this body wash for people with colds because this really helps. I love it.",P000046,Elizabeth Arden Green Tea,ACC-0022,ACC-0039,ACC-0022|ACC-0039|ACC-0008|ACC-0033|ACC-0032
3619,B09T26CQZ5,5.0,"Simply wonderful ingredients 👇! Feels lovely.. This Hydro-Plumping Hyaluronic Acid Serum is a simple, yet a powerhouse serum. It has wonderful moisturizing, anti-aging, antioxidant, and calming ingredients that are top notch. There are several types of super moisturizing Hyaluronic Acid. It also has Green Tea, which is proven to be an excellent antioxidant, anti-inflammatory, and antimicrobial superstar.<br />This is a wonderful serum to use during your day or night routine. I like to apply it to damp, or well hydrated skin. Usually after applying a few layers of my toner. It applies and absorbs easily, and a little does go a long way. Any slight tackiness is taken care of after applying a good moisturizer to help lock in all the good stuff. It has a very light, hardly noticeable scent.<br />It really hydrates my skin and plumps my fine lines and wrinkles. My skin looks and feels better when using it. I have combination skin, but use Retin-A, which can be a bit drying and sometimes irritating. This serum really calms the irritation, yet enhances the anti-aging effects of the Retin-A.<br />This serum is a great every day serum. Especially for those who have sensitive and/or dry skin, but is beneficial for any skin type. It has great ingredients, and is not loaded with harsh chemicals, and provides so much good stuff for your skin. It is a simple, yet powerful serum. Highly recommended.<br /><br />The stars of this serum are:<br /><br />~Antioxidant: Sodium Hyaluronate Crosspolymer, Camellia Sinensis Leaf Extract, Tocopheryl Acetate<br />~Skin-identical ingredient: Sodium Hyaluronate Crosspolymer, Sodium Hyaluronate, Hyaluronic Acid, Glycerin<br />~Soothing: Camellia Sinensis Leaf Extract, Aloe Barbadensis Leaf Extract<br /><br />Simple, yet super ingredients!<br /><br />Other Ingredients:<br /><br />~Buffering: Sodium Hydroxide<br />~Chelating: Sodium Phytate<br />~Emollient: Lecithin, Aloe Barbadensis Leaf Extract<br />~Emulsifying: Lecithin<br />~Moisturizer/humect",P000046,Elizabeth Arden Green Tea,ACC-0022,ACC-0039,ACC-0022|ACC-0039|ACC-0008|ACC-0033|ACC-0032
3894,B01MA3LXIL,4.0,"Non-greasy lotion with hyaluronic acid. I always have lotion on hand so these individually packed tubes of lotion from South Korea are a good fit for me.  I like the feel and texture of the lotion - non greasy and effective. As a lotion, it is excellent but the scents are not particularly attractive. I've tried the Olive and the Green Tea scented versions and am not particularly drawn to the scents. The green tea is a bit too sweet and doesn't smell like green tea, so I've deducted 1 star.",P000046,Elizabeth Arden Green Tea,ACC-0022,ACC-0039,ACC-0022|ACC-0039|ACC-0008|ACC-0033|ACC-0032
4034,B09TT8ZVPN,5.0,"PERFECTION. Introduced to this fragrance in 2014. I use one fragrance for  years. When in my closet, car or bed I want Tom Ford tobacco Vanille scent. Incredible worth every penny.",P000118,Tom Ford Tobacco Vanille,ACC-0087,ACC-0082,ACC-0087|ACC-0082|ACC-0084|ACC-0092|ACC-0036|ACC-0095|ACC-0014|ACC-0066
4416,B09DCT687H,5.0,"So far I am pleased with this set, having sensitive skin, it works for me. First, this Beard Growth Kit, 10 In 1 Beard Kit For Men with Beard Oil, Beard Balm, Beard Conditioner set offers a nice number of items if you are considering a gift this holiday season (or any time). It’s a nice box, again, offers a good number of items for a gift, and is done nicely enough in box set up and presentation it would be well received. Second, the items in it are a good range of “quality” so I think it’ll be appreciated. What I am saying: the brush, comb, bag, scissors, and guard are decent, but not great quality. You can get better quality, but for working needs and for a gift, this is pretty good. But, for example the scissors feel a bit cheaper. But they will get use as long as they cut well enough. I’m not big into using a guard, but this one is like others I’ve had. The included bag is decent, but I’d never use it; if traveling or moving my stuff I’d use a toiletry bag. The brush is not as nice as others I have, but it’s useable and gets the job done. Same with the comb. That brings us to the shampoo, Conditioner, and oil. NOTE: I have extremely sensitive skin, so this review is based on my experience from that standpoint. I like a range of scents or items to keep my beard in good shape, but I have a far more difficult time finding things that work and are okay on my skin. I have only used these items once, but that’s all it takes to know. I come away happy - they all worked and NO reaction. I used the shampoo and conditioner in the shower today and they not only had a nice, light scent, but I was bale to let it sit on the beard for a few minutes each, having no issues with skin and liking the smell. The beard felt soft following and I liked how they worked overall. Next, the oil. I believe it is claimed to be used for “beard growth,” and maybe it’ll help with that. My beard is decent, but I do have spots that could use thickening, so again, I keep an eye open for options. H",P000015,Coach for Men,ACC-0022,ACC-0008,ACC-0022|ACC-0008|ACC-0004|ACC-0033|ACC-0036|ACC-0095|ACC-0082|ACC-0092|ACC-0049|ACC-0005
4462,B08RY6S25W,5.0,"rich shampoo. This is a very rich thick shampoo.  Salon quality stuff here.  Amazing lather, great scent and rinses super clean.  Works amazing for color treated hair, and perfect from stripped hair.  The conditioner is also incredible. I used some on my beard and it made it amazingly soft and manageable.  I caught heck from my wife as she told me this was to valuable for her hair to waste on my scratchy beard.  Oh well sometimes you can't win.",P000062,Narciso Rodriguez For Her,ACC-0059,ACC-0068,ACC-0059|ACC-0068|ACC-0066|ACC-0095|ACC-0064|ACC-0092|ACC-0036|ACC-0004|ACC-0031|ACC-0082
4729,B012Q9NGE4,4.0,"Mostly natural. I try and use all natural products, in my hair and body care. I was hoping this would be, but there is a sodium laurel sulfate at the end. It's not as bad as most, it's mostly natural, but that is one I prefer not to use in my hair care. I passed the bottle on to my friend who normally uses pantene, so it was a lot healthier for her to use less chemicals over all.<br /><br />Her hair looks great and the shampoo smells fine. It has a soapy smell, which is fine. It goes on fine, she said she used one pump for medium length hair, and it washed up fine. Her hair looks nice, it's clean and looks soft and shiny.<br /><br />*I RECEIVED THIS PRODUCT AT A DISCOUNTED PRICE (IN ORDER TO TRY IT AND REVIEW) THIS DOES NOT GUARANTEE A GOOD REVIEW, I AM HONEST AND UNBIASED, ALL OPINIONS ON IT ARE MY OWN AND BASED ON THE PRODUCT ITSELF.",P000062,Narciso Rodriguez For Her,ACC-0059,ACC-0068,ACC-0059|ACC-0068|ACC-0066|ACC-0095|ACC-0064|ACC-0092|ACC-0036|ACC-0004|ACC-0031|ACC-0082
4849,B00IPRGRW0,5.0,"Exfoliating version is back!!!  Now they have two varieties - one with and one without exfoliation. *** UPDATE Nov 9 2015 ***<br />They have now added the exfoliating version back, in another listing.  That means people who love this soap for whatever other reasons without the exfoliation can give it 5 stars for that.  People like me, who can't find strong exfoliating soap from any other brand (I have specifically ordered at least 10 other brands, Loofah, etc. etc. just trying to find one with strong exfoliation - and none have it, except maybe Tasmanian (http://amzn.com/B00CQOHOXY (but this is better)), can now use Honest For Men again - their exfoliating line.  So not this listing, but the other listing.  Not that exfoliating soap should matter, but actually, I'd be scrubbing with rocks from brooks if humans lived out in nature.<br /><br />*** Original review a few days before ***<br /><br />This was my favorite soap - and I depended on it for the fantastic exfoliation, better than any other I've tried (and I tried a dozen kinds).<br /><br />All of a sudden, in this last batch, they have simply removed the exfoliation completely.  Now, when you look at the website, it says &#34;Important Information: We have recently removed our exfoliating oats and coffee grounds due to customer feedback. Our scent is now 100% essential oils no fragrance oil.&#34;<br /><br />Well, I'm here to give you a 1 star review for this &#34;important information&#34;.  There are 1,000 other soaps that you can buy with various interesting scents, etc.  But this was the only soap you can buy that had great exfoliation.<br /><br />And now they've removed it.<br /><br />Hopefully, the 'customer feedback' that caused them to remove the exfoliation will be blasted away by the customer feedback complaining that the exfoliation is missing, and they'll put it back.<br /><br />In the meantime - goodbye, 'Honest for Men'.",P000015,Coach for Men,ACC-0022,ACC-0008,ACC-0022|ACC-0008|ACC-0004|ACC-0033|ACC-0036|ACC-0095|ACC-0082|ACC-0092|ACC-0049|ACC-0005
4872,B01FJRBDUY,5.0,"Perfect size for men. Update: still in good shape after over 3 years of daily use. The areas with mesh have little holes from the items in the bag but that's to be expected.<br />I got a good one, no smell like others complained of. Perfect size for a man's gym bag when you only have a few products you want to keep organized.",P000015,Coach for Men,ACC-0022,ACC-0008,ACC-0022|ACC-0008|ACC-0004|ACC-0033|ACC-0036|ACC-0095|ACC-0082|ACC-0092|ACC-0049|ACC-0005
5237,B08JF6G92D,5.0,"Get your man a shampoo he will actually be happy to use. I just love finding new shampoos to try, and this one is terrific for men. It has a very clean but manly scent, yet isn't overpowering and heavy like some. Still, the little woman absolutely loved how my hair smelled after I used it. It also leaves your hair soft and manageable, without a lot of static or frayed, wild ends. I was honestly afraid of how this would smell before trying it, because the name Dark Grizzly sounds very earthy, musky and wild. But that isn't the case at all. Yes, it has a masculine scent, but it is understated, which is refreshing, and doesn't remind me of something like Brut or Axe Body Spray. This would make a great gift for the special man in your life, and it is a product that he will actually use!",P000015,Coach for Men,ACC-0022,ACC-0008,ACC-0022|ACC-0008|ACC-0004|ACC-0033|ACC-0036|ACC-0095|ACC-0082|ACC-0092|ACC-0049|ACC-0005
6031,B01ETWZRL6,5.0,"# Single For Men, Eau De Toilette 3.3 Fl. Oz.. [[ASIN:B01ETWZRL6 # Single For Men, Eau De Toilette 3.3 Fl. Oz./ 100 ml - Inspired By The One Cologne]]<br /><br />I was looking for new scents or signature scents for my future husband and wanted to try this. I like and appreciate the scent of The One Colognes so this was one I wanted my fiance (Bobby) try this scent. Buying signature scents can become quite expensive to say the least and this is a way for us to get an idea of what a scent smells like with Bobby's chemistry without spending thirty five or forty dollars and then not like it. Besides if this cologne scent stays on and lasts a while we may opt to purchase the less expensive cologne. The seller delivered very quickly and we received packaged well. Since this cologne is an Eau De Toilette Spray, it will have slightly more of the oils (10%) that make the spray smell great than just cologne which has about 7% oil. The scent also is delivered in a convenient spray which me and Bobby both like. The cologne actually smells very nice on him. It's a sort of woodsy, citrus masculine scent and you can definitely smell oranges and ginger in it. The One Cologne describes the scent as &#34;Coriander, Grapefruit, Cardamom seed, Tobacco, Basil, Cedar, Ambre, Ginger, Orange Blossom.&#34; Some of those things I have no idea what they smell like, but I'd say this not really a musk based scent but it smells really yummy on Bobby. It takes a little more spray than the original version The One Cologne, however, it's about 1/3 the cost, so I won't complain. It's still pretty strong with a couple of sprays being all he needs. As far as wear, it lasts a long time. It's sensual/manly in it's scent and he said he received several complements on the cologne. It is also a large bottle at 3.3 ounces delivered to the door for under 15.00. We like the cologne and can recommend it.",P000015,Coach for Men,ACC-0022,ACC-0008,ACC-0022|ACC-0008|ACC-0004|ACC-0033|ACC-0036|ACC-0095|ACC-0082|ACC-0092|ACC-0049|ACC-0005
6037,B00VXEQ0WO,5.0,"Effective Moisturizer!. [[ASIN:B00VXEQ0WO Retinol 2.5% Cream From Majestic Pure for Face and Eye Area Will Nourish Your Skin, Potent Anti Aging Formula Reduces the Appearances of Wrinkles, Stretch Marks & Redness, 50ml]]<br /><br />I purchased Majestic Pure Retinol Cream because I am always looking for something that will help give my skin a more youthful appearance. After all, no one wants to look older or tired. I try all kinds of skin care products and really work hard at keeping my skin in good shape, so I decided I'd give this a try.I was speaking to a friend of mine recently whose skin always looks gorgeous. I asked her what she did to look so good? She is considerably older than me, but has no wrinkling and very pretty skin. She told me that she visits a dermatologist regularly and that she uses a retinol cream and that she pays 60.00 for just a small tube, plus the cost of the doctor visit. Now I am not sure of the strength of the retinoI cream she is using is, and I noticed this is 2.5% so I think that's a pretty effective dosage.The product came in a 1.7 fluid ounce moisturizer. I noticed that the retinol moisturizer also had Vitamin E & B5, Green Tea, Jojoba Oil, Propolis and shea butter. So I thought about Vitamin A or retinol and what it does for the skin. Vitamin A stimulates and thickens the dermis where collagen, blood vessels and elastin are thereby reducing wrinkles and increasing blood flow to the surface of your skin. Vitamin A actually expands the deposit of collagen in the skin; therefore slowing down the normal aging breakdown of your collagen and elastin. I've also read when studying skin care (and I really researched it) that Vitamin A increases blood flow and reduces the symptoms of rosacea, helps heal wounds more quickly, repairs cells in the skin and optimizes UV protection, exfoliates to make the skin more smooth, supple and even and even decreases melanin granules reducing brown spots and pigmentation. Vitamin A decreases sebum (oil) th",P000046,Elizabeth Arden Green Tea,ACC-0022,ACC-0039,ACC-0022|ACC-0039|ACC-0008|ACC-0033|ACC-0032
7223,B08XWP92XG,5.0,"Purchased as a gift …. My mother in law loves lavender smelling things.<br />I have the rose one and love it, so thought the lavender one would make a nice gift for her.<br />The formula is nice, not sticky, and the smell is not overpowering.<br />This brand has the most affordable products and so far I have enjoyed everything I’ve bought.<br />The packaging is really nice too. Very sturdy and pretty.<br />My mother in law seems to really like it.",P000062,Narciso Rodriguez For Her,ACC-0059,ACC-0068,ACC-0059|ACC-0068|ACC-0066|ACC-0095|ACC-0064|ACC-0092|ACC-0036|ACC-0004|ACC-0031|ACC-0082
9648,B00PEFM5MC,5.0,"Each of these Soaps Smells so Wonderful and Unique. I received a gift set in a cute little silver mesh, drawstring bag from Keomi Skincare in exchange for my honest feedback and opinion. Inside the bag were 4 neatly wrapped soap bars. These soaps are aromatherapy grade and if you smell them, you will see why. They smell so wonderful. I love that these soaps are 100% vegan, gluten free, cruelty free, sulfate/paraben/petrochemical-free, and contain no artificial fragrances or colors. What more could you ask for in a soap? In my little gift set, I received four different scented soaps: Sea Breeze, Golden Crown, Green Tea Goddess, and Luscious Lavender. I’m about ready to cry because these smell so good. I’m not even exaggerating. The soaps are naturally colored and I think the colors of each variety accurately reflects the intended scent. The soaps don't over lather by themselves, but I think that's because of being sulfate free. However, I used the Luscious Lavender with a body puff and it lathered just fine. Overall, these are wonderful soaps and this sample set is the perfect introduction to the company and would make a great gift for just about anyone.",P000046,Elizabeth Arden Green Tea,ACC-0022,ACC-0039,ACC-0022|ACC-0039|ACC-0008|ACC-0033|ACC-0032
12307,B09ZFFN5Z5,5.0,It’s moisturizing with great scent for sensitive skin for men and women. All 3 bottles arrived undamaged and for using this for the first time I’m in love with the coconut vanilla scent. I will definitely order it again and try the other scents as well.<br /><br />This works great for my Eastern Asian skin type that doesn’t cause my body to get over oily nor does it dry me out or feel like I just used commercial grade floor cleaner on myself and it moisturizes my skin and leaves a wonderful scent my wife just loves on me. Not to mention I like the look of the bottle giving it a nice modern minimalist look that will go great with any bathroom type.<br /><br />I definitely won some brownie points with my wife trying this one out.,P000015,Coach for Men,ACC-0022,ACC-0008,ACC-0022|ACC-0008|ACC-0004|ACC-0033|ACC-0036|ACC-0095|ACC-0082|ACC-0092|ACC-0049|ACC-0005
14711,B01CTBENPA,5.0,"Amazing Creamy Lather, Pleasant Scent. I love this soap. My 3 year old has eczema and this soap works really well at keeping it under control. It's the only thing I bathe her with. The huge bar easily lasts 5 months for her. The scent is light but very pleasant. The lather is so rich & creamy. I use the Dove Shea bar on my own skin & sometimes sneak & use this bar (from my daughter) because I love it so much. Leaves my skin silky & very moisturized.",P000062,Narciso Rodriguez For Her,ACC-0059,ACC-0068,ACC-0059|ACC-0068|ACC-0066|ACC-0095|ACC-0064|ACC-0092|ACC-0036|ACC-0004|ACC-0031|ACC-0082
15271,B01ETUB7Q2,5.0,"Great smell, I only wish it lasted longer.. This Black Intense For Men is so refreshing. A bit intense when first sprayed on, but very mellow shortly afterwards. It reminds me of a lot of scents that say &#34;refreshing&#34; or &#34;water.&#34; I absolutely love the smell. Its not even super manly either and could almost be worn by a woman without much notice. I definitely love this smell on my fiance and I think it is my most favorite of all the polo inspired scents by Watermark Beauty. Of course like most of the other ones my biggest issue is that they not not last all day long. They start puttering out about halfway through the day and will need to be re-applied, and also like most others it comes in a large 3.0 Fl. Oz./ 90 ml bottle, so it should last a while even with a second application every day. It is inspired by Black Cologne but I have not had the chance to smell it so I cant tell you how close they are, nor do I care because this scent is amazing. Recommended! I received this product at a discounted rate<br /><br />Thanks &#60;3",P000015,Coach for Men,ACC-0022,ACC-0008,ACC-0022|ACC-0008|ACC-0004|ACC-0033|ACC-0036|ACC-0095|ACC-0082|ACC-0092|ACC-0049|ACC-0005
15272,B01EUCK3K0,5.0,"Manly sexy scent!. The biggest issue with all of the colognes by Watermark Beauty is the fact that they do not last strong or long. You need to reapply to make sure you still smell good by the end of the night. That being said this leopard For Men, Eau De Parfum smells amazing. Its very manly and I love the scent of it on my fiance! It reminds me of a water fresh shaving cream or aftershave and is very nice smelling, sort of aspin-like, light and not too strong. The bottle is relatively large and at 3.3 Fl. Oz. / 100 ml even if you have to reapply during the afternoon it should last a while. The bottle is sleek and modern looking with its flat black matte surface. The black clear lid does not snap on well however and comes off easily. The spray pump makes it easy to apply, and its definitely one of my top 5 scents that my fiance owns. I received this product at a discounted rate.<br /><br />Thanks &#60;3",P000015,Coach for Men,ACC-0022,ACC-0008,ACC-0022|ACC-0008|ACC-0004|ACC-0033|ACC-0036|ACC-0095|ACC-0082|ACC-0092|ACC-0049|ACC-0005
15302,B018KFPR8Q,4.0,"smooth and young looking. Plus 1 Forever young moisturizer is a decent size bottle of 50 ml. This cream is made of all natural ingredients like coconut oil,<br />grapeseed oil, green tea, juniper oil, kelp, rosehip, peppermint,<br />parsley, papaya, burdock, celery, Echinacea, spirulina, ginger,<br />honey, coenzyme Q10 and many more organic ingredients.I have sensitive skin and I did not experience in his skin irritation burning sensation to my face. I would recommend this moisturizer if you're looking for an effective way to obtain natural beauty while being refreshed. I couldn't find anything wrong with this. It does have a refreshing smell but not overpowering, it actually smells good.<br /> I highly recommend this for your skin care regimen. I received this item free for my review but I will be buying it when I need more",P000046,Elizabeth Arden Green Tea,ACC-0022,ACC-0039,ACC-0022|ACC-0039|ACC-0008|ACC-0033|ACC-0032
15919,B00VXEQ0WO,5.0,"Another winner from Majestic Pure. I have many Majestic Pure products (from skin care products, to hair care, to essential oils), and have always been very satisfied. I am also pleased with the retinol cream. Having very sensitive skin, I tend to use products containing retinol quite sparingly (aka, every few days, vs. daily) as they tend to cause my skin to become quite irritated or scaly after a few days of daily use. I’ve been using this around just my eyes every evening (about 1 hour after applying a hyaluronic acid serum), as my skin is so sensitive that using anything with retinol on my entire face seems to really cause a lot of scaliness. And, this is where the fine lines are really beginning to show.<br /><br />The results – after using a cream with retinol in combination with hyaluronic acid serum for 3 weeks, I’ve been noticing a definite reduction in the fine lines. They are still there but they were becoming really noticeable.<br /><br />The cream has ingredients that are highly moisturizing (again, which I like to follow up on a serum with). The consistency is pretty thin (not thick and creamy like a lotion), and there is no noticeable fragrance. It seems to absorb quickly and is not oily.<br /><br />Some note on the ingredients:<br /><br />Retinol 2.5% - Retinol is another name for Vitamin A, which is an antioxidant (helps reverse the damage caused by free radicals, apparent in wrinkles and aging), encourages the production of collagen, and elastin.<br />Jojoba Oil - closely resembles sebum (a waxy substance produced by our skin glands), packed with vitamins and minerals - Vitamin E, B, copper, zinc, selenium, iodine and chromium.<br />Green Tea - Tea is high in anti-oxidant and anti-inflammatory properties, whether ingested or applied topically. Green tea contains tannins which can reduce puffiness and inflammation of the skin. It also contains polyphenols, which can combat free radicals (which contribute to aging). The catechins in tea can combat the",P000046,Elizabeth Arden Green Tea,ACC-0022,ACC-0039,ACC-0022|ACC-0039|ACC-0008|ACC-0033|ACC-0032
17879,B000GHWWTE,4.0,My son loved it.. My 25 yr old son loves fragrance and cologne. And he loved this hair & body wash. Can't go wrong with this fragrance for men.,P000015,Coach for Men,ACC-0022,ACC-0008,ACC-0022|ACC-0008|ACC-0004|ACC-0033|ACC-0036|ACC-0095|ACC-0082|ACC-0092|ACC-0049|ACC-0005
19037,B00KU8NYZU,5.0,"Feminine Soap for HER A+. This is another honest review of a product my wife loves and has reordered.  She is sensitive down south to soaps that say intimate wash, she is particular of what she uses.  She is a regular user and very happy to promote this product again.  NO problems with burning, itchy, or heavy perfume.  She can not say it has made her any tighter, but that is not the not to say she is not happy with this product.  This will be bought again and again.  Yes, she mentioned this to my mother who uses it now.  Mom is happy as well.  A+ if you found this helpful please indicate.  Thank you.<br />Update, She continues to use and reorders have been placed.  A+",P000062,Narciso Rodriguez For Her,ACC-0059,ACC-0068,ACC-0059|ACC-0068|ACC-0066|ACC-0095|ACC-0064|ACC-0092|ACC-0036|ACC-0004|ACC-0031|ACC-0082
20204,B07WS2XQQM,5.0,"Great For Men's Blends. Cajeput Essential Oil (EO) is great in blends for men. My men's milk shaving soap is one of my best sellers at the farmers market.<br /><br />I've been using EO's for well over a decade. I use them in my own skin care products such as lip balms & creams plus my own milk soaps, bathroom sprays, fungal salves, & even blends for treating my farm animals. I never use toxic fragrance oils or perfumes. When I switched to an organic natural lifestyle, my health improved dramatically. I highly recommend essential oils over the toxic man made crapola.<br /><br />Overall, I am more than pleased.",P000015,Coach for Men,ACC-0022,ACC-0008,ACC-0022|ACC-0008|ACC-0004|ACC-0033|ACC-0036|ACC-0095|ACC-0082|ACC-0092|ACC-0049|ACC-0005
20361,B01GFJEHMG,5.0,Smooth and Mild..Even for Men. Got this I guess sample from my doctor's office and it smells amazing. Wish it was sold in larger quantities.,P000015,Coach for Men,ACC-0022,ACC-0008,ACC-0022|ACC-0008|ACC-0004|ACC-0033|ACC-0036|ACC-0095|ACC-0082|ACC-0092|ACC-0049|ACC-0005
20621,B08BS3WDPJ,5.0,"My favorite Karuna mask!. I’ve used various Karuna masks, but this is defiantly my favorite.  The mask was super saturated out of the package, so I had to scrape some of the serum off to keep it from dripping.  I also had to fold the large mask over in a few spots where it covered my hairline on all 3 sides.  On my face the mask was cool and refreshing.  Conveniently, it didn’t slip at all, even while sitting up and looking at my cell phone.  I could smell the green tea, but it wasn’t overwhelming.  TIP:  I’ve learned that Karuna masks leave A LOT of serum on the face that doesn’t easily absorb into the skin once the mask is removed.  I left the mask on for 30 minutes, increasing absorption and letting it dry out a bit...I highly recommend this, followed by splashing cool water on your face to gently remove any excess serum.  This prevents sticky skin and left my face feeling smooth and soft almost immediately.  Within 2 hours my skin felt hydrated and looked brighter and super clean.  Very happy with this mask!",P000046,Elizabeth Arden Green Tea,ACC-0022,ACC-0039,ACC-0022|ACC-0039|ACC-0008|ACC-0033|ACC-0032
20977,B00YQ6X8EO,2.0,"Nice ingredients. I'm not sure what this does! For me, there was nothing but a nice scent. I have textured red hair that is coarse and slightly wavy. This only made my hair flat and straight. My friend used it as well on vacation, and she has long black hair that is frizzy if not tamed. This did nothing for her as well. I really wanted to love this after all the great reviews, but....",P000062,Narciso Rodriguez For Her,ACC-0059,ACC-0068,ACC-0059|ACC-0068|ACC-0066|ACC-0095|ACC-0064|ACC-0092|ACC-0036|ACC-0004|ACC-0031|ACC-0082
21732,B01B48ZX94,5.0,"Best Cologne Ever!!!!. I love this cologne!! It's a classic clean smell for men. My husband wore this when we were dating and it drove me nuts. That was over 20 years ago. Ever since then it's been difficult to find, so I'm glad I found it on Amazon. The delivery was quick too. This is the best cologne ever made in my opinion.",P000015,Coach for Men,ACC-0022,ACC-0008,ACC-0022|ACC-0008|ACC-0004|ACC-0033|ACC-0036|ACC-0095|ACC-0082|ACC-0092|ACC-0049|ACC-0005
22530,B08L2D392V,5.0,The Best Scent Ever!. This a gentle moisturizing hand soap that cleans really well. The scent is on the woodsy side - perfectly appropriate for men or women. It's my favorite of all hand soaps.,P000015,Coach for Men,ACC-0022,ACC-0008,ACC-0022|ACC-0008|ACC-0004|ACC-0033|ACC-0036|ACC-0095|ACC-0082|ACC-0092|ACC-0049|ACC-0005
22680,B07WVVHJ1K,5.0,"I became an immediate fan. This product has everything I like. A likeable backstory about the founders, produced in small hand crafted patches, and delivers the quality results that it promises.<br /><br />I wear my hair short (buzzed on the sides) with about 3-4 inches on top, which I style differently depending on the day. I usually like it combed to the side, and pushed back, but with volume to give it a nice swoop. My hair is fine, but a lot of it.<br /><br />I’ve never been a fan of pomade in the past because I find it doesn’t hold it’s shape and is too shiny. However, this pomade provides a natural looking shine, while holding my hair in my preferred style. The pomade itself is very light and thin. I didn’t think it would work when applying, but within seconds it began to form my hair into my go-to style. It dries to a “tacky” feel, which allows you to readjust throughout the day, but wouldn’t feel comfortable to run your fingers through it. After applying, the product easily washed off my hands, and out of my hair at the end of the day.<br /><br />The scent is good but not overwhelming. It has the typical “masculine” scent that you will find in deodorants, body wash, shaving cream, etc. for men. The scent lingers till you wash it out.<br /><br />Overall, I will definitely be using up this entire jar.",P000015,Coach for Men,ACC-0022,ACC-0008,ACC-0022|ACC-0008|ACC-0004|ACC-0033|ACC-0036|ACC-0095|ACC-0082|ACC-0092|ACC-0049|ACC-0005
22771,B074WF5KPB,4.0,"Works well enough. I like it, but I'm not in love with it. Smells is nice, but what happened to the thick pink stuff and the very scrubby stuff in it...did I imagine that product? Perhaps it is the green tea scent changing the game? Idk..not what I was expecting and made me feel a million years old to find a product that I used in my early 20's has changed so dramatically.",P000046,Elizabeth Arden Green Tea,ACC-0022,ACC-0039,ACC-0022|ACC-0039|ACC-0008|ACC-0033|ACC-0032
23937,B00DV3AE3Q,5.0,Fresh and attractive scent for men!. My husband loves this soap. It doesn't dry his skin out like other soap bars and the scent lingers about him nicely.,P000015,Coach for Men,ACC-0022,ACC-0008,ACC-0022|ACC-0008|ACC-0004|ACC-0033|ACC-0036|ACC-0095|ACC-0082|ACC-0092|ACC-0049|ACC-0005
23951,B00XYMJT3K,5.0,Smells like the real deal. This oil is pure quality and smells identical to the real Polo Blue. Oil has a all day lasting smell. I get complaints all day and everytime I wear this oil. Provider has very well made oils and quality packaging. Oils also have more bang for your buck. I reccomend people who aren't sure about buying fragrance oils to buy a small one and use it on your undershirt,P000156,Ralph Lauren Polo Blue,ACC-0063,ACC-0007,ACC-0063|ACC-0007|ACC-0008|ACC-0033|ACC-0039|ACC-0059|ACC-0040|ACC-0032|ACC-0022|ACC-0095
26048,B00NB5DX7I,5.0,"The best deodorant for men. The best deodorant for men! Add to that the pleasing subtle scent, and you have the complete package. Thank you Mitchum!",P000015,Coach for Men,ACC-0022,ACC-0008,ACC-0022|ACC-0008|ACC-0004|ACC-0033|ACC-0036|ACC-0095|ACC-0082|ACC-0092|ACC-0049|ACC-0005
26164,B07M6MMVC4,3.0,"The guaiazulene mask does have fragrance.. I like guaiazulene, because in Dear, Klairs Midnight Blue Calming Cream, it soothes my skin. This mask gives me some of that effect, plus the nice hydration of a typical sheet mask.<br /><br />I thought the guaiazulene mask option was free of fragrance. It’s not. It smells of green tea to me. Fragrance in skincare provides no benefit to the skin, and in fact makes you more likely to develop skin allergies to both fragrance ingredients as well as anything else on your skin. People interested in guaiazulene are looking to soothe their skin - meaning it’s already irritated. The last thing it needs is fragrance.<br /><br />Also, the eyeholes are too small, so the mask touched the outside edges of my eyes. Some of the serum in the mask got in my eyes. It stung. But not too bad.<br /><br />Overall, look elsewhere. But if you already bought these, it’s not gonna hurt you to use them up.",P000046,Elizabeth Arden Green Tea,ACC-0022,ACC-0039,ACC-0022|ACC-0039|ACC-0008|ACC-0033|ACC-0032
26255,B08XMBHL8C,1.0,"Dissappointed. I really wanted to like this body lotion, as I wanted a nice lotion for men with a nice clean manly scent.  The scent is ok not really a clear idea of what the scent is, it kind of reminds me of grass.  Scent aside the lotion it self is supposed to be Extra Moisturizing, but after using this for a couple of weeks now, it really is not moisturizing at all. After about 10-15 minutes after applying I am just as dry/ashy as I was before application, I even started to apply it twice one right after the other to maybe help with the drying out/ ashy effect Ive been having, but to no avail I'm still dry/ashy 15 minutes later and have just started using another lotion to mix in so Im not wasting my money by just discarding the bottle.  Would not recommend.",P000015,Coach for Men,ACC-0022,ACC-0008,ACC-0022|ACC-0008|ACC-0004|ACC-0033|ACC-0036|ACC-0095|ACC-0082|ACC-0092|ACC-0049|ACC-0005
26669,B07R92TLBR,3.0,"It Could Be a 5 Star.... I just bought this from Target. I initially smelled it from the full tester spray bottle and LOVED the scent. Later in the day I tested the rollerball at home and the first use smelled of pure rubbing alcohol. The scent faded rather quickly as well. I bought the The Blanc rollerball and had the same experience. To be fair, you get what you get for ~$10 perfume. If it had less alcohol and stayed longer, I'd give it a full 5 stars.<br /><br />Mixing this with The Blanc smells very close to Elizabeth Arden Green Tea and Bamboo perfume.",P000046,Elizabeth Arden Green Tea,ACC-0022,ACC-0039,ACC-0022|ACC-0039|ACC-0008|ACC-0033|ACC-0032
26670,B07R92WSDP,3.0,"It Could be a 5 Star.... I just bought this from Target. I initially smelled it from the full tester spray bottle and LOVED the scent. Later in the day I tested the rollerball at home and the first use smelled of pure rubbing alcohol. The scent faded rather quickly as well. I bought the Jasmine rollerball and had the same experience. To be fair, you get what you get for ~$10 perfume. If it had less alcohol and stayed longer, I'd give it a full 5 stars.<br /><br />Mixing this with Jasmine smells very close to Elizabeth Arden Green Tea and Bamboo perfume.",P000046,Elizabeth Arden Green Tea,ACC-0022,ACC-0039,ACC-0022|ACC-0039|ACC-0008|ACC-0033|ACC-0032
26806,B01BT3FPPG,5.0,"LOVE the ingredients!. First off let me start by saying I absolutely love the ingredients! You are what you eat and you are also what you put on your body. I was really excited about this so because I use green tea almost everyday either in drinks or by adding matcha (green tea powder) to my breakfast. The soap does not have a smell and it lathers up really well. It leaves your skin feeling squeaky clean but yet moisturized once you dry off. Love that it comes with three bars, great deal for the price. I would definitely recommend this product! I recieved this product at a discounted price for an honest and unbiased review.",P000046,Elizabeth Arden Green Tea,ACC-0022,ACC-0039,ACC-0022|ACC-0039|ACC-0008|ACC-0033|ACC-0032
27915,B011CVQI56,5.0,"Easy to Use.  Moisturizes Like Billy-Oh.  Smells Good.. What does anybody want in a bar hair-detangler product?  I'd say that easy to use is best.  After that, I'm looking for rich, juicy moisture streaming everywhere the product touches - CHECK!  Finally, I'd like my HDP-B (hair detangling product - bar style) to smell good.  Boy, nothing revs me up in the morning more than a hearty blend of fresh green tea, grown and picked by the shaky hands of terrified children, than the warm, cozy scent of tropical coconut.",P000046,Elizabeth Arden Green Tea,ACC-0022,ACC-0039,ACC-0022|ACC-0039|ACC-0008|ACC-0033|ACC-0032
28864,B000W078XA,4.0,I love this scent which is why I bought this product. I love this scent which is why I bought this product.  I gave it a 4 as the metal container that holds the perfume is quite heavy so I often drop it when pull it off the shelf .  Did not expect the container to be that heavy (it is heavier than a full bottle of pour homme.,P000021,Azzaro Pour Homme,ACC-0008,ACC-0095,ACC-0008|ACC-0095|ACC-0033|ACC-0028|ACC-0049|ACC-0057|ACC-0050|ACC-0022|ACC-0066|ACC-0092
31074,B01E2VU8KO,4.0,"good product and thicker that most lotions. Like product wish it was unscented. Has a different smell that is neutral for men and women, but unscented to me would be better",P000015,Coach for Men,ACC-0022,ACC-0008,ACC-0022|ACC-0008|ACC-0004|ACC-0033|ACC-0036|ACC-0095|ACC-0082|ACC-0092|ACC-0049|ACC-0005
32102,B09NWC15QP,5.0,"Best for teen daughter. We've tried many of the ""safer"" deodorants, including the Native brand.  My poor daughter's body odor was just too much for Native to handle; she still smelled like an onion.  This Lume brand of deodorant is pretty phenomenal stuff!!  ***The key for Lume to be effective is to apply right after washing; that provides Lume a ""clean slate"" where its formula may keep bacteria away.***  We monitored how Lume did on my daughter for about a week; she typically showers at night before bed.  After doing the nighttime application, one of the next days she did yard work, rode her bike on an errand, AND ran a workout, all in warm weather.  No kidding - NO ORDOR.  It's a miracle.  After one week, we were sold and will only buy Lume for her.  I'm hoping that Lume can lower its price as more people buy the deodorant.",P000062,Narciso Rodriguez For Her,ACC-0059,ACC-0068,ACC-0059|ACC-0068|ACC-0066|ACC-0095|ACC-0064|ACC-0092|ACC-0036|ACC-0004|ACC-0031|ACC-0082
32251,B07JB7ZLT7,2.0,"Not For ""Men"". This stuff has the consistency of Cool Whip, and it smells like a powder room.<br />""Moisturizer for Men"". What the hell does that even mean ?<br />If you're a man and you take a lot of pride in being ""neat"", then this is probably for you.<br />If you have a shop in the garge, I'd say pass.",P000015,Coach for Men,ACC-0022,ACC-0008,ACC-0022|ACC-0008|ACC-0004|ACC-0033|ACC-0036|ACC-0095|ACC-0082|ACC-0092|ACC-0049|ACC-0005
33589,B086H22T1M,5.0,Great perfume!!. My husband loves the smell of the perfume. I also think it has a great scented smell.  Really great perfume for men. I really recommend it. My husband has been using this perfume for a while and he loves it.,P000015,Coach for Men,ACC-0022,ACC-0008,ACC-0022|ACC-0008|ACC-0004|ACC-0033|ACC-0036|ACC-0095|ACC-0082|ACC-0092|ACC-0049|ACC-0005
35025,B014BVW62S,4.0,"Nice if you don't have sensitive skin. I gave to my daughter and it worked for her, not me. It smells nice and you feel a tingling effect when applied. Soothing after cooling in fridge for a few minutes, but my undereye area got swollen a bit and my dark undereye spots darker. I think my skin is too sensitive for this product.  My daughter liked it so I think it was me.",P000062,Narciso Rodriguez For Her,ACC-0059,ACC-0068,ACC-0059|ACC-0068|ACC-0066|ACC-0095|ACC-0064|ACC-0092|ACC-0036|ACC-0004|ACC-0031|ACC-0082
35907,B08C4M618J,1.0,"There were no magnets on the lashes!!. We've got a bit of experience in this house with magnetic eyeliner and lashes.  We've tried super expensive ($75/pair), super cheap (Wish is NOT the place to go for lashes) and everything in between.  My daughter has TTM and has no natural eyelashes, so magnetics are the ONLY type of lashes that work for here.<br /><br />She liked the look of the lashes in this set.  They weren't all over-the-top, super glam.  There were quite a few pairs that she thought she could use for daily wear and even liked the look of ""glam"" pairs that were included for when she really wants to go all out.  So it was HUGELY disappointing that there were NO MAGNETS on ANY of the pairs of lashes.  She did try the eyeliner with lashes she already had, but wasn't very impressed with it either.  It didn't seem to completely dry down and had a slightly tacky feel even after waiting about 10 minutes.  I thought maybe they had mixed up the order and sent her regular lashes & lash glue, but it wasn't tacky ENOUGH to hold a lash in place.  Overall, it was a fail for her.  Which is disappointing because she quite liked the style of the lashes offered in this set.",P000062,Narciso Rodriguez For Her,ACC-0059,ACC-0068,ACC-0059|ACC-0068|ACC-0066|ACC-0095|ACC-0064|ACC-0092|ACC-0036|ACC-0004|ACC-0031|ACC-0082
35909,B088YHN4JT,5.0,"Solid, heavy glass with an excellent mist & great for mask relief!!. I ordered these to hold the essential oils mix I use for sachets.  The mist from the sprayer is perfect to refresh the bags and to evenly distribute the scented oils over materials used in the mix.<br /><br />Since the COVID thing hit, and everyone in our house is dealing with prolonged mask use irritation and “maskne”, I’ve filled up a few more with a 100% green tea toner that can be sprayed on the face during the day.  It helps cut down on the inflammation from irritation and since it’s also an anti-bacterial it has helped control the acne, as well.  These are great to throw in your purse or keep in the car.  The glass is heavy & durable and the spray attachment screws down tight so they DON’T LEAK and the mist created is a nice, fine mist with zero “spitting” or errant streams.",P000046,Elizabeth Arden Green Tea,ACC-0022,ACC-0039,ACC-0022|ACC-0039|ACC-0008|ACC-0033|ACC-0032
36925,B0746QY9FM,5.0,My friend was using this hand cream and I needed it for myself. The smell is great and it covers up onion hand! but the real take away is how deeply moisturizing it is! My skin was so soft and when my guy smelled it on me he said mummmm which is always a good thing then he got closer! I would recommend this hand cream to everyone - it isn't an overly feminine scent so good for Men or Ladies!,P000015,Coach for Men,ACC-0022,ACC-0008,ACC-0022|ACC-0008|ACC-0004|ACC-0033|ACC-0036|ACC-0095|ACC-0082|ACC-0092|ACC-0049|ACC-0005
36956,B07DGL23H5,5.0,"Calming and gentle on skin. It has never caused a skin reaction. The lotion has been gentle and helpful in making skin stay moisturized. It helped heal up some troublesome rough spots from crawling, making the skin is super smooth and healthy like the rest. That said, it should be known that sleepy time lotions should not be applied before going outside on a hot day, because this type of lotion (like many) works to create a protective barrier that locks natural moisture in longer, and that same helpful barrier can lock in heat when outdoors, causing the skin to burn easier. This applies to using other options on adults too. It always depends on the type of lotion and how it functions. This one is not for outdoors m. This one is for bedtime. The scent is gentle and pleasant, lavender. I didn't use it on her face, so I can't say how that would go, because faces often require specific creams made for it, but putting it on her body (and dabbing a tad on the collar of her pajama top for her to smell) seemed to help sooth her for sleep.",P000062,Narciso Rodriguez For Her,ACC-0059,ACC-0068,ACC-0059|ACC-0068|ACC-0066|ACC-0095|ACC-0064|ACC-0092|ACC-0036|ACC-0004|ACC-0031|ACC-0082
37484,B00LHZC4GA,5.0,"Great Serum!. This excellent product is packed full of goodness for your skin. I like everything about it.It is basically a serum which treats your skin (you use it twice a day). The formulation primarily delivers collagen. The collagen in the serum is &#34;Matrixyl Sinthe' 6&#34;, which is a peptide. This is the newest, most effective form of Matrixyl.  It is very effective at rejuvenating older skin (like my skin). It also has some other great ingredients: sesame oil protein (keeping your skin moisturized), sweet almond oil, Vitamin B and Green Tea antioxidants.<br />I find this product to be pleasant to the touch. It also smells good, in a very light way. It is not as expensive as some of the serums which I use (yes, I use more than one brand), which is good, too. eb5's Collagen Booster Serum is definitely staying on my shelf of great facial care products. I am very happy with it and look forward to trying other products from eb5.",P000046,Elizabeth Arden Green Tea,ACC-0022,ACC-0039,ACC-0022|ACC-0039|ACC-0008|ACC-0033|ACC-0032
39163,B071GKCWNN,5.0,Love This Hair!!!. Absolutely love this hair!! I have tried all kinds of hair and this is by far the best. It does not tangle or shed. I had it sewn in and the lady was so impressed she wants to buy some for her shop. I had mine colored and highlighted and still looks nice and shiny!!! No bad smell either!,P000062,Narciso Rodriguez For Her,ACC-0059,ACC-0068,ACC-0059|ACC-0068|ACC-0066|ACC-0095|ACC-0064|ACC-0092|ACC-0036|ACC-0004|ACC-0031|ACC-0082
41477,B01MA3LXIL,5.0,"High quality hand lotion that smells good and comes packaged for gifting.. This bundle includes 4 travel sized hand lotions that come individually gift boxed. This is convenient for adding to gift baskets or as stocking stuffers. I like the generous size of each tube of lotion. The lotion is moisturizing, but not too greasy. This is a high quality lotion that actually softens hands and combats dryness. I like the pleasant scent of this Green Tea hand lotion. The scent is light and fresh, but not too sweet nor strong.",P000046,Elizabeth Arden Green Tea,ACC-0022,ACC-0039,ACC-0022|ACC-0039|ACC-0008|ACC-0033|ACC-0032
43144,B08XMBHL8C,5.0,"Smells great for men. The lotion is great! Smells manly, isn’t oily, keeps my skin soft and moisturized.",P000015,Coach for Men,ACC-0022,ACC-0008,ACC-0022|ACC-0008|ACC-0004|ACC-0033|ACC-0036|ACC-0095|ACC-0082|ACC-0092|ACC-0049|ACC-0005
43845,B083NHRC32,5.0,Nice 👍. I love axe body spray. The best cologne fragrance ever made for men. I just think they are alil too pricey tho!!,P000015,Coach for Men,ACC-0022,ACC-0008,ACC-0022|ACC-0008|ACC-0004|ACC-0033|ACC-0036|ACC-0095|ACC-0082|ACC-0092|ACC-0049|ACC-0005
43861,B08Z3BCMS3,5.0,Smells like the older version per sil. My daughter had me to order this for her husband who loved this scent when younger and he said it smells just like he remembers. And was very happy with it.,P000062,Narciso Rodriguez For Her,ACC-0059,ACC-0068,ACC-0059|ACC-0068|ACC-0066|ACC-0095|ACC-0064|ACC-0092|ACC-0036|ACC-0004|ACC-0031|ACC-0082
44188,B07XNS942N,5.0,"💖💕💪 Perfect Cleansing/Moisturizing Combo Set for Men💪💕💖. I really do love this combo set that I had received as a gift for my birthday, now that I have some skincare products to call my own. This Facial Rejuvination Combo Set from TCM is specially formulated, pH-balanced for men's skin type, and contains Moringa Oils as its primary active ingredient. Moringa Oils are rich in Oleic Acid. - a fatty acid that's found in a lot of plant and vegetable oils, it's thought to support a healthy skin barrier function and offer mega-hydration and anti-aging perks. Research has shown that the high oleic acid content found in moringa oil suggests it would benefit dry, more mature skin types due to its significant moisturizing properties"", both the Facial Cleanser & Moisturizer contain Moringa Oils in its formulation, and they are super moisturizing, and as an added benefit, I don't even need to apply shave gel anymore. After I wash my face in the morning with the facial cleanser, I don't wash it off immediately, as I would normally with other facial cleansers. I simply leave the foams on, and take out my razors to shave. The Moringa Oil really serves as an amazing lubricant that makes my razor blades glide very smoothly, and it smells great! After I rinse off upon shaving, I then apply its complementary moisturizer, because they contain similar active ingredients, they work harmoniously & symbiotically on my face. The TCM Facial Cleanser helps hydrate and clean my face unlike any other facial cleansers,  this Glycolic Facial Cleanser is a low-foaming cleanser that removes dirt and oil, cleanses, gently exfoliates, and helps to soften and lift stubble before my shave. The Facial Moisturizer contains moisturizing combination of sunflower seed oil, moringa oil, and other key ingredients designed to nourish, smooth, and revitalize my skins, all without that heavy oily feeling 💪👍💖💞💪👍💕❣️<br /><br />The VERDICT<br />=====❣️👍💪💪<br />This TCM Facial Cleanser + Moisturizer Combo Set is per",P000015,Coach for Men,ACC-0022,ACC-0008,ACC-0022|ACC-0008|ACC-0004|ACC-0033|ACC-0036|ACC-0095|ACC-0082|ACC-0092|ACC-0049|ACC-0005
44870,B07177PJVD,5.0,"Yass Queen!. Yesss! I have been really getting into mask sheets lately and these are the best deal out there. You can get 40 pack for about $15 and that is way to good to past up.<br /><br />The package comes with 20 different kinds and 2 of each, making it 40 in total. In the picture, I’m using the green tea one. It smells good and high quality. There’s no run down of liquid and sets good on the face. The only problem I had is that they are a little oversized for my face. I highly recommend giving these are try and I’ll be sure to buy again in the future.",P000046,Elizabeth Arden Green Tea,ACC-0022,ACC-0039,ACC-0022|ACC-0039|ACC-0008|ACC-0033|ACC-0032
44955,B00GDJTN3M,5.0,"Great price great product.. My wife was tanning with some lotion given by her friend at work that made her look a little orange. Come to find out it was expired. After review upon review I picked up this lotion for her and placed in her gym bag, she was very happy. She has been using this product for a month now she seems very happy and for the $18 I spent compared to the other crazy prices I'm happy. I will be ordering again once she gets close to the end of the bottle. Smells good and provides result. No complaint from her no complaints from me.<br /><br />She has two of her friends at the gym using the lotion also happy.",P000062,Narciso Rodriguez For Her,ACC-0059,ACC-0068,ACC-0059|ACC-0068|ACC-0066|ACC-0095|ACC-0064|ACC-0092|ACC-0036|ACC-0004|ACC-0031|ACC-0082
46707,B082SD4HJ2,5.0,"Gifted. My granddaughter requested one for her birthday and after opening, she quickly set it up. It was easy to use, had beautiful lights that changed and it filled the air with fragrance. It was subtle and soothing, not heavy.  She loved it and after demonstrating it to us, my husband wants one!!",P000062,Narciso Rodriguez For Her,ACC-0059,ACC-0068,ACC-0059|ACC-0068|ACC-0066|ACC-0095|ACC-0064|ACC-0092|ACC-0036|ACC-0004|ACC-0031|ACC-0082
49206,B0114DPMYA,5.0,"Great Anti-Aging Product-Leaves Smooth Skin-Tips for Application and Use Information!. I am very pleased so far with the InterSight Naturals Hyaluronic Acid so far. It comes in a 1 oz bottle but a little goes a long way. I will explain in my review.<br /><br />There are a lot of benefits in general to your body with Hyaluronic Acid, including your skin and face. The major benefit is that it is an anti-aging agent. We already have this in our skin. As we age, we lose some along with collagen. Hyaluronic Acid in this Serum allows your skin to retain more moisture, whether you have oily skin or not. It has a lightweight texture and works for oily or dry skin and sensitive skin too. That's great because I personally have all of that going on with my face.<br /><br />There are other serums out there similar to this. I like InterSight's Hyaluronic Acid because it is free of fragrance/scent and drying agents like alcohol. It's ingredients include (of course) hyaluronic acid, witch hazel, green tea, jojoba oil, vitamins c and e and aloe. So, if you are familiar with any of these you will know that these are elements are soothing to the skin and each have their own benefits. I like products that have natural ingredients versus a lot of chemicals that I don't know how to pronounce.<br /><br />This product is advertised to activate collagen production, which is what the h. acid does. It goes beneath the skin's surface when applied correctly and retains moisture, plumping it up like youthful skin. When I use this, I notice that my skin appearance is very youthful and fresh. You can use your own moisturizer afterwards (I switch it up personally but mainly use Vanicream Light Lotion, not cream, because it's &#34;Dye free, perfume/fragrance free, lanolin free, paraben free, formaldehyde free.&#34; Also, it isn't greasy.)<br /><br />This bottle comes with a dropper in it. I have a few tips if it will help anyone for use.<br /><br />1. The product directions are teeny tiny but it sa",P000046,Elizabeth Arden Green Tea,ACC-0022,ACC-0039,ACC-0022|ACC-0039|ACC-0008|ACC-0033|ACC-0032
51191,B0C1ND3FVR,5.0,"Just the thing. I love this! Light, cooling remains gently on the skin, a perfect summer eau de cologne in the old fashioned sense. Perfect for men or women",P000015,Coach for Men,ACC-0022,ACC-0008,ACC-0022|ACC-0008|ACC-0004|ACC-0033|ACC-0036|ACC-0095|ACC-0082|ACC-0092|ACC-0049|ACC-0005
51363,B007QG7G3U,5.0,"Amazing Product. We have been using g this for a few years now. It is great for men amd women, faces, legs and intimate areas. No dryness or razor burn. Great on sensitive skin. Smells great too.",P000015,Coach for Men,ACC-0022,ACC-0008,ACC-0022|ACC-0008|ACC-0004|ACC-0033|ACC-0036|ACC-0095|ACC-0082|ACC-0092|ACC-0049|ACC-0005
51558,B07XTHGBYB,5.0,"Very Sweet Fragrance. It is very woody which is why I was drawn to try it. It is also very sweet. Can't beat the price or the portability of the product.  It is described as a scent for men or women.  I would caution men that unless they like a very sweet fragrance, this fragrance is better suited to those with more feminine tastes.  I will buy it again.",P000015,Coach for Men,ACC-0022,ACC-0008,ACC-0022|ACC-0008|ACC-0004|ACC-0033|ACC-0036|ACC-0095|ACC-0082|ACC-0092|ACC-0049|ACC-0005
53170,B0BTJ6SYKB,5.0,"Summer night scent. I really like this. I got a tiny decant of Tom Ford's Black Orchid several years ago and loved it but it didn't really match me very well because it was so fancy and I'm not, so I didn't buy more. This scent reminds me so much of Black Orchid that I wondered if it was designed to be similar. I kind of think it is--lots of the ingredients and notes are exactly the same. Except this scent is less overwhelming and less formal, to my nose, so I feel more comfortable wearing it. It's very warm and sexy without being stinky. If I use one spray it doesn't feel like I'm enveloped in it. They're calling it a gourmand fragrance but what I smell is flowers and wood; the foodie notes (vanilla, etc.) are secondary at most. It's a perfect humid summer night scent if you like deep, warm floral fragrances.",P000061,Tom Ford Black Orchid,ACC-0031,ACC-0028,ACC-0031|ACC-0028|ACC-0037
53697,B01N7PJ393,5.0,"Christmas Gift 2018. My sister is a huge Viktor & Rolf scent fan,  I purchased set for her as a Christmas gift. I priced the set at various places, including fine dept stores, and Groupon. The set was $2 less at Groupon, with a long shipping time.  But, as much as $50 more, at dept stores. The packaging and scent were EXACTLY the same as dept stores. Groupon also had exact same packaging.  At Viktor & Rolf, packaging, bows, etc, vary, depending on size, set, edition, etc. We would have returned if not right (as it was Prime). She knows her perfume, and loved it. I also have the eau de parfume (same sister bought for me from major dept store:). She too says this set, including bath gel and lotion is an exceptional deal. Now I want a set too!",P000062,Narciso Rodriguez For Her,ACC-0059,ACC-0068,ACC-0059|ACC-0068|ACC-0066|ACC-0095|ACC-0064|ACC-0092|ACC-0036|ACC-0004|ACC-0031|ACC-0082
56904,B0045M04IM,5.0,"Sultry and warm. I love this fragrance and so does my sister.  I bought this for her for Christmas and it was a struggle for me not to keep it for myself.  But, being the good person that I am, I gave it to her and she was elated.  I am always asked what fragrance I'm wearing when I wear this -- everyone loves the fresh but sexy scent.  I didn't want to review this because everyone will now buy it and that leaves less for me!  It's lovely and well worth the money.",P000062,Narciso Rodriguez For Her,ACC-0059,ACC-0068,ACC-0059|ACC-0068|ACC-0066|ACC-0095|ACC-0064|ACC-0092|ACC-0036|ACC-0004|ACC-0031|ACC-0082
56979,B00U6CGVDM,5.0,"Sage Soap is the best in my opinion. I LOVE this soap. This is my third order of this soap. It makes great gifts for men or women; the sage scent is nice, not overpowering, and does not act like perfume for which I am entirely grateful.  I've discovered that it helps ward off some mosquitoes as they can smell it and change directions. It is very nice as far as texture and cleans well.",P000015,Coach for Men,ACC-0022,ACC-0008,ACC-0022|ACC-0008|ACC-0004|ACC-0033|ACC-0036|ACC-0095|ACC-0082|ACC-0092|ACC-0049|ACC-0005
57388,B00M0UD2IU,5.0,English Leather - the one for men. The English leather deodorant stick has been my favorite since 1978 and it's what I prefer still. Walgreen's used to carry this product but apparently it no longer does locally. English Leather has such a lovely smell and it's a man's delight. Check it out and you'll likely get hooked permanently.,P000015,Coach for Men,ACC-0022,ACC-0008,ACC-0022|ACC-0008|ACC-0004|ACC-0033|ACC-0036|ACC-0095|ACC-0082|ACC-0092|ACC-0049|ACC-0005
57875,B0BKCL49DL,5.0,Really does prevent the yellow stains. I bought this product for my husband to prevent the yellowing in the armpits of his shirts.  It has a very pleasant scent and it prevents the discoloration.  My daughter also uses it and it works for her as well.,P000062,Narciso Rodriguez For Her,ACC-0059,ACC-0068,ACC-0059|ACC-0068|ACC-0066|ACC-0095|ACC-0064|ACC-0092|ACC-0036|ACC-0004|ACC-0031|ACC-0082
58775,B012Q9NGE4,5.0,Happy Hair. This shampoo leaves my hair feeling super silky. I also love the smell. It's a great scent for men or women. It's strange that it doesn't lather but I guess that's because it's sulfate free. My hair is happy!,P000015,Coach for Men,ACC-0022,ACC-0008,ACC-0022|ACC-0008|ACC-0004|ACC-0033|ACC-0036|ACC-0095|ACC-0082|ACC-0092|ACC-0049|ACC-0005
58982,B07K5FYK4G,5.0,"Love it!. The scent is light and tropical... very moisturizing without feeling greasy.<br /><br />I have also purchased, from KE directly, the Haitian Vetiver. The scent of that is very natural, woodsy, earthy. The scent is good for men or women.<br /><br />Great moisturizer!",P000015,Coach for Men,ACC-0022,ACC-0008,ACC-0022|ACC-0008|ACC-0004|ACC-0033|ACC-0036|ACC-0095|ACC-0082|ACC-0092|ACC-0049|ACC-0005
59420,B01MA3LXIL,2.0,"Just okay, nothing great. The lotion is just okay, nothing too special about it. The consistency is definitely like lotion and more on the thinner side. I prefer a more creamy texture for hand creams. The scent is okay, more like a powder green tea type scent. Easy squeeze bottle and screw on cap. You get 4 nicely individually packaged lotions that would make a great gift or stocking stuffer. Wouldn't get this again.",P000046,Elizabeth Arden Green Tea,ACC-0022,ACC-0039,ACC-0022|ACC-0039|ACC-0008|ACC-0033|ACC-0032
59861,B08RC9SF4X,5.0,"Tonka. I think this is a dupe for Good Girl perfume, deep and rich with Tonka bean. I really like it.",P000113,Carolina Herrera Good Girl,ACC-0082,ACC-0094,ACC-0082|ACC-0094|ACC-0092|ACC-0087|ACC-0004|ACC-0014|ACC-0095|ACC-0086|ACC-0003|ACC-0066
60228,B010TQC4R6,4.0,Soap bomb's for a birthdays. I gave them to my niece for her birthday she really enjoyed them and said they smelled nice she just wished I would've gave her more of them she loves them fantastic product,P000062,Narciso Rodriguez For Her,ACC-0059,ACC-0068,ACC-0059|ACC-0068|ACC-0066|ACC-0095|ACC-0064|ACC-0092|ACC-0036|ACC-0004|ACC-0031|ACC-0082
60435,B012KLHGNK,4.0,"Mild scent, thick and very hydrating!. I purchased this product to help with my dry pregnancy skin. Upon receiving, my initial response is positive, although I'd like to further update my review with time...<br /><br />The smell is very mild and definitely has hints of green tea and the jojoba oil - light but disappears after the serum absorbs. It is a thick consistency and one dropper full was enough to coat my whole face and neck. It definitely quickly absorbed and didn't leave a sticky texture (which I've experienced with other serums).<br /><br />Im quite pleased with the product - although only 72% organic (hence my 4 vs 5 stars).<br /><br />*i received this product at a small discount in order to provide my<br />Honest and unbiased opinion after personally trying the product in my own home.",P000046,Elizabeth Arden Green Tea,ACC-0022,ACC-0039,ACC-0022|ACC-0039|ACC-0008|ACC-0033|ACC-0032
61687,B01DD1NOZU,5.0,"BEST conditioner for curly hair!. I get this conditioner for my daughter who has thick curly hair. It not only smells AMAZING, but it definitely works very well for her hair (even my hair which is more thick and wavy). I love the pump style bottle too which makes hair washing much easier. Just wish more came in the bottle for the price, but otherwise a really great brand and product.",P000062,Narciso Rodriguez For Her,ACC-0059,ACC-0068,ACC-0059|ACC-0068|ACC-0066|ACC-0095|ACC-0064|ACC-0092|ACC-0036|ACC-0004|ACC-0031|ACC-0082
65085,B07W95JDDR,5.0,"Best powder!. Best talc free powder I've tried yet!  I know it's supposed to be for men, but women can use it too.  It smells great and feels nice on the skin.",P000015,Coach for Men,ACC-0022,ACC-0008,ACC-0022|ACC-0008|ACC-0004|ACC-0033|ACC-0036|ACC-0095|ACC-0082|ACC-0092|ACC-0049|ACC-0005
65093,B00GJ2DWKI,3.0,"Not Recommended For People Who Want To Throw On Clothes Immediately After Application. As an ingredient-obsessed, please let it be all-natural consumer I wanted to love this Bee Bar Lotion. In truth it's just OK. The scent is enjoyable and fades into a very pleasant, but light aroma quickly. The bummer is this bad boy should not be used immediately before getting dressed. If you're in the habit of say showering, applying lotion, and putting on clothes this product won't be your friend, especially if you want to wear pants. If you put clothes on too quickly you'll definitely still fill a tad sticky and the insides of your clothes will be riddled with bee bar lotion. It's not as bad as Ross and the leather pants incident on Friends, but it's going to be kind of annoying. Also, after a few uses the bar just starts to look gross. Maybe I shouldn't be so quick to judge my little deformed yellow blob of bar lotion, but it's hard to feel clean after grabbing hold of this bugger and trying to slather it on.",P000249,Carolina Herrera Bad Boy,ACC-0092,ACC-0082,ACC-0092|ACC-0082|ACC-0014|ACC-0095
66764,B0C1ND3FVR,5.0,"Not just for men any more!. Ladies, don't deprive yourself of this delightful scent just because it's traditionally considered a men's cologne.  It's light and classy, and adds a cheerful, positive air to your morning.  It's like putting on your good attitude for the day!",P000015,Coach for Men,ACC-0022,ACC-0008,ACC-0022|ACC-0008|ACC-0004|ACC-0033|ACC-0036|ACC-0095|ACC-0082|ACC-0092|ACC-0049|ACC-0005
66973,B00XYL79WY,5.0,Not for everyone but I really like it.. Acquired taste. Under 25 no need to apply position filled by maturity!<br /><br />Smells almost identical to N.R for men. Scent lasts a good amount of time.(I am very satisfied)<br /><br />If youre on this page and you smelled or have N.R for men you wont be disappointed with this.<br /><br />If you havent smelled this but are curious and dont want to drop your $ on a bottle this wont break the bank if you dont like it.<br /><br />Price plays into all purchases and its value to you so I do understand that.<br /><br />If you want to try something different that imo smells nothing like I have ever smelled go for it.<br /><br />Some say its smells like wet concrete with a feint violet smell buried in there it has that manly old schoolish type of cologne smell (yet this is very distinctive)<br /><br />This stuff isnt made for everyone its not very versatile. This is something you wear to a wedding or funeral or when youre meeting someone very important. To me the impression you leave with this is that of confidence and authority.  I can also see some women loving this smell as well. Its just not an every day scent (imo) but something that is different and worthy of your purchase.<br /><br />Along with on my skin I use this in my hair (Bargz oils are a bit watery) and I also put it in a candle warmer dish with water and it fills my house.<br />A good performer and impersonation by Bargz,P000015,Coach for Men,ACC-0022,ACC-0008,ACC-0022|ACC-0008|ACC-0004|ACC-0033|ACC-0036|ACC-0095|ACC-0082|ACC-0092|ACC-0049|ACC-0005
68014,B01HR1B3FU,5.0,"Gentle on my skin. I purchased the Key West Vitamin C Facial Cleanser with Green Tea and have been using it for nearly a week.  I love this stuff!  I love that the bottle has the simplest of locking mechanisms if you need to transport your cleanser (it’s not one of those pump down and turn, it’s just a simple turn).  It has a very mild green tea smell which is refreshing.  The soap is a little thicker than most I’ve tried, but with a little water it washes my face very well.  It even will take off eyeliner and mascara to the point that I don’t need makeup remover.  It doesn’t leave my face feeling dry at all, I feel hydrated even after washing and before moisturizing.  I’ve experienced no breakouts and my skin feels and looks great.<br />*Disclaimer: I received this product at a discount exchange for my honest unbiased opinion that is solely my own.",P000046,Elizabeth Arden Green Tea,ACC-0022,ACC-0039,ACC-0022|ACC-0039|ACC-0008|ACC-0033|ACC-0032
68688,B07L1XW8W3,4.0,"Extremely strong scents - legit Pokémon. These are NOT XL - they are normal sized. The blue one made my fiancé smell like laundry detergent (not in a good way). But she is a Pokémon lover, so the toys are cute for her desk.<br /><br />Update: Have ordered several times for my wife now. The blue one still reeks of laundry detergent, but she said they are legit Pokémon characters, which makes her very happy when she gets to add to her collection.",P000062,Narciso Rodriguez For Her,ACC-0059,ACC-0068,ACC-0059|ACC-0068|ACC-0066|ACC-0095|ACC-0064|ACC-0092|ACC-0036|ACC-0004|ACC-0031|ACC-0082
68926,B01A0MFUIO,5.0,CoCo Mademoiselle. A signature scent. Softest aroma lingers.,P000052,Chanel Coco Mademoiselle,ACC-0022,ACC-0095,ACC-0022|ACC-0095|ACC-0064|ACC-0082|ACC-0094|ACC-0068|ACC-0028|ACC-0087|ACC-0092|ACC-0096
69284,B01GL5X05O,5.0,Dial for Men Hair & Body Wash. Great shampoo and love the smell.  Bought another and more in the future.  I have short hair and also use it as a shampoo.,P000015,Coach for Men,ACC-0022,ACC-0008,ACC-0022|ACC-0008|ACC-0004|ACC-0033|ACC-0036|ACC-0095|ACC-0082|ACC-0092|ACC-0049|ACC-0005
69895,B000NHZSKC,5.0,Great Product... Great Price. This smells so nice. It is really good for the scalp. The beautician suggested it for my mother who has been to several doctors and tried everything they suggested for her scalp. This price is about 1/3 the salon price. My entire family uses this now,P000062,Narciso Rodriguez For Her,ACC-0059,ACC-0068,ACC-0059|ACC-0068|ACC-0066|ACC-0095|ACC-0064|ACC-0092|ACC-0036|ACC-0004|ACC-0031|ACC-0082
71220,B08BFH35VX,4.0,"Great exfoliating face wash for men with very little scent. My son likes this face wash because it does exfoliate well. However, I don't like that it has very little scent to it -- I expected a clean, fresh scent-- and it is a fairly small bottle for the price. I like the simple, masculine packaging.<br /><br />All in all, this is a perfectly good face wash, particularly if you prefer something with very little scent.",P000015,Coach for Men,ACC-0022,ACC-0008,ACC-0022|ACC-0008|ACC-0004|ACC-0033|ACC-0036|ACC-0095|ACC-0082|ACC-0092|ACC-0049|ACC-0005
72013,B07QC96BSL,1.0,"ONLY ORDER IF YOU DONT CARE WHAT YOU GET. This seller sent a perfume for women called So Pink. Which I'm sure is lovely for women. I ordered Core for Men. I guess So Pink and Core look similar, and pink and black are the same color, apparently. This wouldnt have been a huge issue if i was able to just return it, but getting in contact with the seller and then being re-routed through Amazon's digital ""assistants"" and automation with no humans at all. I'm out over $30 for a perfume. As a single man. Super.",P000015,Coach for Men,ACC-0022,ACC-0008,ACC-0022|ACC-0008|ACC-0004|ACC-0033|ACC-0036|ACC-0095|ACC-0082|ACC-0092|ACC-0049|ACC-0005
72573,B07DLFRZCF,4.0,"pricey but great. I never thought I would be among the people that pay over $10.00 for a small bottle of hand soap.  However, this really is a great product with a wonderful smell, just wish they could get the price point down a bit.  However, the options for men's hand soap is severely limited, and this is one of the best I have found.",P000015,Coach for Men,ACC-0022,ACC-0008,ACC-0022|ACC-0008|ACC-0004|ACC-0033|ACC-0036|ACC-0095|ACC-0082|ACC-0092|ACC-0049|ACC-0005
73794,B00IPGX7CY,5.0,"works great for her. My wife raves about this product, works great for her. practically zero razor burn and very little in growns when the hairs come back. Product smells good too.",P000062,Narciso Rodriguez For Her,ACC-0059,ACC-0068,ACC-0059|ACC-0068|ACC-0066|ACC-0095|ACC-0064|ACC-0092|ACC-0036|ACC-0004|ACC-0031|ACC-0082
75538,B01CTBOHGK,4.0,"Nice soap. I like this fairly well.  The bar is a little large for my hand and therefore difficult to hold in the shower, but the product is good.  I do not like the scent as much as I thought I would.  I wanted a little more Green Tea fragrance and a little less olive oil fragrance.  It smells more like olive oil than green tea.  It lathers well and seems to be more moisturizing than most soaps.",P000046,Elizabeth Arden Green Tea,ACC-0022,ACC-0039,ACC-0022|ACC-0039|ACC-0008|ACC-0033|ACC-0032
76235,B0874VK54V,5.0,"She likes it!. After a trusted blogger recommended this scrub, I gifted this to my sister who loves good bath products. I liked the smell. Why she likes it so much? Because it’s non greasy and doesn’t make the shower floor slippery, a real concern for her following a serious knee problem.",P000062,Narciso Rodriguez For Her,ACC-0059,ACC-0068,ACC-0059|ACC-0068|ACC-0066|ACC-0095|ACC-0064|ACC-0092|ACC-0036|ACC-0004|ACC-0031|ACC-0082
76470,B075ZJV1W4,1.0,"A Joke. My mother was offered a free trial of this stuff if she paid for postage.  She took it. When she got it we noticed she was being billed for the product which should have been free. Thankfully ,her credit card handled it for her . Because of her upset she refused to touch the product so it sat on her shelf till I asked her to try it.<br /><br />I have a good amount of experience with facial products. I could easily write factual informational blogs on them. At first, I was excited as the package labeling said ""no this"" and ""no that"" in regard to harmful ingredients and I was happy it seemed to be fragrance free. However, the proof is in the pudding. The cream was overly thick-the consistence of lard. Although it did eventually absorb after awhile it left my skin dryer to the touch than before putting the cream on.<br /><br />The performance of the cream in addition to the deceptive practices, result in a one star rating from me.",P000062,Narciso Rodriguez For Her,ACC-0059,ACC-0068,ACC-0059|ACC-0068|ACC-0066|ACC-0095|ACC-0064|ACC-0092|ACC-0036|ACC-0004|ACC-0031|ACC-0082
76628,B001VPEFPY,1.0,Hard to work with. This product is very clumpy and hard to work with. I think it may be defective. I tried to put it in my yorkie’s hair to keep the fly away hair that can’t quite reach her topknot out of her eyes and it clumped in one spot so I tried to brush it through but stayed in one spot. Not easy to work with and why does it have to be scented? I feel bad for her having to smell it all day long.,P000062,Narciso Rodriguez For Her,ACC-0059,ACC-0068,ACC-0059|ACC-0068|ACC-0066|ACC-0095|ACC-0064|ACC-0092|ACC-0036|ACC-0004|ACC-0031|ACC-0082
76896,B075JD5NMV,5.0,"Best hair ever. I was a bit skeptical about buying this hair especially since the price was so low and I am a straight hair girl. It was too good to be true.  This hair is great.  I installed it the Saturday, did a 10 mile walk.  Through sweat and rain the texture of the hair did not changed.  There is no tangling or shedding.  The 4 huddles were enough to do my full head.  My hairdresser was so impressed that she has asked me to order for her.  I have had it in for exactly one week and it is still the same.  I just spray with water and it is good to go.  Only one thing is the smell which isn't such a big issue for me since now it is almost completely gone.  I love this hair and get so many compliments.  I will definitely recommend and buy again.  This is an very honest review.  Will update after a few more weeks",P000062,Narciso Rodriguez For Her,ACC-0059,ACC-0068,ACC-0059|ACC-0068|ACC-0066|ACC-0095|ACC-0064|ACC-0092|ACC-0036|ACC-0004|ACC-0031|ACC-0082
77829,B0747S72MB,2.0,"Not for me :(. Not the greatest incentive, but I really wanted to like this since I love boba, green tea, & am a sucker for cute packaging. My face simply did not agree with this product--after awhile I began to break out severely with no other change in my skincare routine. It does feel very hydrating when applied & the scent is nice without being overwhelming. I read the green tea pack helps with sebum control; unfortunately, my combination oily skin begs to differ. I will be keeping the cup though, so cute lol.",P000046,Elizabeth Arden Green Tea,ACC-0022,ACC-0039,ACC-0022|ACC-0039|ACC-0008|ACC-0033|ACC-0032
78474,B07QMXMR6G,5.0,"Getting it back in stock.. Ran out of stock too soon, its good scent for men or women.",P000015,Coach for Men,ACC-0022,ACC-0008,ACC-0022|ACC-0008|ACC-0004|ACC-0033|ACC-0036|ACC-0095|ACC-0082|ACC-0092|ACC-0049|ACC-0005
79839,B0B19442P6,5.0,"The best fragrance version I’ve had!. I ordered a couple of scents I haven’t been able to find, Fierce for men and women, also Coco mademoiselle and there was a slight mix up in what was sent. The customer service was the best ever and they even scent me a couple of different scents I asked about, at no charge. Their version was better than the originals!<br />You won’t be disappointed.",P000015,Coach for Men,ACC-0022,ACC-0008,ACC-0022|ACC-0008|ACC-0004|ACC-0033|ACC-0036|ACC-0095|ACC-0082|ACC-0092|ACC-0049|ACC-0005
80501,B09TT8ZVPN,1.0,"BEWARE! Smells like Marijuana Smoke not Leather!. This stuff smells STRONGLY like stale marijuana smoke rather than leather!  :(<br /><br />Sorry but I just cannot walk around smelling like a college kid's apartment after a weekend of cheetos, video games, and bong hits.<br />This is sad because the dry down has a great smell... but it takes hours for it to kick in and you still have the stale marijuana smoke base smell the entire time.  So basically the dry down tones smell like a great cologne trying to mask marijuana smoke on your clothes.  That's messed up!<br /><br />Now Tom Ford Tobacco Vanille... that is magic in a bottle!",P000118,Tom Ford Tobacco Vanille,ACC-0087,ACC-0082,ACC-0087|ACC-0082|ACC-0084|ACC-0092|ACC-0036|ACC-0095|ACC-0014|ACC-0066
80757,B072BP8R6H,4.0,"Love it but packaging is a pain. I got this as a present, but I am not new to Nubian heritage brand. I had used green tea and avocado scent before. The new blend read goat milk and I thought a goat...really? But I got to be honest, the scent is pleasant and not goaty in the sense that you would stink like goats butt. In fact, it is probably the best lotion out there because my body just inhales it. I coat the skin and it absorbs fast, it does not just sit on top and irritate my nervous system until i wash it off. Nothing like it. This is great in terms of absorbancy and moisture delivery.<br />As others pointed out, the packaging blows big time. I can deal with it, but it is annoying. Definitely would hate if they changed the formula to thin it out for the sake of working with the packaging, so I just hope they find a solution with a jar or some other package/shape.",P000046,Elizabeth Arden Green Tea,ACC-0022,ACC-0039,ACC-0022|ACC-0039|ACC-0008|ACC-0033|ACC-0032
80960,B00ACMM7N4,5.0,"Nice glass bottle that looks like the vintage crystal ones made back in the day.. My gf went on and on about how bad she needed one of these in her life, so I bought it for her. This was a couple years ago, and it is still sitting on her dresser unused. Maybe she just likes the look of it, because it reminds her of the one her grandma used to have? Now that I think about it, she couldn't open the top of her perfume bottle to put it into this bottle.  It was a nice thought, though.",P000062,Narciso Rodriguez For Her,ACC-0059,ACC-0068,ACC-0059|ACC-0068|ACC-0066|ACC-0095|ACC-0064|ACC-0092|ACC-0036|ACC-0004|ACC-0031|ACC-0082
81094,B016L2EHVI,5.0,"Wrapped in a Dream. This opens all lilies and bergamot, heady and strong.  It dries down quickly to a soft jasmine with a touch of gardenia and a hint of rose, amber, and cedar.  The fragrance remains true from drydown until it fades completely, which is a good six hours or more; surprisingly long for eau de toilette.<br /><br />The sillage is a bit more than moderate.  You can keep it closer to yourself by spraying it below the waist.  I always wear fragrance below the waist, usually at my knees to allow it to float up rather than away.  That way I can enjoy any fragrance I wear without bothering other people.<br /><br />Not quite a soliflore, but close.  It smells almost like jasmine green tea, except that hint of gardenia.  I wear it by itself or layer with a woody or rose fragrance.  I think jasmine is wearable all year long, and it doesn't belong to a particular age group.  This is a quieter fragrance than Tea Rose.  It's cheerful yet cozy, and easy to wear.<br /><br />Because of the generous size and the nature of the fragrance, I sometimes use it as a room or linen spray.  Sometimes it's hard to believe something so pleasing and universally appealing can be found for such a small price.  Kudos to Perfumer's Workshop for this treasure.",P000046,Elizabeth Arden Green Tea,ACC-0022,ACC-0039,ACC-0022|ACC-0039|ACC-0008|ACC-0033|ACC-0032
81910,B00XYL7HW6,5.0,"He loved it!!!. He loved the smell, I plan to purchase more oil for men.",P000015,Coach for Men,ACC-0022,ACC-0008,ACC-0022|ACC-0008|ACC-0004|ACC-0033|ACC-0036|ACC-0095|ACC-0082|ACC-0092|ACC-0049|ACC-0005
83110,B08DK761XR,1.0,"Doesnt smell like advertised. I bought auric blends at the same time and auric blends was better and cheaper.<br /><br />This is a nice smell, but more floral than the original that it is spicy and cinnamon. This is nice, but dies not smell like YSL Black Opium at all.<br /><br />Also, the scent fades quickly.<br /><br />Hard pass",P000092,Yves Saint Laurent YSL Black Opium,ACC-0022,ACC-0094,ACC-0022|ACC-0094|ACC-0025|ACC-0095|ACC-0092|ACC-0036|ACC-0082|ACC-0032|ACC-0064|ACC-0059
84058,B00U3CMZXA,5.0,"Renew & rejuvenate skin will an all natural moisturizer!. I am a huge fan of Retseliney products! I bought this item because I own the Retseliney Retinol serum and it has done wonders to my skin so I had to try out the mositurizer. The mosturizer comes in a travel size bottle which is a huge plus for me because I can take this item with me on all my trips! The bottle is light weight and fits in the palm of my hand. The pump on the bottle is easy to use and I normally apply 2-3 pumps of moiturizer on my face after the retinol serum. These two Retseliney products work so well together and my face looks fresh and rejuvinated.<br /><br />My skin is very senstive and I am so happy that this moisturizer works well on my face, I have not had any skin irritation or discomfort. The moisturizer is very gentle on my face and is quickly absorbed into my skin, leaving my skin moisturized. The cream does not leave a greasy feel and the all natural nutrients have begun to restore sun spots, redness and wrinkles! I absolutely love the all natural, vegan and organic ingredients which are healthy for my face, the cream contains no toxins or pesticides. The cream is a thick white color with a very light citric scent. The cream is smooth and I have even seen a reduction in pores and forehead wrinkles in just one week!<br /><br />I would highly recommend this nutritious facial cream to improve the appearance of the skin by naturally renewing and regenerating skin cells. Ingredients such as jojoba oil, green tea, retinol, vitamin E and shae butter will help heal and build healthier and more elastic skin. I get compliments from friends, my skin simply looks healthier than ever! I purchased this item during a one time promotional code, this review is written in my own words.",P000046,Elizabeth Arden Green Tea,ACC-0022,ACC-0039,ACC-0022|ACC-0039|ACC-0008|ACC-0033|ACC-0032
85187,B018W7FUQG,4.0,"Ein Gedi Lion Of Judah Eau De Toilett Pour Homme 100 ml. Update. The one I've just received in my last order comes in flask like container. I should agree a bit with someone commented here already recently for the cologne fragrance. The one I've just received - it does have a simplified one-color fragrance. Now, it reminds somehow of inexpensive watered down natural EDT. Yet, it's still has no unpleasant chemical traces. Comparing to the old classic EDT fragrance coming in the rectangle thick glass bottle, the new one is the water down simplified degradation of the classic one.<br />Yet, it's still somewhat a water down simplified pleasurable human level scent. I could give it a 3-star experience on the first impression. But, I'd still give it a 4-star experience just for the fact it has not strong chemical smelling traces in it. A  fine EDT. Not to be compared to the old golden classic one. If it's not a ""bad"" batch but was reformulated, simplified and watered down, consider it to be a 3-srar experience now<br />of a fine yet very inexpensive natural EDT you could buy in the USA easily everywhere just couple of decades ago. Like mentioned, strong 4 stars still for not stinking with the traces of artificial chemistry.<br /><br />Old original review:<br />Fine elegant cologne of human quality! Thank you! No any unpleasant cheap chemical smell traces , which most of nowadays expensive colognes radiate.",P000021,Azzaro Pour Homme,ACC-0008,ACC-0095,ACC-0008|ACC-0095|ACC-0033|ACC-0028|ACC-0049|ACC-0057|ACC-0050|ACC-0022|ACC-0066|ACC-0092
85981,B07QG86J5V,5.0,Panty dropper. Y’all this cologne is a must have for men or women that wear men cologne<br />Issa panty dropper so beware! Smells so amazing and not over powering,P000015,Coach for Men,ACC-0022,ACC-0008,ACC-0022|ACC-0008|ACC-0004|ACC-0033|ACC-0036|ACC-0095|ACC-0082|ACC-0092|ACC-0049|ACC-0005
87172,B01K5NX49K,4.0,"Soft subtle scent.. Wonderful scent of a soft green tea, but watch when you press down on the top - the soap projects out pretty far.",P000046,Elizabeth Arden Green Tea,ACC-0022,ACC-0039,ACC-0022|ACC-0039|ACC-0008|ACC-0033|ACC-0032
88552,B002B5I38I,5.0,"Buy this for my aunt. She loves the fragrance .... Buy this for my aunt.  She loves the fragrance so when I was ordering it for her, I noticed the gel.  Now she is a regular user.",P000062,Narciso Rodriguez For Her,ACC-0059,ACC-0068,ACC-0059|ACC-0068|ACC-0066|ACC-0095|ACC-0064|ACC-0092|ACC-0036|ACC-0004|ACC-0031|ACC-0082
88854,B0B85L2JTC,5.0,A wonderful gift for men. This Eau De Parfum is the perfect gift for men. The packaging it comes in is really cool and sleek. The perfume smells awesome and my husband loves it. He wears it to work and for special occasions and always receives compliments about it. The bottle is a good size and lasts forever! Would definitely be buying this again. It is made in UAE and and smells luxurious. It is a mix of floral and spicy and we loved it!,P000015,Coach for Men,ACC-0022,ACC-0008,ACC-0022|ACC-0008|ACC-0004|ACC-0033|ACC-0036|ACC-0095|ACC-0082|ACC-0092|ACC-0049|ACC-0005
89045,B01KAY32GE,4.0,Smells Great. Best Gift Set For Men w/ Top Styling Products - Includes k+s Man Series Tea Tree Shampoo - Peppermint Oil Conditioner - Styling Wax (Paraben Free) Top Ten for Birthday - Popular Gift Men Will Love from krieger +  sohne - I purchased this set for my sons birthday. He really likes it. It's a nice clean scent. His hair looks nice and shiny. I think it smells really good. Makes a nice gift.,P000015,Coach for Men,ACC-0022,ACC-0008,ACC-0022|ACC-0008|ACC-0004|ACC-0033|ACC-0036|ACC-0095|ACC-0082|ACC-0092|ACC-0049|ACC-0005
89047,B01BGSYRD0,5.0,"Wonderful Shampoo. The Hair Mother Cellar M-hair Loss Shampoo for Men - Contains Natural Surfactants,...<br />from THE HAIR MOTHER CELLAR - another great product from Reskin. This shampoo is chemical free. It lathers nicely and leaves his hair looking great! It looks fuller, softer and very shiny. It smells wonderful. It repairs damaged hair and controls oil balance. It  strengthens fine and thin hair. It nourishes dry scalp. It comes in a large 10 ounce pump bottle and the expiration date on mine is 11-2018. This shampoo is made in Korea and like all the Reskin products I have used to date, this is another one that does not disappoint. This shampoo is made for men and my husband loves it but Ive used it too and I loved it. They have a women's version called W-Hair Loss a Shampoo and it's excellent as well. From the beautiful packaging to the product itself, this is an excellent quality shampoo. I'd like to add that the company is so easy to communicate with.",P000015,Coach for Men,ACC-0022,ACC-0008,ACC-0022|ACC-0008|ACC-0004|ACC-0033|ACC-0036|ACC-0095|ACC-0082|ACC-0092|ACC-0049|ACC-0005
89087,B07HXWG5SP,5.0,"Untouchable summer fragrance, out-of-this-world good. I ordered a number of sample colognes from eBay recently after reading an article about the top rated colognes available on the market. This one was on this list and it is easy to see why. It's difficult to review colognes for obvious reasons, but I have a collection of about 10-15 fragrances and have sampled dozens of other ones, mostly referrals by Jeremy Fragrance on YouTube. So hopefully I can provide some valuable points of reference.<br /><br />I have never smelled a scent that lit my eyes up like this one did when I first sprayed it. It's hard to describe it because I've never smelled anything like it, even with my experience wearing a number of different fragrances through the years. It is the perfect blend of sweetness and masculinity, with subtle notes you'll catch whiffs of throughout the day that you didn't notice before. This is the kind of fragrance that will turn heads and get you a lot of compliments.. For me, this cologne is a standard to measure others by. It's in my top 3 of all time along with Acqua Di Gio Profumo and Versace Pour Homme.<br /><br />I think it is definitely a summer-only fragrance because of how colorful and bright it is. It has great staying power and a little goes a long way. Wear this on a first date and even if you're dull, you'll still probably get a second one because of this fragrance.<br /><br />If you're on the fence, you can buy a small sample on eBay for like $8. I would be hard-pressed to find anyone who doesn't love this scent, especially at this very reasonable price.",P000007,Armani Acqua di Gio Profumo,ACC-0008,ACC-0033,ACC-0008|ACC-0033|ACC-0095|ACC-0052|ACC-0064|ACC-0092|ACC-0004|ACC-0009|ACC-0075|ACC-0040
89268,B099S88TLZ,2.0,2 stars due to smell. Baby powder and cherry. Not a good smell for cats for sure with sensitive noses!!! I soaked them in soapy water to get the smell to go away. It mostly helped. Ended up giving them to my sister for her dog.,P000062,Narciso Rodriguez For Her,ACC-0059,ACC-0068,ACC-0059|ACC-0068|ACC-0066|ACC-0095|ACC-0064|ACC-0092|ACC-0036|ACC-0004|ACC-0031|ACC-0082
89696,B001ECZJYU,5.0,"Have used it for years!. I love this oil! A neighbor used it for her tummy when she was pregnant and loved it, so she shared a bottle with me when I was pregnant 13 years ago. It had a nice smell and, aside from the fragrance (last on the ingredients list), it was all natural oils. I have used it in my hair for about 10 years now. After multiple pregnancies and regular coloring, my hair can get a little frizzy and dry. I don't like the waxy feel of the fancy and expensive oils from the hair salons. This oil feels just like oil, nothing else. I can't live without it!",P000062,Narciso Rodriguez For Her,ACC-0059,ACC-0068,ACC-0059|ACC-0068|ACC-0066|ACC-0095|ACC-0064|ACC-0092|ACC-0036|ACC-0004|ACC-0031|ACC-0082
89819,B0B19442P6,3.0,"ok for cost. I found that the scent quickly disappeared. I sprayed several times.<br />Every time I walked pass my hanging top could, I smell Coco Mademoiselle",P000052,Chanel Coco Mademoiselle,ACC-0022,ACC-0095,ACC-0022|ACC-0095|ACC-0064|ACC-0082|ACC-0094|ACC-0068|ACC-0028|ACC-0087|ACC-0092|ACC-0096
90451,B01F3ZBTM4,4.0,"Search until I found it!. My daughter loves this fragrance, she couldn't find them anywhere but I found them on Amazon so I bought them for her. By the way I kept one for myself. The fragrance is ok, she likes it best.",P000062,Narciso Rodriguez For Her,ACC-0059,ACC-0068,ACC-0059|ACC-0068|ACC-0066|ACC-0095|ACC-0064|ACC-0092|ACC-0036|ACC-0004|ACC-0031|ACC-0082
91633,B0009ET4SG,4.0,"Good thick moisture cream. This product works well for my elderly mother, who has very thin and delicate dry skin. It was recommended that she use the thickest face cream we could find, with a lot of emollients. This is not the thickest, but it is thick enough and works well for her. It has a slightly &#34;natural&#34; smell, it may not have a very long shelf life, we will see as we go. For the price, this was a much better solution for us than the premium products from companies like Dermalogica which were the other option.",P000062,Narciso Rodriguez For Her,ACC-0059,ACC-0068,ACC-0059|ACC-0068|ACC-0066|ACC-0095|ACC-0064|ACC-0092|ACC-0036|ACC-0004|ACC-0031|ACC-0082
92031,B00C7QO8SA,5.0,"Very good soap. I purchased this soap as a Christmas gift for friends two years ago. I gave one bar to each along with other items.<br />Both liked the soap very much. One was especially pleased because there was no fragrance. Sentisive skin.<br />The other friend asks me at least twice a year where I got it. Having split the box she didn't get any info, my bad.<br />Today I am ordering again for her July birthday.",P000062,Narciso Rodriguez For Her,ACC-0059,ACC-0068,ACC-0059|ACC-0068|ACC-0066|ACC-0095|ACC-0064|ACC-0092|ACC-0036|ACC-0004|ACC-0031|ACC-0082
93149,B0C1ND3FVR,5.0,"Wonderful after a shower - it smells fresh & clean. Got 1 for me, & 1 for my Daughter! Wonderful after a shower -  it smells fresh & clean! And here's a little bit of history for ya, Lucille Ball - &#34;I Love Lucy&#34; is my all time favorite, I just Love her! Right before she passed away she was asked -  if they could get anything for her? Lucille replied &#34;My Florida Water&#34; !! I Love Lucy, & I Love my Murray And Lanman Florida Water, the original!!",P000062,Narciso Rodriguez For Her,ACC-0059,ACC-0068,ACC-0059|ACC-0068|ACC-0066|ACC-0095|ACC-0064|ACC-0092|ACC-0036|ACC-0004|ACC-0031|ACC-0082
93563,B09SJ2ZRG9,4.0,"Night gel moisturizer is more like a cream, smells like soap. I ordered 4 skin care products by Nano Botanix and used all of them.  They're beautifully packaged and come factory sealed in plastic.  This night gel moisturizer contains hyluronic acid and dual peptides with chamomile, green tea and licorice extracts.  It's supposed to help repair and hydrate your skin overnight and stimulate collagen. There's a warning on the box that it may not be suitable for sensitive skin.  It comes comes with a pump dispenser.  It has a clean soap-like scent, a lot stronger than I like. Ideally, you would use Nano Botanix cleanser and toner before using the night gel.  The gel is more like a cream goes on smoothly and has a slightly drying effect and the smell lingers, which I don't like, especially when I'm going to bed.  I tried 4 Nano Botanix products and this is my least favorite.  I have normal-dry skin so this probably isn't something I'm going to use, but I think my daughter-in-law will like it.  It's 1.7 oz and at $20, it's reasonably priced.",P000046,Elizabeth Arden Green Tea,ACC-0022,ACC-0039,ACC-0022|ACC-0039|ACC-0008|ACC-0033|ACC-0032
96578,B01BXI2FUA,5.0,"PAA is always quality!. Another great soap from PAA!  All of their products that I've tried have been top-notch.  Scent-wise, this soap is pretty close to what I envisioned.  The main Sandalwood & Oud wood scents clearly come thru as you take a wiff.  But then in the background, some warm/sweet clovey-type spiciness, maybe a light ginger essence as well.  It's hard to pinpoint, but nonetheless, an amazing soap both in scent & performance.  The scent is similar to &#34;Submariner&#34; from Reef Point Soaps.  Sangre De Drago is water-thirsty (similar to Barrister & Mann), but once you get the lather worked up, it's a real treat!  Super slick, great feel, protective cushion, etc.  Pretty much everything you could ask for in a shave soap.",P000132,Tom Ford Oud Wood,ACC-0095,ACC-0092,ACC-0095|ACC-0092|ACC-0062|ACC-0008|ACC-0087|ACC-0009|ACC-0033|ACC-0004|ACC-0066|ACC-0082
96639,B07B8C4YYB,5.0,"Supposed to be a somewhat love / hate scent.  I loved it from the first sniff.. I bought this because.............<br /><br />1.) It gets a lot of reviews on YouTube and Lalique seems to get a lot of respect as a company.<br />2.) It's supposed to be a good example of a Vetiver fragrance<br />3.) Vetiver seems to be a big category for men's fragrances.<br />4.) As a newcomer to men's fragrances, I had no idea what Vetiver actually smelled like.<br />5.) This stuff is widely discounted and it seemed like a low risk option to learn about Vetiver and answer some of my questions.<br /><br />So how does it smell?  Great!  I loved it from the first moment of the first spray through the dry down right up until it disappeared on my skin.<br /><br />Reviewers use words like ""dark, brooding, mysterious, and serious"" to describe this.  I don't get any of that.  It just smells good.  It makes me happy.  No, it's not a light citrus smell for summer days.  It's a heavier, richer smell that's probably better for an evening out.<br /><br />Personally I find this a lot like the Dolce & Gabbana The One EDP I also bought.  The smell is totally different but with both these fragrances.........<br />1.) I just liked the smell from the first moment.<br />2.) The concentration is Eau De Parfum for both.<br />3.) The longevity, projection, and sillage seems similar.<br /><br />And speaking of performance, this is NOT ""beast mode"" stuff.  It's more subtle.  And as a newcomer I'm learning that can be a good thing or a bad thing depending on the circumstances when you're wearing it.  But for the most part, subtle is safer and understated is the classier way to go.  So for both the D&G The One EDP and this Encre Noir A L'Extreme these impress me as grown up fragrances that come off as sophisticated scents for grown men who wear suits for a living.  I think this would be out of place on a guy in torn jeans, sneakers, and a tee shirt.<br /><br />So performance..........<br />Longevity - I find i",P000015,Coach for Men,ACC-0022,ACC-0008,ACC-0022|ACC-0008|ACC-0004|ACC-0033|ACC-0036|ACC-0095|ACC-0082|ACC-0092|ACC-0049|ACC-0005
96683,B005UQMV92,4.0,"except once applied there is some protein like odor. I recommend it for men with fine .... thickens the hair, light hold, no shine. I couldnt notice any added scent, except once applied there is some fishy like odor. I recommend it for men with fine hair who wants natural effective easy way of hair management .",P000015,Coach for Men,ACC-0022,ACC-0008,ACC-0022|ACC-0008|ACC-0004|ACC-0033|ACC-0036|ACC-0095|ACC-0082|ACC-0092|ACC-0049|ACC-0005
97041,B0B8SFDJN9,1.0,"Did Not Work At All. What you get - 2 10ml rollers with Vitamin C serum eye treament for men<br /><br />Pros - this is obviously designed with men in mind and it doesn't have any scent so my husband was happy to try it out.<br /><br />Cons - it did nothing even when used for a month. There was no cumulative improvement at all. It seems to be very watered down and you are paying for a lot of filler content and very little active ingredient which is probably why it didn't work.<br /><br />Overall it seems that you are definitely paying for the packaging and the ""male"" appeal. It's like the opposite of the pink tax.",P000015,Coach for Men,ACC-0022,ACC-0008,ACC-0022|ACC-0008|ACC-0004|ACC-0033|ACC-0036|ACC-0095|ACC-0082|ACC-0092|ACC-0049|ACC-0005
101212,B009DQDGNK,5.0,Got for her birthday and she is very happy!!. My niece absolutely loves this!! Got for her birthday and she is very happy!! :) has a light pretty scent that is lasting and makes your skin feel soft!! This was shipped and packaged well :),P000062,Narciso Rodriguez For Her,ACC-0059,ACC-0068,ACC-0059|ACC-0068|ACC-0066|ACC-0095|ACC-0064|ACC-0092|ACC-0036|ACC-0004|ACC-0031|ACC-0082
101751,B075F6LSS7,5.0,"Lip Balm for Men. I Love this product. Keeps your lips velvety soft and moisturized. Guys wont feel funny wearing it.<br />The product is colorless and not shiny.<br />Love the hint of Bourbon fragrance, its so masculine and sexy.<br />Theres a minimal sweet taste which isn't a hindrance to kisses!<br />For the men in your life<br />Im a buyer,<br />  (~;",P000015,Coach for Men,ACC-0022,ACC-0008,ACC-0022|ACC-0008|ACC-0004|ACC-0033|ACC-0036|ACC-0095|ACC-0082|ACC-0092|ACC-0049|ACC-0005
102166,B00URYVN14,5.0,"Love it. Like the smell, its light and soothing, its more like a uni sex smell then a girly green tea smell which is good for people who wants to smell &#34;simple&#34; XD recommend!",P000046,Elizabeth Arden Green Tea,ACC-0022,ACC-0039,ACC-0022|ACC-0039|ACC-0008|ACC-0033|ACC-0032
102488,B0747S72MB,4.0,"sleep pack (facial mask). [[VIDEOID:1ad95ebcf2120375132b729dd013161e]] [[ASIN:B01E54U1RI Etude house bubble tea sleeping pack (100g) (Green Tea)]]<br /><br />I love this mask, it  comes in such pretty packaging, it smells great , not strong or perfumed, It feels cooling on the skin. This one i bought because it is meant to hydrate the skin, I have dry skin. This mask is an over night mask that DOESN'T harden! beware of that !! it stays kinda gooey on your face , which made it a little difficult to sleep because I  didn't want it to end up on my pillow, I woke up with a pimple on my chin,but i think its only because my skin doesn't like things on it for a long period of time! i will use this again for sure i just wont leave it on over night! my skin the next day was soft and well hydrated!! its pricey but worth it, i think you pay for the cute packaging . if you have any questions please feel free to comment below and if this review was helpful ...tap that helpful button plz !! thank you<br />beautifulshellz.blogspot.com",P000046,Elizabeth Arden Green Tea,ACC-0022,ACC-0039,ACC-0022|ACC-0039|ACC-0008|ACC-0033|ACC-0032
104282,B008PHMN6O,5.0,"Hot Tot hair care. I am a cosmetologist and recently received the shampoo and conditioner. I was AMAZED at what this product did for my 5 year old daughters hair! Most salon products I have tried on my daughters hair would weigh it down and even the ""baby"" formulated salon products were hard to rinse out. I have to say it is by far the best shampoo and conditioner I have ever used on my 5 year old daughter! The smell is AMAZING! A little bit goes a long way, when I pumped some into my hand I thought"" there is no way that is going to be enough for her entire head"" but to my surprise it was Plenty! After rinsing her hair you could feel how clean it had made her hair and then the conditioner was equally as AMAZING! I again thought "" that is not going to be enough for her whole head"" an again to my surprise it was plenty. I am SO impressed by this hair product line! My daughter has very fine hair as well and some curl and this leaves her hair soft, and manageable and doesn't weigh it down. The way her hair smelled afterwards was awesome! I absolutely recommend this product to all parents with children ages 2-10 not only as a cosmetologist, but as a parent who wants to put quality products that are created specifically for children and their hair which is different than a teen or adults hair.I am not in any way being paid to write this review. These are my true and honest feelings about this wonderful hair care line.",P000062,Narciso Rodriguez For Her,ACC-0059,ACC-0068,ACC-0059|ACC-0068|ACC-0066|ACC-0095|ACC-0064|ACC-0092|ACC-0036|ACC-0004|ACC-0031|ACC-0082
104475,B01FXYKYYO,5.0,"A hit with my niece’s soccer team!. My niece loved this instantly, which is great because like a lot of children she does not like having to take time away from playing to apply/reapply sunscreen. The glitter and very pleasant strawberry scent make applying sunscreen a fun activity for her—and apparently her entire soccer team too! In addition to making an unpleasant chore fun, I like that it’s a family safe product. I also blend it with other sunscreens that are less fun to help finish those tubes/bottles.",P000062,Narciso Rodriguez For Her,ACC-0059,ACC-0068,ACC-0059|ACC-0068|ACC-0066|ACC-0095|ACC-0064|ACC-0092|ACC-0036|ACC-0004|ACC-0031|ACC-0082
104854,B00JSACNMG,4.0,"Lovely oil.  Smooth. Feels Great. Feels Great.  Smooth, and lovely.  The only thing I have to get used to is that it smells like green tea.  Which can't be all that bad because green tea is good for us.",P000046,Elizabeth Arden Green Tea,ACC-0022,ACC-0039,ACC-0022|ACC-0039|ACC-0008|ACC-0033|ACC-0032
105862,B08BFH35VX,5.0,"Great for a soft clean face & beard. This face wash is so exfoliating and smells great. It works really well on the beard area and preps the skin for a nice, super smooth shave. It doesn’t seem to strip the face of natural oils, which is great. Overall, it just leaves a really soft, clean, oil-free (the bad oils) look and feel. I would definitely recommend this for a nice clean face, especially for men with bushy beards.",P000015,Coach for Men,ACC-0022,ACC-0008,ACC-0022|ACC-0008|ACC-0004|ACC-0033|ACC-0036|ACC-0095|ACC-0082|ACC-0092|ACC-0049|ACC-0005
106635,B01MTQ5C17,4.0,"Great all natural product. I've purchased a different Honest for Men beard soap product before. And just as the other one, this bar is great! Its leaves my beard and face feeling clean and soft, without drying it out. I've tried other products from other companies and I could tell the difference immediately. Part of what makes Honest for Men so good, is that they use all natural ingredients. You really cant asked for much more in a product like this. The only negative I'd have to say about this particular soap, is the smell. It takes a bit getting used to. Either you'll like it or not. There's no in between really. It reminds me of a tire almost. Luckily the smell isn't too strong after you wash it out. The fragrance is the only thing keeping it from being 5 stars.",P000015,Coach for Men,ACC-0022,ACC-0008,ACC-0022|ACC-0008|ACC-0004|ACC-0033|ACC-0036|ACC-0095|ACC-0082|ACC-0092|ACC-0049|ACC-0005
107735,B00DL3AQG6,4.0,"reduces chlorine smell. This product works pretty well. My daughter swims once a week and her lesson often ends too close to bedtime for anything more than a quick rinse in the shower and this spray greatly reduces the chlorine smell. Without it, it's not uncommon for her to wake up in the morning and smell chlorine in her room. With this, you have to be really close to her head to smell it. I can't say it's eliminated the chlorine smell entirely, though that might be more operator error than anything else. I still feel I need her swim shampoo/conditioner when I wash her hair after a swim, though.",P000062,Narciso Rodriguez For Her,ACC-0059,ACC-0068,ACC-0059|ACC-0068|ACC-0066|ACC-0095|ACC-0064|ACC-0092|ACC-0036|ACC-0004|ACC-0031|ACC-0082
108610,B081QWH8JJ,4.0,Great out of comfort zone fragrance. Like the tittle says it is very different from what you would smell on a typical designer fragrance it’s a spicy rose powdery and strong very unisex I wear it sometimes and my daughter who is a little girl loves it also my wife likes it for her.,P000062,Narciso Rodriguez For Her,ACC-0059,ACC-0068,ACC-0059|ACC-0068|ACC-0066|ACC-0095|ACC-0064|ACC-0092|ACC-0036|ACC-0004|ACC-0031|ACC-0082
109429,B07V1PRJMR,5.0,"Heavenly. This scent smells heavenly. I don’t know how it compares, but a friend recommended it. It is good for men or women. I’m a women and I will be wearing it. Love it!!",P000015,Coach for Men,ACC-0022,ACC-0008,ACC-0022|ACC-0008|ACC-0004|ACC-0033|ACC-0036|ACC-0095|ACC-0082|ACC-0092|ACC-0049|ACC-0005
109930,B00VKEP3Z2,1.0,"I tried, but it didn't work for me. YES! I finally emptied the container, I'm finished and I wont ever use it again.<br />Unfortunately, I can not recommend this product, as it did not work for me.<br /><br />PROS:<br />- Unscented<br />- Its Natural/Aluminum-free Deodorant (As a former Peace Corps volunteer who completed my 27-month commitment, I really appreciate natural alternatives)<br /><br />CONS:<br />-  I smelled. Unlike a reviewer who mentioned how they enjoyed letting their armpits breath and bask in the naturalness, I do not, and after about 5 hours my armpits smelled, which means I had to spend the last 3 hours at my office hoping and praying others could not smell me.<br /><br />-  I hated applying/pasting my armpit with deodorant like a savage. Using a small wooden stick to paste deodorant to your armpit feels wrong. After a while i got 'used' to it, but I never liked it.<br /><br />-  I got small red rashes under my armpits. This may be due to the fact that my arms were rubbing together for the 1st time, as I had to trim my hair to get the deodorant to work for more than 2 hours.<br /><br />-  Its expensive AND it only lasted ONE month. Normally, each rolling stick of Gillette/OldSpice will last me at least 3 months....this is just not economical.....$11 for 3 ounces....is a very poor fiscal decision in my book.<br /><br />Additions:<br />I really tried. I used the product until every last drop was gone. I wanted to see if my body just needed time to adjust. I noticed that the deodorant last maybe 2 hours with my little armpit hairs, so I shaved, not with a razor, with a trimmer, gave it a nice minimalist look. One month later I still smelled. Daily, I would rush home and use my Dr.Bonners to wash away the armpit funk. God forbid I actually worked up a sweat/perspired from doing something that day, then I would almost immediately smell. It was not enjoyable.<br /><br />Recommendations:<br />- Release a version for MEN (in my Ron Swanson voice)<br />- ",P000015,Coach for Men,ACC-0022,ACC-0008,ACC-0022|ACC-0008|ACC-0004|ACC-0033|ACC-0036|ACC-0095|ACC-0082|ACC-0092|ACC-0049|ACC-0005
110908,B076WFB3S1,5.0,Best body scent for men.. Good dollar valve on the market.,P000015,Coach for Men,ACC-0022,ACC-0008,ACC-0022|ACC-0008|ACC-0004|ACC-0033|ACC-0036|ACC-0095|ACC-0082|ACC-0092|ACC-0049|ACC-0005
112426,B00H3WGN9K,5.0,"... received this set as a birthday gift and am amazed by how wonderful it is. I received this set as a birthday gift and am amazed by how wonderful it is.  My favorite so far (I've used 3 of the 4) is the Green Tea.  I loved the smell of that one!<br /><br />No residue left on skin, and works great on sensitive skin. The smells are amazing and they are FULL size bars!  I can't wait to order again and again",P000046,Elizabeth Arden Green Tea,ACC-0022,ACC-0039,ACC-0022|ACC-0039|ACC-0008|ACC-0033|ACC-0032
114932,B0794KTDSL,5.0,"THE Most Amazing Deodorant Ever!!!. The best I have ever tried!! For years, I have sampled most of the natural deodorants on the market in search of the perfect balance between efficacy of odor control and fragrance, without harmful ingredients/chemicals (this one rates a 0 on the Think Dirty scale btw - HUGE selling point! ). This JUSU Smoky Cedar turned out to be my 'holy grail'  deodorant. Heavenly scent (perfect for men & women both)  if you like earthy, woodsy, herbal green scents you have a winner. I wish they had more products in their line with this fragrance!!!  It is not only long-lasting in hourly wear (I have had it last for 24 hours b/t showers - TMI but truth - worked the whole time) but also in the way it wears in the stick itself  - a good sign that this will probably last a long time - so perfect bang for the buck!  Even though it is a bit on the pricier side, I have no doubt that it will last several months (4-5 possibly) because of it's consistency and how it has already worn in the short time I have had it. Don't hesitate - this seriously blows doors on the competition - you won't be disappointed! This is in my humble opinion - I didn't receive anything for writing this review - just calling it as I see it!",P000015,Coach for Men,ACC-0022,ACC-0008,ACC-0022|ACC-0008|ACC-0004|ACC-0033|ACC-0036|ACC-0095|ACC-0082|ACC-0092|ACC-0049|ACC-0005
115950,B01AWXGD3M,5.0,Its pretty good(updat...its amazing)!!!. So i picked this up from Walgreens.  Only 9 dollars which is amazing. I got this because i wanted to try it on mimes and my little girls hair for protective styles...it's mainly for her since i do them more on her hair. I love the smell and feel...it's not too greasy or anything.  What i can say is...if you have fine soft hair as my daughter does...you don't need a lot... Make sure you working on freshly clean hair. For her hair...she had already had it washed and it had been styled already. I only do a leave in and oil on her head. But i honestly feel i wouldn't need to do that with this product. Feels like i can get away with using only this product and oiling her scalp and her hair will come out moisturized.  It left her hair soft and shiny...a little weighed down because she already had oil and leave in from before. I can't wait to see how it works on freshly clean hair...(update)!! I tried it on my hair and omg the crazy definition and moisture i had was amazing.. My hair was so shiny and soft.. It was hard to keep from playing in it. I really think with this product i don't need an oil. I really want to try using it alone and using to style in perm rods...because honey if my twists and braid outs came out like &#34;yesssss&#34;...i can't wait to see how other styles come out!!!,P000062,Narciso Rodriguez For Her,ACC-0059,ACC-0068,ACC-0059|ACC-0068|ACC-0066|ACC-0095|ACC-0064|ACC-0092|ACC-0036|ACC-0004|ACC-0031|ACC-0082
119077,B0888TZ9W6,2.0,"A wonderful letdown.... After reading all the reviews, I had high hopes for these... I went on a 10-day hunting trip out in the boonies in Michigan's U.P. Stayed at a cabin with no electricity or running water, so I figured these would be a good replacement for a shower.<br /><br />They are very moist, was pleasantly surprised by that, but they failed to get rid of the stink. I typically use a natural tea-tree oil-based shower gel which is great for B.O. removal and since these were one of the few choices that contained TTO, I purchased them. Unfortunately, the TTO wasn't strong enough. Don't get me wrong, I did feel clean after using them! They have a pleasant smell and didn't leave me feeling greasy or sticky, but being a mildly-OCD woman who likes to be funk-free, these were a disappointment.<br /><br />I won't waste them, I'll probably give them to my sister-in-law to use for her babies, but I don't think I'd purchase them again...",P000062,Narciso Rodriguez For Her,ACC-0059,ACC-0068,ACC-0059|ACC-0068|ACC-0066|ACC-0095|ACC-0064|ACC-0092|ACC-0036|ACC-0004|ACC-0031|ACC-0082
119922,B07N12QDJH,5.0,Love the smell. This is the best smelling body spray for Men,P000015,Coach for Men,ACC-0022,ACC-0008,ACC-0022|ACC-0008|ACC-0004|ACC-0033|ACC-0036|ACC-0095|ACC-0082|ACC-0092|ACC-0049|ACC-0005
120836,B07ZS5ZM8C,4.0,Value for money. Great product selection and scent. Nice selection of face masks for men! Great gift or beginner set.,P000015,Coach for Men,ACC-0022,ACC-0008,ACC-0022|ACC-0008|ACC-0004|ACC-0033|ACC-0036|ACC-0095|ACC-0082|ACC-0092|ACC-0049|ACC-0005
121928,B00IFSJGL8,5.0,"MY DAUGHTER AND I LOVE THIEVES PRODUCTS !!. Given as a Wishlist Gift!  My Daughter Loved It!  She has toddler tiwns, and she wants to keep things fresh, clean,and safe for her family..  I have used some Thieves products and I love all of them.  The scent is addictive, and it is kind to my allergies.",P000062,Narciso Rodriguez For Her,ACC-0059,ACC-0068,ACC-0059|ACC-0068|ACC-0066|ACC-0095|ACC-0064|ACC-0092|ACC-0036|ACC-0004|ACC-0031|ACC-0082
122537,B07DD52R9Z,4.0,"Great product, smells nice.. Not a bad product at all. I got this for my mum for her bday and she loved it, especially the fact that it's environmentally safe. It unfortunately lost a star because they sent me a turquoise instead of a labradorite but thankfully she isn't picky. I definitely loved the note cards with the info on each crystal. Great buy.",P000062,Narciso Rodriguez For Her,ACC-0059,ACC-0068,ACC-0059|ACC-0068|ACC-0066|ACC-0095|ACC-0064|ACC-0092|ACC-0036|ACC-0004|ACC-0031|ACC-0082
122588,B01N64PK4M,5.0,"Buy it Now. Love it!! My goddaughter used this for her eczema and we've noticed significant improvements in her skin. I replaced my lotion for this coconut oil on my skin. I receive lots of compliments that my fragrance smells good! Funny, how the natural oil works better than the fancy creams and lotions.<br />The jar also does a great job of containing the oil. It doesn't seep out or sweat in my bathroom because of the humidity. I will repurchase this product in the near future.",P000062,Narciso Rodriguez For Her,ACC-0059,ACC-0068,ACC-0059|ACC-0068|ACC-0066|ACC-0095|ACC-0064|ACC-0092|ACC-0036|ACC-0004|ACC-0031|ACC-0082
123344,B07Q5G73MN,5.0,A must try. For men this is a good choice. Very low scent which I like.,P000015,Coach for Men,ACC-0022,ACC-0008,ACC-0022|ACC-0008|ACC-0004|ACC-0033|ACC-0036|ACC-0095|ACC-0082|ACC-0092|ACC-0049|ACC-0005
124227,B08BNR5DP1,4.0,"USDA Organic, orange peel grounded into powder.. This is a truly versatile product. It can be used in cooking or for external uses (as an astringent, vitamin C enriched application).  I thought the value would be for adding an organic orange flavor aspect to cooking/baking. However, I was enlightened by the significant other that it would make for an excellent face mask/scrub. Knowing that i'd eventually lose the argument, I simply divided the package into half, so we both could utilize this powder.<br />I do like that they included a bag clip, to help keep the foil pack airtight and watertight. This facilitates the longevity and safety of the powder. Still, I put my share into a sealable glass jar (dark colored to minimize sunlight exposure).<br />I sprinkled some of this powder into green tea, and it 'bloomed' into a tasty, tangy orange delight. it's a pleasant way to get a bit more Vitamin C, as well as any other flavonoids associated with orange peels.<br />It is true you can zest a fresh orange, or dry orange peels (my mother used to dry tangerine peels, to use in cooking asian cuisine, a tradition my sister carries on). However, having this ground orange peel ready to go is very convenient. And it's USDA Organic.<br />I will give some of this powder to my sister, perhaps hinting she could cook something and give me some. haha.<br />Besides being a time saver/convenient, the quantity is more than ample when you consider the amount of dried orange rind that is necessary to deliver quantity in powdered form.<br />I feel this orange peel powder merits a solid 4.5 star rating, with a very high level recommendation.",P000046,Elizabeth Arden Green Tea,ACC-0022,ACC-0039,ACC-0022|ACC-0039|ACC-0008|ACC-0033|ACC-0032
124274,B09SJ2ZRG9,5.0,"Moisturizes very well and leaves no greasy feeling. Love the feel of my skin in the morning, great scent and for me anything with Aloe vera and Green tea extract is a winner. Very nicely secured packaging that makes it look expensive (but it still really is!). The pump dispenser is also cool to use. Approved for purchase next time.",P000046,Elizabeth Arden Green Tea,ACC-0022,ACC-0039,ACC-0022|ACC-0039|ACC-0008|ACC-0033|ACC-0032
124286,B00F8KBK9C,2.0,"Twice As Much of A Waste As One Bottle!. The current version of Tsar is a pitiful, inert, dullard of a fragrance that smells markedly like Old Spice. No need for anyone save masochists to stockpile!<br /><br />Per other reviewers considering vintage bottles, this fragrance used to be an interesting powerhouse. Unfortunately, as IFRA (regulatory agency) restrictions on perfume content and overall manufacturing costs have increased, many manufacturers have simply stopped trying to inventively reformulate older fragrances, so what the buyer ends up with is the modern version of Tsar: a weak not especially complex or interesting scent with minimal projection and average longevity. When applied, I get a burst of alcohol and green, and then in about 10 minutes, some hint of pine, amber, and florals (carnation, geranium, lily of the valley maybe?). I smell no leather, no oak moss, no vetiver, no tonka beans, and only the slightest hint of patchouli. This becomes a skin scent really quickly, i.e. no projection, but it does last for about 6-8 hrs as a skin scent. This long duration is really the only major advantage Tsar has over Old Spice, which sells for half the price and smells oddly similar!<br /><br />On Fragrantica.com, there are like 27 different scent ingredients listed for Tsar (or at least claimed for Tsar by its manufacturer), which is simply absurd. VC&A are either having some fun with us, citing historical formulas that are 10 years put of date, or have succeeded in generating the blandest possible result from the most ornately Byzantine of recipes. In comparison, Terre D'Hermes, with a mere 8 ingredients cited on the same site, smells like it is several magnitudes of complexity higher, a symphony compared to Tsar's hummed nursery rhyme.<br /><br />Frankly, I think most buyers should spend their dollars elsewhere. Many of the old vintage powerhouses have not been reformulated into the same decreptitude that Tsar has; Azzarro Pour Homme, Lapidus, Aramis, Havana,",P000021,Azzaro Pour Homme,ACC-0008,ACC-0095,ACC-0008|ACC-0095|ACC-0033|ACC-0028|ACC-0049|ACC-0057|ACC-0050|ACC-0022|ACC-0066|ACC-0092
124287,B004SHEXB8,3.0,"Pleasant Enough, Not Much Scent, Need a Lot of Product To Shower. Like all too many organic soaps, this example ends up being a bit too subtle and bland in scent and power to justify its price point. I love vetiver but even with a generous dollop on the loofah, I get only the faintest scent of that fragrance here. The hemp / vetiver combo smells pleasant in a mild sort of way, but this is not what I expected at the price point and given the product name. If I wanted ""fragrance free"", I'd buy it!<br /><br />Besides the really mild non-especially vetiverish scent, NH IH&V body wash also needs a lot of soap to generate any lather, and even needs a lot just to get through a whole body wash. Lather may or may not be to your liking, but having to reload the loofah halfway through your shower is no one's idea of fun. At the rate of product usage, I would be amazed if this 13 oz bottle lasts me for more than 2-3 weeks.<br /><br />Ultimately, even if you want to stay organic, there are better choices with more prominent scents and better product consumption rates. EOs Cedar & Mint for Men works well enough and can even be used as a shampoo and shave cream for the undemanding. My personal favorite semi-organic products are from Every Man Jack. Their cedar and sandalwood (two separate types there) body wash have great smells and give adequate lather and cleaning duration with roughly half the product needed to get similar effects from NH IH&V wash. (I call Every Man Jack semi-organic as I haven't bothered to assess all the ingredients on their label, but they have no parabens or SLS derivatives, so they pass my personal screening standard.) Both of these product lines are much cheaper than Nubian Heritage.<br /><br />For vetiver lovers who want that scent in their bath ritual, Provence Sante makes a good vetiver beauty bar soap, and also a rather expensive vetiver body wash. which I have not tried due to its high cost. I have tried the beauty bar, and though not cheap, it does",P000015,Coach for Men,ACC-0022,ACC-0008,ACC-0022|ACC-0008|ACC-0004|ACC-0033|ACC-0036|ACC-0095|ACC-0082|ACC-0092|ACC-0049|ACC-0005
124737,B08FCV18Q4,5.0,Worth it!. This is a great face scrub for men. The scent is very clean and refreshing and it has a nice cooling effect when applying to your face. It works well on blackheads and other facial boo-boos.<br /><br />I would definitely recommend this Face Scrub by Disco to anyone looking for a decent value on a good-smelling face scrub for men. Five stars.,P000015,Coach for Men,ACC-0022,ACC-0008,ACC-0022|ACC-0008|ACC-0004|ACC-0033|ACC-0036|ACC-0095|ACC-0082|ACC-0092|ACC-0049|ACC-0005
125655,B0B34GRFL2,5.0,Great non-drying cleanser. There are a ton of facial cleansers out there but so many of them dry my skin out.<br />I've been using this green tea jelly cleanser for a couple of weeks and I really like it.<br />It has a really nice fragrance and a light lather that makes my face feel clean without feeling dried out.,P000046,Elizabeth Arden Green Tea,ACC-0022,ACC-0039,ACC-0022|ACC-0039|ACC-0008|ACC-0033|ACC-0032
125938,B01K5NX49K,1.0,My review of South Of France Liquid Hand Soap Green Tea 8 Oz (Pack of 2). Love the packaging.  Scent was just o.k.  Do not care for the consistency of the product.  I MUCH prefer South of France Foaming Soaps.  I just ordered a half a dozen of them in 3 scents.,P000046,Elizabeth Arden Green Tea,ACC-0022,ACC-0039,ACC-0022|ACC-0039|ACC-0008|ACC-0033|ACC-0032
128496,B08FCTM1SP,5.0,"Interesting way of doing soap. Face Cleanser Stick by Disco for Men, Hydrating, Removes Dirt and Build Up, All Natural and Paraben Free, Eucalyptus Scent, 2.12 Ounces<br /><br />Soap in the shape of a deodorant stick?  Yup.  That's what this is, and it just works.<br /><br />It is very easy to apply.  I am using it in the shower.  I just rub a bit of it on each cheek and my forehead and get to scrubbing.  It lathers up nicely and has a clean, fresh scent.  The smell of eucalyptus is stronger before it is applied.  Once applied, it fades quite a bit.  So in the form of a solid stick, this soap is very concentrated.  It takes very little soap to do the trick.  When I washed it away, my face felt squeaky clean.  It almost seemed like it tightened up my face a bit and that's a good added benefit.<br /><br />The container seems pretty water tight.  I am keeping it in the shower with the lid tightly closed.  It hasn't gotten soft or mushy from water getting in.  The container also makes this the perfect product to travel with.  It's better than those little travel soap bottles that leak all over the place and get all over everything in the ziploc bags that the airlines make you put your carry on stuff in.  So no more washing soap off of everything when I arrive at my destination.<br /><br />As to value for the money.  At the time of this review, the product costs $16.  Whether it's a good value depends on how long it lasts.  I suspect it will last a long time.  I don't think that I'm even close to finishing it off.  There is no actual way to tell though, because there's no indication of how much is left.  The other thing that might dent the value for the cost is that I suspect that some will be left over at the bottom of the container, just like there's always leftover stick deodorant.  But who knows?  Maybe they account for that and designed the dispenser to be able to completely finish the product.  Time will tell.<br /><br />Overall, however, a great product that is su",P000015,Coach for Men,ACC-0022,ACC-0008,ACC-0022|ACC-0008|ACC-0004|ACC-0033|ACC-0036|ACC-0095|ACC-0082|ACC-0092|ACC-0049|ACC-0005
128499,B09PH88MYB,4.0,"Wetter formula than other green tea mask sticks. Interestingly, the label on the box says KASTU brand, but the box itself says MELAO.<br /><br />Also, the plastic wrap seems partly glued to the box and opening it was a pain, even when I used an XACTO blade.<br /><br />Once you open it, it's just like other green tea mask sticks - a round plastic container with a screw cap, a transparent plastic protector, and a gluestick/deoderant/chapstick-like twist to shift up mechanism.<br /><br />Applying the mask to the face is a little tricky near the eyes, on the nose, and above the upper lip - I found that using a finger helps.<br /><br />The smell is not overwhelming and I rather like it. The wetness of this stick is greater than other sticks I've tried in the past, and the result is it feels like I'm using a lot more product in one application. I estimate this stick will maybe last 5 uses.<br /><br />There is a warming sensation as the mask dries on the face, and I do feel moisturized afterward.<br /><br />Taking a star off due to the higher price compared to similar products, and the fact that it's wetter meaning the stick gets used up quicker.",P000046,Elizabeth Arden Green Tea,ACC-0022,ACC-0039,ACC-0022|ACC-0039|ACC-0008|ACC-0033|ACC-0032
128747,B07D6JYF9J,5.0,"Beat the prickly heat!. Soft, silky, cooling, refreshing, and works. This is my summer heat savior. A light delicate scent for men or women.",P000015,Coach for Men,ACC-0022,ACC-0008,ACC-0022|ACC-0008|ACC-0004|ACC-0033|ACC-0036|ACC-0095|ACC-0082|ACC-0092|ACC-0049|ACC-0005
128764,B0BCKYWFXS,1.0,"Buyer Beware👀. I ordered the Mugler Alien Goddess Intense Parfum and I was ecstatic to finally receive it. The shipping box was in great condition. Well, my joy turned to dismay once I opened the package and immediately realized that the unique code for Mugler Circle members had been removed from the upper flap of the product packaging - RED FLAG #1!! In my disbelief, I removed the bottle from its box and immediately realized that this was a used bottle of fragrance - RED FLAG #2!! The bottle was not full and was covered in oily/greasy fingerprints. I’m absolutely appalled that this was sent to me!! I will not order from this seller again.",P000196,Mugler Alien,ACC-0004,ACC-0094,ACC-0004|ACC-0094|ACC-0095
128869,B08Z3BCMS3,4.0,"Not the original formula but still smells great. When I met my husband he was wearing candies for men. I had been searching for it for years when I found this in Amazon. It arrived and looked the same, but it is not the same as the original. Something is just a bit different. It still smells nice on my husband and  we would buy it again.",P000015,Coach for Men,ACC-0022,ACC-0008,ACC-0022|ACC-0008|ACC-0004|ACC-0033|ACC-0036|ACC-0095|ACC-0082|ACC-0092|ACC-0049|ACC-0005
129567,B08BFH35VX,4.0,"Does its job. So this is perfectly serviceable as a exfoliating face wash and I have been enjoying using it. However it says it’s designed for men’s thicker skin, but the actual exfoliation is pretty fine. Many women’s exfoliating washes are much more coarse. I may be mistaken on whether or not coarser face wash is better for thicker skin though. The scent is lemony and it does leave my face feeling much smoother. I’m glad I purchased it for sure.",P000015,Coach for Men,ACC-0022,ACC-0008,ACC-0022|ACC-0008|ACC-0004|ACC-0033|ACC-0036|ACC-0095|ACC-0082|ACC-0092|ACC-0049|ACC-0005
129622,B087T51FQW,4.0,"A mild and soothing product. I find that green tea usually works well for my skin. This mask was strong enough, but still gentle enough to help address the problems I face with my combination skin. I have adult acne and eczema so the green tea helps soothe my sensitive skin and tackle the breakouts at the same time. The mask smells clean and doesn't have any artificial or offensive perfume smell, which is nice. My skin felt smooth and soft after treatment. All in all, this works well and works naturally with your skin to condition and heal.",P000046,Elizabeth Arden Green Tea,ACC-0022,ACC-0039,ACC-0022|ACC-0039|ACC-0008|ACC-0033|ACC-0032
130041,B08HBRN53J,5.0,"Excellent hair products and will buy again. Nice shampoo and conditioner. Often kids products are rough on the hair leaving it to feel like straw because many companies use cheaper ingredients.<br /><br />I used this on MY long wavy hair and the results were great. No grease on the scalp, didn't dry out my hair, and conditioner left my hair soft. My youngest daughters hair is fine and curly, susceptible to being really frazzled and tangled. Same results for her: didn't dry out the hair, conditioner helped soften and remove tangles.<br /><br />Fragrance is light, which is a plus for me because I react to many fragrances.",P000062,Narciso Rodriguez For Her,ACC-0059,ACC-0068,ACC-0059|ACC-0068|ACC-0066|ACC-0095|ACC-0064|ACC-0092|ACC-0036|ACC-0004|ACC-0031|ACC-0082
130323,B07H9HDV8Z,5.0,"Nice and refreshing smell. Thank you, this body wash smell nice and refreshing. I do not smell eucalyptus, but it does  smell like green tea and citrus! I am happy.",P000046,Elizabeth Arden Green Tea,ACC-0022,ACC-0039,ACC-0022|ACC-0039|ACC-0008|ACC-0033|ACC-0032
130437,B01MCV9VMA,3.0,Three Stars. i really am not sure whether this fragrance is for men or women,P000015,Coach for Men,ACC-0022,ACC-0008,ACC-0022|ACC-0008|ACC-0004|ACC-0033|ACC-0036|ACC-0095|ACC-0082|ACC-0092|ACC-0049|ACC-0005
131289,B06Y5FWFRT,5.0,"Sooo amazing. I bought this for my dad because he is a fan of western movies and he must have lived in that time period and place in his past life. Well I Love it, so much so I might get it for myself and I am a girl so what if it is targeted for men, this has a vanilla shaving cream floral woodsy smell (huh) lol I guess that kinda describes it.",P000015,Coach for Men,ACC-0022,ACC-0008,ACC-0022|ACC-0008|ACC-0004|ACC-0033|ACC-0036|ACC-0095|ACC-0082|ACC-0092|ACC-0049|ACC-0005
131293,B0BFLNDCGH,5.0,"Cleans very well and feels fresh. The wife absolutely loves this stuff for her eyelash applications. It removes oil, dirt, grease, and makeup as advertised, so no false claims here. It doesn't smell strong like some cleaners, and it is easy to apply. I'd definitely buy more of this for the wife since it fits her needs.",P000062,Narciso Rodriguez For Her,ACC-0059,ACC-0068,ACC-0059|ACC-0068|ACC-0066|ACC-0095|ACC-0064|ACC-0092|ACC-0036|ACC-0004|ACC-0031|ACC-0082
132161,B08CJHC9ZV,5.0,"Nice Smelling Lotion for Men. This is a nice smelling facial lotion for men.  Quality is excellent, it offers a masculine smell, and leaves my face very hydrated!  Highly recommend!",P000015,Coach for Men,ACC-0022,ACC-0008,ACC-0022|ACC-0008|ACC-0004|ACC-0033|ACC-0036|ACC-0095|ACC-0082|ACC-0092|ACC-0049|ACC-0005
132296,B01GEUWC5U,5.0,Smells so good. Luv this scented powder who said it’s only for men lol 😃,P000015,Coach for Men,ACC-0022,ACC-0008,ACC-0022|ACC-0008|ACC-0004|ACC-0033|ACC-0036|ACC-0095|ACC-0082|ACC-0092|ACC-0049|ACC-0005
132484,B07VCH4WWF,3.0,"Margarita hairspray. I’m mad at myself for blind buying this perfume. On my skin there is NO vanilla. Instead it smells like a combo of a lime-infused margarita drink with cheap men’s deodorant or old hairspray. Awful. If you want a spicy vanilla, try Eau Duelle by Diptyque. I’m done with Atelier perfumes.<br />Edit: Ok, ok..I can admit when I’m wrong. Apparently you need to let this perfume settle a bit after shipping to use it, especially if it was delivered on a super hot day. It smells much better now - like vanilla mixed with cilantro/pine. It’s kinda weird smelling tbh, but interesting nevertheless. Bumped up to 3 stars and will bump up more if I start to like it more.<br />LAST EDIT: NOPE. It’s definitely margarita hairspray after all. This perfume turns on me and I officially hate it. You should try before you buy.",P000204,Diptyque Eau Duelle,ACC-0087,ACC-0075,ACC-0087|ACC-0075|ACC-0004|ACC-0079
132788,B014DH4FTC,4.0,"Incredible fragrance. Gentle and moisturizing the eye area.. This is a great moisturizer for the eye area. It comes in elegant white packaging with gold trim. Inside the box is an amber bottle with pump dispenser to keep the contents safe from light and prevent contamination. The cream itself is lotion like in consistency, pastel orange in color, and distributes easily and is absorbed quickly. It is middle range in on the heaviness scale (gel like being light and emollients being heavy). It does not leave a residue per say, but it does leave your skin feeling velvety and protected which made me feel like it helped my skin retain moisture. It has a fruity fragrance that contains sweet orange notes. It did not sting my dry and sensitive skin. Alcohol, paraben, and silicone free. Made in the USA from an impressive list of botanical (see complete ingredient list below). This is the fourth Valentia product I have tried and I have been happy with all of them. I plan on keeping an eye on this brand.<br /><br />Complete Ingredient List (for reference):<br />Deionized Aqua (Water), Organic Aloe Barbadensis (Organic Aloe Vera) Leaf Juice, Cassia Angustifolia Seed Polysaccharide (botanical hyaluronic acid), Methylsulfonylmethane (MSM), Glyceryl Stearate (Plant Derived), Cetearyl Alcohol (Plant Derived), Carthamus Tinctorius (Safflower) Seed Oil, Globularia Cordifolia Callus Culture Extract (plant stem cells), Undaria Pinnatifida Cell Culture Extract, Stearic Acid (Plant Derived), Helianthus Annuus (Sunflower) Seed Oil, Kosher Vegetable Glycerin, lsopropyl Palmitate (Palm Oi), Ubiquinone (CoQ10), Sodium Ascorbyl Phosphate (Vitamin Proprietary Silk Protein Amino Acid Blend, Propriety Essential Oil Biend, Wildcrafted Euphrasia Officinalis (Eyebright), Helichrysum ltalicum (Helichrysum Essential Oi), Wildcrafted Camelia Sinensis (Green Tea), Pentylene Glycol, Phospholipids, Wildcrafted Resina Propoli (Propolis), Organic Olea Europaea (Olive Oi), Melissa Officinalis (Melissa Essent",P000046,Elizabeth Arden Green Tea,ACC-0022,ACC-0039,ACC-0022|ACC-0039|ACC-0008|ACC-0033|ACC-0032
133425,B0B34GRFL2,5.0,"Only wish there was more!. I absolutely love everything about this face wash, except the size of the bottle.  It smells so fresh, and feels wonderful on my skin. You can see the pieces of green tea in every drop you apply to your face. It goes on so smoothly with a jelly-like consistency. It does lather slightly with water. I didn’t want to wash it off, I just wanted to keep massaging it into my skin. With every step you take after washing it off, you can feel the air hitting your open pores. My face feels so smooth. Neither dry or overly hydrated, it feels just right. I don’t even want to apply any of my other skin products after washing it off because it feels perfect. I only wish it came in a bigger bottle because I will go through this one in no time!",P000046,Elizabeth Arden Green Tea,ACC-0022,ACC-0039,ACC-0022|ACC-0039|ACC-0008|ACC-0033|ACC-0032
133734,B087J3H22J,5.0,"Smells incredible and makes my hands feel clean. I adore this product!  IT smells super good and is not an overly-gendered scent so is good for men or women. It makes my hands feel significantly more clean even after doing something rather dirty like adding air to my tires. I don't know exactly what it does so I can't speak to the science of it, but it definitely removes grime and general schmutz. It's a great addition to the car or purse!",P000015,Coach for Men,ACC-0022,ACC-0008,ACC-0022|ACC-0008|ACC-0004|ACC-0033|ACC-0036|ACC-0095|ACC-0082|ACC-0092|ACC-0049|ACC-0005
133995,B01KYFMHJC,4.0,"a little thin but worked well. I purchased the Moroccan Hammam Shampoo and Conditioner Set From Majestic Pure; 100% Natural with Organic Argan Oil, For Men & Women, Sulfate Free - No Parabens, 2 x 16oz<br />It was packaged nicely nothing spilled into the box.  The top had a secure twist off lid and the pumps came inside of the box. You had to assemble it yourself which was great to stop any spillage. It also came in its own box with tissue paper and in a plastic bag. I put it together and used it when i took a bath . It has a very light scent im not even sure what the smell is, i looked at the list of ingredients but still could not figure out the smell. My hair did smell like it after i bathed. This shampoo did not later up i shampooed twice and still not much of a later . Im not sure if its supposed to do that or not but after i got out of the tub my hair was squeaky clean and oil free.  The shampoo and conditioner were very thin i was not a fan of the consistency. I like a thicker product  , this tends to run out of your hands , however it did work exactly like the thicker kind. My hair had a light clean scent , it was oil free and manageable . Not much frizz when i woke up this morning . I was given this product at a free or reduced rate for my review",P000015,Coach for Men,ACC-0022,ACC-0008,ACC-0022|ACC-0008|ACC-0004|ACC-0033|ACC-0036|ACC-0095|ACC-0082|ACC-0092|ACC-0049|ACC-0005
135045,B07849GCNG,5.0,Great stuff!. I needed a hairspray to help style my daughter's hair for her dance recital. This worked great and smelled nice too.,P000062,Narciso Rodriguez For Her,ACC-0059,ACC-0068,ACC-0059|ACC-0068|ACC-0066|ACC-0095|ACC-0064|ACC-0092|ACC-0036|ACC-0004|ACC-0031|ACC-0082
135725,B00XYM54TI,3.0,"The product is great but doesn't work for me.. I had originally been purchasing Tom Ford Oud Wood cologne at a retail outlet and found that while expensive it is a great-smelling cologne and a cologne that lasts a long time on my skin and clothing. But I decided to try &#34;Perfume Oils&#34; instead of the actual cologne because the &#34;Perfume Oils&#34; are about 10 to 20 times cheaper than the actual cologne. So I ordered 8 oz, Brown - Bargz Perfume - Oud Wood Body oil. The oil arrived as Amazon said it would ... on time .. in perfect condition ... so I tried some of the product.<br /><br />The oil smelled really wonderful in the container and it smelled really wonderful and authentically &#34;Oud Wood&#34; on my skin but it lasted on me for only about an hour and then the odor faded away to almost none at all. I do not blame the oil for this because all fragrances have their[[ASIN:B00XYM54TI 8 oz, Brown - Bargz Perfume - Oud Wood Body Oil For Men by Tom Ford Scented Fragrance]] own characteristics and all fragrances react with individual body chemistry in a different manner. Some fragrances last on individual users longer than others because of the effects of bodily chemistry. So if anything I suspect that my experience with the product is strictly based on my personal body chemistry and so my disappointment has nothing to do with the product. I will not blame the product. But I sense that I will have to return to using actual colognes instead of body oil formulations.",P000015,Coach for Men,ACC-0022,ACC-0008,ACC-0022|ACC-0008|ACC-0004|ACC-0033|ACC-0036|ACC-0095|ACC-0082|ACC-0092|ACC-0049|ACC-0005
135833,B00XYM5IXU,5.0,"but I love this one. Never smelled the actual Tom Ford version, but I love this one. This actually convinced me to spend the money on buying the $200.00 Tom Ford Oud Wood. Will update (if I remember) when I have the chance to compare them head to head.",P000132,Tom Ford Oud Wood,ACC-0095,ACC-0092,ACC-0095|ACC-0092|ACC-0062|ACC-0008|ACC-0087|ACC-0009|ACC-0033|ACC-0004|ACC-0066|ACC-0082
136494,B01H7QBSLO,5.0,"This is great after shave in a spray bottle. [[ASIN:B01H7QBSLO Green Leaf Naturals Aloe Vera Aftershave with Lemongrass Essential Oil - Naturally Anti-Aging Derma-Fuel for Men - 99.8% Organic - Large Long-Lasting Bottle - 8 ounce]] This is great after shave in a spray bottle. Loving all the naturals about this product , it doesn't have that over powering smell of perfume and no burning to the face it isn't oily on the skin and drys quickly. Just a fantastic product. Here are a few things about this product which caused me to try it out for hubby and I .<br /> About the Product<br />PURE, NATURAL, ORGANIC: An after shave lotion for men made with organic aloe vera gel and organic lemongrass essential oil<br />NATURALLY ANTI-AGING - Soothes, hydrates, nourishes your skin; promotes skin cell regeneration; anti-bacterial<br />TOP USES: after shave lotion; after shave tonic; beard and goatee conditioner; scalp moisturizer<br />MORE USES: moisturize your skin after shaving; hydrate and tone face, neck and scalp",P000015,Coach for Men,ACC-0022,ACC-0008,ACC-0022|ACC-0008|ACC-0004|ACC-0033|ACC-0036|ACC-0095|ACC-0082|ACC-0092|ACC-0049|ACC-0005
136512,B0182S3M42,5.0,"AMAzing. I have suffered from severe rosacea all my life. Im always red on my cheeks & chin. And lately, my rosacea became worse in which i started to have little bumps under my skin(papulopustular). So im always searching for organic, very minimal chemicals face creams for my sensitive roscae skin.<br />Because the ingredients of this balm are beautiful, my skin has signifcantly improved. My redness decreased, the bumps on my face have significantly vanished & the texture of my skin is alot softer. With rosacea, you also suffer with dryness & sensitivity but this balm has moisturized my face nicely with no irritation.<br />The texture of the balm is oily, similar to Vasline. It does have a very faint scent but actually a pleasent one.<br /><br />First con: the jar is extermly shockingly tiny. So its alot of money for a small quantity product. But the ingredients are wonderful..i admit.<br /><br />Second con: the balm is not absorbed quickly. It takes a long time for the product to get absorbed on the face so applying before sleeping is not ideal because it will rub off on the pillow.",P000450,Francesca Bianchi Under My Skin,ACC-0059,ACC-0051,ACC-0059|ACC-0051|ACC-0005|ACC-0066
140359,B07VZLH4QT,5.0,Great product for all.!. Ordered this for my 13 year old niece. She is in that stage where she wants to shave her legs and cries every time her mom does wax for her upper lip. I have the silk n go but didn’t want to spend that much on a machine if I didn’t have to. I did a lot of researched and. And across this. I loved that it comes with goggles as safety is important. One thing I liked about it as I had to test it myself to see if it works is rush you don’t always have to press the button you just move to another area. It has the levels and she can start low and work her way up. And you can smell the hair burning which means it is working. It doesn’t sting or hurt like wax so I am sure she is going to be relieved and it for sure beats the over 1k for 10 times that I have went and done in my arms before and paid the money and they still grew back and I would come home after the session like a spotted cheetah. I will upset one I give it to her for her birthday and she tries it out but I am sure she is going to be happy she doesn’t have to wax as my sister is anti shaving :),P000062,Narciso Rodriguez For Her,ACC-0059,ACC-0068,ACC-0059|ACC-0068|ACC-0066|ACC-0095|ACC-0064|ACC-0092|ACC-0036|ACC-0004|ACC-0031|ACC-0082
140661,B01BXI2FUA,5.0,"First impressions and real review. First Impressions: I purchased this particular product because I am a sucker for OUD scents, I have to tell you, you put OUD anywhere on anything for me , and hey you got yourself a sale. On the other hand my weakness didn't lead me to this soap only because of its scent. I know this company and its owner for a while and I have given this specific product a pre test run. Yes this review is after I got this container the second time. I wanted to write a review that is clear, descriptive and lives to the expectations to anyone that respects this way of life ( wet shaving with straights and DE razors).<br /><br />Hands down, Douglas Smyth ( the owner of this company) does handmade miracles when it comes to wet shaving. And I am happy that when he knew about my interest in OUD not only he made this scent but came out with another 6 OUD inspired soaps after this. However you might ask me.... &#34;why review this product?&#34; Well out of all the OUD scents that are present under his belt this one is my favorite. This scent is sandalwood and OUD; my first ever purchase of a shaving soap ever was The Art of Shaving sandalwood soap, and sorry but I have to say that it's the best sandalwood shaving soap in the market and will always be. The scent is powdery and woodsy, and what a man should smell like. There are many SW inspired soaps out there by countless makers , the art of shaving is the top in that scent.<br /><br />Which brings me to the Sangre De Draco !<br />I remember the first time I opened this container my eyes teared, in joy! The sandalwood in this soap has the same spirit as the art of shaving but the difference here it's stronger and with OUD wood on top of it. The only perfumes out there can think of that can be paired with this is the Aqua Di Parma OUD or the art of shaving sandal wood cologne. I would literally spend hours sniffing this puck and just smile all day. ( I always sniff this container just by entering the den)<",P000132,Tom Ford Oud Wood,ACC-0095,ACC-0092,ACC-0095|ACC-0092|ACC-0062|ACC-0008|ACC-0087|ACC-0009|ACC-0033|ACC-0004|ACC-0066|ACC-0082
143835,B00DPNKBOE,5.0,Great smell. My daughter loves it for her thick natural hair,P000062,Narciso Rodriguez For Her,ACC-0059,ACC-0068,ACC-0059|ACC-0068|ACC-0066|ACC-0095|ACC-0064|ACC-0092|ACC-0036|ACC-0004|ACC-0031|ACC-0082
144619,B08XMBHL8C,5.0,"Fantastic lotion.. Bought on a recommendation read online, this is a very good lotion. Absorbs extremely well and makes a visible difference and a noticeable difference in how the skin feels. Would try other products from this manufacturer. It is not unscented but the scent is almost unnoticeable, so it is suitable for men or women.",P000015,Coach for Men,ACC-0022,ACC-0008,ACC-0022|ACC-0008|ACC-0004|ACC-0033|ACC-0036|ACC-0095|ACC-0082|ACC-0092|ACC-0049|ACC-0005
145156,B00NQ2CCOQ,5.0,"Buy It. I love this stuff. I have been in deodorant hell for years. I have had the rashes presumably from ""natural"" products , I have had the breakthrough stinkies, the stains all from the natural stuff out there. Not to mention the premium pricing. When I say years I am NOT exaggerating.<br />This product is amazingly wonderful . Pleasant fresh scent , long lasting protection, and no skin reactions. I cannot speak to the other Nivea deodorants but the one in the glass bottle is the best.  It came from Hungary not sure why but I do not care. I will buy it again and again. I would like to suggest you try it too. I know you will be satisfied.<br />As a note here: I am female, not sure the fragrance would work for men. But if I smelled this on a man , I would not find it off putting. So I guess it would be a personal thing for the guys out there. For once I am a happy customer.",P000015,Coach for Men,ACC-0022,ACC-0008,ACC-0022|ACC-0008|ACC-0004|ACC-0033|ACC-0036|ACC-0095|ACC-0082|ACC-0092|ACC-0049|ACC-0005
146901,B08Z3BCMS3,3.0,"Not the Candies for men I thought. Smells good, but is somewhat misleading I was under the impression it was a different cologne. I should have paid more attention to the one other review.",P000015,Coach for Men,ACC-0022,ACC-0008,ACC-0022|ACC-0008|ACC-0004|ACC-0033|ACC-0036|ACC-0095|ACC-0082|ACC-0092|ACC-0049|ACC-0005
147832,B0BN113VWD,5.0,"Love this..not just for travel. I have thick, coarse, curly, dry hair. I need moisture, frizz and curl control as well as a detangler. Normally I have lots of hair in my shower after washing not to mention the tangles. I read all the reviews before trying this. Was disappointed that some said it didn't last or lather.<br />I just wanted something to take on my vacation for two weeks. TSA has the liquid restrictions and I was going to have to check a bag just to take enough conditioner/hair products for two weeks.<br />My problem has been solved. I now have a shampoo and conditioner [ as well as a leave in bar).  I  tried this to be certain of the results before packing.  This has been a blessing. No more tangles, my curls now behave, my hair is soft and smells great but not over powering. I even used the blow dryer to speed up the drying process. I never did this before unless I  would flat iron just because I  would look like einstein before the flat iron... even with product!<br />Now I  have the hair I wanted. The shampoo lathers well. Just wet your hair and the bar and lather up!<br />The conditioner works great. I usually use alot of conditioner just to get through my tangles.  With this conditioner I just rub this bar over the front and back of my wet  hair after shampooing. When done I rub a little in my palms to get a very thin/light coating then finger comb it through my hair. I have a dry scalp so I make certain tu use some on my scalp, shower then rinse.<br />I use the leave in conditioner the same way, but do not rinse.<br />I  use moisturizer shampoo and alternate the next shampoo session with a frizz control bar.<br />Just twice a week and my hIr already feels  and looks great compared to what it was.<br />I bought some for my friends who needed the volume control instead of the moisture and frizz. Each one loves it and saw good results. One of them has difficulties  holding bottles and washing her hair, but she said the bar was much easier for her han",P000062,Narciso Rodriguez For Her,ACC-0059,ACC-0068,ACC-0059|ACC-0068|ACC-0066|ACC-0095|ACC-0064|ACC-0092|ACC-0036|ACC-0004|ACC-0031|ACC-0082
148012,B00KS4KYRW,5.0,"What Heaven Smells Like?. My first exposure to English Laundry cologne was a BirchBox sample of Arrogant. The very first time I tried it I loved it and received several compliments. I ordered the full-size version from Amazon and it has been my favorite ever since. You really will almost always get complimented or asked what you’re wearing. I wanted to try English Laundry’s other fragrances, so this Coffret was the perfect way to do just that. They are all incredible—you can tell they are from the same family, yet each is distinct. When I hear people describe fragrance as “clean,” it usually means one of three things: 1., it smells like powder or soap, 2., it smells “minty,” or 3., it smells medicinal. “Clean” was the first term that came to mind when I first smelled Arrogant, but it does not at all smell powdery, minty, or medicinal. It’s a very sexy-clean smell, but not at all  heavy on the musk.<br /><br />Two of these fragrances are actually Eau de Parfum (Notting Hill and Oxford Bleu), which is very unusual for men’s fragrance. These have a much higher concentration of essential oils, as opposed to Eau de Toilette. The fragrance really does last all day, and the smell doesn’t deteriorate or change at all. According to an old adage, “if you can smell your own cologne or perfume while you’re wearing it, you’re wearing too much.” At least in the case of English Laundry fragrances, I disagree entirely. You’ll want to smell yourself all day while wearing any one of these four fragrances. So will most everyone else around you. This is packaged very nicely, and both the case and the individual bottles have an expensive look and feel. The only thing I don’t like is the name of my favorite cologne of the set. When someone invariably asks what I’m wearing, I have to say, “Arrogant.” What a douche bag thing to say! Otherwise, perfect.<br /><br />This is my third time ordering this set from this seller, and in all three instances delivery was fast and the product condition",P000015,Coach for Men,ACC-0022,ACC-0008,ACC-0022|ACC-0008|ACC-0004|ACC-0033|ACC-0036|ACC-0095|ACC-0082|ACC-0092|ACC-0049|ACC-0005
149545,B07C5PRB8L,4.0,"Nice for spare bathroom or a gift. These were ordered for our guest bathroom because we had lots of girls coming to stay as guests. I ordered the lavender scent. It's nice but I highly doubt men would want to use either product because of it. The lotion is equally as fragrant, but it's more watery than I expected. (Men may use the Green Tea fragrance?)<br />With all that said, the presentation is very pretty. Our guests appreciated it and it would make a nice gift, especially at this price point.",P000046,Elizabeth Arden Green Tea,ACC-0022,ACC-0039,ACC-0022|ACC-0039|ACC-0008|ACC-0033|ACC-0032
149650,B0BCDTPW2J,3.0,"no tuberose! Where's the tuberose?. I am a  huuge fan of tuberose. That is my note! Fracas, Michael Kors, Nasomatto V, Gucci Bloom, even the Kim K fragrances are all heavy with creamy tuberose! Idk what happened here, but there is NO tuberose. I was disappointed and gave it to my daughter. It is very oriental-spicey. She liked it. The bottle is pretty and sleek, and will look great on your dresser, but unfortunately the name of the fragrance is misleading!",P000053,Gucci Bloom,ACC-0094,ACC-0086,ACC-0094|ACC-0086|ACC-0031|ACC-0005|ACC-0039
151023,B0C1ND3FVR,5.0,"Lovely scent for many uses. Great scent! This works well as: an aftershave for men and women, am air freshener for the home, and an additive to bathwater.",P000015,Coach for Men,ACC-0022,ACC-0008,ACC-0022|ACC-0008|ACC-0004|ACC-0033|ACC-0036|ACC-0095|ACC-0082|ACC-0092|ACC-0049|ACC-0005
152187,B079P8BNFG,1.0,I can’t take the  smell. I know this says this is for men but I have androgenic alopecia so I thought I would give it a try.I have used it once a night for about three months and haven’t seen any difference in my hair which I kind of already figured I wouldn’t but I thought why not give it a try I got really good reviews.Plus I can’t stand the smell the only way to describe it is that my husband says it smells like a baby’s neck when they spit up!! Lmao it does ! I Ended up chucking it.,P000015,Coach for Men,ACC-0022,ACC-0008,ACC-0022|ACC-0008|ACC-0004|ACC-0033|ACC-0036|ACC-0095|ACC-0082|ACC-0092|ACC-0049|ACC-0005
153695,B0741PK1RL,5.0,Strong scented but amazing. This smells amazing and is great for men and women. The scent is strong and lasts. Bought for both my daughter and husband and they both love it.,P000015,Coach for Men,ACC-0022,ACC-0008,ACC-0022|ACC-0008|ACC-0004|ACC-0033|ACC-0036|ACC-0095|ACC-0082|ACC-0092|ACC-0049|ACC-0005
154579,B00W3G8GUU,2.0,"THIS IS NOT IT!. This oil is NOTHING close to pure musk oil, which comes from the Musk Deer.  Pure musk oil is intoxicating.  Just the slightest hint of authentic pure miusk oil(whether on your skin or not) entirely elevates one's spirit and trigges an instant sense of harmony, well being; and self-confidence-- not to mention its magnetic influence (power of attraction due to phermones).  This product that is advertised as 87% Black Deer Musk Attar is absolutely NOT what I was seeking.  A few years ago, I had already found a musk oil similar to this one but it has a hint of a soft, baby powder-like scent, making it more feminine.  This  87 % Black Deer oil smells a lot like oil of amber mixed with ordinary (synthetic) musk oil.  Also, smells like a fragrance intended for men. This Black Deer Musk is not a terrible product, however, it simply is not the real deal (87% pure musk).  Having experienced PURE MUSK OIL decades ago, (and the scent of pure musk oil truly is an experience!)--which is unmistakable, it cannot be immitated and if anyone ever managed to duplicate it he or she would be MICROSOFT rich!  I will likely give this oil away.  If I could find pure musk oil again I would invest in enough of it to last a life time!",P000015,Coach for Men,ACC-0022,ACC-0008,ACC-0022|ACC-0008|ACC-0004|ACC-0033|ACC-0036|ACC-0095|ACC-0082|ACC-0092|ACC-0049|ACC-0005
154814,B01AUP9NRK,5.0,"Amazing ingredients, Amazing results for my skin problems!!!. I had the pleasure to try yet another item from NOTS & 08Liter & hands down this has been the best acne treatment I have ever tried!!! I've tried Proactive, Curology, all the store brands & this actually did it's job & without purging my skin at all! This is a 28-day intensive treatment line but is super gentle on my skin! They have 6 steps in their acne line & this is the 3rd step, the serum! It is clear, non-greasy & it easily absorbed fast into my skin! It doesn't have a smell & the ingredients list is phenomenal! I have the Intensive Acne Cream/Balm & I'm so excited to be trying these both out at the same time! I just turned 39 & I still get occasional hormonal breakouts & a few whiteheads on my chin & sometimes around my nose, but I'm also starting to see my expression lines on my forehead & I swear it's only been about a week & a half & FOR ME, the results were overnight! I have only broken out due to that time of the month, but it didn't really come to a full head, it actually healed very quickly because this also helps to prevent them, not only treat them! I also have semi-oily skin & I say that because sometimes, depending on the product, around my nose will be dry but it hasn't happened yet from this product! This product leaves no greasy feeling on my skin & in the morning either! It also treats wrinkles & it has started to smooth them out on my forehead! My skin tone has also evened out & I actually have my glow back without any makeup on-the GOAL!!! The ONLY downfall is of course, the price! At almost $50 for a 28-day treatment, that's alot! BUT, on the other hand, FOR ME, this product works wonders for my breakouts, wrinkle care & prevention & it still is & I assume it will only get better with the additional product from their line! If you can afford it, I say give it a shot! With ingredients like Niacinamide, Aloe Vera juice extract, Centella Asiatica, Broccoli, Tomato, Blueberry, Garlic b",P000046,Elizabeth Arden Green Tea,ACC-0022,ACC-0039,ACC-0022|ACC-0039|ACC-0008|ACC-0033|ACC-0032
156217,B00C9J08MU,5.0,Good for men and woman. My husband and me both use these for indoor tanning. The scent isn't overwhelming and is nice for man or woman. We have alot of tattoos and use it to protect our artwork.,P000015,Coach for Men,ACC-0022,ACC-0008,ACC-0022|ACC-0008|ACC-0004|ACC-0033|ACC-0036|ACC-0095|ACC-0082|ACC-0092|ACC-0049|ACC-0005
157933,B00BH4N3OI,5.0,Fantastic scent for men.  I may try the Gucci pour femme.. Gift for my husband who absolutely smells so sexy.,P000015,Coach for Men,ACC-0022,ACC-0008,ACC-0022|ACC-0008|ACC-0004|ACC-0033|ACC-0036|ACC-0095|ACC-0082|ACC-0092|ACC-0049|ACC-0005
159403,B0941YDPSW,5.0,"I’m addicted to the scent. I got this shampoo bar for my daughter, who is having some difficulty shampooing her hair. she’s 12 for context. I figure, it may be easier figuring out the right amount of shampoo to use getting all the areas of your scalp covered etc. and I chose this particular one because I have the shampoo and conditioner (bottles) and I love the scent. it was a lot smaller than I anticipated however given the amount of uses it must be very concentrated. I’m very excited for her to try this",P000062,Narciso Rodriguez For Her,ACC-0059,ACC-0068,ACC-0059|ACC-0068|ACC-0066|ACC-0095|ACC-0064|ACC-0092|ACC-0036|ACC-0004|ACC-0031|ACC-0082
160422,B01ETW9QPE,5.0,"mmmmm smells good!. Wow, this really smells just like Drakkar cologne for men. I love Dark Star Blue on my husband, it has a great top note smells of bergamot, lemon and rosemary. It's a great earthy smell if you haven't tried it before. This is a real value for the money considering the price of perfumes and colognes these days. The bottle is nicely made and it looks very classy on my husband's side of the bathroom vanity. This would be a great gift for a brother, father or son as well. Perfect for a stocking stuffer. I think this universally smells good on most guys, I haven't met a man that didn't smell good in this scent. I did receive this product at a discounted rate in order to give and honest review and I have done so. I will be purchasing this again  for the men in my family.",P000015,Coach for Men,ACC-0022,ACC-0008,ACC-0022|ACC-0008|ACC-0004|ACC-0033|ACC-0036|ACC-0095|ACC-0082|ACC-0092|ACC-0049|ACC-0005
160814,B07FJLK8GD,3.0,"Doesnt smell bad, but doesn't smell that much like Eternity. After wearing Eternity for Men for decades, I decided to take a chance on this, as the price on the real thing has gotten out of hand.  Smells ok, doesn't last very long, but isn't an exact replacement for the original.  Honestly not even all that close either.",P000015,Coach for Men,ACC-0022,ACC-0008,ACC-0022|ACC-0008|ACC-0004|ACC-0033|ACC-0036|ACC-0095|ACC-0082|ACC-0092|ACC-0049|ACC-0005
161389,B010L93H2C,5.0,"Anti Aging Serum for men. My husband was a little reluctant to wanting to try this Anti Aging Facial Serum.  I finally convinced him and he really liked the way it made his face feel.  He has been using it about a week now and feels like his face is feeling smoother and some of his lines are disappearing.  The smell is very pleasant and he said it is easy to apply and doesn't make his face feel sticky.  He has very sensitive skin to a lot of products and has not had any bad reactions.  More males are getting into taking care of their skin so it's nice that they make a skin care serum for men. Another bonus is they have a 90 day money back guarantee, so you have nothing to lose if you try the product and don't like it.  I received this product for free for an honest and unbiased review.",P000015,Coach for Men,ACC-0022,ACC-0008,ACC-0022|ACC-0008|ACC-0004|ACC-0033|ACC-0036|ACC-0095|ACC-0082|ACC-0092|ACC-0049|ACC-0005
161532,B0B19442P6,4.0,Smells cheap but good. Doesn't smell like Versace Dylan Blue nut it's similar.,P000004,Versace Dylan Blue,ACC-0004,ACC-0022,ACC-0004|ACC-0022|ACC-0033|ACC-0059|ACC-0007|ACC-0092|ACC-0095|ACC-0032|ACC-0008|ACC-0075
163522,B015TNTPVM,5.0,"Great for men too!. Ok, so to be honest, this was purchased for my wife but I end up using it more. It is a nice moisturizer for men without all the smells so that it does not compete with after shave or cologne. Goes on thick and creamy, not oily and absorbs quickly. I use it after shaving and no more bumps around the neck and sensitive areas from ingrown facial hairs. Would recommend good wash before using.",P000015,Coach for Men,ACC-0022,ACC-0008,ACC-0022|ACC-0008|ACC-0004|ACC-0033|ACC-0036|ACC-0095|ACC-0082|ACC-0092|ACC-0049|ACC-0005
164241,B071G1R23N,5.0,"Best salt scrub I’ve tried yet!. This is a wonderful salt scrub!  Not only does it smell fresh and subtle (good for men and women both), but it also is moisturizing.  I use it every other day in the shower and my skin ends up baby smooth.  On those days, I also have found that I don’t need a moisturizer after my shower - my skin is well hydrated from the coconut oil in the scrub.  I’ll definitely be buying more when this jar runs out!",P000015,Coach for Men,ACC-0022,ACC-0008,ACC-0022|ACC-0008|ACC-0004|ACC-0033|ACC-0036|ACC-0095|ACC-0082|ACC-0092|ACC-0049|ACC-0005
164477,B005IE9L94,4.0,"Masculine Scent A Real Plus. If your looking for a good, natural, herbal soap that has that old time Bay-Rum scent then this is the soap for you.  Like all scented soaps aimed at men, you pay a premium price that I find to high (but one in line with other similar products).  The use of Bay-Rum as a scent for men's grooming products dates back to the 19th century and many consider it the original scent used by American men.",P000015,Coach for Men,ACC-0022,ACC-0008,ACC-0022|ACC-0008|ACC-0004|ACC-0033|ACC-0036|ACC-0095|ACC-0082|ACC-0092|ACC-0049|ACC-0005
164781,B003VID3KM,5.0,Cashmere Bouquet Powder. Cashmere Bouquet Body Powder Classic Floral Fragrance Talc is just as I remembered it.  I purchased it for my mother who always used to use it and loved it's fragrance.  I purchased the 6 pack for her and she shared a container of it with me.  I love it!!!!  It's very refreshing especially on a hot and humid day.,P000062,Narciso Rodriguez For Her,ACC-0059,ACC-0068,ACC-0059|ACC-0068|ACC-0066|ACC-0095|ACC-0064|ACC-0092|ACC-0036|ACC-0004|ACC-0031|ACC-0082
165883,B08X1DW195,3.0,Not sandlewood.. Well I know this is for men..  but I love sandlewood and was hoping i would like the smell...  nope..nope..nope...  it smells nothing like sandlewood unfortunately..  :(,P000015,Coach for Men,ACC-0022,ACC-0008,ACC-0022|ACC-0008|ACC-0004|ACC-0033|ACC-0036|ACC-0095|ACC-0082|ACC-0092|ACC-0049|ACC-0005
166001,B07D8H2GL9,2.0,"Stinks. I tried this for ""pore cleansing"" claim. It doesn't clean any pores. It pulls a few hairs and may remove some dead skin but it does NOT deep clean. The smell is strong, like cologne. I've tried other black masks and they had no scent. I feel like the scent is NOT necessary. especially for men.",P000015,Coach for Men,ACC-0022,ACC-0008,ACC-0022|ACC-0008|ACC-0004|ACC-0033|ACC-0036|ACC-0095|ACC-0082|ACC-0092|ACC-0049|ACC-0005
166246,B01BZBE2VU,5.0,"the brushes arrived on time and were in this really nice tin. They had protective plastic on them as .... I bought this set of brushes for my sister for Christmas. Before I even gave them to her, fresh out of the box, the brushes arrived on time and were in this really nice tin. They had protective plastic on them as well. They had a slight smell (possible chemical smell) but I let them sit out for a day and the slight smell was gone the next day. I gave them to my sister and she just let me know that she used them everyday and that she loves them! She's not a pro at makeup and these are her first set of brushes so they were perfect for her. I want to purchase a set for myself based off her raving about them.",P000062,Narciso Rodriguez For Her,ACC-0059,ACC-0068,ACC-0059|ACC-0068|ACC-0066|ACC-0095|ACC-0064|ACC-0092|ACC-0036|ACC-0004|ACC-0031|ACC-0082
168598,B00XYMJT3K,5.0,"Powerful stuff, dilute before use. Smells about like polo blue, very strong fragrance. One drop is quite enough. I put some in my ultrasonic diffuser but when it's made into a mist it gave me a headache and sinus trouble. It would be ok for homemade soaps or maybe candles, but you should dilute it first. I got some undiluted on my fingers then touched my neck and it stung. Great smell though.",P000156,Ralph Lauren Polo Blue,ACC-0063,ACC-0007,ACC-0063|ACC-0007|ACC-0008|ACC-0033|ACC-0039|ACC-0059|ACC-0040|ACC-0032|ACC-0022|ACC-0095
169767,B09PH88MYB,1.0,"For When You Want to Wash Your Face More Than Once. UPDATE: I've changed this review from 2 stars to 1 star, because the seller has repeatedly contacted me, most recently asking me outright to delete the review in exchange for a refund. The language was as follows: ""Could you please forgive me and help me delete the review? If you can, I want to refund ($28) to you to express my gratitude. Please accept my little wish.Thank you.""<br /><br />ORIGINAL REVIEW:<br />First, the good: I enjoy the smell of this product. And I'll probably use the whole stick just because it smells nice, and provides a light tingling sensation. Apart from that, I've noticed no difference in moisture (blackhead reduction, or any of the other laundry list of things it claims to cure).<br /><br />I got a decent laugh out of my first use, quickly realizing you can't simply roll this onto your face for complete coverage. You have to get this on your fingers to cover the contours of the nose, for example. The description of the product mentions ""Blackhead Removal Strips"", but those were nowhere to be found in what I received. Once this dries, I simply wash it off of my face, and see/feel exactly what I did when I initially washed my face the first time. Lastly, it's a bit overpriced as far as facial masks go.<br /><br />So look, I like the soothing sensation of masks as much as the next person. Therefore please understand that I far from hate this product. I simply don't think it's providing much value. Even the satisfaction of a peel-able mask is absent here. But if you really want to pay to smell some tingling green tea drying on your face, then this will get you there. I just wouldn't expect much else from it. The laughably fake ""before and after"" shots should tell you plenty about the true efficacy of this product.",P000046,Elizabeth Arden Green Tea,ACC-0022,ACC-0039,ACC-0022|ACC-0039|ACC-0008|ACC-0033|ACC-0032
171252,B00GJ2DWKI,5.0,"this is my favorite scent. Great for men or women. As I wrote about the assorted bars, this is my favorite scent. Great for men or women. A very clean smell and a moisturizer that lasts.",P000015,Coach for Men,ACC-0022,ACC-0008,ACC-0022|ACC-0008|ACC-0004|ACC-0033|ACC-0036|ACC-0095|ACC-0082|ACC-0092|ACC-0049|ACC-0005
171981,B0C1ND3FVR,5.0,"A great floral scent that works well for men. A great floral scent that works well for men. I use it as an aftershave and the scent reminds me of a fresh air on a sunny, spring day.",P000015,Coach for Men,ACC-0022,ACC-0008,ACC-0022|ACC-0008|ACC-0004|ACC-0033|ACC-0036|ACC-0095|ACC-0082|ACC-0092|ACC-0049|ACC-0005
172307,B00ZYUZQ14,5.0,"Yes, buy it.  Just buy it.  C'MON.... I really like this - I bought this on a whim after looking at the ingredients.  I've used PLANT OA and Herbivore Face Elixir and several other various Vitamin C serums.  I prefer oils to lotions since the method of absorption is much more efficient and it makes my skin look and feel better. So anyway:<br />I was apprehensive at buying this since it's half the size and all the cost of the other face oils I've tried.  But I really wanted to try a new one with different ingredients.  So I splurged.<br />The packaging is quite nice...but I threw it out anyway.  The product itself was separated due to freezing in transit.  I just left it out at room temperature for a day and then shook it like a maniac before trying it.  The first thing I noticed was the smell.  It was a bit fruity (but pungent) and reminiscent of green tea.  The application was nice and it didn't flood down my face into my eyes like the Herbivore sometimes did if I over-applied.  The results are great and my skin looks fantastic.  I just complimented myself, which is weird.  Do I thank myself?<br />The only issue I had with the product is the black plastic on the inside holding the dropper must have froze and cracked since I get chunks of black plastic in my product and have to scrape it off.<br />Overall, quite expensive, but it will last quite a while and the product is definitely worth the money so far.",P000046,Elizabeth Arden Green Tea,ACC-0022,ACC-0039,ACC-0022|ACC-0039|ACC-0008|ACC-0033|ACC-0032
172717,B0167GS66A,5.0,Great hair gel for men. This medium hold hair gel is not sticky and dries clear. It is strong enough to hold my curls all day. My son used this product on his short hair and it gave him a polished look without making his hair stiff. My husband and son both like the smell of this product because it smells manly. It is very easy to apply and spread out.<br />I received this product at a discounted rate/free in return for my honest review. This did not affect my review in any way.,P000015,Coach for Men,ACC-0022,ACC-0008,ACC-0022|ACC-0008|ACC-0004|ACC-0033|ACC-0036|ACC-0095|ACC-0082|ACC-0092|ACC-0049|ACC-0005
172998,B01GY32AMC,5.0,"Antioxidant, wrinkle smoothing, and skin plumping goodness. I love Hyaluronic acid. I have a lot of products with H.A. in it, so I was excited to try this product as well.<br /><br />First off, the design and colors are sleek and professional. The bottle is easy to read and packaged nicely. The dropper is super easy to use a teeny tiny drop (which is all you need). The serum itself is smooth, colorless, and lightly scented.<br /><br />Ingredients:<br />Jojoba - Jojoba is close to your own sebum so it is fabulous on your face. Jojoba isn't an oil so any skin can use it. It's a wax.<br />Vitamin C - skin tightens, wrinkles smooth, and sun and age spots diminish<br />Rose hip and green tea - antioxidant<br />Hyaluronic Acid - decreases fine lines and wrinkles<br /><br />I like the combination of these ingredients. My face is smooth and soft. It is easy to apply and a nice size bottle for the little amount that you use.<br /><br />I love to try new products and I'll write reviews for the products as I am always reading the reviews prior to purchasing. So, though I am lucky to receive products at a discount or for free, I will always give my honest opinion of a product in a review. I trust that the person writing the review is honest about the product as well, which makes the review worthwhile. I also follow Amazon’s rating stars (5-Love, 4-Like, 3-Ok, 2-Don’t like, 1-Hate).<br /><br />I hope this review has aided in your decision to purchase this item.",P000046,Elizabeth Arden Green Tea,ACC-0022,ACC-0039,ACC-0022|ACC-0039|ACC-0008|ACC-0033|ACC-0032
173949,B07P75NGBR,5.0,"Good “go to” scent for men.  Not overwhelming.. The products main benefits include variety of scents and the subtle, but fairly long- lasting, fragrance.  Once you find a scent that fits you, you will go back.",P000015,Coach for Men,ACC-0022,ACC-0008,ACC-0022|ACC-0008|ACC-0004|ACC-0033|ACC-0036|ACC-0095|ACC-0082|ACC-0092|ACC-0049|ACC-0005
175425,B09NSK1NQH,5.0,"It worked!. Used this spray for my daughters long, straight hair. We did an up do and this spray worked perfectly to help get it up and keep it there, for her dance. Her hair is thinner and very slick. This spray gave it enough texture that I wasn't fighting her hair, but instead able to work with it. It does have a very powerful spray, so beware! The smell is light and not over powering. I would totally use again!",P000062,Narciso Rodriguez For Her,ACC-0059,ACC-0068,ACC-0059|ACC-0068|ACC-0066|ACC-0095|ACC-0064|ACC-0092|ACC-0036|ACC-0004|ACC-0031|ACC-0082
178597,B07G66D8S2,5.0,"Awesome Night Magic Gift Set!. This is an awesome night magic gift set that I gifted to my mom for her birthday, and she loved it! High quality product with a beautiful scent that's just right-not too strong or faint. I love the lotion, the perfume spray, and the deodorant, very nice, and highly recommended!",P000062,Narciso Rodriguez For Her,ACC-0059,ACC-0068,ACC-0059|ACC-0068|ACC-0066|ACC-0095|ACC-0064|ACC-0092|ACC-0036|ACC-0004|ACC-0031|ACC-0082
180168,B0018MZAN6,4.0,"Not Too Girly. This fragrance is quite lovely. I am partial to Oriental scents and this one has a slightly androgynous feel to it - a bit like CK One, but more old-school. Great deal at under $25 too.",P000026,Calvin Klein CK One,ACC-0022,ACC-0039,ACC-0022|ACC-0039|ACC-0008|ACC-0059
180251,B00IPRGRW0,5.0,Great Bar of Soap. Cleans skins well and leaves a pleasant natural fragrance.  I love the oats that really roughen up the dirt and help cleanse the skin.<br /><br />EDIT: Had to change my review as Maple Hill Naturals has changed their product.  Order my 5 bar value pack expecting the same great bar of soap only to be confused and let down.  The great rough and manly smelling bar of soap most of us have grown to love has taken a 180 degree turn and become a soft citrus scented soap.  The scent I don't mind so much but I prefer the old scent.<br /><br />Maple Hills Naturals please make this a new bar and give us our old Honest for Men soap back!<br /><br />TLDR; The new bar has no oats for deep scrubbing and has a completely new scent.,P000015,Coach for Men,ACC-0022,ACC-0008,ACC-0022|ACC-0008|ACC-0004|ACC-0033|ACC-0036|ACC-0095|ACC-0082|ACC-0092|ACC-0049|ACC-0005
180477,B07XD677ST,5.0,"Clean, refreshed and smells good. Love Olivina for men, smells great, keeps you clean.",P000015,Coach for Men,ACC-0022,ACC-0008,ACC-0022|ACC-0008|ACC-0004|ACC-0033|ACC-0036|ACC-0095|ACC-0082|ACC-0092|ACC-0049|ACC-0005
182463,B073QW1H3N,5.0,"My deodorant for life!. This is the first non-aluminum deodorant that has worked for me.  It did take about 3 weeks for my pits to detox, during that time I had to sometimes apply 2x per day to control odor.  But now with one application in the morning all is good even through the hot summer.  Its even reduced my perspiration though it isn't labeled as an antiperspirant.  The Royal and Rogue scent is light and herbal, fine for men or women. It doesn't leave any white residue on clothes either.  I'm glad to be finally rid of the aluminum deodorants and their negative health impact!!",P000015,Coach for Men,ACC-0022,ACC-0008,ACC-0022|ACC-0008|ACC-0004|ACC-0033|ACC-0036|ACC-0095|ACC-0082|ACC-0092|ACC-0049|ACC-0005
184204,B00THIGGH2,5.0,"Effective, not overly scented, ""for men"" deodorant only.. I've been using this deodorant for many years.  It is effective and not overly scented.  I don't spend a lot of time thinking about deodorant, especially &#34;for men&#34; but one thing is very clear...there are few deodorant only (not antiperspirant/deoderant combinations) on the market.  Also, this brand does not seem to leave any discoloration on clothing.",P000015,Coach for Men,ACC-0022,ACC-0008,ACC-0022|ACC-0008|ACC-0004|ACC-0033|ACC-0036|ACC-0095|ACC-0082|ACC-0092|ACC-0049|ACC-0005
185184,B083HMRW5X,5.0,"My wife is delighted with it!. We were staying at an upscale B&B while visiting our granddaughter in college.  They had the GILCHRIST & SOAMES Reserve Shampoo. She tried it and liked it very much. When she saw it on Amazon, she asked me to order some for her. I said ""it comes a gallon at a time!"" She said order it anyway. I did. I waited to do this review until she had it for over a month. She keeps telling me she loves how her hair feels and the scent of it. Five stars!",P000062,Narciso Rodriguez For Her,ACC-0059,ACC-0068,ACC-0059|ACC-0068|ACC-0066|ACC-0095|ACC-0064|ACC-0092|ACC-0036|ACC-0004|ACC-0031|ACC-0082
188068,B008WAFXKM,5.0,"Perfect for Super Dry Skin. I was in a hurry and needed a cheap, but good soap for my very dry skin (Black woman with dry, thick skin challenges). I took a chance on this because my local discount store had a great bargain on it, and I remember liking olive oil-based soaps. This one is a square block and you may want to cut in half first...<br /><br />After using it for about a month, I realized that my skin was not only softer, and my showering experiencing more relaxing, but that my skin responded to my body peels and lotions better than ever before.<br /><br />This is different from pure olive oil soaps I've used.  It looks like ""daphne"" is some kind of bath salt derived from lanolin (at least that's what the package indicated).<br /><br />I personally like the fresh,""greenish"" smell of the soap, and think it would work well for men as well as women, but scent is always a personal choice.<br /><br />FYI, the softness stays, the scent dissipates.<br />Hope this helps you in your choice.",P000015,Coach for Men,ACC-0022,ACC-0008,ACC-0022|ACC-0008|ACC-0004|ACC-0033|ACC-0036|ACC-0095|ACC-0082|ACC-0092|ACC-0049|ACC-0005
188673,B076CCPTHQ,5.0,"Helpful stuff. So my 10yr old daughter is mixed and we needed to try a summer camp approved style because her INSANE but gorgeous curls are barely manageable by her mother (me), and I wasn't trying to have anyone else mess with her hair. After texting with a braider we settled on trying the crochet. She wanted unicorn/mermaid hair, and I came across these because they were only 18&#34; while everything else was 24&#34; and the braider worried it would be too long/too much.<br />Facts:<br />~It does have a chemically smell. It does lessen with airing them out a few days before you plan to use them, but THE BEST thing is to soak them in fabric softener. Even that doesn't fully remove the smell, but it really did help and the braider commented on how shiney and improved-looking they were versus their standard packaging.<br />~ The braider thought 6 bundles (2 packages) would be enough, but it looked insufficient,ZERO so I ordered 3 for her mountain of hair JIC, and she used all but 2 braids. Her hair is halfway down her back, and there's a TON of it, so if that's you, ORDER EXTRA. This is also why she was able to distinguish between the hair soaked in fabric softener vs the original because I ordered the 3rd package simply as a backup.<br />~ My 10yr old is 5'4&#34; tall, so use the photo to gauge the length on you.<br />~The braider was super happy with this hair and quality, and requested that I send her the link 😂 So if you're skeptical like I was because of the great price, and half questionable reviews, don't be.<br />The hair went in this morning, so I'll update if anything changes with how I feel about the product.",P000062,Narciso Rodriguez For Her,ACC-0059,ACC-0068,ACC-0059|ACC-0068|ACC-0066|ACC-0095|ACC-0064|ACC-0092|ACC-0036|ACC-0004|ACC-0031|ACC-0082
189144,B00KBYQDI8,5.0,"Beautiful Scent. My wife's favorite. Bought them for Christmas for her, and she's very happy with them.",P000062,Narciso Rodriguez For Her,ACC-0059,ACC-0068,ACC-0059|ACC-0068|ACC-0066|ACC-0095|ACC-0064|ACC-0092|ACC-0036|ACC-0004|ACC-0031|ACC-0082
189150,B07K6VJFQH,5.0,"Great skincare product. [[VIDEOID:5408287e1483fdaac885b320a18e5f3b]] So far I love it! Nice, creamy consistency but not too thick. It has a pleasant, very light green tea scent, no chemical smell at all. Goes on a little thick but rubs in very sheer and soaks into the skin for great moisturization. Might upgrade my review over time after continued use. Definitely a great product. Ignore the old reviews about an awful smell. The company has changed the formula since then.",P000046,Elizabeth Arden Green Tea,ACC-0022,ACC-0039,ACC-0022|ACC-0039|ACC-0008|ACC-0033|ACC-0032
189567,B00DEIV266,4.0,"I like this but.... My only complaint with Zest isn't unique to that product:  it has to do with the downsizing of consumer products so companies don't have to raise their prices; they just give us less.<br /><br />Zest comes in a 4 oz bar, common in most ""bath sized"" bars but smaller than I remember bars of soap when I was a younger man.  The smaller the bar, the easier it is to drop it when it's wet.<br /><br />If you get beyond that, Zest has two strong positives:  the scent is pleasant without being overpowering.  It is appropriate for men but I don't think women would object to using it as well.  Also, it appears to be less caustic when you wash your face around your eyes.  I made the mistake of getting Coast Soap in my eyes once and almost had to see a doctor; this is much milder.<br /><br />The bottom line:  I will continue to buy Zest and will keep whining about small bath bars.  This is a decent soap brand.<br /><br />Update:  I originally wrote this about the 4 oz bars and the review somehow got applied to the larger 5 oz bars as well.  Please allow me to make this clear:  the 5 oz bars answers all the negatives I had about the smaller bars.  This is finally what I've been looking for and I couldn't be happier with the larger size.  I highly recommend it.",P000015,Coach for Men,ACC-0022,ACC-0008,ACC-0022|ACC-0008|ACC-0004|ACC-0033|ACC-0036|ACC-0095|ACC-0082|ACC-0092|ACC-0049|ACC-0005
190275,B000UK2VRK,5.0,"Excellent Wet/Dry Electric Shaver. For more than a few years I had been using the [[ASIN:B00008DQJQ Factory Reconditioned Braun 7526 Syncro Smart Logic Shaver]] I purchased on Amazon. Prior to the Syncro, I had used a [[ASIN:B000GCQF4M Gillette Sensor Excel Razor For Men - 1 ea]]. Clearly, the Syncro could not give me the close shave of the Sensor Excel. Still, I liked the convenience and the ease of the Syncro and the fact that it held up to rough use.<br /><br />I had the opportunity to try the Philips Norelco 8040X and have been blown away. My first usage was dry and without the application of the moisturizer. At first, I was slightly disappointed at the whisker tugs and slight razor burn and the ergonomics but decided to give it another chance since my first usage did not use the moistureizer and the unit had not been completely charged.<br /><br />My second usage was dry and with the use of the moistureizer and the unit was fully charged. The whisker tugs and slight razor burn were gone. After my first use, I was used to the ergonomics (it is a completely different design from the Syncro), facial coverage was exceptional. I also found that one push of the moistureizer button was sufficient for one half of my face. After the use, my face was smooth and soft and, unlike my efforts with the Syncro, very few missed hairs.<br /><br />My third usage was wet (int he shower) and with the use of the moistureizer. Again, the results were fantastic. With the excellent coverage of the razor head, my shaving time has decreased significantly.<br /><br />My only two complaints (if they can be called complaints since they are so minor) are (1) the scent of the moistureizer and (2) the charger. Another reviewers have aptly stated the deficiencies with ths scent so I will say no more. As for the charger, you have to place the razor in with some care so that it makes contact with the recharging points. Also, the light signifiying that the unit is re-charging is muted (which is bo",P000015,Coach for Men,ACC-0022,ACC-0008,ACC-0022|ACC-0008|ACC-0004|ACC-0033|ACC-0036|ACC-0095|ACC-0082|ACC-0092|ACC-0049|ACC-0005
191961,B08BS6BVDT,5.0,"Liite melon scent. This soap does not have a pumpkin spice scent, but does have a lovely melon scent.  No it does not smell manly. In fact,  it a scent for men or women.",P000015,Coach for Men,ACC-0022,ACC-0008,ACC-0022|ACC-0008|ACC-0004|ACC-0033|ACC-0036|ACC-0095|ACC-0082|ACC-0092|ACC-0049|ACC-0005
192690,B08FCV1FQC,5.0,"Disco Rocks.. Very impressed with Disco's facial moisturizer. It's lightweight and smooth, moisturizing well without feeling heavy or sticky. It absorbs pretty quickly as well. Seemed to work well with my combination skin, which bodes well for most skin types. I also appreciated the natural eucalyptus scent.<br /><br />The one drawback is that I did occasionally experience some minor tingling/burning with this product. If you have sensitive skin, I would NOT recommend this for you as you may experience discomfort. Obviously don't use around broken/damaged skin.<br /><br />Also, there's no such thing as ""skincare for men."" Anyone can use this product, regardless of their gender.",P000015,Coach for Men,ACC-0022,ACC-0008,ACC-0022|ACC-0008|ACC-0004|ACC-0033|ACC-0036|ACC-0095|ACC-0082|ACC-0092|ACC-0049|ACC-0005
194981,B01NA9KF8Q,5.0,Nice fragrance. A nice Spring & Summer fragrance for men,P000015,Coach for Men,ACC-0022,ACC-0008,ACC-0022|ACC-0008|ACC-0004|ACC-0033|ACC-0036|ACC-0095|ACC-0082|ACC-0092|ACC-0049|ACC-0005
196079,B019769J2W,4.0,"Cleanse and detox your skin the natural, cruelty free way. I am really enjoying this detox facial cleanser. I am really big into facial care and have been doing a routine, twice a day, for 26 years!! Needless to say, I have tried a lot of facial care products!! I love the foaming facial cleansers, but not all of them are able to get down into the pores and clean out the dirt. I could not wait to give this a try!!<br /><br />My favorite aspects, that are huge pro's for me, is that this company does not test on animals, it is cruelty free, GMO free, 100%natural and organic, and vegan. As I got into my teen years and started learning about animal testing, I started checking every label of every product I use for that stamp (cruelty free, not tested on animals). I also refuse to use harsh chemicals on my face, and you would be astounded at how many that actually is. Since I have been using organic and natural products, my complexion is holding its age very well. Be cautious the next time you reach for the cheap face wash/lotion in the grocery store, because some ingredients in them will help to age you!! This foaming detox cleanser contains tea tree oil, green tea seed oil, lavender oil, and calendula. The powerful therapeutic effects of these oils will protect your fragile complexion from free radicals, anti aging, inflammation, and bacteria which is the main cause of blemishes.<br /><br />The wash itself has a opaque look to it with tiny floaters from all natural ingredients (I LOVE THIS). It does naturally settle so you need to shake before use. I automatically do this because I love the slight snow globe effect. I do have to be careful though, because it will leak a little if I shake it too vigorously. It has a pump dispenser that is easy to push, and necessary for preventing overuse. This cleanser is the consistency of water so you have to make sure you cup your hand good, and hold it close to the pump. I was worried that this would not foam enough for me but I was",P000046,Elizabeth Arden Green Tea,ACC-0022,ACC-0039,ACC-0022|ACC-0039|ACC-0008|ACC-0033|ACC-0032
196995,B01A1M63WU,3.0,For men but I like as a woman. Like the scent and use frequently.,P000015,Coach for Men,ACC-0022,ACC-0008,ACC-0022|ACC-0008|ACC-0004|ACC-0033|ACC-0036|ACC-0095|ACC-0082|ACC-0092|ACC-0049|ACC-0005
198433,B00T45V7JU,5.0,"Love this lotion. This is my favorite lotion!  It has a nice mellow scent (fine for men and women), and it absorbs so quickly.  Leaves my skin so soft!",P000015,Coach for Men,ACC-0022,ACC-0008,ACC-0022|ACC-0008|ACC-0004|ACC-0033|ACC-0036|ACC-0095|ACC-0082|ACC-0092|ACC-0049|ACC-0005
199269,B08DM5WVCR,5.0,"Very good clone, moderate longevity. Grand Parfums Versace Eros opens with a strong projection of citrus, fruity, sweet, musky and spicy notes. The opening is very fresh, sharp, bright, inviting, unique, and delectable. The green apple, mint, ambroxan, and lemon are the most prominent opening notes. The lemon is the fresh and bright opening note, astringent, sour, and vibrant; the green apple is by its side, delectable, sweet, sour, crispy, and acidic. The mint rounds up the opening with its cooling green and slightly spicy note. The ambroxan is also noticeable musky, lemony, and ambery note that works well, improving the fragrance's projection. As the fragrance moves towards its dry down, the tonka bean and vanilla add a sweet and aromatic touch without making the fragrance overly sweet or taking the focus away from the mint, green apple, and lemon. The vetiver, oakmoss, and cedar are part of the support notes; they combine their notes to create a fresh green and woody accord but remain in the back of the fragrance. The fragrance is linear, all notes come up as soon as the fragrance is applied and continue into the dry down. Once Grand Parfums Versace Eros has reached its full dry down, it can be summarized as a strong projection, spicy mint, fruity green apple, musky ambroxan, mildly sweet vanilla, tonka, and woody cedar fragrance. The fragrance feels casual, comforting, delectable, energizing, exquisite, fresh, fruity, green, high-quality, inviting, masculine, modern, musky, nicely-blended, playful, refreshing, rich, sharp, seductive, sour, sparkly, special, sweet, unique, versatile, wild, woody, and very pleasant.<br /><br />CATEGORY: Aromatic fougere<br />BATCH REVIEWED: 2019.<br />WOW RATING: 10/10. A deliciously sweet, fresh spicy, fruity, musky, and woody fragrance.<br />DISLIKE RATING: 0/10. The fragrance contains no offensive or harsh notes.<br />UNIQUENESS: 10/10. The notes are relatively common, but the resulting scent is unique.<br />MASS APPEAL: 10/10.",P000021,Azzaro Pour Homme,ACC-0008,ACC-0095,ACC-0008|ACC-0095|ACC-0033|ACC-0028|ACC-0049|ACC-0057|ACC-0050|ACC-0022|ACC-0066|ACC-0092
199647,B07F3H2NQD,3.0,A little expensive. I got this because my mom wanted to purchase q bond full size perfume so I got the sample for her to try them before buying one. I only think that the price is a little high for such a tiny samples.,P000062,Narciso Rodriguez For Her,ACC-0059,ACC-0068,ACC-0059|ACC-0068|ACC-0066|ACC-0095|ACC-0064|ACC-0092|ACC-0036|ACC-0004|ACC-0031|ACC-0082
200109,B00XYLNYN2,4.0,"Awesome fragrance. I purchased this for my wife after I couldn't find the original anymore and this is on point, not disappointing at all in fact it last longer throughout the day this is as close to the original you're going to get .I believe this is the second time I purchased this for her.",P000062,Narciso Rodriguez For Her,ACC-0059,ACC-0068,ACC-0059|ACC-0068|ACC-0066|ACC-0095|ACC-0064|ACC-0092|ACC-0036|ACC-0004|ACC-0031|ACC-0082
200461,B017WQUXKG,5.0,"Love this anti aging serum!. Vitamin C is one of my favorite skincare products. It really is a wonderful all around ingredient; it helps with brightening skin, lightening age spots, stretch marks, and reducing fine lines and wrinkles.<br /><br />I like the packaging of this product. It is easy to read the information on the label. I love that it comes in a pump dispenser bottle; very hygienic and easy to use! A small pump was enough serum to cover my whole face and some of my neck, which shows that this bottle will last me a long time. The serum itself has a somewhat unpleasant scent, but not anything that bothers me. The scent wasn't noticeable once I applied the product to my face. The serum went smoothly onto my face. As it was absorbing into my skin, my face felt sticky. As the product absorbed into my skin, I feel like it didn't fully absorb into my skin. It left a slight film on my face. The serum doe help to make my face brighter and look more awake in the morning! I have also been using this serum at night, after my toner and before my moisturizer. I have noticed that with regular use of this serum, my skin is brighter and my fine lines are diminishing, which is amazing!<br /><br />Vitamin C serums can be used for more than just the face. Vitamin C is great for helping with stretch marks and aging hands as well. My mother has always used vitamin C on her hands, and they look very young for her age! I am excited to try this serum for those purposes too!<br /><br />This serum also has other ingredients that are beneficial for the skin in terms of anti-aging, acne, and redness. Hyaluronic acid and vitamin E are amazing for the skin and anti aging. I received this product at a discount in exchange for my honest and unbiased review.",P000062,Narciso Rodriguez For Her,ACC-0059,ACC-0068,ACC-0059|ACC-0068|ACC-0066|ACC-0095|ACC-0064|ACC-0092|ACC-0036|ACC-0004|ACC-0031|ACC-0082
200707,B0786RZR6B,5.0,"Updated my review. Just received this and opened it last evening. I have and have had many of the Josie Maran Body Butter and LOVE it. I ordered this because it is hard to find Lavender.  I opened this and peeled back the seal. This is either an old jar or has been sitting around in the heat or whatever. It doesn't have a 'strong' Lavender smell but as I applied it on my hands, there were pieces of thin plastic on my hands and IN the butter! I had to pick the plastic pieces off my hands and as I stirred it with my finger I could feel more little pieces. WHAT THE?!<br />I would definitely send this back but do not have the box.  BUYERS BEWARE!!!  NOT happy, especially for the price of this small container.  Plus paid for shipping!!!<br />*******<br />UPDATE - I HAVE TO GIVE THIS SELLER 5 STARS FOR HER GREAT RESPONSE TO MY POOR REVIEW ON THE PRODUCT. SHE HAS GIVEN GREAT CUSTOMER SERVICE AND I BELIEVE I JUST GOT AN ITEM THAT WAS NOT QUITE RIGHT, ONE BAD APPLE, NOT SELLERS FAULT.  AGAIN, GREAT CUSTOMER SERVICE. WILL BUY FROM THIS SITE AGAIN.",P000062,Narciso Rodriguez For Her,ACC-0059,ACC-0068,ACC-0059|ACC-0068|ACC-0066|ACC-0095|ACC-0064|ACC-0092|ACC-0036|ACC-0004|ACC-0031|ACC-0082
200861,B07B8J17LC,5.0,Green Tea Beard Balm. I'm giving five stars for the scent of the green tea beard balm it smells absolutely amazing!! it has a nice clean fresh scent to it as opposed to the other bombs that really just don't smell good this is amazing 😊,P000046,Elizabeth Arden Green Tea,ACC-0022,ACC-0039,ACC-0022|ACC-0039|ACC-0008|ACC-0033|ACC-0032
201473,B000VS4EP8,4.0,"Works very well. I really do like these wipes. They work very well at removing all of your make up, even water proof mascara.<br />It only takes one wipe to remove everything (foundation, eyeshadow, eyeliner, brow powder, and mascara). I feel it actually does do a good deep cleaning to unclog pores. I say this because I use a face primer - which fills in open pores and acne scarring, and concealer - which also fills in open pores and acne scars. And after using a wipe I can clearly see that my pores are indeed empty (as well as my acne scars). And I do have slightly large pores on my nose and cheeks. They have green tea, vitamin e, aloe vera and grape seed in it. All of which are very good for your skin!<br /><br />It actually leaves your skin feeling very smooth and soft. The wipe itself is really soft too, it reminds me of the cottonelle wet wipes for your bum haha. I have very sensitive skin and this did not bother my skin at all. It's actually a very strong material and can stretch quite a bit before you would tear it.<br /><br />Now the reason I only gave it four stars is because of the scent. Fragrance is listed in the ingredients, but it doesn't say what fragrance. To me the scent is quite strong and smells of cosmetics you would get back in the sixties or so. I guess I would say it has an &#34;old lady&#34; scent. It does go away after your face dries but it is strong until it dries.",P000046,Elizabeth Arden Green Tea,ACC-0022,ACC-0039,ACC-0022|ACC-0039|ACC-0008|ACC-0033|ACC-0032
202424,B00RAMAHA4,5.0,"Non-greasy and natural looking! Great hair cream for men!. This comes in a large container. It was a lot larger than I was expecting. It works well. It is a little hard to get out because of its tackiness and hardness. However, you just push your finger in and scrape some up and you will have it. You do not need to use much for most styles, depending on what type of style you're going for. I rub a little bit of this cream in between my fingertips and then rub it into the area of my hair that I want. It holds very well. I used this on my son's hair when he wanted a particular style. It turned out quite well. This is not sticky or greasy at all. It also does not get stiff. It looks and feels natural. It has a nice scent for men. My son likes it a lot and he uses it most days. I used it a couple times too. The scent is not strong or noticeable.<br /><br />I like how natural your hair looks after using this. It does not leave your hair shiny or greasy. It looks very natural, as if you used nothing at all. Remember not to grab too much. However, if a little bit doesn't seem like enough for your particular hairstyle, then you can always grab some more. Rub it into your palms or fingertips first before applying it. I have bought the professional hair salon pomades and hair creams before. This works just as well as any of those, maybe even better since it's non-greasy and looks natural. Furthermore, this package is a lot bigger than what you usually get in the hair salons. So I think you definitely get your money's worth from this. I was so glad to be able to buy this product while they had a promotion going on. I think this is a great cream for getting that particular look or definition you want. They give you plenty of it too. This is well worth your money. In addition, it does not leave any white flakes in your hair. I have experienced that from other products. This review is a reflection of my own personal experience with this product.<br /><br />Ps.  If this product is",P000015,Coach for Men,ACC-0022,ACC-0008,ACC-0022|ACC-0008|ACC-0004|ACC-0033|ACC-0036|ACC-0095|ACC-0082|ACC-0092|ACC-0049|ACC-0005
202426,B00PGGLADO,5.0,"Refreshing facial mist and wonderful lip balm!. This toner comes with a wonderful bonus lip balm. I wonder if they sell it by itself. It's my favorite and smells wonderful. The toner is nice too. It's a small bottle, which is great for traveling or taking to the gym. It smells like green tea but is not that strong and the scent goes away quickly, in case you don't like it. However, I thought the scent to be quite light. It feels and smells natural.<br /><br />It actually feels just like I am squirting water on my face but it does feel good and refreshing. It does not make my face oily or dry either. It seems to have the perfect balance for your face. It also dries quickly after spraying it. It is refreshing after a being out in the heat or after working out. It feels a little invigorating too! I have enjoyed using this. The Coconut Lip Balm feels so luxurious on my lips. It moisturizes superbly and has a wonderful smell. I absolutely love the lip balm. I received this product through a promotion for my honest and unbiased review. All thoughts reflected in this review are solely my own.",P000046,Elizabeth Arden Green Tea,ACC-0022,ACC-0039,ACC-0022|ACC-0039|ACC-0008|ACC-0033|ACC-0032
203089,B0052YFCSO,3.0,"Not an Effective Hair Management Product. In my opinion - a good hair management product would remove hair for about 1 month before it would begin to grow back, it would be reasonably priced, relatively easy to use, would work on all hair types without irritation(or cuts), and would require less than 20 minutes of your time.<br /><br />This product did not meet any of the above criteria(unfortunately) - for me.<br /><br />Some history - for about the past 5 years I have searched for the ideal solution to my hair problem. I tried ""Nair for Men"" - disappointed and irritated. I tried regular ""Nair"" - result was only slightly better. Later I tried ""Veet"" for women(which I am not), and left it on for about 10 minutes, the results were passable but not perfect. And the results did not last, 1 week later and the hair was growing back. I also tried using an old electric shaver which I no longer used on my face, I had to use the trimmer on it to cut down the hair to shaving size, not an easy task with my long thick dark brown hair. I was not satisfied with the result using the electric shaver. It should be noted that I was using these products for the ""lower"" region where they should not be used, but I have no need for hairless legs or chest, hair here (mostly) does not bother me(although I believe hair below the neck no longer serves a purpose, other than to become sweaty, smelly, and itchy).<br /><br />So I decided to try ""ballsBALM"". The 1st thing I noticed - the small size of the tubes. If I wanted to remove all the hair on my body I would need more than 1 of these(more like 5 or 6). Although all I wanted/needed was to remove the hair around the ""groin"" and lower back.<br /><br />After applying a thick layer and waiting more than 10 minutes I tried wiping it off with a towel or ""washcloth"" or whatever you want to call it. Very little hair actually came off. In the back of my mind I kind of knew this was not going to work, with ""Veet"" I had to use a special ""scraper"" to r",P000015,Coach for Men,ACC-0022,ACC-0008,ACC-0022|ACC-0008|ACC-0004|ACC-0033|ACC-0036|ACC-0095|ACC-0082|ACC-0092|ACC-0049|ACC-0005
203627,B07XLYFWQ5,2.0,Not a very good scent. I usually like the Herrera For Men EDT for men....but this Bad Boy spray's scent disappoints.,P000015,Coach for Men,ACC-0022,ACC-0008,ACC-0022|ACC-0008|ACC-0004|ACC-0033|ACC-0036|ACC-0095|ACC-0082|ACC-0092|ACC-0049|ACC-0005
205000,B08Q3WXBNJ,5.0,"Excellent product. This shampoo for men is real good.  It has a fresh smell, excellent lather and a little bit goes a long way.  Recommended",P000015,Coach for Men,ACC-0022,ACC-0008,ACC-0022|ACC-0008|ACC-0004|ACC-0033|ACC-0036|ACC-0095|ACC-0082|ACC-0092|ACC-0049|ACC-0005
205856,B07HXWG5SP,5.0,"It is the best scent for men. It was a gift for my husband, might as well be a gift for me, I get to smell it! Awesome scent for men!",P000015,Coach for Men,ACC-0022,ACC-0008,ACC-0022|ACC-0008|ACC-0004|ACC-0033|ACC-0036|ACC-0095|ACC-0082|ACC-0092|ACC-0049|ACC-0005
206103,B09TT8ZVPN,5.0,"Tobacco Vanille worth the price. This is the only cologne I've ever gotten excited about. I can't stop snuggling my husband's neck when he puts this on.  This is seriously the best cologne I have ever smelled. I had a hard time at first justifying the expense but am so glad I bought it. My husband really likes it, too.",P000118,Tom Ford Tobacco Vanille,ACC-0087,ACC-0082,ACC-0087|ACC-0082|ACC-0084|ACC-0092|ACC-0036|ACC-0095|ACC-0014|ACC-0066
206498,B00QF1LDAO,5.0,"Delightful, light fragrance!. SOOO proud of my sister-in-law for her fragrance creations!",P000062,Narciso Rodriguez For Her,ACC-0059,ACC-0068,ACC-0059|ACC-0068|ACC-0066|ACC-0095|ACC-0064|ACC-0092|ACC-0036|ACC-0004|ACC-0031|ACC-0082
208001,B01MUEKLCI,5.0,"Discontinued in stores. I love this scent. Its my sister's favorite so we get it for her from here in large quantities. I personally only have one problem with the lotion, and that's because its a little greasy. You only have to use a little.",P000062,Narciso Rodriguez For Her,ACC-0059,ACC-0068,ACC-0059|ACC-0068|ACC-0066|ACC-0095|ACC-0064|ACC-0092|ACC-0036|ACC-0004|ACC-0031|ACC-0082
208331,B0B19442P6,5.0,Absolutely is as real as it can be!. I love this perfume/cologne. It’s made for men but I wear it and get constant compliments!<br />The seller is excellent! Fantastic service and very kind. Often includes samples and a hand written note! Who else does that?,P000015,Coach for Men,ACC-0022,ACC-0008,ACC-0022|ACC-0008|ACC-0004|ACC-0033|ACC-0036|ACC-0095|ACC-0082|ACC-0092|ACC-0049|ACC-0005
208690,B01BT3FPPG,4.0,"Nice everyday soap. I have to admit that I made a mistake.  When ordering this soap, for some reason I was thinking about tea tree, maybe because there is a picture of tree on the surface of this soap.  However, this is my error and it is in no way affects my rating and review.  The soaps arrived promptly and were packaged in 3 individual cardboard boxes that were held together.  The soaps are regular hand soap size.  It has a mild scent that is noticeable but not too strong to trigger a headache or a breathing difficulty in a scent sensitive individuals.  Personally I prefer highly scented soaps but realize that not everyone is like that.  The soap produces a nice lather and does not dry my hands, although I am used to applying a hand lotion every time after washing my hands.  The ingredients are all natural: green tea powder, glycerin, vegetable oil and water.  There are no artificial colors, perfumes or dangerous chemicals in them.  The color of the soaps is rather olive than grass green but I prefer it that way, as long as it is natural.  These soaps are made in China.  I received this soap set at a discounted price in exchange for my honest and unbiased review.",P000046,Elizabeth Arden Green Tea,ACC-0022,ACC-0039,ACC-0022|ACC-0039|ACC-0008|ACC-0033|ACC-0032
210030,B012H49K84,5.0,Gotta Have!. What a wonderful treat for my husband.It has a minty smell which stimulates your scalp and makes your head and hair feel fantastic.A wonderful way to wake up in the shower.This would be a wonderful present for someone special in your life.Very luxurious shampoo and conditioner for men.The smell is wonderful.We are very excited about this product.Thank you so much for letting us review this at a lower price.,P000015,Coach for Men,ACC-0022,ACC-0008,ACC-0022|ACC-0008|ACC-0004|ACC-0033|ACC-0036|ACC-0095|ACC-0082|ACC-0092|ACC-0049|ACC-0005
210032,B00OS9YWJY,5.0,"Magical Serum. This is definitely a treat for your skin.It comes in a pump dispenser which I love.It comes out in a clear form.It goes on wonderfully and soaks into tourism in a matter of minutes.It is not oily or greasy.Very faint fragrance.It contains the best three anti aging ingredients,hyaluronic acid,Vitamn C and Green tea.By having all three of these ingredients you have a powerful formula for anti aging.After applying this serum let dry and use a moisturizer before putting on your make up.Thank you so much for letting me review this at a lower cost.",P000046,Elizabeth Arden Green Tea,ACC-0022,ACC-0039,ACC-0022|ACC-0039|ACC-0008|ACC-0033|ACC-0032
210188,B01HP9NE3S,5.0,"The product states ""for men"" but she has been using it on her female clients and they love it. It's not sticky. My hairstylist used this on my hair to give me some lift.  The product states &#34;for men&#34; but she has been using it on her female clients and they love it.  It's not sticky, has a pleasant smell and it works.",P000015,Coach for Men,ACC-0022,ACC-0008,ACC-0022|ACC-0008|ACC-0004|ACC-0033|ACC-0036|ACC-0095|ACC-0082|ACC-0092|ACC-0049|ACC-0005
211012,B0167GS66A,4.0,"Great product.. I actually received this product on 6/1 but, I didn't get a chance to try it until 6/2. I like it, it's not quite what I expected but there are natural ingredients in it that you can understand. Ginseng root, quinoa, chamomilla, recutila flower (organic chamomile), pro vitamin B5, oleifera (green tea) leaf extract as well as other ingredients. It holds well and the fragrance is very pleasant. I didn't need to apply a lot of it to get the results I needed. I would recommend this product to a friend. My only reason for a 4 instead of a 5 is that I thought it would hold a little better than it did. My point in saying this is that my hair is very light and it's hard to find a product that will hold it just right.",P000046,Elizabeth Arden Green Tea,ACC-0022,ACC-0039,ACC-0022|ACC-0039|ACC-0008|ACC-0033|ACC-0032
212065,B01LMN40G8,5.0,Hmmmm. Such a great scent<br />For men or women<br />Reminds us of Europe,P000015,Coach for Men,ACC-0022,ACC-0008,ACC-0022|ACC-0008|ACC-0004|ACC-0033|ACC-0036|ACC-0095|ACC-0082|ACC-0092|ACC-0049|ACC-0005
212114,B00V8ZCT1Y,5.0,Five Stars. This is a great scent for men and my man liked it.,P000015,Coach for Men,ACC-0022,ACC-0008,ACC-0022|ACC-0008|ACC-0004|ACC-0033|ACC-0036|ACC-0095|ACC-0082|ACC-0092|ACC-0049|ACC-0005
213384,B08MMYXYFJ,4.0,"Great Gift for the discerning nose. I got these for my daughter who started wearing perfume.  It was a great place for her to start. Had a variety of perfumes (some very well known) from fruity and sweet, to more subtle. She has been able to pick and choose which ones she likes and those that she didn't like she 'gifted' to other family or friends.  The sizes were perhaps a bit smaller than I anticipated, but the point is to 'sample' them.<br />Overall, I'd give this a 4 1/2 stars.  I thought this was a pretty good deal and it has definitely served its purpose over a few times.",P000062,Narciso Rodriguez For Her,ACC-0059,ACC-0068,ACC-0059|ACC-0068|ACC-0066|ACC-0095|ACC-0064|ACC-0092|ACC-0036|ACC-0004|ACC-0031|ACC-0082
215450,B01IWME1HA,5.0,"Smells Like Green Tea. Cruelty free, gets my hair clean, smells like green tea.",P000046,Elizabeth Arden Green Tea,ACC-0022,ACC-0039,ACC-0022|ACC-0039|ACC-0008|ACC-0033|ACC-0032
215870,B0719DFL1R,5.0,"I am very impressed with the results. Perfect mask for my skin type.. I received this product via Amazon Prime 2 day delivery in good condition. I couldn't wait to try it out. I have oily t-zone skin. The powder is light green and fragrance free. I mixed one teaspoon with just a little bit of distilled water to make a thick paste. The mixture came out thick and smooth. The mask tightened my skin as it should and cleaned and cleared my skin. My face felt refreshed, smooth, and oil free after using this product. For better skin care, you can add one drop of essential oil in the powder and mix well. Then, add distilled water and mix again to form a thick paste. Some good essential oils to use are palmarosa, rose otto, frankincense, lemon, juniper berry, lavender, Melissa, cajeput, cistus, silver fir, or rose geranium. If you use peppermint or any other oil in the mint family, then I recommend diluting the EO in a carrier oil first, add it to the powder, then add water and mix well. Minty oils are very powerful and will burn the skin, so it must be diluted in a carrier oil first before mixing it with anything else. Keep in mind that essential oils are acidic by nature and must be diluted when used for skin care, especially when it comes to facial care. Some good carrier oils are grapeseed, avocado, sweet almond, and fractionated coconut oil. These oils are loaded with therapeutic values. Choose the right one for your skin type. I will purchase this product again.",P000290,Anatole Lebreton Silver Fir,ACC-0026,ACC-0039,ACC-0026|ACC-0039|ACC-0032|ACC-0067
216929,B01NADSSBY,5.0,"The Axe Deodorant That Gets Compliments!. When buying Men's Deodorant Body Sprays, I have to go to a Store and actually spray each Deodorant that I'm curious about before I would ever buy it.  The vast majority of these Sprays, over 85% of them, smell like Overpowered Chemical Solutions that should never have been brought to Store Shelves for Men to put on Their Bodies.  What remains are the few selections of Men's Deodorants that would pass as being 'decent enough' to wear daily and do the job of keeping Men Deodorized throughout the day.  And then there are the Exceptional Men's Deodorant Body Sprays that are 'on a whole 'nother level', and that distinction belongs to the ""Axe* 'Gold' Anti-Marks '48HR Protection' Antiperspirant Dry Spray"".  This Deodorant Spray smells like what one Commenter here referred to as 'Tom Ford-Level Men's Cologne'.  The Aroma of this Deodorant is Uncommonly Rich and definitely Non-Chemical-Smelling, which completely shocked My Heightened Sense of Smell.  This Axe* 'Gold"" Deodorant really does live up to the claim that You will not see any White Marks or Yellow Stains on Your Shirts.  An Extra Plus is that any Male wearing this Axe* Deodorant Spray will soon start getting Compliments from Co-workers, because this happens constantly to Me whenever I spray this unique Axe* Deodorant on before heading out!  To the Folks at Unilever* that created this special Axe* Deodorant, You have outdone Yourselves!  Thank You, and please don't stop making this Deodorant!  (I have included a Pic of Two Versions of the Axe* 'Gold' Deodorants; the Black Canister on the Left is 'Axe* 'Gold*: Oud Wood and Dark Vanilla' Variety, and the other one in the White Canister is the one that I'm writing here about; the 'Axe* 'Gold' Anti-Marks '48HR Protection' Antiperspirant Dry Spray).",P000015,Coach for Men,ACC-0022,ACC-0008,ACC-0022|ACC-0008|ACC-0004|ACC-0033|ACC-0036|ACC-0095|ACC-0082|ACC-0092|ACC-0049|ACC-0005
217238,B003NV9R2U,4.0,Thanks. Wife loves the scent! Probably the neatest perfume bottle i've ever seen or bought for her! Thanks Again! A+ A+,P000062,Narciso Rodriguez For Her,ACC-0059,ACC-0068,ACC-0059|ACC-0068|ACC-0066|ACC-0095|ACC-0064|ACC-0092|ACC-0036|ACC-0004|ACC-0031|ACC-0082
217825,B07RP7MW3T,5.0,Creed Aventus dead ringer. Creed Aventus clone. The best scent that consistently and continually creates interest and even to the point of people asking the name of the scent.<br />All the panache and benefit of Aventus without the price,P000133,Creed Aventus,ACC-0036,ACC-0082,ACC-0036|ACC-0082|ACC-0095|ACC-0050|ACC-0022|ACC-0075|ACC-0059|ACC-0085|ACC-0032|ACC-0057
218200,B07JC8WX7N,4.0,"Love this!. This smells soooooo good!  While I don’t get longevity from it (hour or so) I have to add the same happens with some of my $200 perfumes as well, it’s just my body chemistry I guess.  That being said, I paired this with my Autumn/Winter signature scent (Tobacco Vanille) and literally, it’s the BEST.  I smell both on me for hours and on my clothes the next day (not in a overpowering way!).  While it’s too early for these scents (for me) to wear right now in 80° weather, I am thrilled with this scent and can’t wait to wear this in a few more weeks all the way until Spring!!!  I will update again!!!",P000118,Tom Ford Tobacco Vanille,ACC-0087,ACC-0082,ACC-0087|ACC-0082|ACC-0084|ACC-0092|ACC-0036|ACC-0095|ACC-0014|ACC-0066
218600,B07VQLM5WK,5.0,"Mom loves it. My mom suffers from RA in her hip and feet. Some days her CBD oil helps but I got her this for when she over does it and has pain in specific areas. She used it after walking around on unleveled ground all day and felt so much better within 30 mins. Icy Hot does nothing for her , plus she hates the smell. This she can get past the smell because she can feel the difference.",P000062,Narciso Rodriguez For Her,ACC-0059,ACC-0068,ACC-0059|ACC-0068|ACC-0066|ACC-0095|ACC-0064|ACC-0092|ACC-0036|ACC-0004|ACC-0031|ACC-0082
219521,B00ZASJKNA,5.0,Five Stars. Love the smell...for men and women!,P000015,Coach for Men,ACC-0022,ACC-0008,ACC-0022|ACC-0008|ACC-0004|ACC-0033|ACC-0036|ACC-0095|ACC-0082|ACC-0092|ACC-0049|ACC-0005
219924,B07N4BT9LL,5.0,2.9oz not 29oz for body lotion and shower gel. Smells great!. This is the best smelling fragrance! I bought it for my friend for her birthday who is about to go on a trip. There is a discrepancy in the sizes for the shower gel and body lotion though. You will receive a 2.9 ounce bottle of each NOT 29. That was kind of disappointing.,P000062,Narciso Rodriguez For Her,ACC-0059,ACC-0068,ACC-0059|ACC-0068|ACC-0066|ACC-0095|ACC-0064|ACC-0092|ACC-0036|ACC-0004|ACC-0031|ACC-0082
220377,B01GEUWC5U,5.0,"Stay fresh with this men's product!. In my opinion this product is the ""old school"" standard for men's talcum powder. Fresh fragrance doesn't clash with most cologne products and the stay fresh feature of this product is a must have for an active man!",P000015,Coach for Men,ACC-0022,ACC-0008,ACC-0022|ACC-0008|ACC-0004|ACC-0033|ACC-0036|ACC-0095|ACC-0082|ACC-0092|ACC-0049|ACC-0005
220597,B07X8Z9W22,3.0,"Fits a Conair dryer, but has a horrendous chemical smell. This product works as advertised to hold the black orchid diffuser onto a hairdryer of my choice, however, it has a noxious smell emanating from it and I'm not sure it's usable because I don't want to heat up those chemicals and inhale them as I'm drying my hair.",P000061,Tom Ford Black Orchid,ACC-0031,ACC-0028,ACC-0031|ACC-0028|ACC-0037
221860,B000AMPICS,5.0,"If there were a soap of soaps.... ...then these french delights must be they. This particular variety is so deliciously fresh, vibrant and invigorating in it's scent. The box sets are beautifully crafted and a real nostalgic work of art. One almost expects to find hand made confectionary inside the old fashioned packageing. A lovely treat for anyone, regardless of gender. Buy as a treat to yourself or as a very pampering gift. This particular scent, green tea, has a uniquely unisex appeal.",P000046,Elizabeth Arden Green Tea,ACC-0022,ACC-0039,ACC-0022|ACC-0039|ACC-0008|ACC-0033|ACC-0032
222248,B01HR1B3FU,5.0,"Skin feels amazing!. I have tried other key west products including their calming cleanser, eye cream, toner and hyaluronic acid serum and have loved every single one. I have combination skin that can be sensitive and prone to break outs if I use products that have too many fillers or artificial perfumes.<br /><br />I was excited to try this cleanser I like to using 2 different cleansers so this would be great to rotate with the gentle calming cleanser I already have. I love the list of  NATURAL & ORGANIC INGREDIENTS - This blend of naturally derived sulphate cleansers combined with Vitamin C, Oregon Grape, Green Tea, Blueberry, Seabuckthorn. I love the top of the cleanser with an easy twist top to open or close. This product has a great smell and lathers so nice on my skin. Another great thing is that it makes your skin feel absolutely amazing, clean and smooth and no dry feeling. It's the perfect balance for my skin, I have been using this cleanser for a week and a half and already feel improvement in my skin. I can't wait to see the results after 90 days!! I highly recommend this cleanser. I received this product at a reduced rate for my 100% honest unbiased review.",P000046,Elizabeth Arden Green Tea,ACC-0022,ACC-0039,ACC-0022|ACC-0039|ACC-0008|ACC-0033|ACC-0032
223685,B077LWVP38,5.0,"Creed Aventus Clone. So this cologne is a dead accurate clone of Creed's Aventus.  I have Creed Aventus in my collection but only use it for special occassions because of the price, so i opted to buy a clone for work and i cant tell the difference. I have over 200 colognes in my collection and study fragrances so trust me when i say you will not be disappointed",P000133,Creed Aventus,ACC-0036,ACC-0082,ACC-0036|ACC-0082|ACC-0095|ACC-0050|ACC-0022|ACC-0075|ACC-0059|ACC-0085|ACC-0032|ACC-0057
226122,B06ZXQS2V3,4.0,"Light rose scent. Great for on-the go.. Great product, but I don't like the rose scent. I wish it was masked by something more clean scented -- like linen or green tea or avocado.  It makes my normal-dry skin feel hyrated but it could have more moisturizing properties IMO. However, for a quick all in one for folks in a rush or on-the-go, it is a great product. I would recommend your traditional toner and an eye cream be accompanying this item upon regular use.",P000046,Elizabeth Arden Green Tea,ACC-0022,ACC-0039,ACC-0022|ACC-0039|ACC-0008|ACC-0033|ACC-0032
226208,B071YQQ8LD,4.0,"Smells very similar to Marc Jacobs Daisy dream. If you like Daisy Dream you’ll like this. It is not long lasting though. I bought it mainly because the bottle was pretty, but when I opened the case the perfume was housed in, one of the flowers was broken off the top. A little disappointing, but is an easy fix if I want to glue it back on....",P000056,Marc Jacobs Daisy,ACC-0094,ACC-0063,ACC-0094|ACC-0063|ACC-0066|ACC-0090|ACC-0022|ACC-0007|ACC-0036|ACC-0082|ACC-0095|ACC-0059
226243,B0861NVJFJ,5.0,"Great scent. I love this body wash! Green tea is one of my favorite scents. The scent washes right off with cheap body washes but this one lingers in a light, lovely way. It was well priced, also.",P000046,Elizabeth Arden Green Tea,ACC-0022,ACC-0039,ACC-0022|ACC-0039|ACC-0008|ACC-0033|ACC-0032
227119,B01CE6RT2O,5.0,Great design. I bought this for my wife as just a little something to show me love. She loves it. It's unlike anything she has. She was blown away by the act and the product. It's well made and has a great smell. You can smell the wood scent. I've every happy I bought this for her.<br /><br />I did receive this product at a discounted price for my honest opinion about the product. She really likes it. And my small act of kindness really made her day. She does a lot for me and it felt good to do something nice for her.,P000062,Narciso Rodriguez For Her,ACC-0059,ACC-0068,ACC-0059|ACC-0068|ACC-0066|ACC-0095|ACC-0064|ACC-0092|ACC-0036|ACC-0004|ACC-0031|ACC-0082
227877,B00CUF29WU,5.0,"wonderful!. This stuff is amazing!  For men and women.  No oily residue, slight fragrance is nice.  Will be a most used product in my house!!",P000015,Coach for Men,ACC-0022,ACC-0008,ACC-0022|ACC-0008|ACC-0004|ACC-0033|ACC-0036|ACC-0095|ACC-0082|ACC-0092|ACC-0049|ACC-0005
228835,B00Q5V41NK,3.0,"The smell isn’t bad, but it is not good either. This is a very small amount of mud.  The inside dimensions of the bottle are approximately 1.5” tall by less than 2” diameter.  When I opened the bottle and removed the safety seal, the mud was to the top of the bottle.  The directions include a step to stir before applying the mud.  When I stirred it, I found there was a large air bubble and the bottle was only about half full.  A little of this mud goes a long way, so this small amount will go further than some other facial masks.<br /><br />As per the instructions, I washed and dried my face before application.  The AntiAging MegaMud goes on very smoothly.  It has a strong minty smell that becomes less overwhelming with time and is partially replaced with other smells that aren’t entirely pleasant.  The smell isn’t bad, but it is not good either.<br /><br />The mud made my skin sting immediately, but it became less intense until I washed off the dried mask.  I had removed the mask and I felt my face burning still about 5-10 minutes later, so I washed my face again using cleanser.  I was fortunate that there was only the burning sensation and not a significant amount of reddening.<br /><br />The box says the peptides relax muscle tension by inhibiting the release of neurotransmitters released by the brain.  I'm not sure how I feel about having a topical beauty product interfering with my neurotransmitters.  I'm probably getting new lines as my brow furrows trying to wrap my brain around this concept.<br /><br />From the company website (https://www.viacosmedics.com/product/megamud/), this is a list of Ingredients: Deionized Water, Kaolin, Propylene Glycol, Montmorillonite (Bentonite), Glycerin USP, Magnesium Aluminum Silicate, Butylene Glycol, Carbomer, Polysorbate-20, Palmitoyl Oligopeptide, Palmitoyl Tetrapeptide-7, Acetyl Hexapeptide-8, Sodium Hyaluronate, Cucumis Sativus (Cucumber) Extract, Camelia Sinensis (Green Tea) Extract, Matricaria Recutita (Chamomile) Flo",P000046,Elizabeth Arden Green Tea,ACC-0022,ACC-0039,ACC-0022|ACC-0039|ACC-0008|ACC-0033|ACC-0032
228934,B01GESHD60,5.0,"~ Softening and Smoothing with a Delicious Light True Citrus Scent. ~. I have medium length naturally wavy, processed hair that tends to be frizzy if I don’t use good hair products, especially conditioner. After coming across this conditioner, it sounded perfect for my hair, so I decided to give it a try. The bottle itself is streamline and attractive, containing all of the pertinent information such as ingredients, directions, cautions, company information, and Made in the USA. I like that it is also paraben-free, sulfate-free, cruelty-free, organic, and vegan. The easy flip-top lid is very helpful in dispensing the conditioner and I am always happy when a product comes with a tamper-proof seal in place, as this did.<br /><br />This conditioner is beautifully creamy, thick, and rich and smells wonderfully fresh and citrusy, uplifting and delicious, and is perfect for men and women. I have been washing my hair as usual, applying this conditioner and then using a wide-tooth comb to remove any tangles, after which I leave the conditioner on while I shave my legs and wash my body. This gives the conditioner a little extra time to do lovely things for my hair. I then gently pat my hair dry with my towel, apply a light Argan serum, and then let it air dry the rest of the way. I love how soft and smooth this conditioner makes my hair feel.",P000015,Coach for Men,ACC-0022,ACC-0008,ACC-0022|ACC-0008|ACC-0004|ACC-0033|ACC-0036|ACC-0095|ACC-0082|ACC-0092|ACC-0049|ACC-0005
229030,B00XYL450S,5.0,"African Musk Smells Great. Great body oil for men. Put it on in the morning, and smell great for 24 hours.",P000015,Coach for Men,ACC-0022,ACC-0008,ACC-0022|ACC-0008|ACC-0004|ACC-0033|ACC-0036|ACC-0095|ACC-0082|ACC-0092|ACC-0049|ACC-0005
229318,B01BMY0RZU,4.0,"Strong but not overpowering. I purchased this for my wife but I even use it.<br /><br />It’s very scented. Once you actually use it you will have the scent with you all day. It lasts. It is nice though. I’ll admit as a guy it’s not bad, nothing overpowering.<br /><br />It’s definitely not a moisturizer though. So look somewhere else. As for the cleaning ability... it cleans. How impactful it is can be debated. 4 stars because it’s probably only for scents.<br /><br />My wife likes it thought and that’s what matters. I’d get it for her again.",P000062,Narciso Rodriguez For Her,ACC-0059,ACC-0068,ACC-0059|ACC-0068|ACC-0066|ACC-0095|ACC-0064|ACC-0092|ACC-0036|ACC-0004|ACC-0031|ACC-0082
229436,B08GY96F87,5.0,"High quality soap that smells minty. This is a refreshing and invigorating soap for men or women. It’s very fragrant, like mint or spearmint. It’s nicely packaging and suds up well. Leaves skin feeling nourished. Definitely recommend!",P000015,Coach for Men,ACC-0022,ACC-0008,ACC-0022|ACC-0008|ACC-0004|ACC-0033|ACC-0036|ACC-0095|ACC-0082|ACC-0092|ACC-0049|ACC-0005
229517,B0713VF172,5.0,"Works wonderfully. Not only is this wonderful for kids, it’s great for adults too. Magnesium is my family’s go to for its calming effects. It really helps. I love rubbing it into my grand daughters feet. She loves when it time for her nightly foot rub. She says it feels good on her feet and that it smells good. It does help relax her before bed. It works as intended! My hands feel a little weird after rubbing it in- not sticky but you tell there’s a layer on my palms. I don’t really like that feeling but the other family members don’t mind it.",P000062,Narciso Rodriguez For Her,ACC-0059,ACC-0068,ACC-0059|ACC-0068|ACC-0066|ACC-0095|ACC-0064|ACC-0092|ACC-0036|ACC-0004|ACC-0031|ACC-0082
229664,B00KCTER3U,5.0,"A Good Moisturizer for Men & Women. I have used this as a post-shower and shave lotion.  It has served me well as it moisturizes and comforts.  I don't know if it is defying age, but it does work very well to moisturize and prevent dryness.  I use it also in the evening.  The smell is nice when applied, and then I don't notice it after it has been applied.  I use it around my eyes without irritation.  I am impressed with the plethora of natural ingredients.  My wife has also enjoyed using this moisturizer in her repertoire of face creams.",P000015,Coach for Men,ACC-0022,ACC-0008,ACC-0022|ACC-0008|ACC-0004|ACC-0033|ACC-0036|ACC-0095|ACC-0082|ACC-0092|ACC-0049|ACC-0005
229849,B0BSHDZS1J,4.0,"Seems to be good stuff, but not a fan of the dispenser. I’ve never heard of this brand, but my wife loves to try new moisturizers and face creams. This one contains green tea, retinol, collagen, hyaluronic acid, and MSM. Who knows how much of each is in here compared to other products like it, but my wife likes it.<br /><br />The jar has a top that you push down lightly to dispense. You swipe that off with your fingers, so you don’t actually open the jar (unless you want to). She doesn’t really like the top, though, because if you’re not careful, too much comes out.<br /><br />Also, there is no pickup tube that goes to the bottom, so you have to keep whacking the top against your hand, as if you’re packing a new box of smokes, or it’ll run dry.<br /><br />There is no smell, or at least neither one of us could smell anything at all. It’s very creamy (white), and absorbs into her skin quickly. There is a moist, tacky feeling to the skin for a few minutes, and then it’s gone. So you have to wait a few minutes after application to apply makeup.<br /><br />She has pretty sensitive skin, and said there was no redness or tightness, or any adverse reaction at all. Too early to tell if it reduces wrinkles, but as far as anti-aging goes, she wore this cream for about a week, and her birthday still came.<br /><br />Hope this helps.",P000046,Elizabeth Arden Green Tea,ACC-0022,ACC-0039,ACC-0022|ACC-0039|ACC-0008|ACC-0033|ACC-0032
230039,B08QKXY1KN,2.0,"Hate it :(. My daughter has white blonde hair so I got this for her to share with her silver haired grandma during a trip.  She complained bitterly about it.  Said she could not wash it out, it made her hair blue and made her face greasy.  I thought it was tween drama ..... then I tried it.  Yuck.  While it smells GREAT without being perfumey  but it was like conditioning my hair with glue.  It made it super sticky and tangled.  And it stained the tub.<br /><br /> 2 stars because it smells nice",P000062,Narciso Rodriguez For Her,ACC-0059,ACC-0068,ACC-0059|ACC-0068|ACC-0066|ACC-0095|ACC-0064|ACC-0092|ACC-0036|ACC-0004|ACC-0031|ACC-0082
230098,B096YHL82K,5.0,"Nice Lotion, a Tad Heavy on Scent. I love this lotion for my baby girl. The lightweight moisturizer is so soft for her perfect skin. The smell is a little heavy compared to some other brands that I have tried.  The scent does subside over time. I also wish it had a pump top instead of the flip-top, but not a deal breaker. So far she has not had a reaction to it so I will continue using it.<br /><br />Hope you found this review helpful!",P000062,Narciso Rodriguez For Her,ACC-0059,ACC-0068,ACC-0059|ACC-0068|ACC-0066|ACC-0095|ACC-0064|ACC-0092|ACC-0036|ACC-0004|ACC-0031|ACC-0082
230131,B0914JBBTV,5.0,"Biore Safely and Efficiently Removes Makeup from My 82-Year-Old Mom's Face!. My mom turned 82 in March.  She is extremely active for her age.  Before the COVID-19 Pandemic of 2020, she would go grocery shopping once a week.  During the pandemic, she went as often as three times in one week.  She was always concerned about us not having enough to eat.  Mom, who is vain, also wears a lot of makeup to conceal her true age.  Therefore, she was excited to obtain the 7.8 fluid ounce bottle of Biore' Makeup Remover.  It is a clear oil with a very pleasant scent.  Mom has been using it for two weeks.  She told me that a little goes a very long way.  She gently rubs the oil on her fingertips and then rubs her fingertips all over her face.  Using a Kleenex, she carefully rubs off the makeup and Biore.  She does not like splashing water on her face for fear of splashing water, makeup, and Biore all over the bathroom sink.  She is very OCD about keeping her bathroom and entire house clean.<br /><br />  The Biore efficiently and safely removes Mom's thickly layered makeup.  She hasn't experienced any ill side effects or allergic reactions from using the Biore.  Her skin is oily like mine.  We don't wrinkle easily.  Both of us look very young for our ages.  Also, I would like to point out that the plastic bottle of Biore arrived with a protector around the nozzle and pump, which is very nice.  The hard plastic protector is transparent.  It easily slips on and off the pump, making it highly reusable.  It protected the Biore against tampering and accidental spillage during shipping.  (The protector covers the nozzle's opening and prevents the pump from operating.)  I highly recommend not throwing the protector away; you may want to do some travelling and take this attractive pink bottle of Biore with you.  My mom and I both recommend the Biore Makeup Remover for removing the thickest layers of makeup.",P000062,Narciso Rodriguez For Her,ACC-0059,ACC-0068,ACC-0059|ACC-0068|ACC-0066|ACC-0095|ACC-0064|ACC-0092|ACC-0036|ACC-0004|ACC-0031|ACC-0082
230408,B019PM5PRQ,4.0,"Great job for teen's sensitive skin. My daughter has been using this for a couple of months now every night before bed, and is happy with the results.  She has very sensitive skin, and this does not dry out her skin at all.  It is doing a great job at helping to reduce her acne.  It has a light smell when using, but doesn't leave any after smell.  Overall it has done a good job, and I will be ordering more for her soon.",P000062,Narciso Rodriguez For Her,ACC-0059,ACC-0068,ACC-0059|ACC-0068|ACC-0066|ACC-0095|ACC-0064|ACC-0092|ACC-0036|ACC-0004|ACC-0031|ACC-0082
230501,B081K7P7DF,5.0,"Great set...All you need in one bundle. Great gift for someone.. I am a fan of MARLOW products...I have several others not included in this set and all are great. I'll break down each product briefly below.<br /><br />BAG: Very nice, basic black but well padded and holds it's shape. I basic in shape but I higher quality then usual.<br /><br />SOAP: Great balsam/fir scent. Excellent balance of exfoliation and suds. Leaves body invigorated, soft and smelling great!<br /><br />SHAVE: Has a tea scent, hint of some sort of alcohol. Builds into a creamy texture, not much sud but decent coverage. Does it's job. Finishes with a clean scent.<br /><br />FACE WASH: Nice balsam/fir scent to it. A little goes a long way! Very slick, seems to not penetrate but wash the exterior of skin. Takes some work to wash off. Finishes with a green tea scent and refreshed.<br /><br />FACE MOISTURIZER: Has a tea/alcohol scent at first...Goes on smooth. Dries fairly quickly, leaving a sweet green tea scent. Leaves face feeling soft not oily.<br /><br />POMADE: Great scent, more cologne like. Goes on easy, not too tacky or slick. Does a decent job.<br /><br />LIP BALM: Awesome balm!!! At first I thought it was an odd addition to the set. But man I love this balm. Goes on with a hint of sweet tea. Not waxy, not glossy, just a perfect balance that keeps lips moisturized.",P000046,Elizabeth Arden Green Tea,ACC-0022,ACC-0039,ACC-0022|ACC-0039|ACC-0008|ACC-0033|ACC-0032
230546,B000UK2VRK,5.0,"Excellent Shave. I must admit that I was pleasantly surprised by this electric shave - moisturizer system.  The shape of it is pleasing and comfortable in the hand as you shave.  The 3 flex-heads give a close, quick shave.  The Nivea for Met I was sceptical of, but it provided a fresh clean scent.  My fear was that the smell would be overly strong, but this was not the case in my opinion.<br /><br />What is in the box:<br /><br />The razor with flex-head<br />Flex-head protector<br />1 bottle of Nivea for men shaving conditioner (.95 FL. OZ or 28ML)<br />Trimmer head<br />charging stand and cord<br />brush",P000015,Coach for Men,ACC-0022,ACC-0008,ACC-0022|ACC-0008|ACC-0004|ACC-0033|ACC-0036|ACC-0095|ACC-0082|ACC-0092|ACC-0049|ACC-0005
230601,B01MYPDMEU,5.0,"Great product!. First:<br />This is not beard soap for men who watch movies about a love triangle between a girl, a vampire & a werewolf.<br /><br />This is made for men.  REAL men.  Manly men.  Men with manly beards.<br /><br />This is my second order from Honest For Men.  I usually don't leave a lot of feedback reviews, however the personal hand written message of ""thanks for the support"" & ""thank you for your service"" justifies the reason I should.  Super fast shipment & great product.  Honestly.<br /><br />First order was unscented & this order was the Tea Tree Oil.  Smells great.  I will continue supporting you guys & will continue to give recommendations to my friends...who have beards.<br /><br />This is an unpaid/unsponsored review.",P000015,Coach for Men,ACC-0022,ACC-0008,ACC-0022|ACC-0008|ACC-0004|ACC-0033|ACC-0036|ACC-0095|ACC-0082|ACC-0092|ACC-0049|ACC-0005
232869,B00MQ6BE92,5.0,"Skin as smooth as butter. This product is creamy and luxurious. Takes care of dry skin without a greasy residue. And leaves behind a healthy glow. The definition of a butter, thick but not sticky. And lasts many hours without the need to reapply. Works great for men and women. Doesn't really have a scent. My guy loves it and has stolen mine lol. Guess i will be ordering another real soon! I received this product free of charge in exchange for an honest unbiased review.",P000015,Coach for Men,ACC-0022,ACC-0008,ACC-0022|ACC-0008|ACC-0004|ACC-0033|ACC-0036|ACC-0095|ACC-0082|ACC-0092|ACC-0049|ACC-0005
232999,B003C7RBIM,5.0,Perfume. First time buy from this seller and had no hasles at all. I was looking for a certain perfume that my girlfriend liked. when I first met her I liked the perfume she was wearing and wanted to get her some as a present. So I look on here and found what I was looking for. I like the bottle it's in and the sent lasts for quite a while. I defently will buy it again for her.,P000062,Narciso Rodriguez For Her,ACC-0059,ACC-0068,ACC-0059|ACC-0068|ACC-0066|ACC-0095|ACC-0064|ACC-0092|ACC-0036|ACC-0004|ACC-0031|ACC-0082
233629,B0BBYDRKXP,5.0,Wonderfully Unique. This is a great scent for men or women. Go easy applying; it is long lasting and has lots of different notes as the time goes on. So happy I found it again.,P000015,Coach for Men,ACC-0022,ACC-0008,ACC-0022|ACC-0008|ACC-0004|ACC-0033|ACC-0036|ACC-0095|ACC-0082|ACC-0092|ACC-0049|ACC-0005
233825,B01BMT4Y86,5.0,Exactly the same!. I bought this for a friend as a present. this was her favorite scent from Bath and Body works before they discontinued it. She says it smells exactly like it did when they sold it. she was very happy I found it for her!,P000062,Narciso Rodriguez For Her,ACC-0059,ACC-0068,ACC-0059|ACC-0068|ACC-0066|ACC-0095|ACC-0064|ACC-0092|ACC-0036|ACC-0004|ACC-0031|ACC-0082
233826,B01BGZXTYQ,5.0,Exactly the same. I bought this for a friend as a present. this was her favorite scent from Bath and Body works before they discontinued it. She says it smells exactly like it did when they sold it. she was very happy I found it for her!,P000062,Narciso Rodriguez For Her,ACC-0059,ACC-0068,ACC-0059|ACC-0068|ACC-0066|ACC-0095|ACC-0064|ACC-0092|ACC-0036|ACC-0004|ACC-0031|ACC-0082
234270,B084BX3CC6,4.0,"Moistuzing but Lacking in Scent.... I've tried the Green Tea scented bar of soap so far (a few times now) and while it seems good for sensitive skin and seems to be decently moisturizing, the scent is very lacking - I really don't smell green tea at all. I do appreciate how fast shipping was, though, and that this soap is *not* made with palm oil. It is a bit pricey but it does seem to be a decently made soap.",P000046,Elizabeth Arden Green Tea,ACC-0022,ACC-0039,ACC-0022|ACC-0039|ACC-0008|ACC-0033|ACC-0032
237692,B01D3ZN51O,5.0,It has a nice scent. It's nice to have facial cleanser options .... I bought this for my 21 year old son.  He really likes the way it makes his skin feel.  It has a nice scent.  It's nice to have facial cleanser options for men since there aren't many available.,P000015,Coach for Men,ACC-0022,ACC-0008,ACC-0022|ACC-0008|ACC-0004|ACC-0033|ACC-0036|ACC-0095|ACC-0082|ACC-0092|ACC-0049|ACC-0005
239727,B0796TVJFQ,5.0,Smells sooooooo good. This is my favorite perfume from Ari. My daughter smells amazing. I will continue to buy this for her. It’s the bomb.,P000062,Narciso Rodriguez For Her,ACC-0059,ACC-0068,ACC-0059|ACC-0068|ACC-0066|ACC-0095|ACC-0064|ACC-0092|ACC-0036|ACC-0004|ACC-0031|ACC-0082
240066,B083HRRFS7,5.0,"Good scent..got free gift unexpectedly.. Dunno why thickness & warmth were stars available to highlight to review shampoo.  I checked no stars for that reason.  I just today received my second bottle of this shampoo.  I first purchased following my sampling it at a B&B last winter, year ago.  Just ran out & bought it again.  It may be a bit more expensive than before.  Love the scent.  Only complaint is it really doesn’t condition.  Just smells good & cleans well.  Need conditioner after if you use it.  The company sent me a sample sized bar of their soap as a gift, called Archive Shea Butter in Green Tea& Willow scent.  Smells ok.  Since it’s shea it will likely feel good & not dry the skin as much as regular soaps, and, it was free.  Note if this is your 1st time buying the shampoo you will need to also buy a dispenser top for it because it is big & only comes with a twist off cap.  You could also transfer a little at a time to an old shampoo bottle.  I am the only one who used it.  I wash my hair every other day to every 3 sometimes.  It lasted a year. I like the product scent.",P000046,Elizabeth Arden Green Tea,ACC-0022,ACC-0039,ACC-0022|ACC-0039|ACC-0008|ACC-0033|ACC-0032
240071,B08CR1YH7B,5.0,"My skin feels very hydrated and smooth after applying it. I like this product!. This is the second product I try from this brand..<br /><br />I am very happy i found this products because they have been working great so far. Presentation is cute and simple. It is a plastic bottle that looks yellowish because of the product in the inside.<br /><br />Pump works smoothly. Which i always mention because in so many products I've found that the pump doesn’t work properly.<br /><br />It is made of nutritious ingredients, like hibiscus, hyaluronic acid and niacinamide. This product should help not just with wrinkles but with pimples as well, which is a problem i have. My skin is prompt to acne.<br />You don't need a lot of product to cover all your face, it gets distributed easily and absorbs quickly. It feels very lightweight and there is no heavy feeling left in the skin.<br /><br />I sweat a LOT, and this product feels very good in my skin. Some products make me feel that i sweat more when i use them, but this one just leaves a nice and fresh feeling in my skin.<br /><br />I’ve been using it for a couples of weeks right now, and i can see an improvement in my skin, it feels softer, smoother. I feel i look more rested, it somehow relieves signs of tiredness in the skin.<br /><br />As in the other product i tried before, I am not sure if this is a product i would recommend in 50+ skins, or very damaged skin, because I am not sure if will be strong enough. I am not an expert, so this is just my opinion. But i am really happy with the results on my skin. I couldn’t notice any scent, but since I got Covid-19  i kind of lost it, so I do not really have an opinion about the scent.<br /><br />I really like this product and i am adding it to my skin care routine. I got one for my mother, she has a skin that has been exposed to the sun a lot, plus she is almost 60 years old. I got this for her just because i noticed great improvement in my skin, and i would really like to know if ",P000062,Narciso Rodriguez For Her,ACC-0059,ACC-0068,ACC-0059|ACC-0068|ACC-0066|ACC-0095|ACC-0064|ACC-0092|ACC-0036|ACC-0004|ACC-0031|ACC-0082
240633,B01GK5QLTC,5.0,"The best smelling pomade I've used so far. The best smelling pomade I've used so far, and I've used several so far.  I first learned of Rock River from watching some Youtube channels regarding new types of pomade to try.  I have long and straight, fine hair, and have found this perfect for keeping my hair in place for work, gym, going out, etc.  The smell tends to last all day if I use a fair amount and stay out of the sun (which given a typical work day, I usually do).<br /><br />The scent combination of smoky tobacco and whisky is just perfect, and I have received more than enough compliments from women about it - especially in close quarters!  At the end of the day, it washes out really easily with just water.  That said, I have fallen asleep with the stuff in my hair on several different occasions, and each time I woke up with zero bedhead.  My hair actually felt a bit nourished!  Must be all the vegan friendly health ingredients in the mix.<br /><br />I would recommend this product highly for men looking to improve their grooming game.  For those complaining about how tacky the clay pomade comes out of the jar, a litte trick I found is to leave the jar out on your bathroom countertop - NOT a closed cabinet or drawer;  the increased exposure to sunlight (if placed near a window and if you get sunlight in your bathroom), and to moisture from when you take showers, will heat up the jar's contents so that the pomade scoops out much easier.",P000015,Coach for Men,ACC-0022,ACC-0008,ACC-0022|ACC-0008|ACC-0004|ACC-0033|ACC-0036|ACC-0095|ACC-0082|ACC-0092|ACC-0049|ACC-0005
243202,B00XYLHF8W,5.0,"Excellent quality and price.. I have no reference to make concerning if this fragrance matches the Genuine Polo Double Black Cologne for Men, but this fragrance is a real &#34;head-spinner for attention&#34;, an excellent blend that is not overwhelming, very well balanced.<br /><br />Excellent quality and price.<br /><br />[[ASIN:B00XYLI464 4 oz - Bargz Perfume - Obsession Body Oil For Men Scented Fragrance]]",P000015,Coach for Men,ACC-0022,ACC-0008,ACC-0022|ACC-0008|ACC-0004|ACC-0033|ACC-0036|ACC-0095|ACC-0082|ACC-0092|ACC-0049|ACC-0005
243203,B00XYKW74A,5.0,"Excellent blend of that is not overwhelming, very well balanced.. I have no reference to make concerning if this fragrance matches the Genuine Polo Double Black Cologne for Men, but this fragrance is a real &#34;head-spinner for attention&#34;, an excellent blend that is not overwhelming, very well balanced.<br /><br />Excellent quality and price.<br /><br />[[ASIN:B00XYKW74A 2 oz - Bargz Perfume - Polo Double Black Body Oil For Men by Ralph Lauren Scented Fragrance]]",P000015,Coach for Men,ACC-0022,ACC-0008,ACC-0022|ACC-0008|ACC-0004|ACC-0033|ACC-0036|ACC-0095|ACC-0082|ACC-0092|ACC-0049|ACC-0005
246187,B08SFRFJS6,5.0,"Natural, Vegan, Smell from Heaven. First of all, I absolutely love shopping local. Can we take a minute to applaud the fact that this product is vegan, natural, and cruelty free?? NOT TO MENTION the smell is straight from the heavens. I know this product is marketed for men but I am a woman and my husband and I both use this mask and LOVE it! I did a spot test first on my chin and couldn’t believe how smooth my skin was afterwards, so I did the rest of my face and *chefs kiss.* This mask is everything!",P000015,Coach for Men,ACC-0022,ACC-0008,ACC-0022|ACC-0008|ACC-0004|ACC-0033|ACC-0036|ACC-0095|ACC-0082|ACC-0092|ACC-0049|ACC-0005
247055,B0823DR6M8,5.0,"Smells kinda like Carolina Herrera. Smells like. Carolina Herrera’s Good Girl, but has a undertone of alcohol.",P000113,Carolina Herrera Good Girl,ACC-0082,ACC-0094,ACC-0082|ACC-0094|ACC-0092|ACC-0087|ACC-0004|ACC-0014|ACC-0095|ACC-0086|ACC-0003|ACC-0066
249089,B01DTQRPWW,5.0,"Go Figure; A Daily Moisturizer for Men. Well, this is a first.  Hubby totally gave me the stank face when I told him I bought him a moisturizer.  However, once he took a whiff and realized it didn't smell like girly face, he was game to try it.<br />Now, his face has seen a lot of weather and miles, on motorcycle for years, and various injuries as well as, ahem, mature skin. Most of the time, he sports a full beard, (which makes him look twenty years older, btw); a few times during the year he'll shave it off and he looks young again. ish.<br />So, he washed up, and applied a small amount of the cream to his hand, rubbed the fingertips together and covered his entire face. In fairness to this review, I did the same.  It smells very nice and the scent goes away soon.  The face skin feels a bit tacky at first, but it soon absorbs and then you can't feel anything.  But looking in the mirror, the skin does look moister.  I paid close attention to the crows' feet on both of us (his is deeper), and after several days of use, I am definitely liking this as a daily moisturizer.  Yes, it doesn't need to be hogged by hubby; I may reallocate it to my vanity.  He can visit it if he can find it...",P000015,Coach for Men,ACC-0022,ACC-0008,ACC-0022|ACC-0008|ACC-0004|ACC-0033|ACC-0036|ACC-0095|ACC-0082|ACC-0092|ACC-0049|ACC-0005
249553,B00B3CUA0E,5.0,Very Nice!. Purchased these for my daughter to conjure up some solid perfume and she said they were very nice & just perfect for her application...,P000062,Narciso Rodriguez For Her,ACC-0059,ACC-0068,ACC-0059|ACC-0068|ACC-0066|ACC-0095|ACC-0064|ACC-0092|ACC-0036|ACC-0004|ACC-0031|ACC-0082
252136,B00HJ6Q82C,5.0,"No sting hand cream that works!!. This hand cream is the best handcream for men and women.  When applied to dry cracked hands, it never stings.  It doesnt have a girly smell so, men love it too!! It stays on after you wash and keeps protecting, saving you money, because you dont have to reapply after you wash your hands. Most men hate that sticky or greasy hand cream feeling but this doesnt do that.  And all the men in my life love it!  Buy a tube for everyone!!",P000015,Coach for Men,ACC-0022,ACC-0008,ACC-0022|ACC-0008|ACC-0004|ACC-0033|ACC-0036|ACC-0095|ACC-0082|ACC-0092|ACC-0049|ACC-0005
252259,B09TT8ZVPN,1.0,"WAY,WAY,WAY too expensive for an hour of fragrance. The fragrance is intoxicating!  With that being said, it is important to note it doesn't last very long!!!  Honestly for this price you've got to be kidding me, Tom!  Bought it once, I don't think I can justify buying it again, unfortunately.  His Black Orchid smells great , lasts longer, and sells cheaper!  There you go Tom, I plugged another fragrance for you.",P000061,Tom Ford Black Orchid,ACC-0031,ACC-0028,ACC-0031|ACC-0028|ACC-0037
252659,B073X29R31,5.0,Made for men. The greatest man products ever made. I like to smell like victory when I cheat death. Power lineman approved.,P000015,Coach for Men,ACC-0022,ACC-0008,ACC-0022|ACC-0008|ACC-0004|ACC-0033|ACC-0036|ACC-0095|ACC-0082|ACC-0092|ACC-0049|ACC-0005
254220,B07WC43HHD,5.0,Great scent for men! I liked it a lot!. Great scent for a reasonable price !,P000015,Coach for Men,ACC-0022,ACC-0008,ACC-0022|ACC-0008|ACC-0004|ACC-0033|ACC-0036|ACC-0095|ACC-0082|ACC-0092|ACC-0049|ACC-0005
256038,B00AJOJ0GW,5.0,"Great because it doesn't smell.. Great lotion for men.  Not greasy, not overly scented.",P000015,Coach for Men,ACC-0022,ACC-0008,ACC-0022|ACC-0008|ACC-0004|ACC-0033|ACC-0036|ACC-0095|ACC-0082|ACC-0092|ACC-0049|ACC-0005
257127,B01CUPHRQM,5.0,"A GOOD CLOVE/CITRUS SCENTED BEARD OIL. THIS IS SUCH A NICE SMELL, SO VERY GREAT. IT IS NOT AS GOOD AS THE TEA TREE, BUT IT IS A GOOD SECOND OPTION. MOSTLY A CLOVE/CITRUS BLEND. I LOVE BEARDS, SO YOU BET I WILL BE GIVING SOME OF THIS TO THE NEXT BEARDED MAN I AM WITH. I LOVE A SOFT AND MAINTAINED BEARD AND THIS IS JUST WHAT YOU NEED FOR THAT. MY ROOMIE IS TRYING IT RIGHT NOW AND I DEFINITELY NOTICE A DIFFERENCE IN THE TEXTURE, WITHOUT LOOKING GREASY. NON DRYING, SOFTER WHISKERS, AND A NICE REFRESHING SCENT. THANK YOU! I HAVE ACTUALLY REALLY BEEN LIKING THE BEARDSMEN LINE. THEY OFFER A LOT OF PRODUCTS FOR MEN AND THEY ARE ALL VERY GOOD QUALITY.<br /><br />SHIPPING WAS FAST ENOUGH AND THEY HAVE EXCELLENT COMMUNICATION. I RECEIVED THIS PRODUCT AT A DISCOUNTED RATE IN EXCHANGE FOR AN HONEST, UNBIASED REVIEW. I AM NOT AFFILIATED WITH THE COMPANY AND THE OPINIONS EXPRESSED ARE MY OWN AND I HOPE IT HELPS. I AM THANKFUL TO HAVE BEEN GIVEN THE OPPORTUNITY TO REVIEW THIS PRODUCT!.<br /><br />If you found my review helpful, please click &#34;yes&#34; below where it says &#34;Was this review helpful to you?&#34;",P000015,Coach for Men,ACC-0022,ACC-0008,ACC-0022|ACC-0008|ACC-0004|ACC-0033|ACC-0036|ACC-0095|ACC-0082|ACC-0092|ACC-0049|ACC-0005
257932,B07G66D8S2,2.0,It's not the original formula.. I got this for my mom for her birthday.. she was super excited because she hasn't bought her scent in a few years because they changed the formula. The scent on this doesnt last like the original night magic from Avon did sadly.. pretty disappointed. Smells the same till it fades away in like 2 hours.,P000062,Narciso Rodriguez For Her,ACC-0059,ACC-0068,ACC-0059|ACC-0068|ACC-0066|ACC-0095|ACC-0064|ACC-0092|ACC-0036|ACC-0004|ACC-0031|ACC-0082
258653,B00695VZHM,5.0,Armani Acqua Di Gio Pour Homme 33.8 oz / 1000 ml 1.Liter Shower Gel. Very good smell.  Can't beat the quanity.  Doesn't smell exactly like the calogne but compliments it well.  I keep it in the locker at the gym for washing after working out.,P000021,Azzaro Pour Homme,ACC-0008,ACC-0095,ACC-0008|ACC-0095|ACC-0033|ACC-0028|ACC-0049|ACC-0057|ACC-0050|ACC-0022|ACC-0066|ACC-0092
259393,B0C619KBLQ,3.0,"Smells good. Smells great, but I found Bath and Body Bourbon body wash for men to smell almost exactly the same at a substantial cost savings.",P000015,Coach for Men,ACC-0022,ACC-0008,ACC-0022|ACC-0008|ACC-0004|ACC-0033|ACC-0036|ACC-0095|ACC-0082|ACC-0092|ACC-0049|ACC-0005
260663,B00XYMJT3K,2.0,"Polo blue oil. Although it does smell just like polo blue it isn't very strong , no matter what the ratio is you add to the carrier oil, but some people would like the softer presence,  I do recommend but it was not for me",P000156,Ralph Lauren Polo Blue,ACC-0063,ACC-0007,ACC-0063|ACC-0007|ACC-0008|ACC-0033|ACC-0039|ACC-0059|ACC-0040|ACC-0032|ACC-0022|ACC-0095
261186,B000UBS3JO,5.0,"Just what she needed!. My sister has been under a great deal of stress lately so I purchased this product ,for her, and sent them for her birthday. She contacted me to let me know that these salts are FANTASTIC. She informed me that her skin felt moisturized without feeling oily, they did not leave residue in the tub and they smelled amazing! She has sensitive skin and was amazed that the salts did not cause any irritation. Upon hearing her rave about how great they were, I intend to purchase some for myself. I'll keep you posted!",P000062,Narciso Rodriguez For Her,ACC-0059,ACC-0068,ACC-0059|ACC-0068|ACC-0066|ACC-0095|ACC-0064|ACC-0092|ACC-0036|ACC-0004|ACC-0031|ACC-0082
263023,B01FSWQ27Y,5.0,Perfect!. This perfume smells so great! It is very similar to Hypnotic Poison. It has such a great staying power. I totally recommend both fragrance and seller.,P000178,Dior Hypnotic Poison,ACC-0036,ACC-0087,ACC-0036|ACC-0087|ACC-0003|ACC-0047|ACC-0061
263137,B08HTCZ6W5,5.0,"Dark and sensual. Purchased based off of a YouTube influencer stating it reminded them of the original Dior addict. It’s similar but not 💯. Regardless, it’s gorgeous. I read a review where someone said it smells like someone dipped a cigarette into vanilla. I get it - it’s tobacco-y.  I love it and am super pleased. Great for evenings and winter.",P000117,Dior Addict,ACC-0087,ACC-0094,ACC-0087|ACC-0094|ACC-0082|ACC-0036|ACC-0004|ACC-0008|ACC-0022|ACC-0066
263548,B005V3AV5U,4.0,"Nice set, would be amazing if primer was included!. Really nice set. The brushes are just okay, but I am comparing them to Real Techniques, for a beginner the brush set would be perfect, which is what my friend said who is just starting to get into makeup (I bought the fair set for me and the medium set for her).  The brushes did bleed some, especially the largest brush, but very little shedding (almost none).  The brush case it's plastic and decent for a beginner set of brushes, there is a slight plastic smell, but it dissipates fairly quickly and the overall packaging of the entire set was absolutely wonderful. The coverage and the colors are great if you are looking for a natural look, but you definitely need primer, which is my only complaint and the reason why I only gave it four stars. I would rather this kit come with a mini primer instead of the brushes in order to make this a much better sample set, but overall the set was great quality for a very affordable price!",P000062,Narciso Rodriguez For Her,ACC-0059,ACC-0068,ACC-0059|ACC-0068|ACC-0066|ACC-0095|ACC-0064|ACC-0092|ACC-0036|ACC-0004|ACC-0031|ACC-0082
264977,B08FCV18Q4,5.0,"wonderful. I was blow away with how great the Disc for Men face scrub worked, I've never been able to get my husband to care about washing his face with a certain type of cleanser until now he uses it everyday it works and smells great",P000015,Coach for Men,ACC-0022,ACC-0008,ACC-0022|ACC-0008|ACC-0004|ACC-0033|ACC-0036|ACC-0095|ACC-0082|ACC-0092|ACC-0049|ACC-0005
265397,B0747S72MB,5.0,"Another MUST TRY from Etude House!. This is a review for all three of the moisturizers.<br /><br />Green Tea - This mask is for people who deal with excess sebum. That being said, I use this one the most. Not only does my skin feel hydrated instead of greasy in the morning, but after the third use I noticed less breakouts around my chin and jawline (I have hormonal acne and horribly sensitive skin).<br />Black Tea : This mask improves elasticity of the skin. I haven't used this long enough to notice a huge difference, but my skin does feel plump when I wake up, and my mom has had the same result!<br />Strawberry - Like most strawberry skin care products, this one is for people who deal with dry skin. I won't need to use this until the cold seasons arrive, but my mom needs heavy moisturizing products year-round. Her skin has definitely been looking more hydrated and brighter!<br /><br />Instructions and ingredients are provided on the boxes, both in Korean and English.<br /><br />I only have two small complaints about the products:<br />1. There's a very noticeable amount of fragrance. They all smell great, but it's a bit strong. Thankfully, the smell does fade after the moisturizer is massaged into the skin. My face normally can't tolerate products with so much fragrance, but so far all has gone well.<br />2. The packaging. Yes, it is adorable, but I'd prefer the spoon be able to stay in the cup. You use the spoon to scoop out the tapioca pearls and smash them up in your palm. It's a long spoon, and it pulls out a lot of moisturizer with it. With this product a little goes a long way (which makes it a total steal at it's current price), so I scrape off a lot of excess.<br /><br />Like I said, those are small complaints, so this product is very much worth trying out. So long as Etude House keeps making it I'll keep buying it.",P000046,Elizabeth Arden Green Tea,ACC-0022,ACC-0039,ACC-0022|ACC-0039|ACC-0008|ACC-0033|ACC-0032
265606,B0035AT4MC,5.0,"Works Great, Smells Great. I love the Circle of Friends hair care product line for kids. The detanglers are great. They work well, smell great without being too strong, and don't leave behind any noticeable residue. Some of the other brands out there (those most likely found on the grocery store shelf) are overpowering in their fake-fruit chemical smell. I don't want people to be able to smell my 7-year-old's hair from 20 feet. The Circle of Friends detanglers have a more natural smell. I love the pineapple; my daughter's favorite is the raspberry.<br /><br />My daughter has wavy hair that is long, fine in texture, and tends to get snarly at the ends. This product is perfect for her hair. Makes brushing much easier!",P000062,Narciso Rodriguez For Her,ACC-0059,ACC-0068,ACC-0059|ACC-0068|ACC-0066|ACC-0095|ACC-0064|ACC-0092|ACC-0036|ACC-0004|ACC-0031|ACC-0082
266681,B09M2CF3Q8,5.0,Great product. I must say this stuff works very good. I have bought medicated deodorant sticks it sticks because I have a stubbed leg and when I take off my silicone my silicone sleeve off of it it would smell horrendous. But with this product I do not get any kind of smell when I apply it and take off my sleeve I do not get the bad smell. I also use it in my private area Works good there also. My wife uses it also for her areas and keeps her fresh throughout the day.,P000062,Narciso Rodriguez For Her,ACC-0059,ACC-0068,ACC-0059|ACC-0068|ACC-0066|ACC-0095|ACC-0064|ACC-0092|ACC-0036|ACC-0004|ACC-0031|ACC-0082
267340,B00LMZTVHU,5.0,"Great Dupe for Prada Candy for half the price.. Smells so much like Prada Candy but so much lighter. Sometimes Prada can be overpowering, strong and everlasting which can turn off alot of fragrance wearers but this one is one down enough to be very wearable and enjoyable.",P000096,Prada Candy,ACC-0017,ACC-0066,ACC-0017|ACC-0066|ACC-0004|ACC-0082|ACC-0087|ACC-0059|ACC-0092|ACC-0009
268176,B00GNHSHKY,5.0,"Best Natural Deodorant. I have tried them all. None of the naturals stop the stink or they leave residue, irritate or some other bad effect.<br />I chose the wood tea scent here even though it says for men (I’m a woman) the scent is great- woodsy and very light. Unisex. I don’t like floral or talc scents.<br />It lasts all day. I worked out (sweaty hot yoga) and still did not smell like BO!<br />It’s kind of a miracle. If you are looking to get away from aluminum deodorants, give this a try. The roll on is good too but takes longer to dry and it is a very small bottle.<br />It doesn’t stop you from sweating but it does stop the stink!",P000015,Coach for Men,ACC-0022,ACC-0008,ACC-0022|ACC-0008|ACC-0004|ACC-0033|ACC-0036|ACC-0095|ACC-0082|ACC-0092|ACC-0049|ACC-0005
269595,B07N4BT9LL,5.0,love this scent. I LOVE this scent and its goid for men and women.,P000015,Coach for Men,ACC-0022,ACC-0008,ACC-0022|ACC-0008|ACC-0004|ACC-0033|ACC-0036|ACC-0095|ACC-0082|ACC-0092|ACC-0049|ACC-0005
269835,B01GEUWC5U,5.0,Classic Talc for men. Nice scent but not overpowering.,P000015,Coach for Men,ACC-0022,ACC-0008,ACC-0022|ACC-0008|ACC-0004|ACC-0033|ACC-0036|ACC-0095|ACC-0082|ACC-0092|ACC-0049|ACC-0005
272628,B01BT3FPPG,1.0,"Harsh Soap Smell - No Green Tea. I am sorry, but this does not smell like green tea at all. Smelling it there is a hint of it, but when you actually use it, it just smells like pure, harsh soap. There is no green tea aroma while using it and no lingering smell of green tea after. They must use so little actual green tea that they are better off just labeling it as green dyed plain soap. Very disappointed in it because I have bought homemade green tea soap from Etsy that was actually awesome but cost about twice as much. I have learned my lesson; it is cheap for a reason because it is not actually green tea.",P000046,Elizabeth Arden Green Tea,ACC-0022,ACC-0039,ACC-0022|ACC-0039|ACC-0008|ACC-0033|ACC-0032
273312,B09B5Y3JHJ,4.0,Green tea mask stick. The green tea mask stick makes my face feel refreshed after using. It is also easy to use. The scent is tolerable and not bad.,P000046,Elizabeth Arden Green Tea,ACC-0022,ACC-0039,ACC-0022|ACC-0039|ACC-0008|ACC-0033|ACC-0032
273379,B004M8Z10K,3.0,"Initial strong scent that settles down when exposed to air for a while; decent soap for harder water. When you open the box, the smell is a bit overwhelming. Suggest you let the individual boxes &#34;breathe&#34; on a porch or outside for a day or two. Then things calm down. They lather well is semi-hard water; maybe over lather in soft water. I've adjusted to them and will continue to use them, now that the odor given off is manageable. So far as I can tell, the scent is &#34;green tea&#34;  but the soap itself is basic Dial glycerin soap scented to smell like green tea.",P000046,Elizabeth Arden Green Tea,ACC-0022,ACC-0039,ACC-0022|ACC-0039|ACC-0008|ACC-0033|ACC-0032
273897,B01K5NX49K,5.0,"Our New Household Hand Soap. I bought one of these at a local store to try. We'd been using Mrs. Meyers Foaming Hand Soap for a couple of years. We haven't tried the other South of France scents yet, but the green tea is just lovely. Best thing we find is that you only need to use a tiny amount--less than pea size. Does the job well and smells wonderful! As the other brand runs out, I'll be replacing it with more South of France!",P000046,Elizabeth Arden Green Tea,ACC-0022,ACC-0039,ACC-0022|ACC-0039|ACC-0008|ACC-0033|ACC-0032
276533,B096T29D7N,5.0,"Lovely to Use, Great Gift. My wife has been curious about gentle exfoliating products, so when I saw this hydration kit I decided to get it for her to try. It's turned out to be mostly a great product.<br /><br />It comes in a lovely package. The minimalist package coloring, as well as the design of the dispensers, makes a very attractive presentation. The dispensers are also easy to use, and pleasant to hold. It would make a lovely gift.<br /><br />This product is very effective. My wife has now used the entire supply. She says that the wash is smooth to apply, easy to cover her face with it. It washes off quickly, resulting in what she calls a ""renewed"" sensation. Following the wash, she uses the moisturizer, and says it soaks into her skin naturally, leaving a very nice, non-oily feeling. However, my wife does not like the strong scent. She has experimented with the moisturizing oils that come with this. She says they definitely moisturize nicely, and she only needs a couple of dabs of the oils for nice effect. They do better than the scented cream in many ways, but she says they would not be great every day. The best combination would be the exfoliating element, followed by the moisturizing cream, but with no scent. If you don't mind strongly-scented creams, this might be different for you!<br /><br />Overall, this is a terrific set. Except for the strong scent of the moisturizer, I highly recommend it.",P000062,Narciso Rodriguez For Her,ACC-0059,ACC-0068,ACC-0059|ACC-0068|ACC-0066|ACC-0095|ACC-0064|ACC-0092|ACC-0036|ACC-0004|ACC-0031|ACC-0082
278635,B08Z3BCMS3,5.0,AMAZING SCENT. Candies for Men is the best. Wore it for years before it was discontinued. Never had so many random positive comments from ladies stopping me (and I’m no Brad Pitt). Now I’ve already been stopped. Great price for a product this good.,P000015,Coach for Men,ACC-0022,ACC-0008,ACC-0022|ACC-0008|ACC-0004|ACC-0033|ACC-0036|ACC-0095|ACC-0082|ACC-0092|ACC-0049|ACC-0005
278860,B0B4YGQT7R,4.0,"More expensive than I'm used to but very nice.. Overall this is a great beard wash so far.  Its' a little runny and doesn't lather into a foam much, but it goes in smooth, smells like pretty classic ""man soap"" stuff (I really do wish I could better explain it.  It just smells like a pleasant, non-offensive, not super specific, made for men, body/hair cleaning soap.)<br /><br />After cleaning my beard with it it rinsed out fine leaving me feeling fresh.  I usually follow up with beard oil after, but to get the full effect I did not the first time I washed with this.  The next morning my beard was still pretty soft, the aroma was very muted and didn't overpower.  It's there, it's just not announcing itself.  I think to catch a wiff of it you'd have to be awkwardly close to someone's beard, in which case it might be a pleasant surprise?<br /><br />With beard oil afterwards is excellent. I usually get really bad beard dandruff (like legit looks like it's snowing on my shirt.  I'm required to wear face masks at work and it causes me to have pretty unhappy under-beard skin.)  This seems to be keeping it to a minimum with daily use.<br /><br />I do wish it were a little cheaper, but maybe that's the problem with my other beard washes that don't seem as nice: they're cheap.  This one isn't.  I am a fan so far.",P000015,Coach for Men,ACC-0022,ACC-0008,ACC-0022|ACC-0008|ACC-0004|ACC-0033|ACC-0036|ACC-0095|ACC-0082|ACC-0092|ACC-0049|ACC-0005
279922,B0052YFCSO,5.0,"Awkward Review Time. So you may be interested in this product to be hairless below the belt. Fortunately the product actually works.<br />The creators actually put alot of thought into this.<br /><br />The wooden sticks are used to spread the cream on the hairy area. I found it easier to use latex gloves, but you do not want to rub the cream in your skin. You want to coat the hair at the root. Never use your bare hands, it will smell like the products for hours.<br /><br />Depending on where you put the cream and your sensitivity will determine on the time the cream stays on. Groin is mostly 8-10 minutes I would say. Any other less sensitive areas would be 4-5 minutes.<br /><br />When the time is up you will use your glove to remove the hair. I think this is the most genius part of the system. The hand glove is the most versatile tool for hard to reach areas. It is always easiest to perform the task in the shower. When you are done, just rinse and wash with soap.<br /><br />Overall:<br />Nair for men has the same results. However, Nair for men smells very foul. This product does have a lighter odor to it.I would recommend cleaning the glove with detergent after each use. Surprising hair does not cling on as baldly has I expected on the glove so washing should not be an issue. I think this is a must buy. If you are on a budget, then nair is the way to go.",P000015,Coach for Men,ACC-0022,ACC-0008,ACC-0022|ACC-0008|ACC-0004|ACC-0033|ACC-0036|ACC-0095|ACC-0082|ACC-0092|ACC-0049|ACC-0005
281193,B00ZASJKNA,5.0,"Get your sexy on. Quality soap for men. Get your sexy on. It’s not overpowering. It lathers up fine and rinses off leaving me clean and gently scented. Oh yeah.<br /><br />A little pricey, but a big bar that seems to last.",P000015,Coach for Men,ACC-0022,ACC-0008,ACC-0022|ACC-0008|ACC-0004|ACC-0033|ACC-0036|ACC-0095|ACC-0082|ACC-0092|ACC-0049|ACC-0005
282486,B00ZPQTVSQ,5.0,"Excellent men's pomade. Lamel pomade for men is a hit in this house. My stepsons love it, and prefer it to other products that have a strong smell. This pomade has very little scent, is sticky enough to hold hair in place for hours and yet flexible enough to be combed or worked with fingers multiple times throughout the day.<br />I received this item at a discount in exchange for an honest review.",P000015,Coach for Men,ACC-0022,ACC-0008,ACC-0022|ACC-0008|ACC-0004|ACC-0033|ACC-0036|ACC-0095|ACC-0082|ACC-0092|ACC-0049|ACC-0005
283122,B01LZPQP5X,5.0,She's always on my mind!. The commercial was right - I love this scent on my wife and buy it for her every year.  She loved this gift set.,P000062,Narciso Rodriguez For Her,ACC-0059,ACC-0068,ACC-0059|ACC-0068|ACC-0066|ACC-0095|ACC-0064|ACC-0092|ACC-0036|ACC-0004|ACC-0031|ACC-0082
286851,B01DD1NOZU,5.0,"Smells awesome!. Works amazing, it is not a heavy conditioner and smells great. I have curly wavy hair and it softens well. My daughter has extremely curly coils and this is a staple for her hair routine!",P000062,Narciso Rodriguez For Her,ACC-0059,ACC-0068,ACC-0059|ACC-0068|ACC-0066|ACC-0095|ACC-0064|ACC-0092|ACC-0036|ACC-0004|ACC-0031|ACC-0082
286901,B0BTJ6SYKB,5.0,Love it!. This is my daughter’s favorite perfume. Smells wonderful and was a great gift for her.,P000062,Narciso Rodriguez For Her,ACC-0059,ACC-0068,ACC-0059|ACC-0068|ACC-0066|ACC-0095|ACC-0064|ACC-0092|ACC-0036|ACC-0004|ACC-0031|ACC-0082
286907,B0823DR6M8,3.0,"Dupe for Carolina Herrera ""Very Good Girl"". Originally purchased after reviewing multiple reviews that DID NOT explain how this clone/dupe/replica smelled. I first purchased ""very good girl"" in a smaller quantity, and loved it. Thought I'd save a few coins and purchase the clone. Which is a win when you first pray. BUT after the dry down and opening fades. The replica starts to smell like the lil sister and not the big sister!!! Carolina Herrera ""very good girl"" is the big sis, and this smells like the lil sis in grade school. Smells cute, but she's not the big sis!!!!!! In the end, this clone is okay for the price. Smells nice, but not as detailed as the original. After the bottle is empty, I'll most likely be purchasing ""Very Good Girl"" respectfully! 🙏🏾",P000113,Carolina Herrera Good Girl,ACC-0082,ACC-0094,ACC-0082|ACC-0094|ACC-0092|ACC-0087|ACC-0004|ACC-0014|ACC-0095|ACC-0086|ACC-0003|ACC-0066
288727,B00TQDBSPI,5.0,"Awesome!. Great! Got for roommate for her birthday and she loved it. Smells like the vs brand, as it should because it's supposed to be! I would recommend this product and seller!",P000062,Narciso Rodriguez For Her,ACC-0059,ACC-0068,ACC-0059|ACC-0068|ACC-0066|ACC-0095|ACC-0064|ACC-0092|ACC-0036|ACC-0004|ACC-0031|ACC-0082
289026,B0747S72MB,3.0,"Just for fun.. This is my first &quot;sleeping pack&quot;. I bought this because I was looking for something to keep my face moisturized during sleep. What sold me was the cute packaging and the Etude House name. I've read a lot of good reviews on Etude House products, so I wanted to give this a try. The product itself looks gel-like and comes with tapioca pearls at the bottom that you scoop out with a small spoon that is provided. My fiance asked me if he could eat them...I do not advise that you do (haha). The smell is similar to green tea, but artificial. It's a clean, floral-like scent. After washing my face and doing my normal routine, I applied the sleeping pack to my face, squishing two tapioca pearls in my palm and mixing it together. Unfortunately, this doesn't do much for my combination skin. It leaves my face feeling tacky and somewhat dry in the morning. I didn't see any noticeable differences in my skin, but it also did not irritate my face or cause any blemishes. Product arrived before expected date and came with three samples. My samples being a bb concealer, a lip tint, and a 50+ spf sunscreen.",P000046,Elizabeth Arden Green Tea,ACC-0022,ACC-0039,ACC-0022|ACC-0039|ACC-0008|ACC-0033|ACC-0032
289478,B00UTXK0BM,5.0,"take your blinders off. don't expect delicious smell, melts quick so I cut in half, and  drain between uses. tried the Bittim first. a slight stripping feeling the very first time, probably from removing old product. thereafter, moisturized but not  &#34; gooey &#34;. absolutely no bathtub ring, no more scalp itch, not scratching anymore. eighty year old mother tried it , and it is better for her than the soap recommended for radiation patients, at least for her.",P000062,Narciso Rodriguez For Her,ACC-0059,ACC-0068,ACC-0059|ACC-0068|ACC-0066|ACC-0095|ACC-0064|ACC-0092|ACC-0036|ACC-0004|ACC-0031|ACC-0082
290355,B00620VRHC,5.0,Excellent product with a great fragrance for men. Always used it for many years.  does not want to change.,P000015,Coach for Men,ACC-0022,ACC-0008,ACC-0022|ACC-0008|ACC-0004|ACC-0033|ACC-0036|ACC-0095|ACC-0082|ACC-0092|ACC-0049|ACC-0005
290784,B077XTQ746,5.0,"Smells Great and Natural Skin Care for Men. Excellent, all natural product line that doesn’t overdo the scents.",P000015,Coach for Men,ACC-0022,ACC-0008,ACC-0022|ACC-0008|ACC-0004|ACC-0033|ACC-0036|ACC-0095|ACC-0082|ACC-0092|ACC-0049|ACC-0005
292203,B089YXLY62,1.0,"NOT GOOD, FALSE ADVERTISING. I got the natural body wave in color 1b and 20 inch in length. Tape is good quality but hair is absolutely not as advertised. The tape-ins I received were styled to LOOK like a body wave texture, but once they were pre-washed they flattened out completely! Also there was tons of what I assume is black hair dye that washed off of them and gave off a strong smell as well. It took a good 3 washes before the water ran clear. I didn't get to use them because the texture turned out to be very straight and flat and does not match my wavy hair. But I did give them to my sister who has very straight hair and the tape has honestly held up pretty great for her so far with daily washes even. She has mentioned several times that the hair gets strangely clumpy when styling with heat tools. Not sure if that is something chemical wise or because there may be synthetic hair mixed in. Over all bad purchase. Not worth the savings at all.",P000062,Narciso Rodriguez For Her,ACC-0059,ACC-0068,ACC-0059|ACC-0068|ACC-0066|ACC-0095|ACC-0064|ACC-0092|ACC-0036|ACC-0004|ACC-0031|ACC-0082
293253,B0C619KBLQ,5.0,"""Real Man"" scent. Be warned! This soap smells very masculine and real women love it! It is made for men who know they are ALWAYS binary #1 and have no problem deciding. Like most liquid body soaps, this soap is ""synthetic"" so it does not leave a greasy film on shower walls like bar soaps do. You leave the shower feeling clean and  smelling manly for hours after. This stuff is crack: It's expensive and addictive and your woman will love it too.<br />Buy a bottle. You'll wish you had bought 3 and added it to your personal gift list.<br />Needless to say - I highly recommend it to/for all real men.",P000015,Coach for Men,ACC-0022,ACC-0008,ACC-0022|ACC-0008|ACC-0004|ACC-0033|ACC-0036|ACC-0095|ACC-0082|ACC-0092|ACC-0049|ACC-0005
294971,B00567UTVW,5.0,"Good product, GREAT company. In my original review I wrote that the product didn't lather very well and also that the smell didn't linger that long.  The owner of the company took the time to write to me to explain how to get a good lather out of the product (make sure I use enough, also pouring the product into a washcloth first and then rubbing the cloth before soaping the baby).  She also wrote to me about how in order to meet the requirements for organics they need to control the amount of scent they put in.<br /><br />I was impressed by the care the owner exhibited for her customers.  It gives me great confidence that her company puts the same amount of care into her product and I feel good about using it on my baby.",P000062,Narciso Rodriguez For Her,ACC-0059,ACC-0068,ACC-0059|ACC-0068|ACC-0066|ACC-0095|ACC-0064|ACC-0092|ACC-0036|ACC-0004|ACC-0031|ACC-0082
296028,B0080HF8NE,5.0,"It’s really nice and a good price. Such an awesome fragrance for men that is acceptable for both work and a night out. Not over powering. Crisp clean bright and fun, like a summer happy hour cocktail. To me it smells somewhat like citrus, gin, and a mellow musk that isn’t too brooding. A non intimidating fragrance for every day.",P000015,Coach for Men,ACC-0022,ACC-0008,ACC-0022|ACC-0008|ACC-0004|ACC-0033|ACC-0036|ACC-0095|ACC-0082|ACC-0092|ACC-0049|ACC-0005
298578,B07BPV2Z7H,4.0,"Nice smell and texture. Great packaging. Outstanding smell. I also love the applicator: smooth and soft. I've been using product for about week, but did not notice any difference on my lips.<br />My daughter tried it today and felt in love with smell and texture. I just ordered second vile for her.",P000062,Narciso Rodriguez For Her,ACC-0059,ACC-0068,ACC-0059|ACC-0068|ACC-0066|ACC-0095|ACC-0064|ACC-0092|ACC-0036|ACC-0004|ACC-0031|ACC-0082
299386,B00XYM5Q2I,5.0,"Best Authentically Fake Oil/Cologne. So lets start out by saying I'm a cologne whore.  So not to toot my own horn, I have a great nose and body chemistry when it comes to colognes.  I've been eyeing the original Tom Ford Oud Wood at Nieman Marcus  but just dont have the balls to pay 200 some odd dollars for the original, so i gave this a try.  OMG it smells exactly like original Tom Ford.  I call it my authentically fake Tom Ford cologne/oil. I get compliments all the time.. its lasts a long time... i rub the oil on my beard, the front and back of my neck, my chest and arms and even my lower half (if you know what i mean) a little goes a long way.  It smells great its a must purchase again for me which i just did.",P000132,Tom Ford Oud Wood,ACC-0095,ACC-0092,ACC-0095|ACC-0092|ACC-0062|ACC-0008|ACC-0087|ACC-0009|ACC-0033|ACC-0004|ACC-0066|ACC-0082
299545,B00PEFM5MC,5.0,"Aromatic Wonderfulness in a Bar of Soap. When I first received the package of the Sample Set of Handmade soap by Keomi, I could smell the wonderfulness of them.  Each bar is extremely aromatic.  My husband keeps asking me where  the new diffuser is because they smell so strong, in a good way.<br /><br />The Sample Set contains 4 different scents.<br />Sea Breeze. Refresh your skin with this bar of soap. It contains Pure Olive Oil, Palm Kernel Oil, Avocado, Grape Seed, and Coconut Oil, as well as Cocoa Butter, Dead Sea Salt and Dead Sea Clay, Seaweed.  It is scented with a blend of Lavender, Oakmoss and Fir.<br />Golden Crown is considered Keomi's Most Luxurious Soap.  It is made with Pure Olive Oil, Avocado Oil, Safflower Oil, Coconut Oil, Palm Kernel Oil, Grape Seed Oil, Apricot and Rice Bran.  Infused with Calendula Flowers, Oils of Orange, Fir and Frankincense.<br />Luscious Lavender.  Relax and unwind with Lavender.  Made with Pure Olive Oil, Palm Oil, Sunflower Oil, Avocado Oil, Apricot Oil, Coconut Oil, Grape See Oil, Safflower Oil, Rice Bran and Cocoa Butter.  Scented with a blend of 3 Lavenders.<br />Green Tea Goddess.  Help your skin stay young looking.  Made with Olive Oil, Grape Seed Oil, Coconut Oil, Palm Oil, Avocado Oil and Cocoa Butter, Organic Green Tea, Nettle, Shavegrass and Comfrey Root. Scented with Clary Sage, Orange and Clove.<br /><br />My personal favorite is the Golden Crown.  It smells so enchanting. The blend of the scents are truly heavenly.  The sample set is a great way to choose which scent you like best.  Currently Keomi is offering a 2 and 4 bar sample set for FREE.  You just have to pay shipping and handling charges.<br /><br />It is strongly recommended that when using Keomi's soaps, that you store them in a dry place away from a stream of water or under a counter with metal pipes.  Keep them in a soap dish that drains, not pools.  And when using the soaps, don't rub directly on body, but use a washcloth, hands or other material.  ",P000046,Elizabeth Arden Green Tea,ACC-0022,ACC-0039,ACC-0022|ACC-0039|ACC-0008|ACC-0033|ACC-0032
299546,B00H3WGN9K,5.0,"Aromatic Wonderfulness in a Bar of Soap. When I first received the package of the Sample Set of Handmade soap by Keomi, I could smell the wonderfulness of them.  Each bar is extremely aromatic.  My husband keeps asking me where  the new diffuser is because they smell so strong, in a good way.<br /><br />The Sample Set contains 4 different scents.<br />Sea Breeze. Refresh your skin with this bar of soap. It contains Pure Olive Oil, Palm Kernel Oil, Avocado, Grape Seed, and Coconut Oil, as well as Cocoa Butter, Dead Sea Salt and Dead Sea Clay, Seaweed.  It is scented with a blend of Lavender, Oakmoss and Fir.<br />Golden Crown is considered Keomi's Most Luxurious Soap.  It is made with Pure Olive Oil, Avocado Oil, Safflower Oil, Coconut Oil, Palm Kernel Oil, Grape Seed Oil, Apricot and Rice Bran.  Infused with Calendula Flowers, Oils of Orange, Fir and Frankincense.<br />Luscious Lavender.  Relax and unwind with Lavender.  Made with Pure Olive Oil, Palm Oil, Sunflower Oil, Avocado Oil, Apricot Oil, Coconut Oil, Grape See Oil, Safflower Oil, Rice Bran and Cocoa Butter.  Scented with a blend of 3 Lavenders.<br />Green Tea Goddess.  Help your skin stay young looking.  Made with Olive Oil, Grape Seed Oil, Coconut Oil, Palm Oil, Avocado Oil and Cocoa Butter, Organic Green Tea, Nettle, Shavegrass and Comfrey Root. Scented with Clary Sage, Orange and Clove.<br /><br />My personal favorite is the Golden Crown.  It smells so enchanting. The blend of the scents are truly heavenly.  The sample set is a great way to choose which scent you like best.  Currently Keomi is offering a 2 and 4 bar sample set for FREE.  You just have to pay shipping and handling charges.<br /><br />It is strongly recommended that when using Keomi's soaps, that you store them in a dry place away from a stream of water or under a counter with metal pipes.  Keep them in a soap dish that drains, not pools.  And when using the soaps, don't rub directly on body, but use a washcloth, hands or other material.  ",P000046,Elizabeth Arden Green Tea,ACC-0022,ACC-0039,ACC-0022|ACC-0039|ACC-0008|ACC-0033|ACC-0032
299826,B07VMGV3SK,5.0,Wife loves it for her natural hair.. Like the smell and how it makes your hair feel,P000062,Narciso Rodriguez For Her,ACC-0059,ACC-0068,ACC-0059|ACC-0068|ACC-0066|ACC-0095|ACC-0064|ACC-0092|ACC-0036|ACC-0004|ACC-0031|ACC-0082
300788,B08JZHPGN6,5.0,Beautiful scent. This was my mother’s favorite scent back in the day and I haven’t found anything close to it since then. So happy I was able to order this for her Christmas present! Smells just like I remembered:),P000062,Narciso Rodriguez For Her,ACC-0059,ACC-0068,ACC-0059|ACC-0068|ACC-0066|ACC-0095|ACC-0064|ACC-0092|ACC-0036|ACC-0004|ACC-0031|ACC-0082
301476,B07TBP7XDD,5.0,No more embarrassment!! No BO!. My 8 year old daughter has some fierce BO...we didn’t want anything scented and this is great! She puts it on after her shower at night and then before school. Best part is she comes home with very little or no BO smell!! So glad I purchased this for her. It was super embarrassing!,P000062,Narciso Rodriguez For Her,ACC-0059,ACC-0068,ACC-0059|ACC-0068|ACC-0066|ACC-0095|ACC-0064|ACC-0092|ACC-0036|ACC-0004|ACC-0031|ACC-0082
301993,B08HJQP1XR,5.0,Men love it as much as women. I am the biggest fan of this shampoo. It smells so delicious and the smell stays in your hair I get so many compliments that my hair smells good!!!! I love it !!! My husband and father in law also use it and they looove it!  It’s equally awesome for men as well! Highly recommend👍,P000015,Coach for Men,ACC-0022,ACC-0008,ACC-0022|ACC-0008|ACC-0004|ACC-0033|ACC-0036|ACC-0095|ACC-0082|ACC-0092|ACC-0049|ACC-0005
302063,B016XZW81O,5.0,"Best mask ever for men and women. Ive bought alot of different face masks before. And i love the peel off ones because they are so easy to use and take off.<br />This one says its a peel off mask for men. But i used it and it was amazing!<br />When u squeeze it out the pack, its really think (which is great). Then you spread it onto your face (but dont get it on any facial hair , beard, eyelashes, eyebrows). After its one, just sit and relax. The spearmint in the mask smells really good and it also feels good too! I love the minty feeling on my skin, it tingles in a good way and make your face feel so fresh! And when the mask drys, it gets tight and amazing.  So then you begin to peel off the mask. When peeling it off, it pulls your skin, but not bad. I actually kinda like it and think ita kinda neat.<br />Then after you get it all peeled off, just take a wet rag and get this little areas cleaned up. And bam, and smooth, clean, freah looking babys bottom feeling face! Im in love with this mask as you can tell!!!",P000015,Coach for Men,ACC-0022,ACC-0008,ACC-0022|ACC-0008|ACC-0004|ACC-0033|ACC-0036|ACC-0095|ACC-0082|ACC-0092|ACC-0049|ACC-0005
302290,B09K9JHDNX,5.0,Color is NOT mint - it’s just like the photo!. Sent this to my best friend for her birthday. She loved it! Said the scents smelled good. Color is not “mint” as described. It’s just like the photo - a turquoise/teal color which is what I was hoping for. Gift set has gone up in price since I bought it. Too expensive but super cute and shipped on time. Happy with my purchase.,P000062,Narciso Rodriguez For Her,ACC-0059,ACC-0068,ACC-0059|ACC-0068|ACC-0066|ACC-0095|ACC-0064|ACC-0092|ACC-0036|ACC-0004|ACC-0031|ACC-0082
303066,B01AKTK50U,5.0,"Reduced Puffiness!!. I bought this Best Under Eye Cream for Wrinkles, Dark Circles and Puffiness with Hyaluronic Acid, Vitamin C, MSM, Glycolic Acid, Green Tea, Rosehip Oil and Coenzyme Q10 for the puffiness under my eyes. I don't have very dark circles but I do have them a little bit. I haven't noticed any change in the appearance of those dark spots but I have noticed that my puffiness and fine lines have been responding well to this cream. I can feel my eyes tightening up as the cream dries. I have noticed my skin feels more hydrated and looks and feels more firm! It's very easy to use and doesn't have a bad smell!! All I do is getting a very small amount on the tip of my middle finger then very gently tap it into the skin all around that area until it's absorbed. It takes a good few minutes but I try to be very gentle so I don't make that area look worse!! I use it in the morning as part of my moisturizing routine and then at night in my bedtime routine. This is a very great product! I do have one purple blood vein that runs down from my right eye that has recently popped up and this cream seems to be helping to make that less visible to me!! I love that!! Luckily, I found this product in time to hopefully keep that at bay! I am very happy with this product and will definitely continue to use it to see what other benefits I notice!!",P000046,Elizabeth Arden Green Tea,ACC-0022,ACC-0039,ACC-0022|ACC-0039|ACC-0008|ACC-0033|ACC-0032
308965,B01IDXUFAK,5.0,"sensitive skin approved. I have sensitive skin and this has been so gentle and not irritated it. also, doesn't exactly smell like green tea to me, but I look forward to the calming scent morning and night.",P000046,Elizabeth Arden Green Tea,ACC-0022,ACC-0039,ACC-0022|ACC-0039|ACC-0008|ACC-0033|ACC-0032
309974,B01K5NX49K,5.0,"Clean green tea scent. My favorite scent in the South of France line.  Liquid hand soap that is organic and wonderful and good value,  The green tea is hard to find but so far Amazon has it every time I run out.  Green Tea is an old favorite, and I love it.  Hope it will still be available next time I order.",P000046,Elizabeth Arden Green Tea,ACC-0022,ACC-0039,ACC-0022|ACC-0039|ACC-0008|ACC-0033|ACC-0032
313250,B0794KTDSL,4.0,"Clean product. Long lasting and clean musky scent, probably better for men, but I used it while deployed and it held up for 12-18 hours even when I worked out",P000015,Coach for Men,ACC-0022,ACC-0008,ACC-0022|ACC-0008|ACC-0004|ACC-0033|ACC-0036|ACC-0095|ACC-0082|ACC-0092|ACC-0049|ACC-0005
314037,B06XRZ6Q4Z,5.0,"Thick lather, lasts a long time.. If you want a thick shaving soap that feels great on the skin and lasts a long time...get the Mitchell's Wool Fat Soap.  There is a reason it has been around forever, it just plain works, and works well.  If you are wanting a soap with a lot of scent, this isn't for you and you should go to a French lingerie store and buy what the ladies buy.  This is soap made for men, with manly shaving habits.  But ladies...the lather is thick and would work well on your legs too, just don't think it smells like roses.  It smells like plain soap.",P000015,Coach for Men,ACC-0022,ACC-0008,ACC-0022|ACC-0008|ACC-0004|ACC-0033|ACC-0036|ACC-0095|ACC-0082|ACC-0092|ACC-0049|ACC-0005
314481,B012H49K84,5.0,"Smells good. I originally purchased these bottles for myself. After I received my email I realized that it was for men. Lol That was fine, because I ended up giving them to my husband, who loves them. The packaging is one of a higher scale, and each of the bottles were sealed. My husband bragged about how clean his scalp and hair felt after the very first use, so I'm happy with this purchase. I'll be looking for some for women, because I love to try it myself.<br /><br />The picture of this product was taken upon arrival and before use.<br /><br />DISCLOSURE: I received this product at a discounted price in exchange for my honest opinion. All views expressed in this review are based on my experience with this product.",P000015,Coach for Men,ACC-0022,ACC-0008,ACC-0022|ACC-0008|ACC-0004|ACC-0033|ACC-0036|ACC-0095|ACC-0082|ACC-0092|ACC-0049|ACC-0005
314901,B09TT8ZVPN,5.0,"Perfect rich and savory frag for the fall/winter. Before I start, I did not buy this from Amazon. Instead I purchased the 100ml Tom Ford Tobacco Vanille from Sephora, ONLY because they are an officially licensed dealer with Tom Ford Brand. Amazon and the sellers are fine to purchase from, this was just a personal preference.<br /><br />So, the scent. It's very sweet, very rich, and lasts a long time. I sprayed one spray on each forearm, one spray on the back of my neck, and went to work. 3 sprays, and it's still present 13 hours later as I write this.<br /><br />I started out using the Oil roll on impression of this just to act as a tester or sample. The roll on oil was amazing, and now owning the actual fragrance it's almost dead on. Only difference is the tobacco is more dominant in the oil throughout it's entire cycle, which isn't a bad thing. You can smell the tobacco.",P000118,Tom Ford Tobacco Vanille,ACC-0087,ACC-0082,ACC-0087|ACC-0082|ACC-0084|ACC-0092|ACC-0036|ACC-0095|ACC-0014|ACC-0066
316685,B0799MJ293,5.0,"Mother loves it!. Bought this for a gift to my mother and she loves it. This was just a replacement for her old perfume that had run out, she insisted I get her the same one that she used to have. She seem pleased with it and hopes it will last her at least 3 months.",P000062,Narciso Rodriguez For Her,ACC-0059,ACC-0068,ACC-0059|ACC-0068|ACC-0066|ACC-0095|ACC-0064|ACC-0092|ACC-0036|ACC-0004|ACC-0031|ACC-0082
318858,B002HEW8I4,5.0,"Good tanning lotion. Very good all around indoor tanning lotion. Nice scent, not too strong. Good for men! Get deep tanning results quickly!",P000015,Coach for Men,ACC-0022,ACC-0008,ACC-0022|ACC-0008|ACC-0004|ACC-0033|ACC-0036|ACC-0095|ACC-0082|ACC-0092|ACC-0049|ACC-0005
319636,B0050JQIOS,5.0,Great cologne. Best scent out there for men,P000015,Coach for Men,ACC-0022,ACC-0008,ACC-0022|ACC-0008|ACC-0004|ACC-0033|ACC-0036|ACC-0095|ACC-0082|ACC-0092|ACC-0049|ACC-0005
320246,B07ZGPSH9J,5.0,"Fades quick but love the color. Took about 2 weeks to be delivered but it's coming from South korea so...<br />Love the color. I had bleach blond hair with about 2 inches of roots. The blond took it nicely and the roots even took the color but of course shades darker. Easy to apply. But it only lasts about 2 weeks . It gradually fades everyday. Whether you wash your hair or not. But I love the color and application so much that I've purchased my 3rd box and am waiting for it. Also, the seller included a green tea scented air freshener (tiny like for a purse or drawer) and 2 other small skin care samples which was nice!",P000046,Elizabeth Arden Green Tea,ACC-0022,ACC-0039,ACC-0022|ACC-0039|ACC-0008|ACC-0033|ACC-0032
321540,B00IPRGRW0,5.0,"Like bathing in sandpaper. This is good. I think bathing should be a penitent process, and you will lose a few layers of skin each time you shower with this. Best advice I can give is to keep the bar dry between showers, because it gets a little soggy. Fragrance is light and good for men or women.<br /><br />Price is great for what you get.",P000015,Coach for Men,ACC-0022,ACC-0008,ACC-0022|ACC-0008|ACC-0004|ACC-0033|ACC-0036|ACC-0095|ACC-0082|ACC-0092|ACC-0049|ACC-0005
322449,B08PNMC4XT,5.0,Good product. My 11 y/o daughter loves this mannequin. The texture of hair is what was needed for her to practice cornrows. There wasn't a smell but upon arrival the hair was flat but nothing washing the correct. I would recommend this mannequin for all braiding needs.,P000062,Narciso Rodriguez For Her,ACC-0059,ACC-0068,ACC-0059|ACC-0068|ACC-0066|ACC-0095|ACC-0064|ACC-0092|ACC-0036|ACC-0004|ACC-0031|ACC-0082
322781,B097L3C61P,5.0,Perfect gift. This is my daughter's favorite scent.  It is hard to find wher i live. Perfect gift for her birthday.,P000062,Narciso Rodriguez For Her,ACC-0059,ACC-0068,ACC-0059|ACC-0068|ACC-0066|ACC-0095|ACC-0064|ACC-0092|ACC-0036|ACC-0004|ACC-0031|ACC-0082
326562,B06XF3MYY1,3.0,Last a good while. Smells really good but not polo blue smell.,P000156,Ralph Lauren Polo Blue,ACC-0063,ACC-0007,ACC-0063|ACC-0007|ACC-0008|ACC-0033|ACC-0039|ACC-0059|ACC-0040|ACC-0032|ACC-0022|ACC-0095
329075,B079X4W23Z,5.0,"Very fresh and exotic scent - it's unlike any other cologne for men. This has a strong, yet refreshing scent (not for men who want a typical man's cologne).  I've been complimented by both men and women how much they liked the scent and how refreshing it smelled.  Moreover, I've had several women ask me so they can buy this for their husbands/boyfriends.  The scent stays with you all day.",P000015,Coach for Men,ACC-0022,ACC-0008,ACC-0022|ACC-0008|ACC-0004|ACC-0033|ACC-0036|ACC-0095|ACC-0082|ACC-0092|ACC-0049|ACC-0005
331556,B09TT8ZVPN,4.0,"Sweet, lovely, smells just like the name. I am not an impulse buyer. So before I spend $$$ on a parfum, I did some extensive research. First, I knew I wanted to have a Tom Ford because of his reputation in making parfum. Then I narrowed down the choices to the 5 most preferred private blends by online reviewers. Then I bought .5ml sample for each. After trying them one by one, my husband made the choice for me: Noir de Noir, but my favorite is Amber Absolute.<br /><br />Vanilla Tobacco is really sweet and nice, with straight forward vanilla tabacco notes. Vanilla is sweet and yummy. The tabacco smells like Turkish tobacco: sweet and sexy. I can imagine that whoever wears this could be quite irresistible. This is one of my favorite. However, compared to Noir de Noir, I feel that it lacks a bit complexity. It is a bit straight forward Vanilla and tobacco.<br /><br />From my research and trial, I find that parfum is very personal, and you have to try it in person. It is better to try it at home and wear it once or twice before you buy it at a store. The 5 scents I tried:<br /><br />- Noir de Noir: complex, sweet, lovely scent. Not overwhelmingly floral, not overpowering, and not sharp/edgy. This is my husband's favorite when I wear it.<br /><br />- Vanilla Tobacco<br /><br />- Amber Absolute: Unique, herbal. Stronger than Noir de Noir. Initially, I couldn't stand Amber Absolute. It smelled to me like Chinese medicine box. But then I am totally in love with it. It is very unusual. It has a very unique dried herb fragrance and very complex. It reminds me of the fragrance in the air in Big Sur, CA or Mono Lake, CA when the flowers and plants are drying in fall. The fragrance is not floral, not particularly sexy or feminine.<br /><br />- Tuscan leather: couldn't stand it, very leathery.<br /><br />- Neroli Portofino: didn't like it at all. Just like some reviewers said, it smells like Tide.",P000169,Tom Ford Amber Absolute,ACC-0004,ACC-0095,ACC-0004|ACC-0095|ACC-0075|ACC-0009|ACC-0087
331803,B091D65KX4,4.0,Easy to use!!!!!!!!. Yay I love green tea smells. It’s super easy to apply and rinse of with water. My skin feels nice after the first use so I will continue use it!!!!!!!,P000046,Elizabeth Arden Green Tea,ACC-0022,ACC-0039,ACC-0022|ACC-0039|ACC-0008|ACC-0033|ACC-0032
333533,B0C1ND3FVR,5.0,"5 stars for $5 price tag. Actually, bottle of Florida Water cost me $4.30 including tax at CVS pharmacy. I saw it at Rite Aid at $3.95+tax as well. This bottle is usually stocked with colognes and lotions from Mexico in the isle you probably skip because of the many unknown foreign brands with Spanish on the labels.<br /><br />I like this cologne because of its clean and citric scent that reminds me of the first real barbershop my dad took me when I was 6 years old. I associate the scent with what I considered to be a manly smell without that musk which makes me gag. I don't care for the $50 designer colognes that supposedly will attract ladies at random; I want to wear what I consider to be a fresh smelling cologne.<br /><br />To make this bottle of cologne provide me with hours of citric freshness (I love the smell of lime), I add key lime essential oil (found at ebay or amazon for $4) to the bottle and give it a real good shake. Pour this bad boy into a $1 plastic spray bottle from walmart or other dollar store, you got a potion that will give you quick boost of energy to bring you out of listlessness.",P000249,Carolina Herrera Bad Boy,ACC-0092,ACC-0082,ACC-0092|ACC-0082|ACC-0014|ACC-0095
333536,B000UK2VRK,3.0,"Useful for Travel, but Too Many Shortcomings for Everyday. The Philips Norelco 8040X electric shaver is a compact, lightweight unit that can be used dry or wet.  In either case, it uses Nivea for Men shaving conditioner to smooth the razor over your face as you shave.  Ultimately, it is capable of delivering a good shave, but it has too many drawbacks to recommend for everyday use.<br /><br />SHAVING PERFORMANCE<br /><br />Used dry, the 8040X is below average compared to other shavers that I've used (including my five-year-old Norelco which still shaves rings around this one).  Its shaving heads are very compact and pivot nicely so you can easily reach all contours of your face and hard-to-reach areas, e.g. under your nose.  However, the blades themselves don't do provide a close shave at all.  I have a beard that's only moderately thick/stiff, and the 8040X left me feeling like I would have a five-o'clock shadow in minutes.<br /><br />Used wet in the shower, its performance is much better.  This is also when the Cool Skin moisturizer really shines - in fact, it's downright necessary to get the heads to glide over your face when used wet.  It has a pleasant scent and does leave the skin on your face feeling refreshed afterward (even if it's also apparent that the ""cool"" is just from some alcohol in the formula).  It certainly won't be the quickest shave that you've ever had, but if you take your time, you can get results that rival even a blade.<br /><br />USE & MAINTENANCE<br /><br />The 8040X comes with a cradle for storing it upright and also for charging it.  Unfortunately once the razor becomes fully charged, you can't leave it in the cradle without unplugging it - doing so can damage battery life.  Plus, the plug for the cradle is gigantic and ugly, so you won't want to leave the cradle on display anyway.  I would have preferred a simple direct-cord charge design instead.<br /><br />The Nivea conditioner that is used with the shaver is expensive in the long ru",P000015,Coach for Men,ACC-0022,ACC-0008,ACC-0022|ACC-0008|ACC-0004|ACC-0033|ACC-0036|ACC-0095|ACC-0082|ACC-0092|ACC-0049|ACC-0005
333952,B004BC62MI,5.0,"So Fresh!!. A few days ago I was made aware of this for men that helps us stay fresh. Fresh Balls is a lotion that turns into a freshness product, well… let me let them explain it.<br /><br />PROBLEM:<br />99.9 % OF ALL MEN SUFFER FROM THE PROBLEM OF SWEATY BALLS.<br /><br />SOLUTION:<br />FreshBalls was created to take care of the problems the other companies forgot about. Here at freshballs we take pride in using natural products that not only solve the problem, but they are good for the skin.<br /><br />So there in a nutshell you have the problem and solution. Does it work? Should you get some? YES!<br /><br />I immediately ordered Fresh Balls from Amazon.com (it is Prime Eligible BTW) and two days later I was in business.<br /><br />True to their claim it keeps things fresh. The lotion has a pleasant smell (not girly) and feels soft. Once the lotion drys, things stay fresh. Real fresh. Depending on what you do during your day you may need to freshen up, but Fresh Balls certainly makes a difference.<br /><br />Go get some Fresh Balls today!",P000015,Coach for Men,ACC-0022,ACC-0008,ACC-0022|ACC-0008|ACC-0004|ACC-0033|ACC-0036|ACC-0095|ACC-0082|ACC-0092|ACC-0049|ACC-0005
335688,B0C619KBLQ,5.0,"Unique body wash for Men. I have the Buffalo trace wash and it is spectacular. The scent is strong and lasts for hours on skin. No other body has anywhere near the scent longevity as this wash does. It smells like a very masculine mens musk type cologne. Strong notes of oak barrel bourbon, leather, amber, tobacco, and cedar wood. The smell is intoxicating in my opinion. Gel is thick so less is needed. It's made in U.S. they support our troops, for a dollar or two more than your average thin watered down body wash, it's well worth it. This is a body wash for men, Strait up. Highly recommend.",P000015,Coach for Men,ACC-0022,ACC-0008,ACC-0022|ACC-0008|ACC-0004|ACC-0033|ACC-0036|ACC-0095|ACC-0082|ACC-0092|ACC-0049|ACC-0005
338963,B000FZ003C,5.0,"The best soaps ever!. I have used these Parisian soaps for approx. 10 years!  They contain no parabens, sulfites, and other chemicals which may not be so great for the body!  These scented soaps have many fragrances for men and women.  Not only do they clean well, they moisturize also.  I highly suggest you try these!  They also make great gifts!",P000015,Coach for Men,ACC-0022,ACC-0008,ACC-0022|ACC-0008|ACC-0004|ACC-0033|ACC-0036|ACC-0095|ACC-0082|ACC-0092|ACC-0049|ACC-0005
339286,B00XYM2FJU,4.0,Nice fragrance!. Nice fragrance for men. Not loud so the everyone knows you’re in the area! Will buy again!,P000015,Coach for Men,ACC-0022,ACC-0008,ACC-0022|ACC-0008|ACC-0004|ACC-0033|ACC-0036|ACC-0095|ACC-0082|ACC-0092|ACC-0049|ACC-0005
339662,B09LF8462Y,5.0,"Wedding product. Someone online used this for her wedding..so I HAD to try it. I love it. It smells amazing and blurs my makeup well. I spray b4 I put anything on, then use it to set my under eye powder, then to set ny makeup. You'll love it !!",P000062,Narciso Rodriguez For Her,ACC-0059,ACC-0068,ACC-0059|ACC-0068|ACC-0066|ACC-0095|ACC-0064|ACC-0092|ACC-0036|ACC-0004|ACC-0031|ACC-0082
340467,B0BTJ6SYKB,5.0,"Smells Great!. I bought this for my sister for her birthday and she LOVES IT! Will I purchase this again? Maybe, the scent is amazing but I have smelled perfumes similar in smell plus this is quite expensive, it’s the size of my palm to my fingers so it’s not too big but There are replacements when it comes to smell, But my sister loves it!",P000062,Narciso Rodriguez For Her,ACC-0059,ACC-0068,ACC-0059|ACC-0068|ACC-0066|ACC-0095|ACC-0064|ACC-0092|ACC-0036|ACC-0004|ACC-0031|ACC-0082
342022,B0167GS66A,3.0,"Just ""ok"" for longer hair, good product for short hair. Smooth Viking - Medium Hold<br /><br />Pros: arrives wrapped to prevent leaks when shipped, does an ok job with medium hold, not stiff or sticky<br /><br />Cons: smell nothing special, did not control fizz<br /><br />Initially, I really like that the product comes wrapped (please see the attached picture which shows the plastic wrapped bottle). I have used it for myself (I am a woman and have shoulder length curly hair), as well as for a family member who is a man with a short hair cut.<br /><br />The smell is nothing special. I do really like that the ingredients used include both natural and organic ingredients (Green Tea Extract, Ginseng Root Extract, Vitamin B5 and Organic Chamomile). I would prefer those ingredients over a more preferable smell. While this gel is not super sticky/tacky, it did leave my hair a bit frizzy and a bit stiff. Now for short hair, this was not as noticeable and it worked much better. Based upon my experience, and to counter another review by a woman, it was just ok. I do believe that based upon my uncle's experience, and other reviews, that it would be something safe to recommend for those with shorter straight hair.<br /><br />This does not appear to have a money- back satisfaction guarantee. I received this product at a discount or free in exchange for an honest and unbiased review. Feel free to check my other reviews - I don't leave positive feedback unless I believe it deserves it. Please let me know if you found this review helpful and/or send me feedback about how I might improve my review to paint a better picture of my experience. I'm happy to answer any questions and will provide any relevant updates :)",P000046,Elizabeth Arden Green Tea,ACC-0022,ACC-0039,ACC-0022|ACC-0039|ACC-0008|ACC-0033|ACC-0032
342198,B00N437UCG,5.0,"Smells delicious!. I bought this lotion for my sister in law as it is her favorite one and she can no longer find it in stores and has a hard time shopping online. She loved it and was so happy that I got it for her. I can tell when she wears it because she always smells like cotton candy, but not the sickening sweet kind.",P000062,Narciso Rodriguez For Her,ACC-0059,ACC-0068,ACC-0059|ACC-0068|ACC-0066|ACC-0095|ACC-0064|ACC-0092|ACC-0036|ACC-0004|ACC-0031|ACC-0082
342903,B00XYMJKBG,3.0,Smells Incredible. Shipping was a bit slow and customer service non-existent but the oil itself smells AMAZING. I like to layer it with the original Dior Addict to make it last even longer. Love this fragrance.,P000117,Dior Addict,ACC-0087,ACC-0094,ACC-0087|ACC-0094|ACC-0082|ACC-0036|ACC-0004|ACC-0008|ACC-0022|ACC-0066
345380,B00XYM5BL4,2.0,"DO NOT expect it to smell like Tom Ford. Not very strong scented... not a bad smell, but more like baby powder than oud wood, for sure. Definitely DO NOT expect it to smell  like Tom Ford. Essential oils overpower the smell immediately when mixed together to make blend fragrances. Already mixed with multiple carrier oils. Probably won’t order from this company again 🤷🏻‍♀️",P000132,Tom Ford Oud Wood,ACC-0095,ACC-0092,ACC-0095|ACC-0092|ACC-0062|ACC-0008|ACC-0087|ACC-0009|ACC-0033|ACC-0004|ACC-0066|ACC-0082
346378,B000MT1GHA,5.0,"A great hard to find gift for a nostalgic feel. My mom is 93 years old and it is really hard to find a gift she likes. When I was growing up she always had Jean Nate powder so I thought this would be a good gift for her. She was also wanting to find a powder canister that has a puff. I looked everywhere! I was even told they were against the law to sell because the puff can spread bacteria. (I have no idea if that is true, I don't know, and don't want to spread rumors). I ordered this just a few days ago and it arrived in time for Mother's Day. She hasn't opened it yet, so I don't know if the smell is the same, but I do know that it was delivered in time and it made her happy.",P000062,Narciso Rodriguez For Her,ACC-0059,ACC-0068,ACC-0059|ACC-0068|ACC-0066|ACC-0095|ACC-0064|ACC-0092|ACC-0036|ACC-0004|ACC-0031|ACC-0082
346680,B000AMPICS,5.0,"Splurge!. I splurged one night on a small package of Roger & Gallet Green Tea Soap. Now, it is my favorite soap. Green Tea is my favorite scent and no other green tea scent in other brands compares. This is green tea in its purest form. Roger & Gallet has some other lovely fragrences. Try lily-of-the-valley. It's a hint of spring even in winter.",P000046,Elizabeth Arden Green Tea,ACC-0022,ACC-0039,ACC-0022|ACC-0039|ACC-0008|ACC-0033|ACC-0032
351388,B01MCV9VMA,5.0,"Boosts underperforming fragrances. Can't compare this to escentric as I've never smelled escentric. I purchased iso e super simply because I read it helps boost fragrances. I have skin chemistry that just absorbs fragrance. Bleu de Chanel EDP is hardly a skin scent on me in 30 mins. Happily I used this as a base and sprayed my BDC on top of the molecule 01 and the sillage and longevity of the fragrance was noticeably improved. I could still smell it from my chest well after an hour, HUGE improvement. If you have an expensive cologne or perfume that just underperforms use this fragrance as a base and be impressed at how well it makes your other fragrances shine.",P000002,Chanel Bleu de Chanel,ACC-0022,ACC-0004,ACC-0022|ACC-0004|ACC-0095|ACC-0033|ACC-0008|ACC-0092|ACC-0075|ACC-0032|ACC-0009|ACC-0066
351400,B01IAFJK66,5.0,Great scent. Great scent! love everything about Dove for men products.,P000015,Coach for Men,ACC-0022,ACC-0008,ACC-0022|ACC-0008|ACC-0004|ACC-0033|ACC-0036|ACC-0095|ACC-0082|ACC-0092|ACC-0049|ACC-0005
352153,B06VVDV3J6,5.0,"Nice hand lotion for men. I purchased this product as a gift for my dad. He is a golfer and is outdoors year round, so his hands get dry and chaffed. He told me that this product is nice and soothing, didn't leave his hands greasy and also has a nice, masculine fragrance.",P000015,Coach for Men,ACC-0022,ACC-0008,ACC-0022|ACC-0008|ACC-0004|ACC-0033|ACC-0036|ACC-0095|ACC-0082|ACC-0092|ACC-0049|ACC-0005
352457,B01CO4MBBK,5.0,Prada Candy. We love the  smell wish you got more for your $$$,P000096,Prada Candy,ACC-0017,ACC-0066,ACC-0017|ACC-0066|ACC-0004|ACC-0082|ACC-0087|ACC-0059|ACC-0092|ACC-0009
352539,B002XQ1R06,5.0,"Fresh - clean - light - perfect cologne!. Absolutely the best cologne ever. The premise of this product is it is a light scent, not strong, non odoriferous, non pungent and just noticeable.......this is the perfect cologne for the office or for men who don't want their cologne making contact with people before they do themselves. Well balanced, masculine, clean fresh scent this one.......5 stars!",P000015,Coach for Men,ACC-0022,ACC-0008,ACC-0022|ACC-0008|ACC-0004|ACC-0033|ACC-0036|ACC-0095|ACC-0082|ACC-0092|ACC-0049|ACC-0005
352956,B072J4HZWG,5.0,Five Stars. Great smell for men. I love this,P000015,Coach for Men,ACC-0022,ACC-0008,ACC-0022|ACC-0008|ACC-0004|ACC-0033|ACC-0036|ACC-0095|ACC-0082|ACC-0092|ACC-0049|ACC-0005
353033,B08XMBHL8C,5.0,"Great for men.. Clean, light smell. Not overly oily, very clean.",P000015,Coach for Men,ACC-0022,ACC-0008,ACC-0022|ACC-0008|ACC-0004|ACC-0033|ACC-0036|ACC-0095|ACC-0082|ACC-0092|ACC-0049|ACC-0005
353862,B0BTT4M2PK,4.0,"It’s Decent. I have been using the moisturizer for a few weeks. It has a green tea scent, and although the smell is not particularly up my alley, I was pleasantly surprised by how nice the cream was. The texture was creamy and it absorbed well into my skin, making it a breeze to apply. I especially liked how it kept my skin moisturized and feeling soft without any irritation. While the price may be a bit steep, I think it's still a good value for the quality of the product. However, I would recommend waiting a bit before applying any makeup since it needs time to fully absorb into the skin. Personally, there are other products I would choose over this one, but its not bad if you like green tree products.",P000046,Elizabeth Arden Green Tea,ACC-0022,ACC-0039,ACC-0022|ACC-0039|ACC-0008|ACC-0033|ACC-0032
355482,B07D4PFTM8,4.0,"First day review. Update!<br /><br />My dog mouth smells terrible. No mint scent.<br /><br /> This was purchased this for my baby. Tried it out today, she kept on licking it. Would take awhile for her to get accustom too. I am satisfied with the finger toothbrush, it is very soft but the yellow toothbrush, the bristles are very small. I will have to wait and see the final outcome.",P000062,Narciso Rodriguez For Her,ACC-0059,ACC-0068,ACC-0059|ACC-0068|ACC-0066|ACC-0095|ACC-0064|ACC-0092|ACC-0036|ACC-0004|ACC-0031|ACC-0082
355728,B097CDGX7J,5.0,"Amazing mineral sun block! No whitecast!. I became a fan of this product as soon as I first put it on. First, it's an excellent consistency. Lots of sunscreens are super thick and icky, but this one was more of a medium thickness, and easily blended in to my skin. Importantly, it did not leave a white cast or any white residue! It is my understanding that mineral sunscreens are generally a better, healthier option to chemical sunscreens, which makes me love this product so much more. Oh, and the smell! It has this amazing eucalyptus smell. I know this is marketed for men, but I don't see any reason why women shouldn't use it. The only manly thing about it is the grey bottle (I guess?) and the somewhat manlier-than-usual eucalyptus smell. The only literal downside of this product is the cost, which is a bit pricey. BUT, it is an amazing product, so there's that too.",P000015,Coach for Men,ACC-0022,ACC-0008,ACC-0022|ACC-0008|ACC-0004|ACC-0033|ACC-0036|ACC-0095|ACC-0082|ACC-0092|ACC-0049|ACC-0005
356216,B07HQJBRKP,5.0,"Lightweight and easy to style!. LOVE this hair!!! Its super soft, very lightweight, perfect for a summer style. (I know it's only March, but looking forward) It comes with 6 packs, but I only ended up needing 3 so I have 3 left for when I want to touch it up in a few weeks. Absolutely no smell whatsoever, came well packages and in a cute orange tulle bag that I've stored the excess in for later. It arrived on time (in 2 days, I have Prime) and my stylist said it was easy for her to install. Took a total of maybe 3 hours! The hair stretches once it's wrapped around your braids, so the bottoms of the front curls actually come down to just below my breasts",P000062,Narciso Rodriguez For Her,ACC-0059,ACC-0068,ACC-0059|ACC-0068|ACC-0066|ACC-0095|ACC-0064|ACC-0092|ACC-0036|ACC-0004|ACC-0031|ACC-0082
356464,B06WW8SB4S,5.0,Great for men. Great exfoliant - love the scent,P000015,Coach for Men,ACC-0022,ACC-0008,ACC-0022|ACC-0008|ACC-0004|ACC-0033|ACC-0036|ACC-0095|ACC-0082|ACC-0092|ACC-0049|ACC-0005
357177,B000AMPICS,5.0,"Lovely hard-milled scented soap, but not green in color. Roger & Gallet is a premier soap and toiletry company which can be counted on to provide a quality product.  This lovely green tea-scented soap is no exception.  The beautiful sturdy cardboard box comes with three individually-wrapped soaps. It would make an excellent hostess gift.<br /><br />Although the scent is subtle and lovely, I was a bit disappointed that the soap itself is yellow.  It's a pretty soft yellow, but I was rather hoping that it would be green to match my decor.  That said, I would purchase this soap again in a heartbeat.  Another reviewer mentioned that the green tea scent is particularly nice for both men and women and I would agree.  I will also try the lily of the valley as mentioned by another reviewer.  It was my mother's favorite flower.<br /><br />You cannot go wrong with these lovely soaps.<br /><br />Recommended.",P000046,Elizabeth Arden Green Tea,ACC-0022,ACC-0039,ACC-0022|ACC-0039|ACC-0008|ACC-0033|ACC-0032
358481,B098F1Z311,5.0,"Exceptional Lip Balm. This is an exceptional lip balm. The tube is smaller size than ""regular"" lip balms so it fits easily in any pockets. It is probably good for men as well, who don't carry purses, being black in color and having such a discreet size, you can barely feel it in a pocket.<br /><br />Despite the smaller size, there is a lot of lip balm in it. The whole tube is filled with it. The mechanics are outstanding, the bottom cap is turning smooth with the precision of a Swiss watch. It gives you the feeling of elegance and luxury.<br /><br />The lip balm itself takes effect immediately, you will feel your lips smooth and flexible right away, it is almost an overwhelming sensation in the first couple of seconds. It has a nutty smell and taste, I would actually gladly spread it over bread for breakfast. it feels natural and edible. It reminds me of the freshly made cookies of grandma. It is an exceptional natural lip balm that you cannot believe you just found given all the chemicals out there.<br /><br />Along with the exceptional lip balm there are other samples from the same awesome company as you can see in the picture.",P000015,Coach for Men,ACC-0022,ACC-0008,ACC-0022|ACC-0008|ACC-0004|ACC-0033|ACC-0036|ACC-0095|ACC-0082|ACC-0092|ACC-0049|ACC-0005
360485,B007OB34DS,4.0,"An alternative to soap on a rope:  a 'SoapBAG ON A STRING !. My mother had been looking for 'soap on a rope' for a while.<br />We were told that that only came in varieties for men........<br />my mother had pretty much decided that she would rather<br />smell like my grandpa's  'Old Spice' rather than slip and fall<br />chasing a bar of soap around the shower stall.  I took a chance<br />on this 'bag on a string' instead.  Ta da!  What I had hoped for worked.<br />She can wrap the ' around the grab bar which is a handy height, and use it from there.<br />This way she can put what ever soap she wants in to the 'SoapBAG ON A STRING' .<br />She is a happy camper, and I am very glad that she is safe - and not chasing soaps<br />around the shower stall.  I wish the mesh were not so thick, but life is about adjustments,<br />and this is certainly an excellent solution .",P000015,Coach for Men,ACC-0022,ACC-0008,ACC-0022|ACC-0008|ACC-0004|ACC-0033|ACC-0036|ACC-0095|ACC-0082|ACC-0092|ACC-0049|ACC-0005
360486,B007OB34DS,4.0,"An alternative to soap on a rope:  a 'SoapBAG ON A STRING !. My mother had been looking for 'soap on a rope' for a while.<br />We were told that that only came in varieties for men........<br />my mother had pretty much decided that she would rather<br />smell like my grandpa's  'Old Spice' rather than slip and fall<br />chasing a bar of soap around the shower stall.  I took a chance<br />on this 'bag on a string' instead.  Ta da!  What I had hoped for worked.<br />She can wrap the ' around the grab bar which is a handy height, and use it from there.<br />This way she can put what ever soap she wants in to the 'SoapBAG ON A STRING' .<br />She is a happy camper, and I am very glad that she is safe - and not chasing soaps<br />around the shower stall.  I wish the mesh were not so thick, but life is about adjustments,<br />and this is certainly an excellent solution .",P000015,Coach for Men,ACC-0022,ACC-0008,ACC-0022|ACC-0008|ACC-0004|ACC-0033|ACC-0036|ACC-0095|ACC-0082|ACC-0092|ACC-0049|ACC-0005
360487,B007OB34DS,4.0,"An alternative to soap on a rope:  a 'SoapBAG ON A STRING !. My mother had been looking for 'soap on a rope' for a while.<br />We were told that that only came in varieties for men........<br />my mother had pretty much decided that she would rather<br />smell like my grandpa's  'Old Spice' rather than slip and fall<br />chasing a bar of soap around the shower stall.  I took a chance<br />on this 'bag on a string' instead.  Ta da!  What I had hoped for worked.<br />She can wrap the ' around the grab bar which is a handy height, and use it from there.<br />This way she can put what ever soap she wants in to the 'SoapBAG ON A STRING' .<br />She is a happy camper, and I am very glad that she is safe - and not chasing soaps<br />around the shower stall.  I wish the mesh were not so thick, but life is about adjustments,<br />and this is certainly an excellent solution .",P000015,Coach for Men,ACC-0022,ACC-0008,ACC-0022|ACC-0008|ACC-0004|ACC-0033|ACC-0036|ACC-0095|ACC-0082|ACC-0092|ACC-0049|ACC-0005
362999,B077NRNGCX,5.0,Smells just like CoCo Mademoiselle. I wasn’t expecting this to smell so much like my favorite perfume. I was pleasantly surprised! The seller also sent a lovely sample of the body cream which I am planning to purchase. Truly a lovely whipped body wash. The thank you note was also a very sweet touch. Well done. ⭐️ ⭐️⭐️⭐️⭐️,P000052,Chanel Coco Mademoiselle,ACC-0022,ACC-0095,ACC-0022|ACC-0095|ACC-0064|ACC-0082|ACC-0094|ACC-0068|ACC-0028|ACC-0087|ACC-0092|ACC-0096
363807,B06Y5DG2J3,5.0,"I love to smell good and this brings out the ""manly"" scents. Retro smell, cologne for men.. Love it. I used this as a teen when Hammer & Lewis in downtown San Jose, CA sold it. It brings back lots of memories. I also used (Sex I) I wonder if that is still around? I am happy.",P000015,Coach for Men,ACC-0022,ACC-0008,ACC-0022|ACC-0008|ACC-0004|ACC-0033|ACC-0036|ACC-0095|ACC-0082|ACC-0092|ACC-0049|ACC-0005
364927,B0BTJ6SYKB,5.0,Shakira. Great smell my wife loves it brought it for her birthday.,P000062,Narciso Rodriguez For Her,ACC-0059,ACC-0068,ACC-0059|ACC-0068|ACC-0066|ACC-0095|ACC-0064|ACC-0092|ACC-0036|ACC-0004|ACC-0031|ACC-0082
364979,B0BTJ6SYKB,4.0,"amazing!!. first time trying a Shakira perfume and i’m not disappointed. i bought this after reading the notes. i’m a big fan of gourmand fragrances and had to buy. the dry down of this perfume smells similar to carolina herrera good girl in my opinion, which i love!!",P000113,Carolina Herrera Good Girl,ACC-0082,ACC-0094,ACC-0082|ACC-0094|ACC-0092|ACC-0087|ACC-0004|ACC-0014|ACC-0095|ACC-0086|ACC-0003|ACC-0066
366814,B09L33VJCL,5.0,Great for men and women - camping. I bought these to take camping as a great way to remove dirt and grime at the end of the day. The fact that they are individually wrapped is helpful so I can pack only what I need. They work super well and I love that they are biodegradable. The scent is fantastic and both my wife and I like it so we don't have to bring two different scents / brands when we go camping.,P000015,Coach for Men,ACC-0022,ACC-0008,ACC-0022|ACC-0008|ACC-0004|ACC-0033|ACC-0036|ACC-0095|ACC-0082|ACC-0092|ACC-0049|ACC-0005
368768,B01DYOUQY8,5.0,"Shampoo/Conditioner AND Chapstick!. I have highlighted hair and grew up using Vo5 hot oils in my hair.  When I saw this shampoo of Vo5 AND Color Shield, I knew I needed to try it.  I love the smell, even my hubby kept smelling my hair.............hehehe<br /><br />I have used this set several times now and it leaves my hair silky and smooth feeling.  I definitely recommend this shampoo for anyone with colored or highlighted hair.<br /><br />The chapstick that comes with it, love the smell!!!  I tried it, even though it's for men, and it has a nice minty scent and a big applicator; which I think would be important to men so that they don't look like they're applying &#34;lipstick&#34;.  It's a rectangular shape applicator.<br /><br />I received this product at a discounted price for my honest and unbiased opinion.  If you thought my review was helpful, please let me know!!",P000015,Coach for Men,ACC-0022,ACC-0008,ACC-0022|ACC-0008|ACC-0004|ACC-0033|ACC-0036|ACC-0095|ACC-0082|ACC-0092|ACC-0049|ACC-0005
369001,B00SG6M1P2,1.0,One Star. Smell perfum for men ... no is original,P000015,Coach for Men,ACC-0022,ACC-0008,ACC-0022|ACC-0008|ACC-0004|ACC-0033|ACC-0036|ACC-0095|ACC-0082|ACC-0092|ACC-0049|ACC-0005
369231,B005EZ5BAK,5.0,Great Product. This is the best bath gel in the world to bathe in. It smells fantastic and my sister was so happy to receive it for her birthday. And she absolutely loves the pump.,P000062,Narciso Rodriguez For Her,ACC-0059,ACC-0068,ACC-0059|ACC-0068|ACC-0066|ACC-0095|ACC-0064|ACC-0092|ACC-0036|ACC-0004|ACC-0031|ACC-0082
369550,B01H5MUJSI,5.0,"Great moisturizer!. For years I've been trying to fight my face acne at the young age of 24, and this past year I was on an escapade to determine the best product out there for my skin. I was always jealous of how other people's faces looked so radiantly clean and beautifully free from acne. But now I think I've found the answer! Hydration creams really can be a remedial solution for acne prone skin, especially when your skin is not getting the nutrients it needs. However, this intensive night cream is just about for anyone who has overly dry or acne-prone skin. I've tested several other hydration creams from Burts Bees and Avalon Organics, and I think this is truly a great product. Application of this night cream by Life Essentials is so easy where just a little dab of this stuff really goes a long way. The bottle lasts for about pretty long (depending on your usage) if you use it consistently every night. Once you apply it to your face for the night, your face will stay moisten & hydrated well until the morning and ready for you to start your day. No need for a second application.<br /><br />Wash your face with your cleanser and apply this cream, and you'll see healthier skin in days! Also for those that are struggling with acne, sometimes a change of habits is in order. I didn't realize this until I forced myself to stop picking at my face, which I saw a rapid improvement in my face in less than a week. So stop picking at your face, wash your face at least 2x as recommended, and, you'll see results that you've been awaiting! This cream has some smell to it, which some people may not like.<br /><br />Ingredients:<br />Organic Aloe Barbadensis (Aloe Vera), Isopropyl Palmitate (Palm Oil), Kosher Vegetable Glycerin, Glycolic Acid, Cassia Angustifolia Seed Polysaccharide (botanical hyaluronic acid), Olive Oil Squalane, Lactic Acid, Cetyl Alcohol, Stearic Acid, Hydrogenated Castor Oil, Glyceryl Stearate, Organic Carthamus Tinctorius (Safflower Oil), Cetearyl Alcohol, C",P000046,Elizabeth Arden Green Tea,ACC-0022,ACC-0039,ACC-0022|ACC-0039|ACC-0008|ACC-0033|ACC-0032
370440,B07Q6J6W7C,5.0,Smells SO FREAKING GOOD. Do you want to smell heavenly all day long?<br />Use this shaving cream!<br />I was lathering up my naked body and was just hit with the most incredible scent. I didn't even care how effective it made my shave. I smelled like a SNACK. So I then wondered if it would work into my skin dry so that I could keep the scent going all day long. I realized if you rub this bad boy in you have a long lasting scent with no sticky residue and it lasts all day! I broke the code ladies! I figured out how to stay smelling delicious all day long.,P000249,Carolina Herrera Bad Boy,ACC-0092,ACC-0082,ACC-0092|ACC-0082|ACC-0014|ACC-0095
372506,B0778QG7RC,5.0,Will Buy Again. Harry’s has truly come out with a product line that is for men and not for the pockets of corporate America. The surprise was the after shave which is both effective and smells nice. Thanks Harry!,P000015,Coach for Men,ACC-0022,ACC-0008,ACC-0022|ACC-0008|ACC-0004|ACC-0033|ACC-0036|ACC-0095|ACC-0082|ACC-0092|ACC-0049|ACC-0005
374639,B00V8ZCT1Y,2.0,"Pit burns here as well :-(. I purchased the rogue & royal scent of primal pit paste. I really, really wanted to like it, and it does work very well. However, like other reviewers mentioned, I had an irritation/rash that started about a week or two into using it. Nothing would help, other than discontinuing use of the primal pit paste, and going back to my old deodorant.<br />Just read Jennifer's solution, and I may try that. The Rogue & Royal scent is OK for men, a bit earthy for women, I'd think.",P000015,Coach for Men,ACC-0022,ACC-0008,ACC-0022|ACC-0008|ACC-0004|ACC-0033|ACC-0036|ACC-0095|ACC-0082|ACC-0092|ACC-0049|ACC-0005
374903,B07D8H2GL9,5.0,"Great for the ladies, too!. I must’ve missed the memo on the fact that this is made for men. I’d been suffering some cystic acne along my jawline due to a new haircut (and the hair products that go with it) because that’s what my skin likes to do :(  After a single 15-min. application, it peeled off nicely and dried out the blemishes. I would lay it on kind of thick because it peels easier with two light layers. Be aware that it grabs onto and pulls off a lot of your lighter facial hair - maybe that’s why it’s not marketed towards women, but it’s the same effect some ladies microblading for. Unlike some freeman products, the scent is very faint and neutral, and my acne-prone skin was happy about that. I am 45 years old and have been loving facial masks a long time now. Out of all of them, this one is right up there.",P000015,Coach for Men,ACC-0022,ACC-0008,ACC-0022|ACC-0008|ACC-0004|ACC-0033|ACC-0036|ACC-0095|ACC-0082|ACC-0092|ACC-0049|ACC-0005
376198,B01GL5X05O,3.0,"Less manly, and more medicinal.. It's Dial. Not dial for men. In reality, it just smells like dial. A medicinal smelling soap smell.",P000015,Coach for Men,ACC-0022,ACC-0008,ACC-0022|ACC-0008|ACC-0004|ACC-0033|ACC-0036|ACC-0095|ACC-0082|ACC-0092|ACC-0049|ACC-0005
377449,B079NV9PBG,5.0,"Great Subtle Scent, Effective, and Green - Love Them!. Love these wipes.  They have a very subtle cucumber scent that's pleasant but certainly not overpowering, and fine for men or women.  They wipe clean without leaving any film or residue and make skin feel refreshed.  They're hypoallergenic and the wipes are compostable.  Great scent, effective, and green.  Thumbs up!",P000015,Coach for Men,ACC-0022,ACC-0008,ACC-0022|ACC-0008|ACC-0004|ACC-0033|ACC-0036|ACC-0095|ACC-0082|ACC-0092|ACC-0049|ACC-0005
379402,B0052YFCSO,5.0,"Nice and smooth all over!. This is a fantastic product! I was looking to but my usual hair removal product (Nair for Men) when I came across the Bare Pair from ballsBALM. Truth is, the name of the product gave me a chuckle, so I checked it out - and boy am I glad I did! Great product! Much gentler than Nair, works better, and no &#34;chemical smell&#34;.  From chest & back to the most sensitive if areas this is the hair remover you want, gents!",P000015,Coach for Men,ACC-0022,ACC-0008,ACC-0022|ACC-0008|ACC-0004|ACC-0033|ACC-0036|ACC-0095|ACC-0082|ACC-0092|ACC-0049|ACC-0005
380169,B07WDSMJM4,5.0,Great as a gift.... and for myself. Got this in a fabfitfun box for myself and I loved it so much that I ordered for my sister-in-law for her birthday! She loved the scent and the softening of her skin after using this product!!,P000062,Narciso Rodriguez For Her,ACC-0059,ACC-0068,ACC-0059|ACC-0068|ACC-0066|ACC-0095|ACC-0064|ACC-0092|ACC-0036|ACC-0004|ACC-0031|ACC-0082
382389,B01LMNDGC2,5.0,I have worn Coco for years and this is very close!. I love this fragrance. Very close to Coco Mademoiselle for a fraction of the cost. Very happy!,P000052,Chanel Coco Mademoiselle,ACC-0022,ACC-0095,ACC-0022|ACC-0095|ACC-0064|ACC-0082|ACC-0094|ACC-0068|ACC-0028|ACC-0087|ACC-0092|ACC-0096
387198,B082RD77G5,5.0,"perfect for blond hair. i bought it as a present for my friend with blond hair and it was a success, easy to use and good care for her blond hair sulfate free with a nice ambient smell",P000062,Narciso Rodriguez For Her,ACC-0059,ACC-0068,ACC-0059|ACC-0068|ACC-0066|ACC-0095|ACC-0064|ACC-0092|ACC-0036|ACC-0004|ACC-0031|ACC-0082
387291,B08HRDDQLT,3.0,"scent is for men. I expect that the scent is for men. We bought it for men's restroom specifically. However, it's not like bath and body works kind. A bit disappointed, and the scent is neutral. I won't buy it for this purpose.",P000015,Coach for Men,ACC-0022,ACC-0008,ACC-0022|ACC-0008|ACC-0004|ACC-0033|ACC-0036|ACC-0095|ACC-0082|ACC-0092|ACC-0049|ACC-0005
388880,B01FT3RJME,5.0,"Worked Great On Sensitive Skin. Upon receiving Eva Naturals Antioxidant Daily Renewal Vitamin C Cream Moisturizer in the mail, I was happily surprised to see how well it was packaged. Please see attached product pictures.<br /><br />On second note, the first thing I did after opening the box was to look at the ingredients. I was interested to see if a brand name including the word &#34;natural&#34; would, in fact, be at least mostly natural. Yes! I can name almost every ingredient off the top of my head (they help). The ingredients are as follows:<br /><br />Aqua (Distilled Water), Cetostearyl Alcohol, Ethoxylated Sorbitan Ester, Cocos Nucifera (Coconut) Oil, Glycine Soja (Soybean)Oil, Steric Acid, Isopropyl Myristate, Mangifera Indica (Mango) Juice, Lentinula Edodes (Shiitake Mushroom) Extract, Rosa Canina (Rosehip) Fruit Powder Extract, Aspalathus Linearis (Rooibos) Extract, Camellia Sinensis (Green Tea) Leaf Extract, DMDM Hydantoin, Potassium Sorbate, Colorant, Parfum (Fragrance), Tetrasodium EDTA, Pantothenic Acid (Vitamin B5), Pyridoxine (Vitamin B6), Coenzyme Q10, Alpha Lipoic Acid, Thiamine (Vitamin B1), Riboflavin (Vitamin B2), Vitamin C Ester, Tocopherol (Vitamin E), Cobalamin (Vitamin B12)<br /><br />Now the real test was trying the product. I switched out my regular daily moisturizer with this and had pleasant results, which is, actually pretty amazing. I have extremely sensitive skin and tend to break out from even the most natural of products. I had absolutely no problems with this moisturizer at all! It smells amazing, with a fruity undertone that is not overpowering in the least. It is medium-light in thickness and doesn't take much, maybe the size of an average pea, to cover your face. It soaks in and doesn't leave any film or greasy layer. I have multi-type skin right now, as I am expecting, with some areas that get oily and other areas of my face that are very dry. This was perfect for both. It didn't aggravate the oily areas while still moisturizi",P000046,Elizabeth Arden Green Tea,ACC-0022,ACC-0039,ACC-0022|ACC-0039|ACC-0008|ACC-0033|ACC-0032
389774,B01AU9VB6C,5.0,"It does what it says, One of the best products on the market. Great product, great smell, it thicken my hair and made it darker while at the same time made it softer. I bought it because my hair was thinning and it worked in like a week or less. My wife also use it for her natural her to help it grow and make it soft.",P000062,Narciso Rodriguez For Her,ACC-0059,ACC-0068,ACC-0059|ACC-0068|ACC-0066|ACC-0095|ACC-0064|ACC-0092|ACC-0036|ACC-0004|ACC-0031|ACC-0082
394950,B06X9M1NJB,4.0,Great Deal. My only dislike was the funny smell. I would use a brush shampoo before use. It was a fun gift for my 11 yrs old for her play make up.,P000062,Narciso Rodriguez For Her,ACC-0059,ACC-0068,ACC-0059|ACC-0068|ACC-0066|ACC-0095|ACC-0064|ACC-0092|ACC-0036|ACC-0004|ACC-0031|ACC-0082
395837,B0B85L2JTC,3.0,"Too Strong of a Scent for Me. I was looking forward to trying this Crave Extreme For Men Eau De Parfum. It advertises having a masculine scent that is complex with a blend of different scents that are supposedly luxurious and irresistible. The bottle came in a nice container that was protective and classy looking. The bottle is made of glass and the cap is easy to remove and the spray works well. Unfortunately, I found the scent to be very strong. Even just a small spray on my wrist was enough to linger for hours and penetrate throughout the room. My wife noticed the scent from several feet away and said it was too potent for her liking. I admit that the scent is decent and basically a fresh citrus-like fragrance. Even after washing my wrist with soap and water, I could still smell the scent for a while. If you're looking for a powerful scent, this may be perfect for you. But if you want something a bit more laid back and mild, I don't think this is the right fit.",P000015,Coach for Men,ACC-0022,ACC-0008,ACC-0022|ACC-0008|ACC-0004|ACC-0033|ACC-0036|ACC-0095|ACC-0082|ACC-0092|ACC-0049|ACC-0005
397665,B01GR3CBG4,5.0,Wonderful gift for her birthday. My daughters scent. Wonderful gift for her birthday.,P000062,Narciso Rodriguez For Her,ACC-0059,ACC-0068,ACC-0059|ACC-0068|ACC-0066|ACC-0095|ACC-0064|ACC-0092|ACC-0036|ACC-0004|ACC-0031|ACC-0082
398302,B00H3WGN9K,5.0,"A day at the spa in your own home. Unlike some other soaps, these soaps are organic and you can see the natural ingredients within each soap. The Golden Crown which was rich in a lemon scent, Green Tea Goddess which smelled like green tea and was very earthy, Luscious lavender which smelled like lavender, and sea breeze which was reminiscent of a day at the beach with the ocean-like notes to it.The soaps were fairly smaller in size than those that you can purchase at the grocery store or beauty store and lasted about 7 days each. However, the product smelled so nice and it was a treat each time to use this product. At first, the soap was a little hard to spread on a washcloth but after the first use, it spread so easily. The scents did feature the aromatherapy benefits and helped to relax me as I took my shower since the scent was strong and lasting. I loved that the soaps had a more natural smell and did not smell so generic like store brands tend to. These soaps are great for treating yourself on those stressful days and feeling like you are at the spa.",P000046,Elizabeth Arden Green Tea,ACC-0022,ACC-0039,ACC-0022|ACC-0039|ACC-0008|ACC-0033|ACC-0032
398303,B00PEFM5MC,5.0,"A day at the spa in your own home. Unlike some other soaps, these soaps are organic and you can see the natural ingredients within each soap. The Golden Crown which was rich in a lemon scent, Green Tea Goddess which smelled like green tea and was very earthy, Luscious lavender which smelled like lavender, and sea breeze which was reminiscent of a day at the beach with the ocean-like notes to it.The soaps were fairly smaller in size than those that you can purchase at the grocery store or beauty store and lasted about 7 days each. However, the product smelled so nice and it was a treat each time to use this product. At first, the soap was a little hard to spread on a washcloth but after the first use, it spread so easily. The scents did feature the aromatherapy benefits and helped to relax me as I took my shower since the scent was strong and lasting. I loved that the soaps had a more natural smell and did not smell so generic like store brands tend to. These soaps are great for treating yourself on those stressful days and feeling like you are at the spa.",P000046,Elizabeth Arden Green Tea,ACC-0022,ACC-0039,ACC-0022|ACC-0039|ACC-0008|ACC-0033|ACC-0032
398398,B00U49MMQM,1.0,"My wife has complained that this one is not as .... My wife has complained that this one is not as the same bottle that I bought before for her, the smell and texture are different.",P000062,Narciso Rodriguez For Her,ACC-0059,ACC-0068,ACC-0059|ACC-0068|ACC-0066|ACC-0095|ACC-0064|ACC-0092|ACC-0036|ACC-0004|ACC-0031|ACC-0082
398805,B07B8C4YYB,5.0,"Pocket friendly, dark classy scent.. This was a blind buy, I'm glad now I bought it. It's a dark , woody , smoky appeal. It's only for men with selective taste. Class in a bottle. Masculine dark for night time wear.",P000015,Coach for Men,ACC-0022,ACC-0008,ACC-0022|ACC-0008|ACC-0004|ACC-0033|ACC-0036|ACC-0095|ACC-0082|ACC-0092|ACC-0049|ACC-0005
398890,B010813L3I,5.0,"Great Product. Smells great, not too fragrant, great for men and women. Leaves skin feeling soft and smooth. I do wish the pump was a little longer, as it's difficult to squeeze the soap onto a pouf/loofa, but that's a total first world problem.",P000015,Coach for Men,ACC-0022,ACC-0008,ACC-0022|ACC-0008|ACC-0004|ACC-0033|ACC-0036|ACC-0095|ACC-0082|ACC-0092|ACC-0049|ACC-0005
401994,B09PF8CM6L,5.0,"Amazing. First of all I know now that this deodorant is for men, but I love it!! I first purchased it at Target, it was on clearance and I am always trying to find a decent deodorant.  I sweat so much especially in summer.  This stuff actually keeps me dry all day.  I’m not kidding to say that I have tried at least 12 different women’s brands and the clinical brands and none have worked as good as this.  I have the red -complete energizing citrus.  The scent is subtle and really nice.  The one I purchased from Target is a solid white stick and these Amazon ones came as a solid gel stick, so I’m hoping it works the same.  We will see!",P000015,Coach for Men,ACC-0022,ACC-0008,ACC-0022|ACC-0008|ACC-0004|ACC-0033|ACC-0036|ACC-0095|ACC-0082|ACC-0092|ACC-0049|ACC-0005
402112,B08BBF5KY5,3.0,"Not accurate description. I ordered two of these so that I would get 60 evenly distributed packages instead I received 12 rose, 12 green tea, 6 lavender, 8 charcoal, 12 pearl glow, 10 tea tree peppermint. It’s not consistent and that’s something you should state in your description because it says 5 of each scent so I expected 10 of each",P000046,Elizabeth Arden Green Tea,ACC-0022,ACC-0039,ACC-0022|ACC-0039|ACC-0008|ACC-0033|ACC-0032
402517,B003NV9R2U,5.0,Worth it!. The perfume smells amazing and it's a HUGE bottle that lasts a long time!  I bought this for my mother for her birthday but ended up buying one for myself since it was such a great price!,P000062,Narciso Rodriguez For Her,ACC-0059,ACC-0068,ACC-0059|ACC-0068|ACC-0066|ACC-0095|ACC-0064|ACC-0092|ACC-0036|ACC-0004|ACC-0031|ACC-0082
404188,B07WZQ5YL9,5.0,Loved it!. My wife loves this product.  Her favorite singer in the world and the scent really works for her.,P000062,Narciso Rodriguez For Her,ACC-0059,ACC-0068,ACC-0059|ACC-0068|ACC-0066|ACC-0095|ACC-0064|ACC-0092|ACC-0036|ACC-0004|ACC-0031|ACC-0082
404395,B07XYF82NZ,5.0,Shipped fast. Smells lovely!. It smells lovely. Perfectly compliments Tom Fords Oud Wood Eau de parfum.,P000132,Tom Ford Oud Wood,ACC-0095,ACC-0092,ACC-0095|ACC-0092|ACC-0062|ACC-0008|ACC-0087|ACC-0009|ACC-0033|ACC-0004|ACC-0066|ACC-0082
408793,B07HY4YFZJ,5.0,HUSBAND LOVES CLINIQUE. MY HUSBAND SAID THIS IS A PERFECT SET FOR MEN!! THANK YOU...SMELL IS AMAZING.,P000015,Coach for Men,ACC-0022,ACC-0008,ACC-0022|ACC-0008|ACC-0004|ACC-0033|ACC-0036|ACC-0095|ACC-0082|ACC-0092|ACC-0049|ACC-0005
409464,B01IAFD8D2,5.0,Great non overpowering scent.. This is the best after shave lotion ever made for men. Perfect scent. Love it.,P000015,Coach for Men,ACC-0022,ACC-0008,ACC-0022|ACC-0008|ACC-0004|ACC-0033|ACC-0036|ACC-0095|ACC-0082|ACC-0092|ACC-0049|ACC-0005
409606,B09BZZJJ7J,5.0,"Oh my! Wow!. I was recommended this product and decided to give it a try. I'm glad I did! I can honestly say I have never seen a product work it's magic so fast! I use this product on my toddlers hair and it detangles amazingly, moisturizes dry hair, smells amazing, and does not disappoint. It works great for her hair.  I had one problem with delivery and it was resolved instantly. I cannot say enough about this product and the ones behind the product. Thank you!!",P000062,Narciso Rodriguez For Her,ACC-0059,ACC-0068,ACC-0059|ACC-0068|ACC-0066|ACC-0095|ACC-0064|ACC-0092|ACC-0036|ACC-0004|ACC-0031|ACC-0082
410921,B019PTEM96,2.0,"Does not last long.. Smells like Creed Aventus but it does not last long,overall a waste of money and I will not buy this again.",P000133,Creed Aventus,ACC-0036,ACC-0082,ACC-0036|ACC-0082|ACC-0095|ACC-0050|ACC-0022|ACC-0075|ACC-0059|ACC-0085|ACC-0032|ACC-0057
414643,B00XYLUCN2,5.0,Very Strong.. This is a very strong scented product. Only for Men with Women who enjoy a very strong scented fragrance. I enjoyed the smell but my girlfriend hated the smell and complained that it gave her a headache. Good luck trying to wash this oil off Even with just a drop of the oil you will be smelling like a Man for days. I will Definitely buy this again just with a different Scent to appease the Girlzilla,P000015,Coach for Men,ACC-0022,ACC-0008,ACC-0022|ACC-0008|ACC-0004|ACC-0033|ACC-0036|ACC-0095|ACC-0082|ACC-0092|ACC-0049|ACC-0005
415873,B07WC43HHD,5.0,"Bleu de Chanel. Spot on. This is a must buy if your wanting a bleu.  I put a few sprays on and it smells very close to my Chanel.  For the price, presentation,  and performance,  this is all you need.  Finally found a great alternative to my Chanel.<br />Don't hesitate in this one.",P000002,Chanel Bleu de Chanel,ACC-0022,ACC-0004,ACC-0022|ACC-0004|ACC-0095|ACC-0033|ACC-0008|ACC-0092|ACC-0075|ACC-0032|ACC-0009|ACC-0066
415874,B07WC43HHD,5.0,"Bleu de Chanel. Spot on. This is a must buy if your wanting a bleu.  I put a few sprays on and it smells very close to my Chanel.  For the price, presentation,  and performance,  this is all you need.  Finally found a great alternative to my Chanel.<br />Don't hesitate in this one.",P000002,Chanel Bleu de Chanel,ACC-0022,ACC-0004,ACC-0022|ACC-0004|ACC-0095|ACC-0033|ACC-0008|ACC-0092|ACC-0075|ACC-0032|ACC-0009|ACC-0066
416776,B00567821Q,5.0,Perfect; as Described.. This Perfume is my sister’s favorite. I bought it for her birthday. I received it as described on the site. It’s great. Thank you.,P000062,Narciso Rodriguez For Her,ACC-0059,ACC-0068,ACC-0059|ACC-0068|ACC-0066|ACC-0095|ACC-0064|ACC-0092|ACC-0036|ACC-0004|ACC-0031|ACC-0082
416892,B018W75I90,4.0,While it is not my favorite scent the bottle would last a long time for .... Smells ok not an everyday scent for me. There is really nothing i can compare this to as far as describing how it smells. While it is not my favorite scent the bottle would last a long time for me . Shipping and packaging was great is why i gave it four stars the Pour Homme how ever i give three stars.,P000021,Azzaro Pour Homme,ACC-0008,ACC-0095,ACC-0008|ACC-0095|ACC-0033|ACC-0028|ACC-0049|ACC-0057|ACC-0050|ACC-0022|ACC-0066|ACC-0092
417550,B07H9HDV8Z,3.0,"Marianna Green Tea & Eucalyptus Body Wash  (Updated). I was looking for a hand soap/body wash with a eucalyptus fragrance.  THIS ISN'T IT.  I would never purchase again.<br /><br />(Updated review)  After using the product for several weeks, my complaint above still stands.  But I have updated my rating to 3 stars.  IT STILL NEEDS MORE EUCALYPTUS FRAGRANCE.  If it is varied, please let me know.",P000046,Elizabeth Arden Green Tea,ACC-0022,ACC-0039,ACC-0022|ACC-0039|ACC-0008|ACC-0033|ACC-0032
418159,B002GKWGRW,4.0,"sea salt foam. I love sea salt-based bath products. I cannot comprehend the latest craze of sugar-based products. Smearing my body with sticky sweetness is not for bathtime, is all I'm saying. I want to punish my epidermis when I'm cleaning it, scour off the day's sweat, troubles, and dead skin cells with wonderful briny salt.<br /><br />That's where this bad boy comes in. It doesn't really foam all that much, but it smells like the sea and it does a nice job of exfoliating my bod.",P000249,Carolina Herrera Bad Boy,ACC-0092,ACC-0082,ACC-0092|ACC-0082|ACC-0014|ACC-0095
418378,B09DS3M17Z,5.0,Girlfriend loved it!. This is my girlfriend’s favorite perfume! I bought a bottle so I could have one at my apartment for her too. She was so happy!,P000062,Narciso Rodriguez For Her,ACC-0059,ACC-0068,ACC-0059|ACC-0068|ACC-0066|ACC-0095|ACC-0064|ACC-0092|ACC-0036|ACC-0004|ACC-0031|ACC-0082
419509,B00LYRDJL0,5.0,"Definately worth trying it if not familiar with the brand!. I have been using another two hair products for a long time, however one was very expensive before being discontinued – and much more so when able to find the occasional container on eBay. My other is getting almost as hard to find – I had to order from Europe the past two times.<br />The reviews of this product caught my attention for this product and I was skeptical not being familiar with the brand before, though am happy I purchased it.<br />It works great for men’s hair – including in the rain and hot weather without issue. The fragrance and consistency or luxurious. As a man, you do not need to worry about the fragrance being too much or embarrassing as quickly goes away relatively quickly once you applied.<br />I have been using it daily for about a month, and see myself buying more of it in the future.",P000015,Coach for Men,ACC-0022,ACC-0008,ACC-0022|ACC-0008|ACC-0004|ACC-0033|ACC-0036|ACC-0095|ACC-0082|ACC-0092|ACC-0049|ACC-0005
419547,B09K9JHDNX,5.0,Great gift for family or friends!. I purchased this for my mum for her birthday. She loved the soaps and cream. It all smells great! The bath balm was extremely fizzy and her favorite. The mug is a great wine glass size and well made.,P000062,Narciso Rodriguez For Her,ACC-0059,ACC-0068,ACC-0059|ACC-0068|ACC-0066|ACC-0095|ACC-0064|ACC-0092|ACC-0036|ACC-0004|ACC-0031|ACC-0082
420874,B09V1WFGFX,5.0,"Santal Bloom: A powdery, feminine floral. Lovely aluminum packaging, a high-quality pump, super sudsy body wash. The Santal Bloom scent is a powdery floral—which is maybe not for everyone—but I love how the scent lingers softly and close to my skin, and how it layers with warm, cozy perfumes (Pinrose Secret Genius and Replica By the Fireplace, I’m looking at you!).",P000106,Maison Margiela Replica By the Fireplace,ACC-0095,ACC-0087,ACC-0095|ACC-0087|ACC-0009|ACC-0092|ACC-0004|ACC-0066|ACC-0060|ACC-0059|ACC-0077|ACC-0081
420995,B00XYM54TI,5.0,"This Body Oil is Awesome!. This is a very good and enjoyable fragrant body oil....It is, as far as my and my wife's nose can tell -- nearly spot on to Tom Ford Oud Wood......I love the smell of original TF Oud Wood -- despite it's price -- I think it is worth the premium.....But, THIS body oil is EXTRAORDINARY Value....The lovely scent lasts long and keeps my skin soft, smooth and smelling great -- Fantastic!<br /><br />P.S. -- Got a second bottle from Grand Parfum, this time 16 oz...(Wifey loves the scent on me)...Second bottle was a little lighter in color, so I mixed it with the remaining 5 or so ounces of my first 8 oz. bottle....Still Smells Awesome!",P000132,Tom Ford Oud Wood,ACC-0095,ACC-0092,ACC-0095|ACC-0092|ACC-0062|ACC-0008|ACC-0087|ACC-0009|ACC-0033|ACC-0004|ACC-0066|ACC-0082
421015,B07JL68FR2,4.0,"Good quality fragrance for a great price.. Fresher and lighter compared to other ""Creed Aventus inspired"" fragrances.  The pakaging is very nice.",P000133,Creed Aventus,ACC-0036,ACC-0082,ACC-0036|ACC-0082|ACC-0095|ACC-0050|ACC-0022|ACC-0075|ACC-0059|ACC-0085|ACC-0032|ACC-0057
421277,B01N75BUME,5.0,"For the nostalgia. I got this because my little brother always wore it and he left for basic training in early October. I told him he could have two of the cans when he got back and I’d use the 3rd one so that when I hugged mom she could at least remember his smell and feel better. Idk, it’s like a comfort smell for her. To say the least, it was a good purchase. It’s helped our family. My lil bro can’t wait to get the other two cans because apparently the farts at basic training are pretty bad lol",P000062,Narciso Rodriguez For Her,ACC-0059,ACC-0068,ACC-0059|ACC-0068|ACC-0066|ACC-0095|ACC-0064|ACC-0092|ACC-0036|ACC-0004|ACC-0031|ACC-0082
422108,B07FXXBVWM,3.0,Reminds me of a shoe store. When I smell this it reminds me of a shoe store. This smells reminds me of Versace oud noir but not as good in my opinion. I think if you let the scent age it might not be as bad. But I found that each of the oud scents that you buy smell different based on the chemistry of your skin. This is my personal experience it may differ based on your body!,P000302,Versace Oud Noir,ACC-0062,ACC-0050,ACC-0062|ACC-0050|ACC-0092|ACC-0095
423732,B00O14F3WG,5.0,"... to buy this for her as she had been recommended it by another girlfriend of hers and she loves .... My girlfriend actually got me to buy this for her as she had been recommended it by another girlfriend of hers and she loves it!...so much that she made me write the following review...and I just wanted to clarify I am not a dude using Cellulite cream lol ...<br /><br />...HER 'I love Cell Perfex cellulite cream! the smell is lovely and the texture of the lotion is amazing compared to others I have tried (ME- She has tried a lot!) - it's like applying silk to your skin each day with the added benefit of knowing that it's actually helping to get rid of my cellulite. My skin is noticeably firmer (ME - YES I agree and like that!) and while I have only been using it for a little while, it is great to know that I am already getting results. I just wish I would have found Cell Perfex before Summer! (ME No comment otherwise I would get a slap) Anyways I will keep using it each day as directed and can't wait to see the results after 30 days! Big fan!'<br /><br /> ...so I think you get that my girlfriend loves it!",P000062,Narciso Rodriguez For Her,ACC-0059,ACC-0068,ACC-0059|ACC-0068|ACC-0066|ACC-0095|ACC-0064|ACC-0092|ACC-0036|ACC-0004|ACC-0031|ACC-0082
425195,B0842Z2XDQ,5.0,ITS BACK !! ANNE KLEIN II !! WITH LOVE. My mother is ecstatic that we found Anne Klein I I WOW !! She had been told that it was no longer in production she was upset it was her fall back scent but even though she LOVED IT AND MISSED IT !! She was happy happy to have it back in her SCENT ARSENAL TO CONTINUE SMELLING FANTASTIC FOR HER AND US ALL !! Thank you for bringing it BACK !!,P000062,Narciso Rodriguez For Her,ACC-0059,ACC-0068,ACC-0059|ACC-0068|ACC-0066|ACC-0095|ACC-0064|ACC-0092|ACC-0036|ACC-0004|ACC-0031|ACC-0082
426080,B072R1D3PK,5.0,Really awesome bath bombs!. These were amazing and came on time and I bought them for myself. I've been looking for bath bombs for men for quite some time and these were each big nice size bombs. They all 3 smelled so good. It comes with 6 bath bombs. I would totally recommend these for anyone. It would be a great gift for anyone especially your husband or any guys in the family,P000015,Coach for Men,ACC-0022,ACC-0008,ACC-0022|ACC-0008|ACC-0004|ACC-0033|ACC-0036|ACC-0095|ACC-0082|ACC-0092|ACC-0049|ACC-0005
426081,B0861NVJFJ,5.0,"Caress Botanicals Mediterranean Neroli and Green Tea Shower Foam. Smells good, works great foam, I have used this product from the time it got on the market, , will order again.",P000046,Elizabeth Arden Green Tea,ACC-0022,ACC-0039,ACC-0022|ACC-0039|ACC-0008|ACC-0033|ACC-0032
429431,B07N36NMKJ,5.0,"Healthy alternative to regular nail polish. I love how easy it is to just peel off! My daughter is always picking at her nail polish so it's fun for her to peel it off. This polish is definitely not meant for long wear. If you constantly wash your hand like me, it will only last a day or 2. But I don't mind, I can change my color every other day. They do dry pretty quickly which is a plus. I love how healthy it feels on my nails! No yucky smell!",P000062,Narciso Rodriguez For Her,ACC-0059,ACC-0068,ACC-0059|ACC-0068|ACC-0066|ACC-0095|ACC-0064|ACC-0092|ACC-0036|ACC-0004|ACC-0031|ACC-0082
431031,B06XCVC7FL,5.0,Quick delivery and great products.. I have a friend that was having surgery and Loved this scent. So I got this for her to enjoy and embrace the aroma.,P000062,Narciso Rodriguez For Her,ACC-0059,ACC-0068,ACC-0059|ACC-0068|ACC-0066|ACC-0095|ACC-0064|ACC-0092|ACC-0036|ACC-0004|ACC-0031|ACC-0082
431841,B00OM8KWDQ,5.0,Smells AMAZING!! And stays with you!!!. I had to get this bottle for my 10 year old granddaughter as she LOVED mine so much I didn’t want her to use all mine up!! Sooo when I found it “off-season” on Amazon I had to get it for her!! She thinks she is all that now and it’s so frickin funny 😆,P000062,Narciso Rodriguez For Her,ACC-0059,ACC-0068,ACC-0059|ACC-0068|ACC-0066|ACC-0095|ACC-0064|ACC-0092|ACC-0036|ACC-0004|ACC-0031|ACC-0082
432042,B0811522SH,4.0,"Smells great!. I bought my sister and I this product for her birthday since we both love hello kitty. The moisturizer fits in the palm of your hand so it’s small. It came in the cutest packaging and I love the rose gold lid.<br />It definitely smells great like a pink watermelon. It made my skin fresh, smooth and beautiful due to its creamy texture. It comes with cute instructions and contact info for any problems like an allergy. Definitely try it!",P000062,Narciso Rodriguez For Her,ACC-0059,ACC-0068,ACC-0059|ACC-0068|ACC-0066|ACC-0095|ACC-0064|ACC-0092|ACC-0036|ACC-0004|ACC-0031|ACC-0082
432586,B0747S72MB,5.0,"TOO CUTE &lt;3. LOVE LOVE LOVE this sleeping pack! My skin feels so moisturized when I wake up in the morning! Will be using it quite often this winter, as my skin gets super dry due to the cold. The smell is light, not really green tea like but it has a nice fragrance. The product isn't sticky, although the tapioca balls are a little gooey. It all becomes one smooth mixture after you mix it all together with the cute little spoon the provide!<br /><br />Great gift! My friend absolutely loved the strawberry pack :]",P000046,Elizabeth Arden Green Tea,ACC-0022,ACC-0039,ACC-0022|ACC-0039|ACC-0008|ACC-0033|ACC-0032
434382,B01MQDKUPJ,4.0,"the knock off isnt as strong, its very subtle. the scent is very faint, not like paris Hilton for men which is very strong, the product game in 4 days, the other 2 items that i ordered even havent shipped yet.",P000015,Coach for Men,ACC-0022,ACC-0008,ACC-0022|ACC-0008|ACC-0004|ACC-0033|ACC-0036|ACC-0095|ACC-0082|ACC-0092|ACC-0049|ACC-0005
434796,B086R6G3Q6,5.0,Love Gucci Bloom!. BEAUTIFUL scent br Gucci & Awesome gift set at a great price!,P000053,Gucci Bloom,ACC-0094,ACC-0086,ACC-0094|ACC-0086|ACC-0031|ACC-0005|ACC-0039
435764,B07HXWG5SP,4.0,"Ok scent,. I bought it because reviews said if smelt great for men... it's a 'meh' for me.  Smells good just nothing great.  Z",P000015,Coach for Men,ACC-0022,ACC-0008,ACC-0022|ACC-0008|ACC-0004|ACC-0033|ACC-0036|ACC-0095|ACC-0082|ACC-0092|ACC-0049|ACC-0005
436356,B07MVGSTMS,5.0,Awesome perfume. This bad boy is sweet and strong and it lasts! My grandma loves this perfume! Worth every penny.,P000249,Carolina Herrera Bad Boy,ACC-0092,ACC-0082,ACC-0092|ACC-0082|ACC-0014|ACC-0095
437062,B01N2JLUJE,2.0,"Welp, I am 1 for 2 with the replica fragrance line. I love deep manly musky smells. I’ve been wearing polo green my whole life and this is my first change. I bought a full bottle of  “at the barbers” blind. I can guess what it would smell like and took the chance. Love it! Now I’m intrigued in this fragrance line.<br /><br />I bought a sampler of the ever popular “by the fireplace”. What a bust. I was expecting Smokey, dark, musky, chestnut type smell. NOPE. I had to double check the packaging to make sure I got the right product. It is over powering Vanilla up front. Maybe with a slight talcum powder finish. The ultimate unisex fragrance. Perfect for men and women who are 50+. Frankly it smells like a glorified axe body spray. My aunt Gertrude could rock this scent. Thank god I only got a sampler. Now that I know they sell these at Nordstrom and Sephora I’m not going to waste money on samples and try free samples.",P000015,Coach for Men,ACC-0022,ACC-0008,ACC-0022|ACC-0008|ACC-0004|ACC-0033|ACC-0036|ACC-0095|ACC-0082|ACC-0092|ACC-0049|ACC-0005
437485,B0925WGY2F,5.0,"Huge liners! Beautiful colors!. I was expecting these to come together in a small box or something similar. Instead, they came in a ziplock plastic bag, and inside they each were in their own product box and the product boxes were a lot bigger than I expected! I honestly wasn’t sure what the heck they were at first! The outside of each box has a sticker with a number on it (01-06).<br /><br />The liners were also a lot bigger than I expected! I was so surprised! The tubes with the color in them are pretty big, so you get a lot of product! The bottom of each one also has a sticker with a number on it (01-06), but there were 2 missing the stickers. Not a big deal to me. You can see the color of each through the tube, so I don’t need labels.<br /><br />The applicator is a plastic point. They aren’t very flexible, so sometimes can be hard to work with. But, once you get used to them it’s easier. These ones do have a little give, which makes them a little easier. I never find it very easy to get a thin line with these. Usually they tend to kind of swipe the color, and not go as pigmented as when you use the side of the applicator. So, when I want a thin, precise line, I’ll usually put a decent amount onto my hand and dip a thin tipped brush in it. With some liners, you can’t do that because they dry down too fast. These ones give you time to work, so I like that. The thicker the amount, the longer it takes to dry down. So, if you put a thick amount in a little pile on your hand or a palette, you can easily dip your brush in and do your precise line before it dries down!<br /><br />They are all beautiful and pigmented. The red, green, and brown seem more metallic than glittery to me. The gold like there’s gold glitter in it. The looks like it has silver glitter in it. The silver is the most glittery. It seems to have silver glitter in it.<br /><br />They dry down completely. They don’t seem to get flakey or chunky.<br /><br />Overall, I think this is a great set! You get ",P000032,Mugler (Come Together),ACC-0059,ACC-0022,ACC-0059|ACC-0022|ACC-0008|ACC-0039|ACC-0066|ACC-0033|ACC-0040|ACC-0094|ACC-0095
437639,B09NBDZDJW,5.0,"Soothing foot cream.. This review is for a jar of STRIDE Foot Cream. This cream helps with rough heels and moisturizes dry feet.<br /><br />The ACTIVE ingredients listed on the product page are:<br />Deionized water, green tea leaf extract, cocos nucifera (coconut) oil, dodecane, cetearyl alcohol, polysorbate 60.<br /><br />The cream while in the jar has a soft, almost wipped appearance. When applying it feels kind of waxy, which feels soothing on my feet. The smell kind if a fresh scent and isn't very strong. I like this foot cream a lot.",P000046,Elizabeth Arden Green Tea,ACC-0022,ACC-0039,ACC-0022|ACC-0039|ACC-0008|ACC-0033|ACC-0032
438233,B0889VG6GS,4.0,"Great natural deodorant. I love Schmidt’s deodorants. Keeps you smelling fresh all day. This scent is more for men, but I have used it as well. The only negative is that it stains your clothing, but I like it nonetheless.",P000015,Coach for Men,ACC-0022,ACC-0008,ACC-0022|ACC-0008|ACC-0004|ACC-0033|ACC-0036|ACC-0095|ACC-0082|ACC-0092|ACC-0049|ACC-0005
439615,B002XQ1R06,4.0,Great fragrance for men. I normally purchase all my colognes at stores. This time I gave it a try with Amazon. Same quality as in stores,P000015,Coach for Men,ACC-0022,ACC-0008,ACC-0022|ACC-0008|ACC-0004|ACC-0033|ACC-0036|ACC-0095|ACC-0082|ACC-0092|ACC-0049|ACC-0005
440491,B00X04M31C,5.0,"Soft eye pillow with nice scent. I bought this for my daughter who suffers from migraines. She likes the scent as well as the satiny feel of the pillow. She normally uses a frozen compress on her eyes or the back of her neck when she gets a migraine, but this is much more comfortable for her. I like that there's also the option to use it hot.<br /><br />I received this item at a discount in exchange for an honest review.",P000062,Narciso Rodriguez For Her,ACC-0059,ACC-0068,ACC-0059|ACC-0068|ACC-0066|ACC-0095|ACC-0064|ACC-0092|ACC-0036|ACC-0004|ACC-0031|ACC-0082
443718,B07RP7MW3T,4.0,"Good casual and daily mens fragrance. Read many reviews about the scent of this cologne not lasting long after initial squirts. I must admit the first squirt on my wrist was so concentrated that it dried like a second skin and lasted FOREVER! Since having it for a bit, it doesn't apply the same, smells good almost CREED AVENTUS like but doesn't last the day anymore. Still a good in between and travel cologne as I've gotten several compliments while wearing this cologne. Not like when I wear CREED but for a cheap fragrance even one compliment is worth the price of purchase.",P000133,Creed Aventus,ACC-0036,ACC-0082,ACC-0036|ACC-0082|ACC-0095|ACC-0050|ACC-0022|ACC-0075|ACC-0059|ACC-0085|ACC-0032|ACC-0057
444568,B09R9336BK,5.0,I love it!. I’m really loving it! I’ve been wanting a rice water spray and during my research I stumbled upon this one. So glad I did! Smells really nice but not overpowering. My mom’s been using it too so I may have to get one for her so she stops stealing mine!,P000062,Narciso Rodriguez For Her,ACC-0059,ACC-0068,ACC-0059|ACC-0068|ACC-0066|ACC-0095|ACC-0064|ACC-0092|ACC-0036|ACC-0004|ACC-0031|ACC-0082
445170,B00CUF29WU,5.0,"Nutures the hair and scalp - works for styling if hair is shorter.. Love this stuff - use it as a hair styler in small quantities when my hair is shorter. Good for men's dry skin too. Nice, calming, herbal scent too.",P000015,Coach for Men,ACC-0022,ACC-0008,ACC-0022|ACC-0008|ACC-0004|ACC-0033|ACC-0036|ACC-0095|ACC-0082|ACC-0092|ACC-0049|ACC-0005
447527,B00XYM5Q2I,5.0,"Smells just like the real Tom Ford cologne. Smells just like the real Tom Ford cologne, which I also own. I actually used this oil to make candles that smell like Oud Wood. They smell amazing!",P000132,Tom Ford Oud Wood,ACC-0095,ACC-0092,ACC-0095|ACC-0092|ACC-0062|ACC-0008|ACC-0087|ACC-0009|ACC-0033|ACC-0004|ACC-0066|ACC-0082
449874,B00L0GY1LW,5.0,"we only need the pharmacy-grade lotion for really bad outbreaks. The scent is fresh and light. My youngest sister has eczema. The eczema lotion the dermatologist prescribed for her was expensive. Between these calendula soaps and Kiss My Face honey calendula moisturizer, we only need the pharmacy-grade lotion for really bad outbreaks. The scent is fresh and light, the soap feels clean/smooth and lathers nicely. If you need specialty soaps for health reasons, then Freedom Soap's charitable background is pretty much the deal-breaker here. Have your soap and help someone too.",P000062,Narciso Rodriguez For Her,ACC-0059,ACC-0068,ACC-0059|ACC-0068|ACC-0066|ACC-0095|ACC-0064|ACC-0092|ACC-0036|ACC-0004|ACC-0031|ACC-0082
450788,B091PBDV66,3.0,"Great shampoo and conditioner, horrible bottle quality. The product itself is absolutely amazing. The smell is incredible and 90% of the reason why I bought it. Although it does work extremely well and makes your hair very very soft. I’m one of those people that doesn’t ever really need to use conditioner I just use a moisturizing shampoo and my hair is incredibly soft. My fiancé on the other hand use shampoo and conditioner. Every time she washes her hair. If it wasn’t for her using this, then I probably wouldn’t have noticed for a month but the squirt plunger on the conditioner bottle is completely broken so you have to unscrew the lid and put it in your hand to use it which really sucks considering I paid 40 something dollars for this set, that being said it doesn’t take away from the quality of the product inside the bottle, it just sucks at the quality of the bottle itself is very weak.",P000062,Narciso Rodriguez For Her,ACC-0059,ACC-0068,ACC-0059|ACC-0068|ACC-0066|ACC-0095|ACC-0064|ACC-0092|ACC-0036|ACC-0004|ACC-0031|ACC-0082
452220,B0089BCCB2,5.0,"I was happy to find this for her birthday. While vacationing in Mexico, my 8 year old granddaughter  and I read about ambergris. It is actually vomit from a sperm whale. It is used in perfume making.  I was happy to find this for her birthday. She couldn't believe it.  Smells great.",P000062,Narciso Rodriguez For Her,ACC-0059,ACC-0068,ACC-0059|ACC-0068|ACC-0066|ACC-0095|ACC-0064|ACC-0092|ACC-0036|ACC-0004|ACC-0031|ACC-0082
452991,B08L3VBNB9,5.0,It's a good product. I like this product for my preteen daughter because it is so safe for her but the lavender scent needs to be mixed with something fruity or something citrusy because it just isn't a good pit smell.,P000062,Narciso Rodriguez For Her,ACC-0059,ACC-0068,ACC-0059|ACC-0068|ACC-0066|ACC-0095|ACC-0064|ACC-0092|ACC-0036|ACC-0004|ACC-0031|ACC-0082
453776,B0941YDPSW,5.0,"Third Time Is A Charm. I’m these photos I’m on day 2 of no washing. My hair is a bit messy due to humidity so don’t get me wrong, this is an amazing product. This is the third shampoo bar I’ve used. I started with J.R. Ligott’s Original bar, I finished that and moved to an off brand fermented rice bar, and now this bar. These shampoo bars are almost like washing your hair with oil, especially the J.R. Ligott’s bars, but don’t let that steer you away. My hair has never been healthier, with such great texture, and so much new growth. The problem I had with the other two bars was my hair got oily too fast. I wash my hair every 2-4 days. I try my best to shoot for 4. I have curly hair, A LOT OF IT, and the strands are extremely fine. I saw that this is for fine to normal hair so I decided to try it. It has the rice starch and oat starch in it that helps with hair growth. It is more chemically than I would like but it makes my hair so nice and I can go 4 days between washes with no problem. This bar makes my hair feel so soft. I have gotten so use to shampoo bars that the lack of scent is not a problem. It makes your hair smell very natural and clean, a little earthy. Shampoo bars last for months I have yet to finish this bar and I’m excited to see how long it lasts. If you want to save money, help the planet, and make your hair super nice I recommend this shampoo bar. I recommend this bar for men, women, and children alike. It’s amazing.",P000015,Coach for Men,ACC-0022,ACC-0008,ACC-0022|ACC-0008|ACC-0004|ACC-0033|ACC-0036|ACC-0095|ACC-0082|ACC-0092|ACC-0049|ACC-0005
456729,B00PI8LB3E,5.0,"Smells good and good for them!. My daughter is very picky about the way her products smell, and this one is a winner for her. It smells great and she likes using the pump. And I like that it's organic and listed high on EWG's safe products list.",P000062,Narciso Rodriguez For Her,ACC-0059,ACC-0068,ACC-0059|ACC-0068|ACC-0066|ACC-0095|ACC-0064|ACC-0092|ACC-0036|ACC-0004|ACC-0031|ACC-0082
459083,B08DQ7H4H1,4.0,"Good but funky-smelling. I was hoping this would be like Trader Joe's Pumpkin Body Butter, which I can't get during the pandemic because reasons. While it has a nice consistency and seems to moisturize my feet well, I am not sure that describing the scent as pumpkin pie is accurate. To be sure, there's a definite scent of pie spices, but there's also an odd smell that reminds me of the liniment my grandma used to use for her arthritis. I'm not sorry I bought it, but the smell is just a bit off.",P000062,Narciso Rodriguez For Her,ACC-0059,ACC-0068,ACC-0059|ACC-0068|ACC-0066|ACC-0095|ACC-0064|ACC-0092|ACC-0036|ACC-0004|ACC-0031|ACC-0082
460844,B09GYRHYZ5,5.0,"Great Vegan & Cruelty Free Hair Product for Men & Women With Short Hair. This stuff is amazing! It makes styling my hair so easy, although this is technically a &#34;men's&#34; product, I, a woman with a short pixie cut use it. It is very easy to work with, I'm able to spike my hair up and it holds well throughout the day but it is pliable enough that I can restyle it a different way if I so choose. It shows up matte, as advertised, it doesn't look shiny at all so I can achieve a messy bedhead look as well. It smells really nice too. I also love that it's paraben free, vegan and cruelty-free, and this company donates money to the It Gets Better Project which is so cool! Overall really impressed with the product and company!",P000015,Coach for Men,ACC-0022,ACC-0008,ACC-0022|ACC-0008|ACC-0004|ACC-0033|ACC-0036|ACC-0095|ACC-0082|ACC-0092|ACC-0049|ACC-0005
461562,B07W95JDDR,5.0,"Not just for men, great for feet. Bought for husband as body powder since it is talc free and has menthol. The smell is great and holds up all day. I use it as well in socks and it’s great for sore feet after a shower.",P000015,Coach for Men,ACC-0022,ACC-0008,ACC-0022|ACC-0008|ACC-0004|ACC-0033|ACC-0036|ACC-0095|ACC-0082|ACC-0092|ACC-0049|ACC-0005
461743,B01FSWQ27Y,5.0,"Five Stars. Amazing! Smells like Almond Cookies, and also like Dior's Hypnotic Poison. Love it!",P000178,Dior Hypnotic Poison,ACC-0036,ACC-0087,ACC-0036|ACC-0087|ACC-0003|ACC-0047|ACC-0061
461907,B01MU7F3UC,5.0,"Great product.. Great patchouli smell, not too overwhelming. Not just for men, definitely unisex.",P000015,Coach for Men,ACC-0022,ACC-0008,ACC-0022|ACC-0008|ACC-0004|ACC-0033|ACC-0036|ACC-0095|ACC-0082|ACC-0092|ACC-0049|ACC-0005
463235,B00Q5V41NK,5.0,"Im a guy and I unabashedly like and use this pack. Im a guy and I unabashedly like and use this pack.I was skeptical to begin with, considering I have super sensitive skin that easily breaks out with the wrong products but this pack was a joy to apply and feel on my face. Has a mild eucalyptus-y smell when on face and as it dries. Application was simple. Wash your face, apply the paste evenly as desired and let dry for 10-15 minutes. After wash, felt my skin smoother, tighter and fresher looking. There was no smell after I washed the mud away. Would recommend this for men and women alike but like any skin product, your mileage may vary. Worth trying once to see if its a match. Also, might be helpful to note, the tub would probably allow me about 30-40 applications. I would still but this as a good investment on your skin and youthful looks.",P000015,Coach for Men,ACC-0022,ACC-0008,ACC-0022|ACC-0008|ACC-0004|ACC-0033|ACC-0036|ACC-0095|ACC-0082|ACC-0092|ACC-0049|ACC-0005
463557,B01MG2XB0K,5.0,Long lasting. Great scent for men and women. Love this scent,P000015,Coach for Men,ACC-0022,ACC-0008,ACC-0022|ACC-0008|ACC-0004|ACC-0033|ACC-0036|ACC-0095|ACC-0082|ACC-0092|ACC-0049|ACC-0005
463938,B07V1JXBNT,4.0,"Good scent, not strong enough.. Being a Tom Ford fragrance, it totally surprised me that it wasn't very strong. It lasts a while, but just doesn't project as well as other frags (especially Tom Ford). It does smell good, however.<br />My personal favorite Tom Ford that I've smelled is Lost Cherry (and Black Orchid).",P000061,Tom Ford Black Orchid,ACC-0031,ACC-0028,ACC-0031|ACC-0028|ACC-0037
463996,B073QW1H3N,5.0,"Excellent Product - Be aware that it does not glide like the chemical-laden deodorants. There is a reason that Primal Pit Paste is top-rated in the category of natural deodorants. The product works and also does not overwhelm you with a cloud of scent or leave you smelling like a patchouli soaked stoner. The Royal and Rouge is a good choice for men. I prefer the stick option for ease of application and not getting it all over your fingers.<br /><br />Be aware that if you are like many dudes and don't shave your pits, this stuff does not have the gliding lubricants found in the majority of commercially available deodorants and the surface will quickly be coated with your hairs. If you can live with that minor issue, it is a great option. A little splash of water before applying helps with the friction.",P000015,Coach for Men,ACC-0022,ACC-0008,ACC-0022|ACC-0008|ACC-0004|ACC-0033|ACC-0036|ACC-0095|ACC-0082|ACC-0092|ACC-0049|ACC-0005
465906,B08XMBHL8C,1.0,"Yuck.. Firstly, I thought that this was a men's product.  Those are dudes in the product info right?  This product does not have a manly scent at all.  It smells like a cross between granny's Dove bar soap and her Jurgen's lotion.  It's so overpowering that I have to leave the bathroom for a larger space in order to apply it.  Secondly, the pump thing in the other reviews is a real issue.  I had to pump about 100 times to get the lotion to dispense.  I thought the pump was broken at first, but it finally came out. The lotion is very heavy and goopy.  I'm a man, and this product is so thick that it slicks down the hair on my arms and legs like hair mousse.  It also doesn't really seem to moisturize well, and it dries more sticky than moist.  I like to tan, so I use moisturizer alot.  I've been using Lubriderm for men and thought I would try upgrading to something more expensive.  Even though the Lubriderm was way cheaper, it had a light manly smell, was much thinner and light, and it actually made my skin feel hydrated, whereas this product just made me feel sticky.",P000015,Coach for Men,ACC-0022,ACC-0008,ACC-0022|ACC-0008|ACC-0004|ACC-0033|ACC-0036|ACC-0095|ACC-0082|ACC-0092|ACC-0049|ACC-0005
466156,B00I3LSLW2,5.0,"Best pomade on the market. Best pomade on the market. Smells great light coconut scent ideal for men. Easy to use, cleanup, and style with. Holds your hair all day and after waking up you could spritz with some water and restyle easily if needed or in a rush. Washes out easily as well and keeps hair moisturized. Top quality and worth the money.",P000015,Coach for Men,ACC-0022,ACC-0008,ACC-0022|ACC-0008|ACC-0004|ACC-0033|ACC-0036|ACC-0095|ACC-0082|ACC-0092|ACC-0049|ACC-0005
466801,B0858V7B29,5.0,"BEAST. Almost NO info to find about this fragrance house, but its an absolute BEAST of a juice, Long lasting, great silage and projection. Like Bentley For Men, another juice ppl sleep on bc they think its cheap..well, think again. I cant tell you the notes, but def the  ""holy trinity"" ingredients ( Rose, saffron, oud).. Trust your nose..this is great!!",P000015,Coach for Men,ACC-0022,ACC-0008,ACC-0022|ACC-0008|ACC-0004|ACC-0033|ACC-0036|ACC-0095|ACC-0082|ACC-0092|ACC-0049|ACC-0005
467227,B01IIUP1XE,5.0,"and fine blonde hair so I was looking for a conditioner .... I have very long, thin, and fine blonde hair so I was looking for a conditioner that would not weigh my hair down, but still deliver on its promise of thickening. First off I love the smell of this! Its a very subtle almost dreamsicle smell. I imagine its due to all the awesome smelling organic ingredients like wild geranium extract, jojoba oil, ginger extract, evening primrose oil, etc. The active thickening ingredients are algae extract, argan oil, biotin, caffeine, coconut oil, pumpkin seed oil, and green tea. I've been using this conditioner for a week now and I do feel the texture of my hair has improved. The only complaint I have is that this is a smaller sized bottle, but a small amount of this goes a long way. I am happy with this purchase and I will buy this again!",P000046,Elizabeth Arden Green Tea,ACC-0022,ACC-0039,ACC-0022|ACC-0039|ACC-0008|ACC-0033|ACC-0032
469497,B08XMBHL8C,5.0,Awesome!. This stuff is awesome and definitely not just for men.. Every female that has tried it loves it as well. Very subtle and clean smell which is what I prefer.,P000015,Coach for Men,ACC-0022,ACC-0008,ACC-0022|ACC-0008|ACC-0004|ACC-0033|ACC-0036|ACC-0095|ACC-0082|ACC-0092|ACC-0049|ACC-0005
469783,B016PHPFI8,5.0,Orange Blossom Soap is Great. I purchased this as a Christmas gift for  my sister. She loved the light fragrance and the soap is a delight for her.,P000062,Narciso Rodriguez For Her,ACC-0059,ACC-0068,ACC-0059|ACC-0068|ACC-0066|ACC-0095|ACC-0064|ACC-0092|ACC-0036|ACC-0004|ACC-0031|ACC-0082
473598,B008T06DZO,5.0,"light scent, arrived on time.. This is for men, but smells light enough for a woman. Arrived on time.",P000015,Coach for Men,ACC-0022,ACC-0008,ACC-0022|ACC-0008|ACC-0004|ACC-0033|ACC-0036|ACC-0095|ACC-0082|ACC-0092|ACC-0049|ACC-0005
474530,B0761XBQ9Z,2.0,"I don't not recommend this for guys. I want to like this product but I just can't.  Half way through the day it fails on me, it's just not strong enough for men I think.  It also smells like Doublemint Gum",P000015,Coach for Men,ACC-0022,ACC-0008,ACC-0022|ACC-0008|ACC-0004|ACC-0033|ACC-0036|ACC-0095|ACC-0082|ACC-0092|ACC-0049|ACC-0005
474604,B07DMQF75D,5.0,Distinct smell. It smells a little masculine for my liking but it is a pleasant jasmine scent. Smells closer to an Axe body spray for men than a floral perfume. I like it though it just wasn't the scent I was expecting.,P000015,Coach for Men,ACC-0022,ACC-0008,ACC-0022|ACC-0008|ACC-0004|ACC-0033|ACC-0036|ACC-0095|ACC-0082|ACC-0092|ACC-0049|ACC-0005
475302,B08S3S3Y4L,5.0,"It's the best. This scent is perfect for men, works and smells great!",P000015,Coach for Men,ACC-0022,ACC-0008,ACC-0022|ACC-0008|ACC-0004|ACC-0033|ACC-0036|ACC-0095|ACC-0082|ACC-0092|ACC-0049|ACC-0005
475957,B0178L9716,5.0,"Warm, cosy and beautiful.. Blind buy, but such a good smell! Gosh it is supposed to be for men, but it is beautiful on woman, the coziest smell, warming, not overpowering, nice and spicy, but not in a harsh way, smth Eastern but suitable for European nose. Warming in cold weather.",P000015,Coach for Men,ACC-0022,ACC-0008,ACC-0022|ACC-0008|ACC-0004|ACC-0033|ACC-0036|ACC-0095|ACC-0082|ACC-0092|ACC-0049|ACC-0005
476249,B0145Q9TFQ,5.0,"Joule hotel - Green Tea & Peony scent. I got this because of the review mentioning that they were looking for the scent from the Joule in Dallas! That what I was looking for too! It smells so good. It’s not as thick as I would like for have “all day” moisture, but I was going for the scent more.",P000046,Elizabeth Arden Green Tea,ACC-0022,ACC-0039,ACC-0022|ACC-0039|ACC-0008|ACC-0033|ACC-0032
479108,B00C6CCPW6,4.0,"My wife will not use anything else. Seriously; since I bought her first DE razor, and purchased this with it, she will not go with anything else.  She loves the lily-of-the-valley scent and the shave she gets.  Initially, I purchased this since it was one of the only higher end soaps that did not contain animal products (a concern for her) but she fell in love - this was, probably, her fifth (or so) tub in a couple of years.  I tried it once on my face and it rivaled my usual TOBS soaps for comfort and BBS results.",P000062,Narciso Rodriguez For Her,ACC-0059,ACC-0068,ACC-0059|ACC-0068|ACC-0066|ACC-0095|ACC-0064|ACC-0092|ACC-0036|ACC-0004|ACC-0031|ACC-0082
480846,B08Z3BCMS3,1.0,"Don't be fooled - this is NOT the Candie's For Men you're looking for. I used to wear Candie's all the time. I still have a little left in an old bottle. I was excited to finally see Candie's back on the market so I didn't hesitate to order a bottle. I just got it today. One spray is all it took to know this is nothing close to the original Candie's For Men smell. I was immediately sorry I wasted time and money ordering this. You'll probably never be able to sample this in a store because - for sure - nobody would buy it. Horizon Beauty Group clearly saw the high-priced demand for classic Candie's on resale sites and wanted to capitalize on it. Please, do not waste your money on this cheap copycat imposter. If you truly love the original scent, this will be nothing more than a disappointment.",P000015,Coach for Men,ACC-0022,ACC-0008,ACC-0022|ACC-0008|ACC-0004|ACC-0033|ACC-0036|ACC-0095|ACC-0082|ACC-0092|ACC-0049|ACC-0005
481666,B07XF5F1X9,5.0,"ABSOLUTELY YUMMY SCENT!!. HOW ABSOLUTELY YUMMY IT SMELLS!! It's meant for men, but I like the scent of cologn, and this fragrance sticks with me longer than most of the other Jason's fragrances.",P000015,Coach for Men,ACC-0022,ACC-0008,ACC-0022|ACC-0008|ACC-0004|ACC-0033|ACC-0036|ACC-0095|ACC-0082|ACC-0092|ACC-0049|ACC-0005
482309,B00S81E1YY,5.0,Five Stars. Nice scent for men and the soap last a long time.,P000015,Coach for Men,ACC-0022,ACC-0008,ACC-0022|ACC-0008|ACC-0004|ACC-0033|ACC-0036|ACC-0095|ACC-0082|ACC-0092|ACC-0049|ACC-0005
483228,B00J7QCNDU,5.0,Try it. You will like it.. Very effective for my knee and hip arthritis. It worked for my wife also for her arthritic pain. Nice scent. Will use this long term. HIGHLY RECOMMENDED!,P000062,Narciso Rodriguez For Her,ACC-0059,ACC-0068,ACC-0059|ACC-0068|ACC-0066|ACC-0095|ACC-0064|ACC-0092|ACC-0036|ACC-0004|ACC-0031|ACC-0082
484303,B01BT3FPPG,3.0,Not really the green tea experience I was looking for. This soap is just okay. It smells like green tea for about one minute after you first start using it. I really like the smell of green tea which is part of the reason I bought it. I also like natural soaps. The lather is also just so so.,P000046,Elizabeth Arden Green Tea,ACC-0022,ACC-0039,ACC-0022|ACC-0039|ACC-0008|ACC-0033|ACC-0032
485933,B00355GCS6,5.0,LOVE IT!!!. The Primal Elements loaf Soap in Ariel is one of the best Glycerin Soaps that we have found.  The deal on Amazon was great for the 5 pound loaf.<br /><br />The Ariel Glycerin Soap is by far the best in the Primal Elements line for men.  The fragrance is fabulous and is not too over powering.  I would recommend that you also get a soap dish with a grated or open bottom so the soap will not disolve while not in use.<br /><br />We will continue to order this soap forever!!!,P000015,Coach for Men,ACC-0022,ACC-0008,ACC-0022|ACC-0008|ACC-0004|ACC-0033|ACC-0036|ACC-0095|ACC-0082|ACC-0092|ACC-0049|ACC-0005
486615,B07CRBSG8Y,5.0,"Perfect product for people with dry hair & dry scalp -- for men & women. I have tried other products as I cannot wash my hair daily because of dry scalp.  This is perfect for the every other day use.  In the store, product is about $7.00, so this is a bargain at two bottles for $13.99 plus shipping.  However, the other company charging $49.00 plus shipping is way over-charging.  Stick with this company that sales it for $13.99.  Perfect for people with dry hair and dry scalp -- no overpowering scent, so perfect for men and women.",P000015,Coach for Men,ACC-0022,ACC-0008,ACC-0022|ACC-0008|ACC-0004|ACC-0033|ACC-0036|ACC-0095|ACC-0082|ACC-0092|ACC-0049|ACC-0005
486969,B00VG19U7G,1.0,"Fragrance was lost within minutes.. This was a gift for my mom. She always talked about this perfume; when I finally found it on Amazon I order it for her. She was so happy when she got it, however with minutes the fragrance disappeared, didn’t last at all.",P000062,Narciso Rodriguez For Her,ACC-0059,ACC-0068,ACC-0059|ACC-0068|ACC-0066|ACC-0095|ACC-0064|ACC-0092|ACC-0036|ACC-0004|ACC-0031|ACC-0082
487070,B01GKFNS9S,5.0,"The best dry shampoo at this price point. I've tried MANY dry shampoos, and my favorite is Oscar Blandi, but at something like $30/can, it's cost prohibitive.<br /><br />I was in Sally one day and a woman was FRANTICALLY asking where this was...the clerk said they were out...she said she'd been all over town and needed it that day for a wedding she was doing. While the clerk made some calls to other stores, the woman told me this was the best she'd ever used, didn't leave white residue, and it helped her with formal updo's for her clients. She sang it's praises so well that the next time I was there and I saw it on the shelves, I picked up a can.<br /><br />It did not disappoint, and now this is the only place I can find it.<br /><br />It's a great mid-point dry shampoo - it doesn't make my hair dirtier-feeling like a lot of drugstore versions, doesn't leave residue, has a great scent, can be used in subsequent days without looking gross, and is affordable (compared to my favorite).<br /><br />Get it, try it, love it.",P000062,Narciso Rodriguez For Her,ACC-0059,ACC-0068,ACC-0059|ACC-0068|ACC-0066|ACC-0095|ACC-0064|ACC-0092|ACC-0036|ACC-0004|ACC-0031|ACC-0082
488035,B01B6Z1J52,5.0,"No more Crazy Cat Lady Hair!. My daughter has crazy curly hair. I've always battled keeping it under control, even when I keep it shorter. When I started using this I noticed a difference right away! I am super excited. She has been using it for a while and I no longer have to use tons of products in her hair to keep it from frizzing out. We live in Florida so the humidity here is absolutely insane and the frizz can get completely out of control.<br /><br />It worked very well for her skin as well. She is only 6 and also has very sensitive skin, this set gave her no problems at all, unlike many other products we have tried for her. The fact that it is organic and has no added fragrance, yet still has a pleasant smell is also a huge plus for me.<br /><br />As a mother with a child who has unruly hair, I can tell you I have paid this much for products that either do not work as well or she is unable to use, so you can complain...but really it is worth it. I no longer have to use her &#34;Perfect 10&#34; (Or whatever it's called) oil or curl control spray. You know those each cost 10-20 a bottle?! and by the end of school her hair is still all crazy cat lady. So yes, the initial purchase price is scary, but when you think of how well it works, and the products you no longer have to use (we are down to just some spray gel...$3 a bottle) it is a sound investment if you ask me.<br /><br />I received this product at a discounted price for my honest and unbiased feedback. All opinions stated above are my own and were in no way influenced by the discounted rate that I received.",P000062,Narciso Rodriguez For Her,ACC-0059,ACC-0068,ACC-0059|ACC-0068|ACC-0066|ACC-0095|ACC-0064|ACC-0092|ACC-0036|ACC-0004|ACC-0031|ACC-0082
488508,B01JKG1SBY,5.0,Super nice smell. Super nice smell.  Love this.  Wearing it now.  It is earthy and probably supposed to be for men but I am a woman and I love it!,P000015,Coach for Men,ACC-0022,ACC-0008,ACC-0022|ACC-0008|ACC-0004|ACC-0033|ACC-0036|ACC-0095|ACC-0082|ACC-0092|ACC-0049|ACC-0005
489198,B07NVDSJ9Q,5.0,"Similar to Amouage Interlude man. Fantastic smell. Last all day long. Very similar to Amouage Interlude man (infact I would say 95% similar). Just like Amouage Interlude man the smell of incense is pretty strong and heavy,so this perfume is not for those who don't like strong fragrances,but you would definitely love it if you like perfumes like Amouage Interlude man, another plus is you get it for about 20% cheaper the price you pay for Interlude man",P000137,Amouage Interlude Man,ACC-0004,ACC-0009,ACC-0004|ACC-0009|ACC-0033|ACC-0075|ACC-0092|ACC-0095|ACC-0062
490832,B08P3R7KC6,3.0,"Does not smell like vanilla coconut at all. My daughter loves the bath and body works vanilla coconut smell , so i bought this for her stocking. Does not smell like the scent at all .",P000062,Narciso Rodriguez For Her,ACC-0059,ACC-0068,ACC-0059|ACC-0068|ACC-0066|ACC-0095|ACC-0064|ACC-0092|ACC-0036|ACC-0004|ACC-0031|ACC-0082
491218,B07NKLH7LZ,3.0,So so toothpaste. They come in a plastic bottle and plastic bag. The flavor tasted nothing like green tea. I wish they tasted as good as they smell... But they do clean your teeth well and have fluoride.,P000046,Elizabeth Arden Green Tea,ACC-0022,ACC-0039,ACC-0022|ACC-0039|ACC-0008|ACC-0033|ACC-0032
493413,B078BQ26L3,5.0,"Product matches the great packaging! My go-to shampoo!. Have purchased a number of products from this line in the Aidan Gill for Men shop in New Orleans (which is a great experience in itself!) and happy to see them on Amazon. Shampoo has wonderful fresh scent, great lather, and feels like you came out of the barber shop. For similarly priced shampoos it is best value and last forever as you only need a dop to do the job. Highly recommend!",P000015,Coach for Men,ACC-0022,ACC-0008,ACC-0022|ACC-0008|ACC-0004|ACC-0033|ACC-0036|ACC-0095|ACC-0082|ACC-0092|ACC-0049|ACC-0005
493423,B00QR1A4MK,5.0,Five Stars. My sister loves this fragrance so I bought this for her a second time.,P000062,Narciso Rodriguez For Her,ACC-0059,ACC-0068,ACC-0059|ACC-0068|ACC-0066|ACC-0095|ACC-0064|ACC-0092|ACC-0036|ACC-0004|ACC-0031|ACC-0082
498606,B01MU7F3UC,5.0,Smells amazing. Great product!!’ It smells really good. Great for Men.,P000015,Coach for Men,ACC-0022,ACC-0008,ACC-0022|ACC-0008|ACC-0004|ACC-0033|ACC-0036|ACC-0095|ACC-0082|ACC-0092|ACC-0049|ACC-0005
498742,B0C1ND3FVR,4.0,"Wonderful scent at first but it changes on my skin.... This smells lovely in the bottle, and when first put on my skin.  A beautiful light lemon scent. But, it changes on me to an Old Spice-like fragrance.<br />I will use it for room scent, but not for personal use.  Maybe better for men, or for those whose chemistry does not change it to something not lemony.  Mine did.",P000015,Coach for Men,ACC-0022,ACC-0008,ACC-0022|ACC-0008|ACC-0004|ACC-0033|ACC-0036|ACC-0095|ACC-0082|ACC-0092|ACC-0049|ACC-0005
498801,B011EXDBAM,5.0,loved this and the packaging was really nice. loved this and the packaging was really nice! great product for men who love stylke thier beards i gave it to my boyfriend and he wouldnt stop raving about how much he loves using this oil and conditoner for his beard! and there is no funky smell which is great<br /><br />i ahve recived this product for free or at dicsounted rate,P000015,Coach for Men,ACC-0022,ACC-0008,ACC-0022|ACC-0008|ACC-0004|ACC-0033|ACC-0036|ACC-0095|ACC-0082|ACC-0092|ACC-0049|ACC-0005
499738,B0167GS66A,4.0,"Finally A good Gel for Men. This is a really good gel for men (women too). It has a pleasant smell, is not greasy, holds without visible signs of any agent applied, and it takes a sparing amount. I prefer the strong hold in many cases - good to have both.",P000015,Coach for Men,ACC-0022,ACC-0008,ACC-0022|ACC-0008|ACC-0004|ACC-0033|ACC-0036|ACC-0095|ACC-0082|ACC-0092|ACC-0049|ACC-0005
500246,B07N4BT9LL,5.0,Great Scent!. I received this as a gift and being Irish was delighted.  Great for men and women.  Nice clean scent.  Makes you feel like you’re seaside!!  Will certainly order this again for myself and as a gift for my Irish friends!!,P000015,Coach for Men,ACC-0022,ACC-0008,ACC-0022|ACC-0008|ACC-0004|ACC-0033|ACC-0036|ACC-0095|ACC-0082|ACC-0092|ACC-0049|ACC-0005
500935,B08XMBHL8C,5.0,"Its lotion, for men.. It's body lotion! It moisturizes! It smells pretty good!",P000015,Coach for Men,ACC-0022,ACC-0008,ACC-0022|ACC-0008|ACC-0004|ACC-0033|ACC-0036|ACC-0095|ACC-0082|ACC-0092|ACC-0049|ACC-0005
501225,B01G45HX18,5.0,"Calily set of 6 aromatherapy bath bombs are amazing!!. Calily set of 6 aromatherapy bath bombs are amazing!!!! All natural ingredients let you indulge, relax, and nourish you senses, skin, body and spirit. Depending on your day, you choose what experience you want to indulge in or experience. Choices include:<br />1. Yoga Strength- Lemon lime, Orange, and Bergamot oils<br />2. Garden of Heaven- Lavender, Geranium, and Lime Oils<br />3. Revive- Peppermint, Lemon, Rosemary, and Eucalyptus Oils<br />4. Energy Grapefruit- Grapefruit Essential Oil<br />5. Stress Relief- Lavender, Marjoram, and Ylang Oils<br />6. Vanilla Indulgence- Vanilla Essential Oil<br /><br />Each bath bomb is infused with essential oils featuring natural, rejuvenating, and healing ingredients. Epsom salt is another essential ingredient for your body. It relieves pain, muscle cramps and inflammation. Each bath bomb is individually sealed in plastic, wrapped in yellow tissue paper and individually labeled, round in shape weighing 4.1 ounce. When it first arrived at my house, I oculdn't help but open the box and indulge my senses. the scents were amazing but not overpowering. Just the scent alone was relaxing and amazing. My daughter loves that they are vegan and has chose one for her to use.<br />The first bath bomb I tried was the stress relief. It was definitely a stressful day and I was looking forward to a relaxing bath to indulge mind, body, and spirit. As the tub was filling up with water, I dropped the bath bomb in  and watched it start to fizz immediately. Due to the all natural ingredients, of course there was little floating pieces of the plants. this would be my only con on the bath bombs but was the bath drained, they did rinse off easily and down the drain. the scent was much lighter than i was expecting since they smelled so wonderful and a little stronger in the box. I was pleased to have the lighter scent. I typically have dry skin and after 3 days, my skin is still soft. the bath bom",P000062,Narciso Rodriguez For Her,ACC-0059,ACC-0068,ACC-0059|ACC-0068|ACC-0066|ACC-0095|ACC-0064|ACC-0092|ACC-0036|ACC-0004|ACC-0031|ACC-0082
502938,B00XYM5Q2I,5.0,Fun to wear with $$$ to spare!. I smelled TF Oud Wood passing thru a duty free shop at the airport.  $215.00.  Spritzed myself and carried on with my flight.  Loved the scent.  Found this as an alternative.  I'm not against any knock off perfumes/oils as I like what I like and don't care if its exactly spot on or not.  This is so close my mind is brought immediately back to the duty free shop.  Long Lasting and fun to wear knowing I can use it daily and still have money in my pocket to live!  Going to definitely buy the larger size as I got the small to give it a whirl.  I've gotten some compliments and love telling people its Tom Ford...wink wink!  This is my current fragrance obsession.  Thank you for the great value item!,P000132,Tom Ford Oud Wood,ACC-0095,ACC-0092,ACC-0095|ACC-0092|ACC-0062|ACC-0008|ACC-0087|ACC-0009|ACC-0033|ACC-0004|ACC-0066|ACC-0082
504749,2464782475,5.0,"Magnificent Magic Cream- Vicco, where have you been my whole life?. Vicco Skin Cream - where have you been my whole life?!?!  I am totally impressed with this MIRACLE FACE LOTION! Vicco cream surpasses any lotion I currently use and for that matter ever used in the past, (including samples of ridiculously expensive stuff I got over the years), which is saying a lot since I am a notorious beauty product hoarder.  With occasional acne and eczema outbreaks thanks to my chronic illness (which also allows me to know the wonderful powers of taking tumeric as a supplement for joint pain)),I have easily tried over 100 types of facial cream,, including prescriptions from a dermatologist and products created for men, and even trying  thicker body lotions/butters and bodyface lotions for babies on my face in hopes that they would work (hint: they didn't, I don't even use a single face cream regularly now!). When I stumbled upon this while deep in the Amazon rabbit hole and saw the amazing reviews and crazy low price, I knew I had to at leat try it and I am so glad that I did!  (other posts for the same cream have hundreds of 4-5 star reviews, but many were either add-on items or I would have had to buy three or more tubes and didn't want to break my $10 test threshold without knowing if I would like the product or not) This tumeric and sandalwood cream, that feels like liquid velvety silk (if that makes sense) and smells absolutely incredible (kind of like a softer nagchampa incense stick that I want to bottle it up and wear it as perfume), is the perfect consistency, not too thick or too runny and it goes on smooth, fully blends in (which can often be a concern when tumeric is involved - it is used as a dye after all), fully absorbing/not leaving any greasy residue and drying to a perfect, soft, velvety matte (but not dry) finish within seconds. Plus, not only does this cream act in a preventative manner for acne, dark sports, some sunburn and signs of aging, its natural anti",P000015,Coach for Men,ACC-0022,ACC-0008,ACC-0022|ACC-0008|ACC-0004|ACC-0033|ACC-0036|ACC-0095|ACC-0082|ACC-0092|ACC-0049|ACC-0005
506134,B078BR95YF,5.0,"Great product. Not a single color the same!! Arrived early! All great colors. Came with apple, grape, and pineapple scented pads. Non was busted, came in little boxes so it was packaged well.... Well worth the money will buy again. My step daughter is going to love them for her birthday!!",P000062,Narciso Rodriguez For Her,ACC-0059,ACC-0068,ACC-0059|ACC-0068|ACC-0066|ACC-0095|ACC-0064|ACC-0092|ACC-0036|ACC-0004|ACC-0031|ACC-0082
506588,B00MYETS08,5.0,"Best Hair Product for Men. This fantastic stuff gives styling power without the hard crispy affect. It is a pleasant smelling (slight fragrance) wax that styles your hair and has medium hold. So your hair looks natural and shiny, not starchy and full of product. It washes out easily. I haven't found a better product for my hair in 12 years. I have tried because this was very hard to find anywhere outside the UK.",P000015,Coach for Men,ACC-0022,ACC-0008,ACC-0022|ACC-0008|ACC-0004|ACC-0033|ACC-0036|ACC-0095|ACC-0082|ACC-0092|ACC-0049|ACC-0005
507793,B08DKF7JK4,5.0,Smells just like the real thing!!. Long lasting and smells just like original hypnotic poison!,P000178,Dior Hypnotic Poison,ACC-0036,ACC-0087,ACC-0036|ACC-0087|ACC-0003|ACC-0047|ACC-0061
508599,B01LYPD4L2,5.0,"Beautifully Created Scent. While I very much like the texture of this hand cream, I especially like the scent (Island Gardenia & Salt Water).  I’m sensitive to smells and avoid artificially scented products, whether for household cleaning or cosmetic use.  The back of product further describes the scents used. Top: Orange & Green leaves.  Middle:  Gardenia & Neroli.  Base:  Amber Wood & Musk.  Well done - - thank you.",P000324,Ajmal Amber Wood,ACC-0062,ACC-0004,ACC-0062|ACC-0004|ACC-0079|ACC-0095
508617,B076PLZ1K6,2.0,"Not bad but.... First of all the smell is good but the deodorant gives a white mark under arms.<br />I do not like when stains remain on clothes.<br />Secondly, the smell of this deodorant is more for men than for women.<br />I do not understand why at the presentation there is no indication for whom it is intended.",P000015,Coach for Men,ACC-0022,ACC-0008,ACC-0022|ACC-0008|ACC-0004|ACC-0033|ACC-0036|ACC-0095|ACC-0082|ACC-0092|ACC-0049|ACC-0005
508996,B08BKWLHYP,5.0,"I cant wait for the cologne to come out!!! Trying to find the words for the scent. Amazing. I dont quite get the concept of 'beard balm' or even beard oil.  But I have been hearing a lot about oud wood oil and its scent.  WOW I would describe it as soft and warm.  Sort of a nice leather jacket that has been around a little pipe smoke.  Its a scent that you notice only when near someone.  Its not a scent that broadcasts itself to a whole room like a teenager cologne.<br /><br />Looks like they have a 100% satisfaction guarantee.<br />So trust me, buy one of the oud products they have available, maybe just the $15 bottle.  If you arent keen on it then you just contact the seller.<br />I doubt that will happen though.  As soon as you smell it you will probably go ahead and buy the larger bottle, or maybe by then the cologne will be out.<br />Thats what happened to me.  As soon as I bought the beard balm I quickly grabbed the beard oils.  I wont be putting it in my beard but I have been mixing it into unscented hand lotion and putting it all over.<br />I wish I had adequate words to describe the scent.",P000132,Tom Ford Oud Wood,ACC-0095,ACC-0092,ACC-0095|ACC-0092|ACC-0062|ACC-0008|ACC-0087|ACC-0009|ACC-0033|ACC-0004|ACC-0066|ACC-0082
509381,B0BBY271B6,5.0,"CGM friendly, minty scent. Let me start by saying that the pump came broken, which is unfortunate. However, I was still very excited to try this shampoo because of the great ingredients.<br /><br />I have been following the Curly Girl Method (CGM) for more than 2 years and I have seen great results with my hair. So I am very strict when choosing hair care products avoiding parabens, sulfates, drying alcohol, non-water soluble waxes. This shampoo does not have any of those 'bad ingredients' and love seeing Aloe Vera is the very first ingredient since it is a great ingredient in general.<br /><br />It does clean the scalp nicely, leaving a minty sensation. It is important to call out that since it does not have sulfates (which is the most common ingredient in regular shampoo to clean the scalp but can be harsh), you will need to scrub your scalp a bit more with your fingers tips (this is the same with any sulfate free shampoo).<br /><br />Overall rating due to broken pump: 4.5 rounding up to 5<br /><br />Full Ingredient List: Aloe Barbadensis (Organic Aloe Vera) Leaf Juice*, Rosa Centifolia (Organic Rose Hydrosol)* Flower Water, Sodium Cocoate (Saponified Coconut) Oil, Vegetarian Glycerin, Plant Cellulose, Citrus Aurantium Sinensis (Orange) Fiber, Coffea Arabica (Green Coffee) Leaf/Seed Extract, Caffeine, Mentha (Mint) Extract, Rice Ferment Filtrate (Sake), Biotin, Vitamin B3, Vitamin B6, Extracts of Camellia Sinensis (Organic Green Tea) Leaf*, Panax Ginseng (Ginseng) Extract, Lavandula Angustifolia (Lavender) Flower/Leaf/Stem, Mentha (Mint) Essential Oil, Lonicera Caprifolium (Japanese Honeysuckle), Acetum Mali (Apple Cider Vinegar), Curcuma Longa (Tumeric) * Certified Organic",P000046,Elizabeth Arden Green Tea,ACC-0022,ACC-0039,ACC-0022|ACC-0039|ACC-0008|ACC-0033|ACC-0032
509919,B0811PYYKY,5.0,"Easy to install, and good value for money. I ordered these Lihui Pre- Twisted Passion twists crochet 6 packs hair for my wife and she likes them so much. She says they seem to be made of good quality materials and like that they are pe-twisted. My wife wanted to try out a different style so we got these crochet passion twists. She likes that they are lightweight, durable, and easy to install with simple to follow instructions. She says she likes that the twists are tight and bouncy and they are also soft and shiny. Another feature my wife likes is that the passion twists don't tangle easily as she since she fixed them. She likes that they comes with enough twists for her whole head, and even had extra after fixing the hair. My wife has ordered hair in the past that smelled bad, luckily these twists didn't have a foul odor. Overall, my wife was very happy with these twists and how beautiful they looked on her. I would recommend them.",P000062,Narciso Rodriguez For Her,ACC-0059,ACC-0068,ACC-0059|ACC-0068|ACC-0066|ACC-0095|ACC-0064|ACC-0092|ACC-0036|ACC-0004|ACC-0031|ACC-0082
510217,B09SJ2ZRG9,4.0,"Scent is strong. Product arrived safety sealed and in an attractive dispenser. It goes on smoothly, and feels thicker than a lighter weight gel. It has a cooling effect, which is nice for me at the stage of life I am in. I enjoy a mentholated type product. This one has a stronger scent, which is probably why it is not meant for more sensitive skin. I personally don't mind it but it should be noted. It is priced competitively and I would order it again because I not only love how it feels, I also love that it contains hyaluronic acid and green tea.",P000046,Elizabeth Arden Green Tea,ACC-0022,ACC-0039,ACC-0022|ACC-0039|ACC-0008|ACC-0033|ACC-0032
510460,B01AKTK50U,5.0,"This Stuff is Amazing. I'm Ordering a Second Jar. Love love love this eye cream!  A couple of years ago, I read about how face products with vitamin c and hyaluronic acid were becoming wildly popular among celebrities to maintain a youthful appearance; I was definitely intrigued. I have tried numerous vitamin c creams over the last few years and I must say, this cream by Ove Beauty is definitely a standout for me. Not only does this cream contain the ever-famous vitamin c, it also contains a special blend of green and white tea; both excellent antioxidants!<br /><br />In any form, vitamin C, MSM, hyaluronic acid, green tea, rosehip oil and Coenzyme Q10 from Ove Beauty provide potent antioxidant protection, shielding skin from damaging free radicals—those pesky rogue molecules that promote premature aging. The most abundant forms of free-radical damage are environmental factors we can’t escape—think sun damage, pollution and oxygen—that assault skin on a daily basis, but that’s where topical vitamin C can help.<br /><br />When incorporated into your daily skincare lineup, well-formulated products containing vitamin C and these other other ingredients can provide a range of benefits that keep your skin younger-looking, longer. They can reduce the appearance of brown spots and other types of sun damage<br />Helps boost healthy collagen production (hello, firmer skin!); reduce inflammation and irritation, both of which cause a cascade of damage;<br />fade post-breakout red marks by improving skin’s natural healing response; and increase the effectiveness of your sunscreens and boost your skins defense against UV exposure.<br /><br />I have been using this cream every morning right and every night after I wash my face. I simply squeeze a small amount onto my fingertips and work it into my skin focusing on my problem areas (small laugh lines around my mouth and tiny, fine lines around my eyes) and my décolleté. The cream itself is nice and thick and absorbs easily into th",P000046,Elizabeth Arden Green Tea,ACC-0022,ACC-0039,ACC-0022|ACC-0039|ACC-0008|ACC-0033|ACC-0032
510809,B07CT88DYS,5.0,"Finally something that works for my teenager.. My teenage daughter can't use any store brand deodorant. She developed burns under her arms and they cause a lot of discomfort and peeling and discoloration in skin. She sweats a lot as well so you can imagine the smell. Nothing natural was coming close to helping. She was even wiping down 4 xs a day still not helping. I when through a lot of reviews and found this product. With Jr. Prom only a few days away I was trying to find something for her. This product was amazing. It shows up the day of her Jr. Prom. She said it worked amazing. She loves it. No redness no odors. No discomfort. This is the only thing that has worked for her. So not only will I be buying it again, it is now something I will be continuing to buy unless it stops working for her.",P000062,Narciso Rodriguez For Her,ACC-0059,ACC-0068,ACC-0059|ACC-0068|ACC-0066|ACC-0095|ACC-0064|ACC-0092|ACC-0036|ACC-0004|ACC-0031|ACC-0082
512559,B00ANV17FI,5.0,"Unfortunately discontinued, but lovely and haunting if you find it. Every scent is partly about how it reacts to your own body chemistry. This was amazing and hauntingly good. The few drops I have left I'm saving for a special occasion.<br />I find similar element in Santal 33 by Le Labo, but that's not nearly as elegant or unique as this.",P000138,Le Labo Santal 33,ACC-0095,ACC-0066,ACC-0095|ACC-0066|ACC-0050|ACC-0092|ACC-0090
512942,B002XQ1R06,5.0,"CK FREE. i have been a CK consumer for the past 5 years & I love the way it smells. its not overpowering fragrance & it will not give you a headache smelling it all day. I have used CK Free, CK Escape, CK BE, CK One.",P000026,Calvin Klein CK One,ACC-0022,ACC-0039,ACC-0022|ACC-0039|ACC-0008|ACC-0059
513240,B00O2B9MUC,5.0,"It will be your favorite scent and the soap lasts a long time.. My favorite soap! Green Tea has such a clean scent, would recommend it to anyone",P000046,Elizabeth Arden Green Tea,ACC-0022,ACC-0039,ACC-0022|ACC-0039|ACC-0008|ACC-0033|ACC-0032
515426,B01I2MU2JQ,5.0,"Smells great. Spreads easy. Great for babies and adults.. I began using this oil for my newborn. She had very dry and flaky skin. She is 9 months old and I still use it.  It has worked great for her.<br />It is not solidified like regular coconut oil, so spreads easily and smells great. I mix this with other oils from the same brand.<br />I use this as my everyday moisturizer.",P000062,Narciso Rodriguez For Her,ACC-0059,ACC-0068,ACC-0059|ACC-0068|ACC-0066|ACC-0095|ACC-0064|ACC-0092|ACC-0036|ACC-0004|ACC-0031|ACC-0082
516810,B06Y5VC5YF,5.0,Smells goooood. Beat smelling cologne for men ever!!,P000015,Coach for Men,ACC-0022,ACC-0008,ACC-0022|ACC-0008|ACC-0004|ACC-0033|ACC-0036|ACC-0095|ACC-0082|ACC-0092|ACC-0049|ACC-0005
516833,B07QPW8BFW,3.0,"Good product, but currently false advertising. Apparently, what you receive is different than what you think you’re buying. Many other reviews mentioned this issueI was under the impression that I would get 1 package w/ 60 wipes & most importantly a hard plastic snap closure to prevent drying. I gave it 3 stars because of product drying out & false advertising. These smaller packages (30 wipes) has a sticky flap closure that doesn’t stick after a few times, which causes the wipes to dry out. If you use the wipes on a regular daily basis, this may not affect you.  The wipes work good w/ a nice light scent, suitable for men & women.",P000015,Coach for Men,ACC-0022,ACC-0008,ACC-0022|ACC-0008|ACC-0004|ACC-0033|ACC-0036|ACC-0095|ACC-0082|ACC-0092|ACC-0049|ACC-0005
519936,B079RFBFSS,4.0,She says that it smells good and is good use for her body. I got this for my Grandma. She says that it smells good and is good use for her body. She said that it was too thick for her face and made her get a pimple or two so recommend only for body use.,P000062,Narciso Rodriguez For Her,ACC-0059,ACC-0068,ACC-0059|ACC-0068|ACC-0066|ACC-0095|ACC-0064|ACC-0092|ACC-0036|ACC-0004|ACC-0031|ACC-0082
519938,B07CT6V1PV,5.0,"No more “stinky pits”!. I have been trying different natural deordants for awhile know. This is the first one that works for me and doesn’t leave white marks on my clothes! It does have a tendency  to clump, if use too much. I have found if i put it on right out of the shower, after drying off, two swipes, that It is less likely to clump. I ordered the non scented and they accidentally sent me the lavender, I was glad for the mistake. The scent is mild and pleasant. When i reordered i stayed with the Lavendar scent. I got my daughter to try this , she had been using “smarty pits” for quite awhile but it was NOT working for her. This works for her which says a lot!  She doesn’t complain about having stinky y pits anymore! Definitely recommend!",P000062,Narciso Rodriguez For Her,ACC-0059,ACC-0068,ACC-0059|ACC-0068|ACC-0066|ACC-0095|ACC-0064|ACC-0092|ACC-0036|ACC-0004|ACC-0031|ACC-0082
522572,B077QTTH7Z,5.0,Love clubman products. Great scent!  This is the stuff that brings back barbershop memories. Cougars are reminded of the days of back seat drive-in debauchery. This is the stuff forged for men of real caliber. The only disclaimer is that those who wear skinny jeans will self combust if worn.,P000015,Coach for Men,ACC-0022,ACC-0008,ACC-0022|ACC-0008|ACC-0004|ACC-0033|ACC-0036|ACC-0095|ACC-0082|ACC-0092|ACC-0049|ACC-0005
522888,B07Q5G73MN,5.0,Good bar scrub. Very strong smell a green tea.,P000046,Elizabeth Arden Green Tea,ACC-0022,ACC-0039,ACC-0022|ACC-0039|ACC-0008|ACC-0033|ACC-0032
524195,B01MDUHEYL,5.0,"Wonderful wipes for men and women hygiene!!!!!!!!!!!!!!!!!. Truly loving these wipes. I appreciate that they are PH balanced 5.5 for the skin, fragrance free, and no harsh chemicals, like alcohol and they are hypoallergenic and dermatologist tested. All this is great for the sensitive areas! This criteria in wipes where hard to find so I was excited for these wipes. I have the 4 pack a try and thank goodness my husband and I love them because we got the 4 pack.<br />I am curious about the normal vaginal pH level bring between 3.8 and 4.5 and these wipes being used there for me. Though the PH balance of a man's Semen is between 7.2 and 8. So these wipes great because they can be used on the skin and on a women's vagina because the PH level isn't too far off. Seemingly multifunctional. I am curious if PURE could come out with a female wipe between the PH levels of 3.8 and 4.5 though I am not the expert and I don't know if that makes sense or not as the wipe will be used on the labia and the surrounding skin that is closer to the pH of 5.5.<br /><br />Thank you for these wonderful wipes<br /><br />P.S. the size is good at 7.85 X 6.3. for an even more luxurious wipe I would suggest 8 X 7 or so. I remember I liked a wire a lot that was maybe that size and similar to this brand though I completely have forgot the brand, hence the search elsewhere.",P000015,Coach for Men,ACC-0022,ACC-0008,ACC-0022|ACC-0008|ACC-0004|ACC-0033|ACC-0036|ACC-0095|ACC-0082|ACC-0092|ACC-0049|ACC-0005
526495,B07X4WZQ8D,5.0,This + Nautica Voyage. So I put my nose to the test and did some experimenting with the many colognes I have and found that Nautica Voyage actually compliments the generic scent of this cologne very well!<br /><br />This paired with a good outfit or suit and you're the alpha 🤩,P000299,Nautica Voyage,ACC-0007,ACC-0039,ACC-0007|ACC-0039|ACC-0036|ACC-0032|ACC-0031
526949,B00J14AOUW,5.0,"Smells great and feels great. Smells great and feels great, I am not a huge lotion user so I shared the first pack I ordered with my mom and now she is obsessed and this order was for her.",P000062,Narciso Rodriguez For Her,ACC-0059,ACC-0068,ACC-0059|ACC-0068|ACC-0066|ACC-0095|ACC-0064|ACC-0092|ACC-0036|ACC-0004|ACC-0031|ACC-0082
527369,B01F4N9MEC,5.0,"Rara avis. I wanted a new fall fragrance to take the place of the summery Issey Miyake for Men, and I couldn't have done better. This Penguin blend is crisp, warm, rich, and makes some amazing and delightful changes the longer it is worn. I've never tried any other Penguin scent, but I'm very happy with this one. Expensive, like any other premium cologne, but if this aspect of grooming is important to you, it is well worth it.",P000015,Coach for Men,ACC-0022,ACC-0008,ACC-0022|ACC-0008|ACC-0004|ACC-0033|ACC-0036|ACC-0095|ACC-0082|ACC-0092|ACC-0049|ACC-0005
527481,B002T74BDY,1.0,No Coconut or Pineapple - Might Find Alternative Uses. I purchased Nalu Koa because of the description and because it was from Hawai'i. Boy was I disappointed. No hint of the Pineapple or Coconut and it has an after-smell so bad I can't imagine wearing it in public. Not for men. Definitely not for women.<br /><br />I thought I might get rid of it by using it as a bathroom spray but my co-workers complained about the smell. The lid on the box broke when I opened it so I can't re-gift it. I guess I am stuck.,P000015,Coach for Men,ACC-0022,ACC-0008,ACC-0022|ACC-0008|ACC-0004|ACC-0033|ACC-0036|ACC-0095|ACC-0082|ACC-0092|ACC-0049|ACC-0005
528624,B001LBH1T0,5.0,"perfect gift for a new mom. A friend of mine has three boys and just found out she's finally having a girl, so I bought it for her as a gift.  she loved the scent and the 'cute box'. she also liked the roll on bottle and the convenient size",P000062,Narciso Rodriguez For Her,ACC-0059,ACC-0068,ACC-0059|ACC-0068|ACC-0066|ACC-0095|ACC-0064|ACC-0092|ACC-0036|ACC-0004|ACC-0031|ACC-0082
531112,B084R81GKF,5.0,"Secret Deodorant Green Tea. I love Secret Green Tea Solid! It lasts for 24 hours! The smell is so light and very soft, not loud.",P000046,Elizabeth Arden Green Tea,ACC-0022,ACC-0039,ACC-0022|ACC-0039|ACC-0008|ACC-0033|ACC-0032
531789,B073ZN4VR1,5.0,"Vibrant Skin, without looking supper shiny or oily. Great Scent. This is by far the best after shave moisturizer I've tried. It does not leave the skin oily what so ever. It makes my skin very vibrant and healthy looking. I have been looking for something like this for so long. It is perfect for men as does not leave your skin skinny or oily what so ever. It also smells amazing. The scent is very masculine but is not overpowering or super potent, which I really like. Lastly the price makes it no brainier. I couldn't be any happier with this product. I will definitively be buying more.",P000015,Coach for Men,ACC-0022,ACC-0008,ACC-0022|ACC-0008|ACC-0004|ACC-0033|ACC-0036|ACC-0095|ACC-0082|ACC-0092|ACC-0049|ACC-0005
532141,B09SDKHCYS,5.0,"Smells so great!. Over the years we have purchased several different brands and types of beard soap for men. This one definitely stands up to the others. It smells great, lathers well, and you get quite a bit for the price. It softens the hair and makes it look and feel great.",P000015,Coach for Men,ACC-0022,ACC-0008,ACC-0022|ACC-0008|ACC-0004|ACC-0033|ACC-0036|ACC-0095|ACC-0082|ACC-0092|ACC-0049|ACC-0005
538645,B0178H2OWE,5.0,"2nd Time I've ordered it, My Daughter always grabs one for her own. We Love it !!. Its nice and creamy, beautiful scent, easy to use. I put it on my damp skin right out of the shower !!",P000062,Narciso Rodriguez For Her,ACC-0059,ACC-0068,ACC-0059|ACC-0068|ACC-0066|ACC-0095|ACC-0064|ACC-0092|ACC-0036|ACC-0004|ACC-0031|ACC-0082
538755,B082VM35KZ,5.0,"By far the best masks, and cost effective!. Absolutely LOVE the bentonite clay and green tea masks. They really go a long way, dry quickly and leave my skin feeling refreshed. I am not as much a fan of the peel off mask, but it did smell nice. I will buy this again and plan to give to teachers as gifts (it's a cute 3 pack!)",P000046,Elizabeth Arden Green Tea,ACC-0022,ACC-0039,ACC-0022|ACC-0039|ACC-0008|ACC-0033|ACC-0032
540836,B01GUAFBWA,4.0,Exceeds expectations. Let me start off by saying my beard is my pride and joy! This bad boy is all natural and without use of ‘beard growth & supplements’. The only thing I put in my beard has to have natural ingredients. This Bad Ass company has met my expectations! The wax has a great feel without a heavy weight to it. This wax is on the lighter side of a medium hold but keeps the unruly hairs in place while still having a natural look. I would have given this 5 stars but I feel the scent of the beeswax can overpower the intended scent.,P000249,Carolina Herrera Bad Boy,ACC-0092,ACC-0082,ACC-0092|ACC-0082|ACC-0014|ACC-0095
540910,B08N9S8G9T,5.0,SMELL REALLY  NICE. I REALLY LIKE THIS SCENT IT'S  A FEMININE  SCENT. WITH A SLIGHT WOODY UNDERTONE TO IT. DRY DOWN IS BEAUTIFUL. MY 13 YR OLD DAUGHTER  WANTS IT LOL. ITS TOO MATURE  FOR HER THOUGH.,P000062,Narciso Rodriguez For Her,ACC-0059,ACC-0068,ACC-0059|ACC-0068|ACC-0066|ACC-0095|ACC-0064|ACC-0092|ACC-0036|ACC-0004|ACC-0031|ACC-0082
543191,B08PT8BZNL,1.0,"Not Sauvage by Dior, Not ""fit""!!!. This oil, as described, should be similar, or close to the fragrance of Sauvage by Dior. I ordered a 4oz bottle in 2020 and was 90% of what Sauvage smells like. This time, the 16oz oil smells like the old stuff from a 1970 Barber shop. I could not even use it as a freshner in the car. Seller refused to return or refund. They said it was not to be like Dior Sauvage, but it was their oil called Sauvage. Is this real??!! A total fuad. Don't buy. In fact, this seller, Grand Parfums, should be kicked off Amazon.  0 Star!!",P000001,Dior Sauvage,ACC-0033,ACC-0022,ACC-0033|ACC-0022|ACC-0004|ACC-0049|ACC-0059|ACC-0008|ACC-0040|ACC-0006|ACC-0077|ACC-0031
543511,B08Z3BCMS3,1.0,"Not the Candies Cologne I used a few years ago -- this is water in a fancy bottle. I was excited to see this cologne again; until I purchased a bottle. This is basically water in a fancy bottle. The faint scent only last for 5 seconds. Whoever thought tarnishing the name of Liz claiborne  was a good idea.  Please, if you plan to bring back Candies for Men restore the original formula. This current product is dishonesty and crookery.",P000015,Coach for Men,ACC-0022,ACC-0008,ACC-0022|ACC-0008|ACC-0004|ACC-0033|ACC-0036|ACC-0095|ACC-0082|ACC-0092|ACC-0049|ACC-0005
544520,B07ZDGQJ47,4.0,"Great vanilla scent, but sharp scent, feminine.. Marketed for women, but wife loves this on me. Has a great vanilla scent but a sharp floral thing pushes it too far into feminine territory for me to wear comfortably. (But if looking for great vanilla scent for men, Parfums de Marley - Layton is amazing.",P000015,Coach for Men,ACC-0022,ACC-0008,ACC-0022|ACC-0008|ACC-0004|ACC-0033|ACC-0036|ACC-0095|ACC-0082|ACC-0092|ACC-0049|ACC-0005
549683,B08XMBHL8C,3.0,"Not Great. Not a Fan. Just ok. Regular lotion no passion fruit or green tea smell, actually doesn't smell much like anything. Smells cheap. Also doesn't feel like its extra moisturizing at all. I should've just bought the Aveeno & Nivea we usually buy. Purchased as a gift for my husband and he keeps using the lotion we have since he's not a fan. Wont purchase again.",P000046,Elizabeth Arden Green Tea,ACC-0022,ACC-0039,ACC-0022|ACC-0039|ACC-0008|ACC-0033|ACC-0032
550746,B07L1XW8W3,5.0,Smells wonderful. Bought them for a friend for her birthday. She absolutely loved it. The bath bombs smell so good i might get some for myself as well,P000062,Narciso Rodriguez For Her,ACC-0059,ACC-0068,ACC-0059|ACC-0068|ACC-0066|ACC-0095|ACC-0064|ACC-0092|ACC-0036|ACC-0004|ACC-0031|ACC-0082
551393,B006C1BPPA,5.0,"Her New Favorite. I use Bvlgari Pour Homme shower gel, aftershave, and cologne..My daughter in law loved the scent of it..So I bought this for her for Christmas...She loves it. It has a clean crisp scent yet also has a subtle fragrence that is memorable.",P000021,Azzaro Pour Homme,ACC-0008,ACC-0095,ACC-0008|ACC-0095|ACC-0033|ACC-0028|ACC-0049|ACC-0057|ACC-0050|ACC-0022|ACC-0066|ACC-0092
553315,B001GILLJ4,5.0,"Works Great on my Beard. For years I used ""Just for Men"" on my beard and moustache. About 8 months ago I bought a new package. The product caused such severe irritation and chemical burns that I nearly ended up in the Emergency room. In the stores in my area, I found nothing but ""Just for Men"" for sale, so I turned to Amazon and ordered [[ASIN:B0013ZGQNG RefectoCil Cream Hair Dye (NATURAL BROWN) .5oz]].<br /><br />  See my review of that product. I experienced the same severe reaction. I did some internet research and discovered that this is a major problem. It appears that the U.S. Government has banned the metal based dyes that had been used, forcing the manufacurors to change their formulas. The culprit is Phenylenediamine, or PPD. Nearly all current mens hair care products now use it. All across the Country, men are ending up in Drs. offices or emergency rooms, sometimes permanently scarred. Class Action Lawsuits are pending.<br /><br />  There is a sizable minority of men who are sensitive to PPD, so be very careful to do a skin test with any hair care dye product, EVEN IF YOU HAVE USED THE PRODUCT BEFORE, since they are changeing the formulas. The directions on most products say that a skin test should show any problems within 24 hrs. With the RefectoCil cream I did not have a reaction for over 40 hrs, but it was so severe I almost ended up in the Hospital.<br /><br />  Now on to the current product. It is not as convenient to use as the pre PPD ""Just for Men"", but it works, and I have had no reactions to it. I am 54, with a full head of hair, and only a slight dusting of gray at my temples. My beard, however, is about 3/4 gray. I normally wear a moustache and goat-T, trimmed short. The product comes as a green powder that looks and smells like herbal tea. I use a rounded teaspoon mixed with a little water to make a paste about the consistency of yogurt. I use a plastic tea spoon to measure, mix, and apply it.<br /><br />  The first time I applied the product,",P000015,Coach for Men,ACC-0022,ACC-0008,ACC-0022|ACC-0008|ACC-0004|ACC-0033|ACC-0036|ACC-0095|ACC-0082|ACC-0092|ACC-0049|ACC-0005
553578,B019N8VT5Y,4.0,"Super soft but a little stinky!. I bought this for my daughter because she wanted to have her hair done for her 16th birthday. If borderline did not get here on time, and did not arrive when it was guaranteed even though it was through Amazon, but I can blame that on USPS because that's who they used for shipping. The hair itself is fine and soft but it did have a funky smell and when we washed it the water was running brown. So far there is very little shedding but it has not been sewn in yet. I will update this review after my daughter has had this in her hair for a while.",P000062,Narciso Rodriguez For Her,ACC-0059,ACC-0068,ACC-0059|ACC-0068|ACC-0066|ACC-0095|ACC-0064|ACC-0092|ACC-0036|ACC-0004|ACC-0031|ACC-0082
557989,B08QYG5S4X,5.0,Smells great!. I wear the men’s Lane Frost cologne and my daughter asked for her a bottle of the perfume. I ordered her a bottle and she loves it! It smells amazing on her!,P000062,Narciso Rodriguez For Her,ACC-0059,ACC-0068,ACC-0059|ACC-0068|ACC-0066|ACC-0095|ACC-0064|ACC-0092|ACC-0036|ACC-0004|ACC-0031|ACC-0082
558146,B07TLD6JKT,5.0,Smells amazing. My mom is a huge friends fan so I got this for her and even though she hadn't used it the coffee smells AMAZING. It has an enticing aroma that makes me want to buy another bag so she can use one for drinking and keep the other one as a collectible.,P000062,Narciso Rodriguez For Her,ACC-0059,ACC-0068,ACC-0059|ACC-0068|ACC-0066|ACC-0095|ACC-0064|ACC-0092|ACC-0036|ACC-0004|ACC-0031|ACC-0082
559376,B08HWH55LX,5.0,Best all over body deodorant. Bay Rum is my favorite fragrance for men. Especially for my private parts.,P000015,Coach for Men,ACC-0022,ACC-0008,ACC-0022|ACC-0008|ACC-0004|ACC-0033|ACC-0036|ACC-0095|ACC-0082|ACC-0092|ACC-0049|ACC-0005
559674,B000J4K0WU,5.0,"Cheaper than their awesome individual components. First off, the individual products are awesome.  I'll address those in a minute.  Let's price the items individually:<br /><br />[[ASIN:B00023575I Anthony Logistics for Men Shave Cream, 6 Ounce]] is $15.91 at the time of this review.<br />[[ASIN:B000HPBR9G Anthony Logistics for Men Pre Shave Oil, 2 Ounce]] is $18.99 at the time of this review.<br />[[ASIN:B000VJVA0Y Anthony After Shave Balm]] is $15.97 at the time of this review.<br />and [[ASIN:B0001XDU2Q Anthony Logistics For Men Glycolic Cleanser, 8-Ounce]] is $17.99 at the time of this review.<br /><br />That's $68.86 individually without the bag.  This is actually preferable when I need refills these items.<br /><br />The glycolic cleanser actually doesn't lather but leaves a pretty clean face for shaving.  I used about a quarter size drop and wash my face before the shave.<br /><br />The shave cream is superb.  It doesn't require much at all.  Just add a touch of warm water or the water on your face if you're in the shower and rub, rub, rub.  I use my hand but you could use one of those fancy brushes like they did at the shave-and-a-hair-cut-two-bits barber shops your grandpappy used to go to.  It will lather up and the 6 oz container lasts me for about 2-3 months at 7 shaves a week.<br /><br />The after shave balm is like the cherry on your sundae.  It's very refreshing and smells and feels awesome.  If I had to pick one item only, I'd use this after any shave, period.<br /><br />I don't use the pre-shave oil mainly because I never let my growth get long enough to use.  The recommended usage is for men who have a short beard going and need to condition it for removal.  Usually not me.<br /><br />Buy is a gift for yourself and then buy it again to reload your stock at a discount.",P000015,Coach for Men,ACC-0022,ACC-0008,ACC-0022|ACC-0008|ACC-0004|ACC-0033|ACC-0036|ACC-0095|ACC-0082|ACC-0092|ACC-0049|ACC-0005
559675,B000J4K0WU,5.0,"Cheaper than their awesome individual components. First off, the individual products are awesome.  I'll address those in a minute.  Let's price the items individually:<br /><br />[[ASIN:B00023575I Anthony Logistics for Men Shave Cream, 6 Ounce]] is $15.91 at the time of this review.<br />[[ASIN:B000HPBR9G Anthony Logistics for Men Pre Shave Oil, 2 Ounce]] is $18.99 at the time of this review.<br />[[ASIN:B000VJVA0Y Anthony After Shave Balm]] is $15.97 at the time of this review.<br />and [[ASIN:B0001XDU2Q Anthony Logistics For Men Glycolic Cleanser, 8-Ounce]] is $17.99 at the time of this review.<br /><br />That's $68.86 individually without the bag.  This is actually preferable when I need refills these items.<br /><br />The glycolic cleanser actually doesn't lather but leaves a pretty clean face for shaving.  I used about a quarter size drop and wash my face before the shave.<br /><br />The shave cream is superb.  It doesn't require much at all.  Just add a touch of warm water or the water on your face if you're in the shower and rub, rub, rub.  I use my hand but you could use one of those fancy brushes like they did at the shave-and-a-hair-cut-two-bits barber shops your grandpappy used to go to.  It will lather up and the 6 oz container lasts me for about 2-3 months at 7 shaves a week.<br /><br />The after shave balm is like the cherry on your sundae.  It's very refreshing and smells and feels awesome.  If I had to pick one item only, I'd use this after any shave, period.<br /><br />I don't use the pre-shave oil mainly because I never let my growth get long enough to use.  The recommended usage is for men who have a short beard going and need to condition it for removal.  Usually not me.<br /><br />Buy is a gift for yourself and then buy it again to reload your stock at a discount.",P000015,Coach for Men,ACC-0022,ACC-0008,ACC-0022|ACC-0008|ACC-0004|ACC-0033|ACC-0036|ACC-0095|ACC-0082|ACC-0092|ACC-0049|ACC-0005
563510,B0035HQ0JU,5.0,"Heavenly scent. It is so beautiful, that it brought my wife to tears, because I would've never purchased a perfume as special as this for her.",P000062,Narciso Rodriguez For Her,ACC-0059,ACC-0068,ACC-0059|ACC-0068|ACC-0066|ACC-0095|ACC-0064|ACC-0092|ACC-0036|ACC-0004|ACC-0031|ACC-0082
567900,B00NQ2CCOQ,4.0,"It works, but not for 48 hours!!!!. I was not very sure about this deodorant, but I bought based on the reviews. I sweat, I stink. The only deodorant without aluminum that would work temporally, not making me stink was Milk of Magnesia, however, once you sweat you have to wash and reapply again. It works, but the white stuff gets on your clothes and makes a mess. This one does not last 48hrs for sure, however, it does last until I start sweating on my workout. So I reapply a little bit more, before working out and holds well. My 12 years-old daughter, it is a mini-stinky-me, and it works pretty well for her and she is happy, because she does not want to have aluminum on her deodorant! I would recommend. It has a nice scent, and if you are not all day outdoors in a high humid environment such as in South Florida, you will like the results!",P000062,Narciso Rodriguez For Her,ACC-0059,ACC-0068,ACC-0059|ACC-0068|ACC-0066|ACC-0095|ACC-0064|ACC-0092|ACC-0036|ACC-0004|ACC-0031|ACC-0082
569486,B00UB7ANHC,5.0,"Great Smell and Price!. You can't beat the price and the smell. Even though this states it's for men, if you like women's Degree, then you will like this. I would consider this a gender neutral smell. I actually started using this after I though my husband had my Degree on.",P000015,Coach for Men,ACC-0022,ACC-0008,ACC-0022|ACC-0008|ACC-0004|ACC-0033|ACC-0036|ACC-0095|ACC-0082|ACC-0092|ACC-0049|ACC-0005
570628,B01HZN9ZIC,4.0,"Perfect size beard comb. I waited for the time to use this comb in order to give a good review. Well the comb is fantastic! It works perfectly to distribute my beard oil and comb out my beard, it does not tug on the facial hair. The comb smells very particular im super washing it first thing out of the package will help make it smell like like a brush should. Its light and will fit perfectly in a pocket or backpack amazing and has a nice weight and feel to it. I purchased the comb and it comes with two sides that are the same bristle length. Very sturdy, thick and durable. It should definitely last. Highly recommend this comb and the seller...Calily.The Genuine Handcrafted Sandalwood Comb for Men also comes with Premium Synthetic Leather Case (cool) for keeping the comb nice and safe when traveling.",P000015,Coach for Men,ACC-0022,ACC-0008,ACC-0022|ACC-0008|ACC-0004|ACC-0033|ACC-0036|ACC-0095|ACC-0082|ACC-0092|ACC-0049|ACC-0005
571026,B00XYM5Q2I,4.0,"Smell good and value price you get what you pay for. Smell good especially after it dries similar to Tom Ford Oud wood, price point for 1ounce is VALUE PRICE you get what you pay for and more I am satisfied with my purchase",P000132,Tom Ford Oud Wood,ACC-0095,ACC-0092,ACC-0095|ACC-0092|ACC-0062|ACC-0008|ACC-0087|ACC-0009|ACC-0033|ACC-0004|ACC-0066|ACC-0082
571027,B00XYM5Q2I,4.0,"Smell good and value price you get what you pay for. Smell good especially after it dries similar to Tom Ford Oud wood, price point for 1ounce is VALUE PRICE you get what you pay for and more I am satisfied with my purchase",P000132,Tom Ford Oud Wood,ACC-0095,ACC-0092,ACC-0095|ACC-0092|ACC-0062|ACC-0008|ACC-0087|ACC-0009|ACC-0033|ACC-0004|ACC-0066|ACC-0082
571587,B08Z3BCMS3,5.0,candies for men. my son loves the smell of candies,P000015,Coach for Men,ACC-0022,ACC-0008,ACC-0022|ACC-0008|ACC-0004|ACC-0033|ACC-0036|ACC-0095|ACC-0082|ACC-0092|ACC-0049|ACC-0005
574718,B006AZHREG,5.0,A+. LOVE IT!  The smell is intoxicating - reminds me of my fun time spent in Sicily every time I use it!  Think it would be great for men or women.  The bar soap is also yummy.  Would love some shampoo or perfume if they made it...,P000015,Coach for Men,ACC-0022,ACC-0008,ACC-0022|ACC-0008|ACC-0004|ACC-0033|ACC-0036|ACC-0095|ACC-0082|ACC-0092|ACC-0049|ACC-0005
575081,B00CL9QP52,5.0,"A natural deodorant that really works!!. I almost gave up on trying natural deodorants... so glad I didn't!! I got the 'hippie pits' and it's AMAZING!!! I'm a runner, and this keeps me smelling fresh after several miles in the heat. Did a days worth of yardwork the other day too and smelled better than I would have with my degree sport (for men). Sooooo very happy :D<br /><br />Oh - another big plus with this deodorant is that it doesn't leave those annoying, white deodorant marks on my clothes!! Added bonus!!!",P000015,Coach for Men,ACC-0022,ACC-0008,ACC-0022|ACC-0008|ACC-0004|ACC-0033|ACC-0036|ACC-0095|ACC-0082|ACC-0092|ACC-0049|ACC-0005
576500,B07WC43HHD,5.0,Muy buen perfume con un olor excelente. Este perfume es uno de los mejores perfumes que eh probado en mi vida es una muy buena mezcla entre (Tygar de Bvlgari) y (Bleu de Chanel) me dura de 12 a 14 horas en la piel y en la ropa me a Durado dias 100% recomendado estamos frente a una (Bestia Azul),P000002,Chanel Bleu de Chanel,ACC-0022,ACC-0004,ACC-0022|ACC-0004|ACC-0095|ACC-0033|ACC-0008|ACC-0092|ACC-0075|ACC-0032|ACC-0009|ACC-0066
576607,B07P2MWWJB,5.0,I love this sunscreen. I love that it gives me amazing protection and it's non greasy.  Also there is no scent which I really like because its not just for men.  I can use it on myself and my grandchildren also.,P000015,Coach for Men,ACC-0022,ACC-0008,ACC-0022|ACC-0008|ACC-0004|ACC-0033|ACC-0036|ACC-0095|ACC-0082|ACC-0092|ACC-0049|ACC-0005
577306,B0743F9TZ6,5.0,Great Body Wash. Feels and smells GREAT!  Awesome body wash for men and women,P000015,Coach for Men,ACC-0022,ACC-0008,ACC-0022|ACC-0008|ACC-0004|ACC-0033|ACC-0036|ACC-0095|ACC-0082|ACC-0092|ACC-0049|ACC-0005
579459,B087QVCJTD,1.0,"HORRIFIC CHEMICAL SMELL DO NOT BUY!. These masks have a horrific chemical smell, despite my soaking them overnight 4 times. Making the masks totally unwearable. Moreover, I was missing 3 masks and did not get full 10 promised. It's too bad because they are nicely made but only if you're a female with an oval or small face. Not made for men.  This is why I demanded a full refund and I was happy to return them. Hopefully, they won't try reselling them.  I can not recommend anyone buying these masks, no matter how badly you need masks!",P000015,Coach for Men,ACC-0022,ACC-0008,ACC-0022|ACC-0008|ACC-0004|ACC-0033|ACC-0036|ACC-0095|ACC-0082|ACC-0092|ACC-0049|ACC-0005
579695,B00J7QCNDU,5.0,"Great stuff. It works..... I remembered my mother taking and using DMSO for her cancer. It was plain 99.9% pure DMSO, and the new products today come &#34;Nicely&#34; scented and mixed with Aloe. This is a breakthrough for anyone who has pain, inflammation or sore muscles. Then again, it has other benefits as well that I will not get into for now. Just don't use gloves and make sure the area you're treating is clean and free of any other chemicals. They will quickly be absorbed into the skin.",P000062,Narciso Rodriguez For Her,ACC-0059,ACC-0068,ACC-0059|ACC-0068|ACC-0066|ACC-0095|ACC-0064|ACC-0092|ACC-0036|ACC-0004|ACC-0031|ACC-0082
580413,B01MYPDMEU,5.0,"Love it!. You can't go wrong with Honest for Men. Amazing smell, amazing feeling on the beard.",P000015,Coach for Men,ACC-0022,ACC-0008,ACC-0022|ACC-0008|ACC-0004|ACC-0033|ACC-0036|ACC-0095|ACC-0082|ACC-0092|ACC-0049|ACC-0005
580416,B01G45RD9U,5.0,"Good for those 6 to 60 ... and beyond. When my son was 6 (1st grade), I started to notice that he would smell after school sometimes. We tried washing up in the morning in addition to night time bath but it didn't work consistently. Again, the odor was irregular but seemed to coincide on days he played or sweat more - PE day, extended recess, after school sports.<br /><br />Not wanting him to be picked on but also not impact his young body, I looked for a gentle product or remedies that would help. We started using this only on those high-activity days only and he never had an issue. That worked great for a year and a half. Now nearly 8 y.o. he's started to use it daily in the morning with no issues. It does have a stronger fragrance than I would expect but no reactions and it smells pretty good - just kinda like putting men's cologne on, which is a but unexpected for a small child.<br /><br />My mom (over 65) has had SEVERAL surgeries to remove lumps caused by harsh deodorants that contain aluminum. When she found out about this deodorant, she asked me to buy some for her and my 12 y.o cousin who had just undergone surgery like my mom has had. It worked fantastic for both.<br /><br />I now have to buy this for my great uncle (90s), great aunt (80), cousin, mom and son. All of them love the line - the pink, purple or blue all seem to work well. I recently started trying it as well and it works for me also. I don't have reactions to aluminum-based deodorant but if it's not necessary, I may just switch completely.<br /><br />It seems like the amount that you pay for what you get is a bit much but the deodorant seems to last quite a while. Plus, for my mom and cousin who have had no surgery since starting, it's a steal.",P000062,Narciso Rodriguez For Her,ACC-0059,ACC-0068,ACC-0059|ACC-0068|ACC-0066|ACC-0095|ACC-0064|ACC-0092|ACC-0036|ACC-0004|ACC-0031|ACC-0082
581433,B07743LK9P,4.0,"So many compliments.. I needed a new belt recently, so I bought this bad boy. I have been complimented so many times by my fellow freelancers. It holds so many brushes.<br /><br />The best feature is the zipper. I don’t have to worry about my brushes falling all over my handbags afterward. I am also a fan of the business card slot.<br /><br />The only negative is the smell that it has when you remove it from the plastic packaging. It is quite strong. For that reason only, I knocked off a star.<br /><br />Overall, this is beyond worth the buy. I highly recommend it.",P000249,Carolina Herrera Bad Boy,ACC-0092,ACC-0082,ACC-0092|ACC-0082|ACC-0014|ACC-0095
581847,B017XD9GP6,5.0,Wonderful product!  Ordering a second one..... I've only had this for 2 days and I'm already ordering another one for my teenager (who is obsessed with the Bath & Body Works plug ins for her room which give me a headache!).  It's so nice to change up the smell with a different oil/blend.  Kids LOVE the changing colors of the lamp.  I love that it's simple to use and portable.  It uses less oil than reed sticks and distributes an even flow.  I love the little mister that you can use as intermittent or continuous flow; such a wonderful product!!!  Thank you.,P000062,Narciso Rodriguez For Her,ACC-0059,ACC-0068,ACC-0059|ACC-0068|ACC-0066|ACC-0095|ACC-0064|ACC-0092|ACC-0036|ACC-0004|ACC-0031|ACC-0082
582620,B00KGKQR2Y,5.0,"Exfoliating & Cleansing Wipes!. These wipes are perfect for my sensitive eye area I use these wipes to remove all my makeup not just my eye makeup. This wipes are dermatologist and ophthalmologist tested, they are gentle on my skin but are still able to remove all my makeup very easily even my mascara and eyeliner which for me has always been the most difficult thing to remove when it comes to removing my makeup. I really like that these wipes contain Aloe which soothes the skin and  green tea and vitamin E  which contain antioxidants that protect the skin from free radical damage, and it's great that they are also fragrance free and alcohol free because that would always cause my skin to feel and look dry. After I Remove my make up with the wipes my skin just feels fresh and soft and looks brighter. I would recommend this product to anyone with sensitive skin or someone who wants some makeup remover wipes that will actually benefit their skin.",P000046,Elizabeth Arden Green Tea,ACC-0022,ACC-0039,ACC-0022|ACC-0039|ACC-0008|ACC-0033|ACC-0032
585472,B0727VPVLY,1.0,"Ordered this item because I liked the Marrakesh candle. Ordered this item because I liked the Marrakesh candle.  I am not convinced it is an authentic Tocca product.  Not only does it not smell like the candle, but it does not smell like Patchouli or Amber as advertised on the bottle.  The lotion smells like a cheap version of my crazy ex boyfriend's cologne, Creed Aventus.  Maybe I should just give it to him.  Yuck.",P000133,Creed Aventus,ACC-0036,ACC-0082,ACC-0036|ACC-0082|ACC-0095|ACC-0050|ACC-0022|ACC-0075|ACC-0059|ACC-0085|ACC-0032|ACC-0057
587878,B01453A6YW,5.0,"Love, love, luv this product.. I love this hair conditioning mask by Vitamins Cosmetics, and I like that it is produced in Israel and contains oil from the Argan nut tree. The product was packaged very nicely and came with a free sample of Argan hair oil.  Along with the Argan oil, this conditioner contains the following oils: Sea buckthorn berry, wheat germ, linseed, sweet almond,  sunflower, rosemary, jojoba, and melaleuca (tea tree). Also contains fruit extracts from lemon, green tea, apple, sage leaf and aloe vera.<br /><br />This conditioning mask is very thick, and the smell is heavenly. It comes in a large shallow tub, which makes it easy to scoop out. I first used the Argan shampoo by the same company and then followed with the hair mask. After applying it to my hair, I allowed it to work for ten minutes before rinsing. And like the shampoo, I totally enjoyed the marvelous Argan fragrance. The results after blow dry and style included softer, fuller hair with a healthy shine. I am very pleased.<br /><br />Note: I received this product at a discounted price in exchange for testing and my honest and unbiased review. I am not required to provide a good review even if I felt the product was less than I expected. This review is 100% my own and I received no monetary compensation.",P000046,Elizabeth Arden Green Tea,ACC-0022,ACC-0039,ACC-0022|ACC-0039|ACC-0008|ACC-0033|ACC-0032
589582,B00YMLWSDU,5.0,"she started to love it coz she felt like it really works great. I ordered this for my wife.. she got one already and tested.. she started to love it coz she felt like it really works great!she said,it feels a little bit burning when she first tried it and for her, It's normal if the product is effective..it doesn't smell bad and not itchy at all.. It's just small,and a bit expensive but it's worth to buy! They shipped super fast too..",P000062,Narciso Rodriguez For Her,ACC-0059,ACC-0068,ACC-0059|ACC-0068|ACC-0066|ACC-0095|ACC-0064|ACC-0092|ACC-0036|ACC-0004|ACC-0031|ACC-0082
590402,B08MMYXYFJ,4.0,great gift for the teenager testing out before you buy full product. this was a hit as a gift. the only thing was i thought they were a bit bigger but she loved them regardless. its a great way for her to test the smell before spending way to much on something she would never use. fyi very potent smelling when opening bag first time.,P000062,Narciso Rodriguez For Her,ACC-0059,ACC-0068,ACC-0059|ACC-0068|ACC-0066|ACC-0095|ACC-0064|ACC-0092|ACC-0036|ACC-0004|ACC-0031|ACC-0082
591532,B01N1ZSOM2,5.0,"Nice Fragrance and very healing for the skin and the Soul. Shared this with a friend. I rubbed it on her hands for about 10 minutes and she loved it all day long, she told us. We had to purchase one for her.",P000062,Narciso Rodriguez For Her,ACC-0059,ACC-0068,ACC-0059|ACC-0068|ACC-0066|ACC-0095|ACC-0064|ACC-0092|ACC-0036|ACC-0004|ACC-0031|ACC-0082
593102,B077TKGPZK,5.0,"Great soap for Men. Excellent product; timely shipped.<br />Men, y'all need to try this soap. I feel you would absolutely love it. It is made for men but smells so good and refreshing, I wish they had a womens brand.",P000015,Coach for Men,ACC-0022,ACC-0008,ACC-0022|ACC-0008|ACC-0004|ACC-0033|ACC-0036|ACC-0095|ACC-0082|ACC-0092|ACC-0049|ACC-0005
596050,B00XYMJT3K,5.0,Polo blue. Smells just like polo blue. Will be buying again in the future.,P000156,Ralph Lauren Polo Blue,ACC-0063,ACC-0007,ACC-0063|ACC-0007|ACC-0008|ACC-0033|ACC-0039|ACC-0059|ACC-0040|ACC-0032|ACC-0022|ACC-0095
597200,B003QKKDQ2,5.0,"Pretty container, nice scent. I gave this to my mom. She likes the delicate scent. She temporarily needed a visiting nurse, and the nurse asked what that lovely scent was! It was a nice pick-me-up for her.",P000062,Narciso Rodriguez For Her,ACC-0059,ACC-0068,ACC-0059|ACC-0068|ACC-0066|ACC-0095|ACC-0064|ACC-0092|ACC-0036|ACC-0004|ACC-0031|ACC-0082
599211,B06XD7L7VR,2.0,"Smells great but package and handling is awful. After months on my cart I decided to buy ultra male. So excited when it got delivered, so disappoint to find out that a 3rd of the cologne was all over the box and insidbe the cologne can. The bottom which holds the cologne was soaked of cologne and left the red material on the bottle of the cologne. So heartbroken since I wanted this cologne for the longest and had it in my cart for months. The cologne smells wonderful but I would think twice buying it because of how it was handle.",P000104,Jean Paul Gaultier Ultra Male,ACC-0087,ACC-0036,ACC-0087|ACC-0036|ACC-0082|ACC-0008|ACC-0021|ACC-0092|ACC-0033|ACC-0049|ACC-0066|ACC-0039
600842,B0B19442P6,5.0,Haven’t had anything from this company I didn’t like. Can’t speak for all fragrance impressions but over the past 7 or so I’ve used they’ve all been pretty spot on. The dior sauvage impression has a slightly sweeter and fresher scent than the real thing but it’s only noticeable if you’re smelling them side by side.  Longevity is up to par with most edp’s on the market.,P000001,Dior Sauvage,ACC-0033,ACC-0022,ACC-0033|ACC-0022|ACC-0004|ACC-0049|ACC-0059|ACC-0008|ACC-0040|ACC-0006|ACC-0077|ACC-0031
600987,B08N5NNB1R,1.0,"No coloring effect. Can burn. I've used the product off and on for about 2 years. I, too, bought it for the color effect. Unfortunately, it has had zero effect on the color of my beard. It remains grey. If I have an interview or something, I have to resort to something like Just for Men Beard and Mustache. On numerous occasions, I've used it for a couple of weeks straight. Nothing. And a few times I've tried back to back washings or two or three washings in a day. That often leads to skin burn, so that is out too. Won't buy again, but it was worth the shot. Smells nice!",P000015,Coach for Men,ACC-0022,ACC-0008,ACC-0022|ACC-0008|ACC-0004|ACC-0033|ACC-0036|ACC-0095|ACC-0082|ACC-0092|ACC-0049|ACC-0005
602064,B0747S72MB,5.0,"ooooo aaaaaa. in all honesty, i've only been using this sleep pack for two days, but i've already noticed results. my pores already appear smaller and cleaner. i have a problem with acne and this seems to be helping quite a bit in a very short time. the scent is mild and vaguely of a sweet green tea, and while the pack does leave you shiny before bed, it's light and doesn't make you feel like you should avoid letting your face touch your pillow. a little product goes a really long way, even just using the amount of the gel that comes out with the pearl when you dig one out with the adorable little spoon is too much. thankfully, the spoon is easy to clean- most of the product will slide off with some gentle tapping against the container, then you can just get the little bit left on it with your finger.<br />if anything comes up, i'll edit my review, but so far i'm very impressed.",P000046,Elizabeth Arden Green Tea,ACC-0022,ACC-0039,ACC-0022|ACC-0039|ACC-0008|ACC-0033|ACC-0032
602644,B01N6U873R,5.0,My sister LOVED the candle. My sister LOVED the candle. She LOVES Hawaii and the sweet smell of Jasmine. It was a PERFECT combo for her to enjoy &#60;3,P000062,Narciso Rodriguez For Her,ACC-0059,ACC-0068,ACC-0059|ACC-0068|ACC-0066|ACC-0095|ACC-0064|ACC-0092|ACC-0036|ACC-0004|ACC-0031|ACC-0082
605439,B0747S72MB,5.0,So good. I bought the green tea because of the packaging and my combination acne prone skin. The packaging is very cute as expected. I did not expect my skin to change so drastically after using this product. My skin feels SO soft without the moisture causing acne. Some people complained about the texture of it but honestly it feels great. The smell is very light. Love this product.,P000046,Elizabeth Arden Green Tea,ACC-0022,ACC-0039,ACC-0022|ACC-0039|ACC-0008|ACC-0033|ACC-0032
607481,B0BV1FPZY6,5.0,Super moisturizer. This stuff is amazing. I have natural curly hair and it helps control the frizzies.  I also get my haor highlighted and this is my go to for my moisturizer for hair.  Smells fantastic.  I ordered this for my daughter and had it sent to her for her curls.,P000062,Narciso Rodriguez For Her,ACC-0059,ACC-0068,ACC-0059|ACC-0068|ACC-0066|ACC-0095|ACC-0064|ACC-0092|ACC-0036|ACC-0004|ACC-0031|ACC-0082
608737,B01MA3LXIL,5.0,love these. my family members use this brand and i love the green tea scent the most it’s smells so good and feels so nice on my hands. 10/10,P000046,Elizabeth Arden Green Tea,ACC-0022,ACC-0039,ACC-0022|ACC-0039|ACC-0008|ACC-0033|ACC-0032
615255,B0054KY8X6,5.0,"Shower Gel Review. Originally, I was introduced to this product by a fellow traveller in the Amsterdam airport several years ago.  It is apparently only available during the spring and summer months.  Until I ordered it on line I didn't realize that it was a product designed for men.  I really enjoy it's soft, fresh, citrus scent for showers during the summer.  It is my summer splurge!  It is a little pricier on line than in a duty free shop in an international airport but still a summer delight.....for men or women.",P000015,Coach for Men,ACC-0022,ACC-0008,ACC-0022|ACC-0008|ACC-0004|ACC-0033|ACC-0036|ACC-0095|ACC-0082|ACC-0092|ACC-0049|ACC-0005
617420,B00H3WGN9K,5.0,"Great Soap for Gift Giving. This is one of the best smelling and lathering soaps I have ever used.  Beautiful packaging makes it a great gift-giving idea for men or women. Great ingredients, including Dead Sea Salt and Clay, plus several natural oils leave skin soft and softly scented.",P000015,Coach for Men,ACC-0022,ACC-0008,ACC-0022|ACC-0008|ACC-0004|ACC-0033|ACC-0036|ACC-0095|ACC-0082|ACC-0092|ACC-0049|ACC-0005
617638,B08D6WBXD7,5.0,Best Smelling Hair Product For Men (.). This is the best smelling hair product for men I’ve ever smelled. I actually smelled it on someone while on vacation and had to order it for my fiancée. It’s light but still carries this insanely good smell! We went on a hike today and I could faintly smell his hair and it was lovely. I really don’t like perfume or smells that are chemical (ly) — so it surprised me that I loved this so much.<br /><br />If you are a man and want women to be drawn to you this is your product. Ordering the cologne next...,P000015,Coach for Men,ACC-0022,ACC-0008,ACC-0022|ACC-0008|ACC-0004|ACC-0033|ACC-0036|ACC-0095|ACC-0082|ACC-0092|ACC-0049|ACC-0005
617762,B00GC57Z6O,2.0,Unpleasant Odor. It does soften VERY well. The smell was an unpleasant petro chemical with vague green tea hints.,P000046,Elizabeth Arden Green Tea,ACC-0022,ACC-0039,ACC-0022|ACC-0039|ACC-0008|ACC-0033|ACC-0032
618093,B01D0I2UL0,5.0,Wonderful!. My daughter got severe chaffing under her armpits from using a life jacket and we used this to help heal her skin.  She loved it because it smelled like green tea (her words) and it didn't make her clothes stick to her skin.  I would definitely recommend this to family and friends and will be using it more!,P000046,Elizabeth Arden Green Tea,ACC-0022,ACC-0039,ACC-0022|ACC-0039|ACC-0008|ACC-0033|ACC-0032
619476,B01NAG0EK3,5.0,BEST PALETTE EVER!!!!!!!!!. I absolute adore this palette. The colors are absolutely gorgeous and they come together to make the perfect natural but stunning eye look. In addition the scent is spectacular. Not too overpowering too!!,P000032,Mugler (Come Together),ACC-0059,ACC-0022,ACC-0059|ACC-0022|ACC-0008|ACC-0039|ACC-0066|ACC-0033|ACC-0040|ACC-0094|ACC-0095
620613,B07YP5LPYQ,2.0,"not for men. sorry, didn't hold up.<br />great fragrance, but left me stinking by the end of the day.<br />shaved my arm pits, cleaned with rubbing alchohol to give the product a true start. nope, dosen't protect for men.  very disappointed.  Going back to schmidt's",P000015,Coach for Men,ACC-0022,ACC-0008,ACC-0022|ACC-0008|ACC-0004|ACC-0033|ACC-0036|ACC-0095|ACC-0082|ACC-0092|ACC-0049|ACC-0005
624113,B08QSFNBW9,5.0,Mom love it!. Got it for her birthday and she loves it! Scent is delicious and the design of the bottle is fantastic<br />Great buy!,P000062,Narciso Rodriguez For Her,ACC-0059,ACC-0068,ACC-0059|ACC-0068|ACC-0066|ACC-0095|ACC-0064|ACC-0092|ACC-0036|ACC-0004|ACC-0031|ACC-0082
624270,B000AMPICS,5.0,My favorite soap. I just brought three boxes of three and one large bar of this lovely soap back from France.  It is and has been my favorite for years.  The green tea scent is light and lovely.  The soap is luxurious.  Don't hesitate.  Treat yourself and someone you love with this.,P000046,Elizabeth Arden Green Tea,ACC-0022,ACC-0039,ACC-0022|ACC-0039|ACC-0008|ACC-0033|ACC-0032
624672,B0811JMGY7,4.0,"Soft, lightweight, calming. This moisturizer is very lightweight and has a really nice silky smooth texture. It is lightly hydrating, not the most hydrating but it still works. The green tea calms my skin which is really nice. I use it everyday and haven't had any issues. The only cons is it is scented which can be not preferable if you have sensitive skin, but the fragrance itself is really fresh and light, and it goes away quickly. I hope this helped!",P000046,Elizabeth Arden Green Tea,ACC-0022,ACC-0039,ACC-0022|ACC-0039|ACC-0008|ACC-0033|ACC-0032
624880,B01F4N9MEC,5.0,Penguin Original Blend cologne for men. Great product for the money. Fragance draws many positive comments.,P000015,Coach for Men,ACC-0022,ACC-0008,ACC-0022|ACC-0008|ACC-0004|ACC-0033|ACC-0036|ACC-0095|ACC-0082|ACC-0092|ACC-0049|ACC-0005
625752,B01ISIU16I,5.0,"Excellent moisturizer!. Good Seed Citrus & Green Tea Hand & Body Lotion is a great moisturizer, used daily. I love the scent, also!!",P000046,Elizabeth Arden Green Tea,ACC-0022,ACC-0039,ACC-0022|ACC-0039|ACC-0008|ACC-0033|ACC-0032
626281,B00XIZXB1O,5.0,"Great. Great hair, very soft, no bad smell.  I purchased for my daughter, for her prom.",P000062,Narciso Rodriguez For Her,ACC-0059,ACC-0068,ACC-0059|ACC-0068|ACC-0066|ACC-0095|ACC-0064|ACC-0092|ACC-0036|ACC-0004|ACC-0031|ACC-0082
628802,B08MMYXYFJ,1.0,Do not buy. Every sample i smelled was the same and smelled like a old woman perfume and definitely not meaning a milf smell either. Eww I suggest buying perfume from a reputable site. I went to fragrance net .con and I got a gucci flora sampler and it had three different smells and the biggest two which were gucci flora gorgeous gardenia it is my new smell it smells so good. I paid 80 for them but definitely DO NOT BUY FAKE!!!!!!,P000074,Gucci Flora Gorgeous Gardenia,ACC-0094,ACC-0031,ACC-0094|ACC-0031|ACC-0082|ACC-0036|ACC-0064|ACC-0048|ACC-0022|ACC-0032
629291,B083XFN2BD,5.0,"Clean, silky shea butter, good wash. Great product, thick lather, smells fresh, way different from the usual citrus or sandalwood bomb ""for men"" products.",P000015,Coach for Men,ACC-0022,ACC-0008,ACC-0022|ACC-0008|ACC-0004|ACC-0033|ACC-0036|ACC-0095|ACC-0082|ACC-0092|ACC-0049|ACC-0005
630548,B07N5B8WWR,4.0,"Good quality organic moisturizer. I like the product. Good quality. Organic, absorbs well. Light, not greasy. Without scent which could be a good choice for men. The only thing is the price for a small jar of 1.5 fl. Oz.",P000015,Coach for Men,ACC-0022,ACC-0008,ACC-0022|ACC-0008|ACC-0004|ACC-0033|ACC-0036|ACC-0095|ACC-0082|ACC-0092|ACC-0049|ACC-0005
631000,B000QGZLUM,5.0,"My wife was thrilled with the soap. I bought this for my wife...something new, though I have been buying Accordes cologne for her for years.  She was thrilled and loves the large bars.  $$ well spent.",P000062,Narciso Rodriguez For Her,ACC-0059,ACC-0068,ACC-0059|ACC-0068|ACC-0066|ACC-0095|ACC-0064|ACC-0092|ACC-0036|ACC-0004|ACC-0031|ACC-0082
631236,B01GK8UC0I,5.0,"Great product. Great company. Buy some now!. A really great product. I've used many different creams and gels. Everywhere from Davine's, to Redkin for men and into the typical Crew and etc.. This cream is nice and thin, yet it doesn't take a great deal of product to do its thing. It is not nearly as noticeable as other hair products are other than it smells great. I did have a concern and contacted the company. They were very quick to answer and also take care of things. Great product. Great company. Buy some now!",P000015,Coach for Men,ACC-0022,ACC-0008,ACC-0022|ACC-0008|ACC-0004|ACC-0033|ACC-0036|ACC-0095|ACC-0082|ACC-0092|ACC-0049|ACC-0005
634488,B07TJBBF8D,4.0,Fun Mask to Gift. I provided these as stocking stuffers for friends and family (and myself).  The animal on the packaging is also on your mask!  That was something I wasn't expecting - but it was really cute for some of the masks.  I have extremely sensitive skin and the facial masks did not cause any issues.  The scent is very mild and the masks felt great.  (I also shared with my 6 year old daughter - and the masks were very gentle for her too.),P000062,Narciso Rodriguez For Her,ACC-0059,ACC-0068,ACC-0059|ACC-0068|ACC-0066|ACC-0095|ACC-0064|ACC-0092|ACC-0036|ACC-0004|ACC-0031|ACC-0082
634850,B00JTNBP94,5.0,Just Beautiful! Spot On!. This perfume oil smells absolutely beautiful! It reminds me of Hypnotic Poison. It has a warm note that just wraps you up like a blanket of floral love!,P000178,Dior Hypnotic Poison,ACC-0036,ACC-0087,ACC-0036|ACC-0087|ACC-0003|ACC-0047|ACC-0061
635625,B0989S457N,3.0,Hair texture. So I want to start off by saying that I normally only wear straight hair when it comes to bundles.. The hair came with a smell which was my first time purchasing hair with a smell. But my stylist told ot was a norm for her to just co wash it.  The has was nice a soft when I got it. It was install for my birthday the first two week or two it’s was fine I put nothing on it. By the fourth week it was very tangled and sheading a lot. Even when I took it out to was it and blow dry it and comb it the more I brushed it the more hair I lost!!!,P000062,Narciso Rodriguez For Her,ACC-0059,ACC-0068,ACC-0059|ACC-0068|ACC-0066|ACC-0095|ACC-0064|ACC-0092|ACC-0036|ACC-0004|ACC-0031|ACC-0082
636549,B08XMBHL8C,4.0,"Best lotion for men, but cheap pump. Love the product, hate the cheap pump that always seems to break for me. I’ve purchased >10 of these over the years, and every pump (except for my current one) has broken. The lotion is great, though! Clean, neutral scent, thick lotion that spreads well and lasts all day. Good for sensitive skin.",P000015,Coach for Men,ACC-0022,ACC-0008,ACC-0022|ACC-0008|ACC-0004|ACC-0033|ACC-0036|ACC-0095|ACC-0082|ACC-0092|ACC-0049|ACC-0005
638631,B09BG1JG39,1.0,"Poor. Don't put this in the category ""For women"" if this is for men, you think everyone can read French. I do understand in the description it states ""Fragrance for men"" but that defeats the purpose if I'm looking for something for my wife. And then also not be able to return it! Wow this place has some nerve. To add, this looks like it was used as well, with the torn inside and loosely placed shower gel just falling inside.",P000015,Coach for Men,ACC-0022,ACC-0008,ACC-0022|ACC-0008|ACC-0004|ACC-0033|ACC-0036|ACC-0095|ACC-0082|ACC-0092|ACC-0049|ACC-0005
639652,B00LYRDJL0,5.0,"Great Hair Paste for Men with Thinning Hair. When I travel, I need to carry hair product that I can fit into a small container for those tiny plastic bags that I need to carry-on.  Because this paste is thick, it allows me to transfer it very easy and it travels well.<br />Now, let's talk about the product itself.  I started using the product about three months ago. I use it every day and really like the scent.  Very tropical!  I dont have a lot of hair to work with and a little goes a long way.  The product works as advertised and it makes my hair look fuller/thicker without weighing it down too much.  I find that it does it's job all day without making my hair greasy.  I plan on buying it again.",P000015,Coach for Men,ACC-0022,ACC-0008,ACC-0022|ACC-0008|ACC-0004|ACC-0033|ACC-0036|ACC-0095|ACC-0082|ACC-0092|ACC-0049|ACC-0005
640076,B006UNQ1RM,5.0,"Love, love, love. My three year old daughter's hair was brittle and very rough. I decided to look for a sulfate free shampoo for her and stumbled upon Sweet Baby shampoo. The reviews were all very positive. I am very pleased with this product for many reasons. First, it is so gentle on her hair and skin. Her hair is clean but not stripped down. She also has eczema and have no problems using this product as an all in one. It lasts FOREVER! I just received my third bottle (2/2015) and the last purchase was May 2014 and I use it on two kids! You don't have to use a ton on them. As a bonus, it smells great. Love this product.",P000062,Narciso Rodriguez For Her,ACC-0059,ACC-0068,ACC-0059|ACC-0068|ACC-0066|ACC-0095|ACC-0064|ACC-0092|ACC-0036|ACC-0004|ACC-0031|ACC-0082
641009,B00481F3DQ,5.0,"five stars. Again a price for the size, and quantity! This cologne for men was a Christmas present, and he really enjoyed it!",P000015,Coach for Men,ACC-0022,ACC-0008,ACC-0022|ACC-0008|ACC-0004|ACC-0033|ACC-0036|ACC-0095|ACC-0082|ACC-0092|ACC-0049|ACC-0005
647293,B08DNWW5JC,5.0,Amazing!. LOVE the smell of these! My daughter has super knotty hair and the detangler works wonders for her!,P000062,Narciso Rodriguez For Her,ACC-0059,ACC-0068,ACC-0059|ACC-0068|ACC-0066|ACC-0095|ACC-0064|ACC-0092|ACC-0036|ACC-0004|ACC-0031|ACC-0082
650493,B08XMBHL8C,5.0,Five Stars. Love the scent. Great lotion. sent not to feminine for men. will order more.,P000015,Coach for Men,ACC-0022,ACC-0008,ACC-0022|ACC-0008|ACC-0004|ACC-0033|ACC-0036|ACC-0095|ACC-0082|ACC-0092|ACC-0049|ACC-0005
652511,B00V487PCI,5.0,Cool 'black' soap. What a lovely soap! I love the healthy and gentle ingredients and really like the list of all the bad stuff they leave out. The scent is very mild and is great for men and women. Works great. The color of the bar is great for a black and white bathroom. Really nice product.,P000015,Coach for Men,ACC-0022,ACC-0008,ACC-0022|ACC-0008|ACC-0004|ACC-0033|ACC-0036|ACC-0095|ACC-0082|ACC-0092|ACC-0049|ACC-0005
655377,B09TT8ZVPN,2.0,Smells worse than a cheap scented candle. I am really not understanding what the hype is all about. I have smelled better colognes and at least for my taste tobacco vanille less than mediocre. I have had scented candles that smell better than this. So to me personally it's not even worth 30 bucks but they're priced at about $300.,P000118,Tom Ford Tobacco Vanille,ACC-0087,ACC-0082,ACC-0087|ACC-0082|ACC-0084|ACC-0092|ACC-0036|ACC-0095|ACC-0014|ACC-0066
655666,B06X6GDLKG,5.0,"Five Stars. Nice scent, great for men and women. Skin feels soft after use.",P000015,Coach for Men,ACC-0022,ACC-0008,ACC-0022|ACC-0008|ACC-0004|ACC-0033|ACC-0036|ACC-0095|ACC-0082|ACC-0092|ACC-0049|ACC-0005
662365,B071FQHTPF,4.0,Great gift for Men. My boyfriend loves this. We got an oil with it but I would maybe recommend getting an oil in person so you pick a good smell. He uses it to travel with the tin and it helps with his dry skin in the winter with a moisturizing oil. He just loves how it feels.,P000015,Coach for Men,ACC-0022,ACC-0008,ACC-0022|ACC-0008|ACC-0004|ACC-0033|ACC-0036|ACC-0095|ACC-0082|ACC-0092|ACC-0049|ACC-0005
663570,B00A4L6N4C,3.0,"Works well in wife's hair, but she doesn't like the smell. This product works great to style my wife's hair (who is part African American), but she does not like the smell and that is a big deterrent for her.  I am trying to help her avoid xeno and phyto estrogens due to her postpartum depression symptoms, and I know it is hard to do that when adding a scent to products.  But, there has to be some non hormone disruptive scents out there that are safe.  I agree with my wife, the scent is not horrible, but not pleasant.",P000062,Narciso Rodriguez For Her,ACC-0059,ACC-0068,ACC-0059|ACC-0068|ACC-0066|ACC-0095|ACC-0064|ACC-0092|ACC-0036|ACC-0004|ACC-0031|ACC-0082
664999,B08R5V2P3H,5.0,"Great Hair product and affordable Price. [[VIDEOID:766263e3449669bfb1e30e9e608e1bd]] My daughter asked me to get this for her and she has been very pleased with her purchase.  The hair styler is very well made.  The different wands snap into place securely and easily.  They don't fall out and are firmly in place.  Having 6 different wands makes for a lot of variety as you can see in the video and photos.  Each makes a different style of curl.<br />It heats up very quickly and with so many settings, it works with everyone's hair.  The controls are simple to understand but still have a lot of options.  Auto off is great if you forget to turn it off after you use it.  The cord is nice and long so it's easy to reach everywhere on your head. The spray included smells lovely and works very well at protecting your hair.<br />My daughter is very happy she purchased this wand and for the price, it can't be beat.  a 6 in 1 hair wand for under $30 with this kind of quality is rare and I'm very glad she likes it so much.  She said she would recommend it to anyone for it's ease of use and results.",P000062,Narciso Rodriguez For Her,ACC-0059,ACC-0068,ACC-0059|ACC-0068|ACC-0066|ACC-0095|ACC-0064|ACC-0092|ACC-0036|ACC-0004|ACC-0031|ACC-0082
666680,B07F8JLNZW,4.0,"Great cologne with one minor flaw!. The only complaint I have about this fragrance is that the cap is very loose. And that's the only complaint I have! The scent itself is very pleasant, it reminds me of Gemina B.'s Confidential Man meets VIP man, slightly sweet, powdery, musky but definitely a masculine scent. I'm really glad I discovered the Gemina B. line for men, they have a lot of great edt's for the low, and each one I've blind bought I haven't been disappointed with yet. All have had above average, projection and longevity, and if you're a fan of the D&G the One bottle style, La Nuit and Essence Bleue are both ones I would highly recommend!",P000015,Coach for Men,ACC-0022,ACC-0008,ACC-0022|ACC-0008|ACC-0004|ACC-0033|ACC-0036|ACC-0095|ACC-0082|ACC-0092|ACC-0049|ACC-0005
667438,B00XYM5IXU,5.0,"Smells exactly like Tom Ford. Just received by this today. I was a bit surprised, it smells IDENTICAL to Tom Ford Oud Wood. I haven’t put it on to go out yet, so I’m not sure how lasting it is, but it smells incredible. Very satisfied!",P000132,Tom Ford Oud Wood,ACC-0095,ACC-0092,ACC-0095|ACC-0092|ACC-0062|ACC-0008|ACC-0087|ACC-0009|ACC-0033|ACC-0004|ACC-0066|ACC-0082
669539,B07N6LZPNR,1.0,"Very Thin and Sheds on Skin During Use - Definitely Not Ideal for Men with Stubble. I would not recommend these wipes compared to others in the market. They are very thin, flimsy, and shed upon use, leaving remnants on your face. I certainly wouldn't recommend these for men with any kind of stubble. Even a slight beard/shadow rips these to shreds. The lavender fragrance is nice, but the quality is very weak.  The large packaging, too, is cumbersome. Many similar products come in packaging half the size.",P000015,Coach for Men,ACC-0022,ACC-0008,ACC-0022|ACC-0008|ACC-0004|ACC-0033|ACC-0036|ACC-0095|ACC-0082|ACC-0092|ACC-0049|ACC-0005
672059,B011EXDBAM,5.0,This would be a great stocking stuffer for men with beards. Bought this as a gift for my husband. He really likes it. No fragrance and it doesn't leave the beard greasy. This would be a great stocking stuffer for men with beards.,P000015,Coach for Men,ACC-0022,ACC-0008,ACC-0022|ACC-0008|ACC-0004|ACC-0033|ACC-0036|ACC-0095|ACC-0082|ACC-0092|ACC-0049|ACC-0005
672204,B00XYM5IXU,5.0,The scent is a perfect match!. Hottest thing on the block! I love love this scent. It has the Oud Wood Scent IK. Good to mix with actual cologne.,P000132,Tom Ford Oud Wood,ACC-0095,ACC-0092,ACC-0095|ACC-0092|ACC-0062|ACC-0008|ACC-0087|ACC-0009|ACC-0033|ACC-0004|ACC-0066|ACC-0082
674550,B08GMW3HNG,5.0,"Not just for men!. I know this is typically a man's product but I am here to tell you I LOVE it!<br />I am that girl who spends money on good products, has regular facials and believes in treatments. This product was so moisturizing and made my skin look amazin while doing an excellent job cleanng my skin! It smells divine! Go for it ladies!",P000015,Coach for Men,ACC-0022,ACC-0008,ACC-0022|ACC-0008|ACC-0004|ACC-0033|ACC-0036|ACC-0095|ACC-0082|ACC-0092|ACC-0049|ACC-0005
674725,B086JTQ5BV,5.0,"Amazing Fragrances. Definitely Worth It! (Detailed Review). I’ve been on the search for a few fragrances recently, and was introduced to various reviews on YouTube about brands such as Swiss Arabian, Rasasi, Al-Rehab etc. I usually stick to Nemat’s perfume oils but this times I wanted to take a risk. Therefore, I decided to grab some samples. Initially I was intimidated by the fact that there’s the idea that perfumes that are manufactured in the Middle East can be heavy (which they can be), but great because they are long lasting. And let me tell you, I’ve fallen in love with these.<br /><br />La Yuqawam Pour Femme is a definite dupe for Black Orchid by Tom Ford. It’s feminine, floral, peppery and spicy. This perfume is perfect for a night in the town, a date night, or to simply uplift your mood. This perfume is up there with Narciso Rodriguez’s For Her, Dior’s J’Adore and all the other popular perfumes that are titans in the perfume industry. I loved this very much. A must for fall/winter. 10/10<br /><br />La Yuqawam Jasmine Wisp is sweet, floral and has quite an island-like feel to it. I imagine being on an island vacation. The notes of coconut and fruity notes makes this perfume a delicious addition to your collection. It’s quite the fragrance for a girly young woman but also has an element of sophistication too. I’d say that this is for spring/summer but can be used sparingly for fall/winter. 10/10<br /><br />La Yuqawam Orchid Prairie is one that is so hard to describe..which is why I love it so much. I definitely get an enigmatic, unusual but a captivating impression from this perfume. I remember this perfume being described as “grape juice spilled over wet wood.” And I do think that’s quite true. Again, it’s hard to describe, but I imagine this smell as like being in the middle of a misty forest and you catch the scent of berries and rich, deep colored fruit mixed with moss and amber. I imagine this scent being something that is so rare, unusual, unique and ex",P000061,Tom Ford Black Orchid,ACC-0031,ACC-0028,ACC-0031|ACC-0028|ACC-0037
676379,B01F4N9MEC,5.0,"Fresh!!!. Weird but i got this at TJ Maxx for about $12 and then i tried to use it. Everytime i wear this my sister always says SMELLS GREAT. Then i wear it at work and may guy coworker told me that he likes the perfume that i wear compared to the previous one that i used past few months ago. He tried to asks me whats the brand,i told him its PENGUIN bro. And his reaction was WHAT REALLY?IT REALLY SMELLS GREAT BRO.. then another encounter at ROSS when im about to check out the woman in a counter told me i really like the smell of the cologne you wear whats the brand? I told her its PENGUIN and then the other woman in the counter said YAH I LIKE THE SMELL TOO. And they amazed when i told them that i got this for about $12 at TJ MAXX. So the reason that the fragrance stays longer on me  is i spray it actually on my shirt. Thats the best thing to use it. Hope this review of mine will help others to purchase this Penguin Perfume for Men. If i liked it then they probably like it too. 😃",P000015,Coach for Men,ACC-0022,ACC-0008,ACC-0022|ACC-0008|ACC-0004|ACC-0033|ACC-0036|ACC-0095|ACC-0082|ACC-0092|ACC-0049|ACC-0005
676887,B0BN9SW9SD,5.0,"Genuine Product! Lower price than retail Store!. All time favorite cologne. Light Crisp Fresh and Clean scent! Not overbearing, no headache, (stronger fragrances tend to give me migraines these days! But I can never go wrong when I use happy for men! This is my Go-to scent for spring and summer time.)",P000015,Coach for Men,ACC-0022,ACC-0008,ACC-0022|ACC-0008|ACC-0004|ACC-0033|ACC-0036|ACC-0095|ACC-0082|ACC-0092|ACC-0049|ACC-0005
677240,B07KWH37GX,5.0,Holy grail product for men’s hair- highly recommend. Loved this! It’s light but a strong hold that’s perfect all day long and smells great. Highly recommend. I was using Suavecito before but my friend recommended this and won’t use anything else. Definitely a holy grail for men’s hair.,P000015,Coach for Men,ACC-0022,ACC-0008,ACC-0022|ACC-0008|ACC-0004|ACC-0033|ACC-0036|ACC-0095|ACC-0082|ACC-0092|ACC-0049|ACC-0005
677757,B003NEDPS4,5.0,"This is one of the most exotic and sophisticated scents .... This is one of the most exotic and sophisticated scents for men available; I use it for every formal or special occasion. While I purchase other fragrances from this site, this cologne is $10..00+ less at another site.",P000015,Coach for Men,ACC-0022,ACC-0008,ACC-0022|ACC-0008|ACC-0004|ACC-0033|ACC-0036|ACC-0095|ACC-0082|ACC-0092|ACC-0049|ACC-0005
678818,B08MMYXYFJ,3.0,"Perfume samples. Most of the perfumes I got are more for a more mature woman. It came with Gucci guilty, Versace yellow diamond, Versace Dylan turquoise, Chloe, BVLGARI rose goldea blossom delight, Chloe, Elie Saab girl of now, Olympea Paco rabanne, Michael Kors wanderlust, yes I am cacharel, I love NewYork.",P000067,Bvlgari Rose Goldea,ACC-0068,ACC-0031,ACC-0068|ACC-0031|ACC-0095|ACC-0059|ACC-0066|ACC-0032|ACC-0033|ACC-0094
679942,B09KTX1C7N,5.0,Great scent and 2 pc set. This scent can only be bought on line. I sent to my friend for her birthday. She loved it the lotion is great quality and lasts the whole day if layered.,P000062,Narciso Rodriguez For Her,ACC-0059,ACC-0068,ACC-0059|ACC-0068|ACC-0066|ACC-0095|ACC-0064|ACC-0092|ACC-0036|ACC-0004|ACC-0031|ACC-0082
681840,B00D7EWILA,5.0,"AMAZING & FAV PERFUME FOR MEN AT ANY $.  SELLS FOR HALF $ HERE VERSUS HERMES STORE. TOP FRAG NO QUESTION!. AMAZING PRODUCT.  Been wearing it for years & always will.  Order it online for half the price from the HERMES store.  Always get compliments from women when wearing it, ALWAYS :)  MY favorite cologne by far & worth every dollar VERSUS THE RETAIL PRICES FROM HERMES.  Suggest the little bit more expensive PURE PERFUME that a little will always LAST MUCH LONGER, usually just a couple sprays of their pure perfume lasts the entire day.<br /><br />MUST HAVE FOR ANY MAN WANTING A UNIQUE COLOGNE THAT WILL STAND OUT WITHOUT QUESTION, FROM THE REST.  ONLY COMPARISON MIGHT BE A COUPLE OF CREED MEN'S FRAGRANCES that online/on sale or promotion will run 300$ for a similar size bottle & CLEARLY RETAIL FOR substantially more in any high-end dept store you might come across them.<br /><br />WORTH EVERY DOLLAR FOR THE HERMES TERRES MENS PURE PERFUME. GO WITH THE BIG BOTTLE & WILL LAST OVER A YEAR!",P000015,Coach for Men,ACC-0022,ACC-0008,ACC-0022|ACC-0008|ACC-0004|ACC-0033|ACC-0036|ACC-0095|ACC-0082|ACC-0092|ACC-0049|ACC-0005
681905,B01IC1BH8C,5.0,"Pro-A gets an A. Great product! Smells great, consistency is smooth and thick enough to apply on face and neck. The ingredients listed are perfect to achieve the results I am looking for (Aloe vera, retinol, vitamin e, green tea, witch hazel, etc.). Skin feels tighter already and a lot more supple too. Thank you again for your great product. I will thoroughly enjoy.",P000046,Elizabeth Arden Green Tea,ACC-0022,ACC-0039,ACC-0022|ACC-0039|ACC-0008|ACC-0033|ACC-0032
683769,B019WY14S6,5.0,First Time in my lifetime! It works!. Throughout my life I have tried hundreds of chapsticks that chapped my lips even more after 30 minutes of applying it. This is the first time I found one that works and lasts! Has a very low key green tea/mint flavor not girly scent at all. Best chapstick I have even used in glad I bought so much.,P000046,Elizabeth Arden Green Tea,ACC-0022,ACC-0039,ACC-0022|ACC-0039|ACC-0008|ACC-0033|ACC-0032
683885,B0179EATQY,5.0,"No stink!. This organic product really works!  It has a nice musty, masculine smell when first applied and that dissipates quickly for you to add any perfume or after shave. It is suitable for men and women.  Having tried many anti-perspirants during menopause,  this is the most effective!",P000015,Coach for Men,ACC-0022,ACC-0008,ACC-0022|ACC-0008|ACC-0004|ACC-0033|ACC-0036|ACC-0095|ACC-0082|ACC-0092|ACC-0049|ACC-0005
685097,B000MT1GHA,5.0,"Jean Nate'. I looked into seven local area pharmacies and drug stores to no avail.  Jean Nate' has been my mother's scent ""forever"" -- gentle, soft, and comforting.<br />I am so glad that she can continue to enjoy this body power for her 95th year.  Thanks!",P000062,Narciso Rodriguez For Her,ACC-0059,ACC-0068,ACC-0059|ACC-0068|ACC-0066|ACC-0095|ACC-0064|ACC-0092|ACC-0036|ACC-0004|ACC-0031|ACC-0082
692980,B07X8Z9W22,4.0,"Snozzle with Xtava Black Orchid and Conair Infinity Pro. Similar to some of the other reviewers experiences, I find that the SnozzlePro works pretty well for me, but I do have to be very careful and make frequent adjustments -- it sort of exploits design problems with the tools you are using. I used it with a Conair Infinity ProPro and an Xtava Black Orchid.<br /><br />Pros:<br />-It definitely fits my Conair Infinity Pro and probably won't have any trouble fitting other hair dryers.<br />-It's thick enough to be sturdy, but thin enough that I can stretch it onto the hair dryer.<br />- I don't experience any leaking or weird smells.<br />-I can use it (carefully) with the Xtava.<br /><br />Cons:<br />-It is made of rubber, so when it heats up the rubber becomes more pliable and loose around the diffuser. I would recommend using this with cold air if possible. Unfortunately, my Conair Infinity Pro has a setting for ""Cool"" that isn't cold enough. So, I find that this works best if I keep my finger on the blue ""Cold Shot"" button the whole time.<br />-The Xtava has a very short connection point, so even though the SnozzlePro works pretty well, there's not a ton of space for it to hold on. That's a problem with the Xtava though, not the SnozzlePro. In particular, it seems to detach most at the top of the connection point and it will fall off while I'm using it. I just sort of use it gently and keep an eye on that top part to make sure it isn't slipping out.<br /><br />Overall, I think the SnozzlePro is a great product that would probably work best with a diffuser with a longer connection point than the Xtava and potentially a hair dryer that has a truly cold setting.",P000061,Tom Ford Black Orchid,ACC-0031,ACC-0028,ACC-0031|ACC-0028|ACC-0037
693213,B09V1TNP24,4.0,"The outcome. It needs to be delivered in a box or something, liquid was everywhere when my daughter opened It.I love how it smells and all but,I broke out because of my sensitive skin,but my daughter loves it. So I will definitely buy again just for her.",P000062,Narciso Rodriguez For Her,ACC-0059,ACC-0068,ACC-0059|ACC-0068|ACC-0066|ACC-0095|ACC-0064|ACC-0092|ACC-0036|ACC-0004|ACC-0031|ACC-0082
695709,B07XTCT2XR,3.0,Should be classified as feminine scent. I would classify this as a feminine scent not unisex. Even for men who like to adventure into unsix scents and some florals i think this will be too feminine. Its just a TOO sweet for me. It smells wondeful for what it is and the value is great.,P000015,Coach for Men,ACC-0022,ACC-0008,ACC-0022|ACC-0008|ACC-0004|ACC-0033|ACC-0036|ACC-0095|ACC-0082|ACC-0092|ACC-0049|ACC-0005
697287,B01MYTWR2T,5.0,Love the green tea masks!. I loved the green tea masks! Felt so conditioning on my skin while i was wearing it and left my skin feeling so soft the next morning when i woke up. The formula was perfect and smelled really good also. I can't get over how soft my skin feels after I use it! Definitely buying the green tea mask again and may even try the other ones too.,P000046,Elizabeth Arden Green Tea,ACC-0022,ACC-0039,ACC-0022|ACC-0039|ACC-0008|ACC-0033|ACC-0032
697851,B07WC43HHD,5.0,"Buena compra, fragancia y calidad excelentes. Opción árabe y económica de Bvlgari Tygar, con algo de bleu de chanel edt pero este Afnan con ingredientes más económicos. Relación calidad/precio inmejorable",P000002,Chanel Bleu de Chanel,ACC-0022,ACC-0004,ACC-0022|ACC-0004|ACC-0095|ACC-0033|ACC-0008|ACC-0092|ACC-0075|ACC-0032|ACC-0009|ACC-0066
700910,B07RP7MW3T,5.0,"Creed Aventus Clone. Other than the opening of Armaf's Club De Nuit Intense this juice smells almost identical to Creed Aventus. Also, the performance is better than Creed Aventus. I hope this helps.",P000133,Creed Aventus,ACC-0036,ACC-0082,ACC-0036|ACC-0082|ACC-0095|ACC-0050|ACC-0022|ACC-0075|ACC-0059|ACC-0085|ACC-0032|ACC-0057
700913,B07RP7MW3T,5.0,Sister Scent like Creed Aventus . Very attractive smell and last long. Great smell . It’s Similar just like the original fast selling Creed Aventus .,P000133,Creed Aventus,ACC-0036,ACC-0082,ACC-0036|ACC-0082|ACC-0095|ACC-0050|ACC-0022|ACC-0075|ACC-0059|ACC-0085|ACC-0032|ACC-0057
700951,B07M7C37HK,5.0,The Best Men’s Shaving Product!. I used to have so much trouble shaving due to irritation and ingrown hairs as I have to shave everyday for work… until my barber told me about this shave gel. He was spot on… it protects my skin from cuts and leaves it feeling moisturized. (I actually like the vanilla scent as well)  Im going to be a “Matte For Men” user from now on!!! Thanks Enzo!!!!,P000015,Coach for Men,ACC-0022,ACC-0008,ACC-0022|ACC-0008|ACC-0004|ACC-0033|ACC-0036|ACC-0095|ACC-0082|ACC-0092|ACC-0049|ACC-0005
