review_id,text,perfume_id,perfume,target_accord_id_primary,target_accord_id_secondary,all_accord_ids,n_words,source
572853,Beautiful scent!. Wood Elixir is a beautiful scent; the only issue I have is that it isn't long lasting. You'll have to reapply at least 2x throughout the day which ultimately is wasting money.,P000324,Ajmal Amber Wood,ACC-0062,ACC-0004,ACC-0062|ACC-0004|ACC-0079|ACC-0095,34,real
383552,Light and discreet. I love the fresh daytime scent. Lasts more like an after shower spray than an Eau d' parfum though.,P000324,Ajmal Amber Wood,ACC-0062,ACC-0004,ACC-0062|ACC-0004|ACC-0079|ACC-0095,22,real
85187,"Ein Gedi Lion Of Judah Eau De Toilett Pour Homme 100 ml. Update. The one I've just received in my last order comes in flask like container. I should agree a bit with someone commented here already recently for the cologne fragrance. The one I've just received - it does have a simplified one-color fragrance. Now, it reminds somehow of inexpensive watered down natural EDT. Yet, it's still has no unpleasant chemical traces. Comparing to the old classic EDT fragrance coming in the rectangle thick glass bottle, the new one is the water down simplified degradation of the classic one.<br />Yet, it's still somewhat a water down simplified pleasurable human level scent. I could give it a 3-star experience on the first impression. But, I'd still give it a 4-star experience just for the fact it has not strong chemical smelling traces in it. A  fine EDT. Not to be compared to the old golden classic one. If it's not a ""bad"" batch but was reformulated, simplified and watered down, consider it to be a 3-srar experience now<br />of a fine yet very inexpensive natural EDT you could buy in the USA easily everywhere just couple of decades ago. Like mentioned, strong 4 stars still for not stinking with the traces of artificial chemistry.<br /><br />Old original review:<br />Fine elegant cologne of human quality! Thank you! No any unpleasant cheap chemical smell traces , which most of nowadays expensive colognes radiate.",P000021,Azzaro Pour Homme,ACC-0008,ACC-0095,ACC-0008|ACC-0095|ACC-0033|ACC-0028|ACC-0049|ACC-0057|ACC-0050|ACC-0022|ACC-0066|ACC-0092,241,real
410902,"Nice fragrance, not refillable with other brands. Heavy.. Bought it for husband who travels quite some. He loves the fragrance itself and the silver case. 2hat you should know. The package will have 3 exactly same tiny sprays, only 1 will be inside the travel metal casing. You cannot refill with anything but specifically designed Prada little bottles. This metal casing is super heavy. It's a VERY heavy little piece, that kinda cancels the purpose of it.<br />Also, the cap in this silverish casing is loose. Falls off easily, it should be tighter. I only give it 5 stars because my husband is ecstatic. As a woman, I would give 3 stars for incompatibility, weight and loose cap.",P000021,Azzaro Pour Homme,ACC-0008,ACC-0095,ACC-0008|ACC-0095|ACC-0033|ACC-0028|ACC-0049|ACC-0057|ACC-0050|ACC-0022|ACC-0066|ACC-0092,118,real
564310,"Bait & Switch. The advertisement, pictures, and description was of Gucci by Gucci mens cologne. What was shipped and delivered was a generic Gucci cologne. A different formula and blend, a cheaper product with different scent accents. If the price is too good, then it's no true (40% cheaper than local retail prices). Product sent is 5% cheaper than local retail and still good for daily splash & play. Yet, it's NOT GUCCI BY GUCCI cologne. Obviously, I had to unwrap, smell, and do a detailed assessment to do this review, and didn't return; learned to curb excitement and examine before opening.",P000021,Azzaro Pour Homme,ACC-0008,ACC-0095,ACC-0008|ACC-0095|ACC-0033|ACC-0028|ACC-0049|ACC-0057|ACC-0050|ACC-0022|ACC-0066|ACC-0092,102,real
416892,While it is not my favorite scent the bottle would last a long time for .... Smells ok not an everyday scent for me. There is really nothing i can compare this to as far as describing how it smells. While it is not my favorite scent the bottle would last a long time for me . Shipping and packaging was great is why i gave it four stars the Pour Homme how ever i give three stars.,P000021,Azzaro Pour Homme,ACC-0008,ACC-0095,ACC-0008|ACC-0095|ACC-0033|ACC-0028|ACC-0049|ACC-0057|ACC-0050|ACC-0022|ACC-0066|ACC-0092,78,real
330928,No you are sizes. This is my favorite Cologne this is the only place I can get it for for a decent price I love it so much and so happy that it's not one of those generic range that you knew from wish I'd be so edge a story against the wall but yeah I love Amazon because you can even call them make sure not tell you not we don't selfie,P000021,Azzaro Pour Homme,ACC-0008,ACC-0095,ACC-0008|ACC-0095|ACC-0033|ACC-0028|ACC-0049|ACC-0057|ACC-0050|ACC-0022|ACC-0066|ACC-0092,73,real
28864,I love this scent which is why I bought this product. I love this scent which is why I bought this product.  I gave it a 4 as the metal container that holds the perfume is quite heavy so I often drop it when pull it off the shelf .  Did not expect the container to be that heavy (it is heavier than a full bottle of pour homme.,P000021,Azzaro Pour Homme,ACC-0008,ACC-0095,ACC-0008|ACC-0095|ACC-0033|ACC-0028|ACC-0049|ACC-0057|ACC-0050|ACC-0022|ACC-0066|ACC-0092,69,real
2503,"Decent. This aftershave as of most Fine aftershaves is cooling and has face skin tightening properties.  The scent<br />is somewhat lacking,  very  faint in the lavender smell.  The lasting of the scent is a couple of hours or<br />so.  I do like the Fine aftershaves and have purchased several different scents.  However,  this lavender<br />is NOT what I was expecting in the scent aspect...",P000021,Azzaro Pour Homme,ACC-0008,ACC-0095,ACC-0008|ACC-0095|ACC-0033|ACC-0028|ACC-0049|ACC-0057|ACC-0050|ACC-0022|ACC-0066|ACC-0092,64,real
439838,"It very small and doesn't come I a sealed box. This bottle is small,in size .About your index finger do be aware.it smell great but save and buy the big bottle.This is a men's cologne but the bottle looks more like a lip stick.Got a few jokes at the office about it when I pulled it out at work.",P000021,Azzaro Pour Homme,ACC-0008,ACC-0095,ACC-0008|ACC-0095|ACC-0033|ACC-0028|ACC-0049|ACC-0057|ACC-0050|ACC-0022|ACC-0066|ACC-0092,59,real
455824,"The Power of the Lion 🦁. Thank you, Lion of Judah is a great smelling  fragrance. Just a little leaked out of the bottle,<br />But I New it was my Lion of Judah. I give this fragrance a 💯 because I’ve never smelled anything like it before. I am very happy with my order.<br /><br />  Thank you Louis.G",P000021,Azzaro Pour Homme,ACC-0008,ACC-0095,ACC-0008|ACC-0095|ACC-0033|ACC-0028|ACC-0049|ACC-0057|ACC-0050|ACC-0022|ACC-0066|ACC-0092,59,real
670992,"Smells great !!. Apply vaseline till dry on skin then spray some on skin, lasts longer. Smell is inviting you can't go wrong with it. Spray in the morning then again for lunch to bring out the sent. Sent lasts strong for a good 2 hours then when ppl pass by u, y can still pick up the sent.",P000021,Azzaro Pour Homme,ACC-0008,ACC-0095,ACC-0008|ACC-0095|ACC-0033|ACC-0028|ACC-0049|ACC-0057|ACC-0050|ACC-0022|ACC-0066|ACC-0092,59,real
351805,"Amazing Lather!. I love this body wash though it's becoming harder and harder to find. One bottle lasts about 6 months for me, and the lather is amazing. More lather than any other shower gel I've ever used. The smell is amazing; not too strong, not too faint. It's too bad you can't find it anymore.",P000021,Azzaro Pour Homme,ACC-0008,ACC-0095,ACC-0008|ACC-0095|ACC-0033|ACC-0028|ACC-0049|ACC-0057|ACC-0050|ACC-0022|ACC-0066|ACC-0092,56,real
363390,Handsome smell. Love this cologne! I get headaches easily so when my husband wanted cologne we tried this and love it! My 16 year old son loves this one as well so needed a bottle for him too. One of the few colognes that dont bother me and smells really handsome.,P000021,Azzaro Pour Homme,ACC-0008,ACC-0095,ACC-0008|ACC-0095|ACC-0033|ACC-0028|ACC-0049|ACC-0057|ACC-0050|ACC-0022|ACC-0066|ACC-0092,51,real
270260,"Good ""budget"" Sauvage. Just got a sample of this tonight.  Smells like Sauvage at a tenth of the price.<br /><br />Does it smell exactly like Sauvage? No. But it is VERY close and unless you're a frag head, you wont be able to tell the difference if someone passed by.",P000021,Azzaro Pour Homme,ACC-0008,ACC-0095,ACC-0008|ACC-0095|ACC-0033|ACC-0028|ACC-0049|ACC-0057|ACC-0050|ACC-0022|ACC-0066|ACC-0092,50,real
539720,"Smells Amazing !!. This product is amazing , after reading a lot of reviews i decided to try it and oh boy i dont regret buying this one second. It smells amazing , its a very overpowering smell, when you walk into the room your guaranteed 100% to turn heads.",P000021,Azzaro Pour Homme,ACC-0008,ACC-0095,ACC-0008|ACC-0095|ACC-0033|ACC-0028|ACC-0049|ACC-0057|ACC-0050|ACC-0022|ACC-0066|ACC-0092,50,real
164931,"the perfume arrived in bad condition, broken, .  It even looks like an imitation. FAKE. The perfume arrived in bad condition, broken, throw away the liquid.  It even looks like an imitation.  I have my previous perfume and compared them.  I have pictures of both products",P000021,Azzaro Pour Homme,ACC-0008,ACC-0095,ACC-0008|ACC-0095|ACC-0033|ACC-0028|ACC-0049|ACC-0057|ACC-0050|ACC-0022|ACC-0066|ACC-0092,46,real
258653,Armani Acqua Di Gio Pour Homme 33.8 oz / 1000 ml 1.Liter Shower Gel. Very good smell.  Can't beat the quanity.  Doesn't smell exactly like the calogne but compliments it well.  I keep it in the locker at the gym for washing after working out.,P000021,Azzaro Pour Homme,ACC-0008,ACC-0095,ACC-0008|ACC-0095|ACC-0033|ACC-0028|ACC-0049|ACC-0057|ACC-0050|ACC-0022|ACC-0066|ACC-0092,45,real
573827,"La marca D,Issey. Soy un consumidor de esta fragancia lo he comprado varias veces pero en esta oportunidad debo decir que no fue lo que esperaba la fragancia no dura más de 2hras en<br />Verdad no se qué pasó con este perfume",P000021,Azzaro Pour Homme,ACC-0008,ACC-0095,ACC-0008|ACC-0095|ACC-0033|ACC-0028|ACC-0049|ACC-0057|ACC-0050|ACC-0022|ACC-0066|ACC-0092,42,real
256849,"Luvit!!!. Ran out of the big bottle I purchased at Bloomies.. I purchased these bc I travel a lot, they smells like the original but WARNING..won’t last as long as the ones sold at department stores...but I still luvit!!!",P000021,Azzaro Pour Homme,ACC-0008,ACC-0095,ACC-0008|ACC-0095|ACC-0033|ACC-0028|ACC-0049|ACC-0057|ACC-0050|ACC-0022|ACC-0066|ACC-0092,39,real
653306,Smells like tall dark and handsome. This takes me down memory lane since I picked that one for my husband like 8 years ago and I haven't seen it since that was until I found it here on Amazon,P000021,Azzaro Pour Homme,ACC-0008,ACC-0095,ACC-0008|ACC-0095|ACC-0033|ACC-0028|ACC-0049|ACC-0057|ACC-0050|ACC-0022|ACC-0066|ACC-0092,39,real
455670,"This was not the same scent I had ordered before .... This was not the same scent I had ordered before. While it is lovely, I preferred if I had known there was a selection prior to purchase.",P000021,Azzaro Pour Homme,ACC-0008,ACC-0095,ACC-0008|ACC-0095|ACC-0033|ACC-0028|ACC-0049|ACC-0057|ACC-0050|ACC-0022|ACC-0066|ACC-0092,38,real
61852,"tiniest bottle i've ever seen. The scent is great, but if I knew bottle would be microscopic, i would have ordered regular size.  In the past miniature bottles were at least double the size of this.",P000021,Azzaro Pour Homme,ACC-0008,ACC-0095,ACC-0008|ACC-0095|ACC-0033|ACC-0028|ACC-0049|ACC-0057|ACC-0050|ACC-0022|ACC-0066|ACC-0092,36,real
152342,Aquatic scent. Bought for my husband it’s an  aquatic scent light for day time not night last around 4-6 hrs max but never really fades away lingers with a light scent if sprayed on clothing,P000021,Azzaro Pour Homme,ACC-0008,ACC-0095,ACC-0008|ACC-0095|ACC-0033|ACC-0028|ACC-0049|ACC-0057|ACC-0050|ACC-0022|ACC-0066|ACC-0092,35,real
185183,"Purchased as a gift. I purchased the men's cologne as a gift for my husband, and he's very happy with it. It arrived on time and in good shape as described.",P000021,Azzaro Pour Homme,ACC-0008,ACC-0095,ACC-0008|ACC-0095|ACC-0033|ACC-0028|ACC-0049|ACC-0057|ACC-0050|ACC-0022|ACC-0066|ACC-0092,31,real
227822,"Great Smelling Juice. Great smell but does not project outside of an 1/2 foot to include the longivetiy is about 1.5 hours... Sample 1st, take my word for it...<br />Your Welcome......",P000021,Azzaro Pour Homme,ACC-0008,ACC-0095,ACC-0008|ACC-0095|ACC-0033|ACC-0028|ACC-0049|ACC-0057|ACC-0050|ACC-0022|ACC-0066|ACC-0092,31,real
677878,"Nope.. Unlike Michel Germain products I have purchased in the past, this particular scent was overpoweringly harsh. It honestly smelled like Axe body spray. I would not recommend this product.",P000021,Azzaro Pour Homme,ACC-0008,ACC-0095,ACC-0008|ACC-0095|ACC-0033|ACC-0028|ACC-0049|ACC-0057|ACC-0050|ACC-0022|ACC-0066|ACC-0092,30,real
377002,Rip off. Overpriced and doesn't last long. This fragrance is usually under 12 dollars now all of a sudden the price gets jacked up for no reason.,P000021,Azzaro Pour Homme,ACC-0008,ACC-0095,ACC-0008|ACC-0095|ACC-0033|ACC-0028|ACC-0049|ACC-0057|ACC-0050|ACC-0022|ACC-0066|ACC-0092,27,real
62119,"Mine must've been a knockoff, practically no scent and disappears almost instantly.. Mine must've been a knockoff, practically no scent and disappears almost instantly.",P000021,Azzaro Pour Homme,ACC-0008,ACC-0095,ACC-0008|ACC-0095|ACC-0033|ACC-0028|ACC-0049|ACC-0057|ACC-0050|ACC-0022|ACC-0066|ACC-0092,24,real
169106,"Too small. I love the smell of the cologne but it was too little amount, only four or five pumps and it's empty.",P000021,Azzaro Pour Homme,ACC-0008,ACC-0095,ACC-0008|ACC-0095|ACC-0033|ACC-0028|ACC-0049|ACC-0057|ACC-0050|ACC-0022|ACC-0066|ACC-0092,23,real
261708,"Good fragrance. Got it for my boyfriend who is very picky, this is the original and the fragrance stays for all day.",P000021,Azzaro Pour Homme,ACC-0008,ACC-0095,ACC-0008|ACC-0095|ACC-0033|ACC-0028|ACC-0049|ACC-0057|ACC-0050|ACC-0022|ACC-0066|ACC-0092,22,real
501157,It smells really Great and have a very lasting smell.. I bought it for my uncle and he really like it !,P000021,Azzaro Pour Homme,ACC-0008,ACC-0095,ACC-0008|ACC-0095|ACC-0033|ACC-0028|ACC-0049|ACC-0057|ACC-0050|ACC-0022|ACC-0066|ACC-0092,22,real
157933,Fantastic scent for men.  I may try the Gucci pour femme.. Gift for my husband who absolutely smells so sexy.,P000021,Azzaro Pour Homme,ACC-0008,ACC-0095,ACC-0008|ACC-0095|ACC-0033|ACC-0028|ACC-0049|ACC-0057|ACC-0050|ACC-0022|ACC-0066|ACC-0092,20,real
679074,"Estoy muy decepcionado con esta compra,  nada que ver con la versión original.. No recomiendo que compren este perfume aquí.",P000021,Azzaro Pour Homme,ACC-0008,ACC-0095,ACC-0008|ACC-0095|ACC-0033|ACC-0028|ACC-0049|ACC-0057|ACC-0050|ACC-0022|ACC-0066|ACC-0092,20,real
522369,I love this scent!. This is one of my favorite scents!  I always get compliments when i wear it!,P000021,Azzaro Pour Homme,ACC-0008,ACC-0095,ACC-0008|ACC-0095|ACC-0033|ACC-0028|ACC-0049|ACC-0057|ACC-0050|ACC-0022|ACC-0066|ACC-0092,19,real
540028,"Love the scent but it don’t last long, for the price I believe is too pricy. Cologne, love it!",P000021,Azzaro Pour Homme,ACC-0008,ACC-0095,ACC-0008|ACC-0095|ACC-0033|ACC-0028|ACC-0049|ACC-0057|ACC-0050|ACC-0022|ACC-0066|ACC-0092,19,real
233755,"Original Fresh Scent. One of my very favorite scents. Recently began sales in US. Fresh, original scent.",P000021,Azzaro Pour Homme,ACC-0008,ACC-0095,ACC-0008|ACC-0095|ACC-0033|ACC-0028|ACC-0049|ACC-0057|ACC-0050|ACC-0022|ACC-0066|ACC-0092,17,real
609590,It smells absolutely delicious!!!!. This cologne smells sooooo good! It’s my favorite thing that my husband wears!,P000021,Azzaro Pour Homme,ACC-0008,ACC-0095,ACC-0008|ACC-0095|ACC-0033|ACC-0028|ACC-0049|ACC-0057|ACC-0050|ACC-0022|ACC-0066|ACC-0092,17,real
661608,"COLLEGE STUDENT APPROVED!. My son loves this scent, and was ABSOLUTELY THRILLED when he received it!",P000021,Azzaro Pour Homme,ACC-0008,ACC-0095,ACC-0008|ACC-0095|ACC-0033|ACC-0028|ACC-0049|ACC-0057|ACC-0050|ACC-0022|ACC-0066|ACC-0092,16,real
207892,"Could no longer find this cologne in stores. Husband’s favorite cologne.. Smells amazing, lasts long.",P000021,Azzaro Pour Homme,ACC-0008,ACC-0095,ACC-0008|ACC-0095|ACC-0033|ACC-0028|ACC-0049|ACC-0057|ACC-0050|ACC-0022|ACC-0066|ACC-0092,15,real
659381,dont buy. just horrible the bottle is smaller than my pinky finger and smell horrible,P000021,Azzaro Pour Homme,ACC-0008,ACC-0095,ACC-0008|ACC-0095|ACC-0033|ACC-0028|ACC-0049|ACC-0057|ACC-0050|ACC-0022|ACC-0066|ACC-0092,15,real
663191,Great product. It smells amazing but not as long as I expected but worth money!,P000021,Azzaro Pour Homme,ACC-0008,ACC-0095,ACC-0008|ACC-0095|ACC-0033|ACC-0028|ACC-0049|ACC-0057|ACC-0050|ACC-0022|ACC-0066|ACC-0092,15,real
263303,Panty dropper!. Subtle scent. Not overwhelming. I get a lot of compliments on it.,P000021,Azzaro Pour Homme,ACC-0008,ACC-0095,ACC-0008|ACC-0095|ACC-0033|ACC-0028|ACC-0049|ACC-0057|ACC-0050|ACC-0022|ACC-0066|ACC-0092,14,real
236158,Happy. We were looking forward of obtaining it because the fragrance is fresh,P000021,Azzaro Pour Homme,ACC-0008,ACC-0095,ACC-0008|ACC-0095|ACC-0033|ACC-0028|ACC-0049|ACC-0057|ACC-0050|ACC-0022|ACC-0066|ACC-0092,13,real
455710,"Bueno. Le compre este perfume a un amigo, y quedo realmente encantado",P000021,Azzaro Pour Homme,ACC-0008,ACC-0095,ACC-0008|ACC-0095|ACC-0033|ACC-0028|ACC-0049|ACC-0057|ACC-0050|ACC-0022|ACC-0066|ACC-0092,12,real
167640,Nice smell. Smells like it should and lasts a long time!,P000021,Azzaro Pour Homme,ACC-0008,ACC-0095,ACC-0008|ACC-0095|ACC-0033|ACC-0028|ACC-0049|ACC-0057|ACC-0050|ACC-0022|ACC-0066|ACC-0092,11,real
511943,Classically handsome. My girlfriend wants this to be my lifelong scent.,P000021,Azzaro Pour Homme,ACC-0008,ACC-0095,ACC-0008|ACC-0095|ACC-0033|ACC-0028|ACC-0049|ACC-0057|ACC-0050|ACC-0022|ACC-0066|ACC-0092,11,real
237013,Too small. Smell good too small for the price disappointed,P000021,Azzaro Pour Homme,ACC-0008,ACC-0095,ACC-0008|ACC-0095|ACC-0033|ACC-0028|ACC-0049|ACC-0057|ACC-0050|ACC-0022|ACC-0066|ACC-0092,10,real
269900,Like the smell. I like the smell on my husband!,P000021,Azzaro Pour Homme,ACC-0008,ACC-0095,ACC-0008|ACC-0095|ACC-0033|ACC-0028|ACC-0049|ACC-0057|ACC-0050|ACC-0022|ACC-0066|ACC-0092,10,real
433362,Very good scent. Nipping at the heals of Hermes.,P000021,Azzaro Pour Homme,ACC-0008,ACC-0095,ACC-0008|ACC-0095|ACC-0033|ACC-0028|ACC-0049|ACC-0057|ACC-0050|ACC-0022|ACC-0066|ACC-0092,9,real
473742,Needed mens cologne. I want cologne! Not after shave,P000021,Azzaro Pour Homme,ACC-0008,ACC-0095,ACC-0008|ACC-0095|ACC-0033|ACC-0028|ACC-0049|ACC-0057|ACC-0050|ACC-0022|ACC-0066|ACC-0092,9,real
535855,Absolutely recommended!. Smells marvelous and such a great price.,P000021,Azzaro Pour Homme,ACC-0008,ACC-0095,ACC-0008|ACC-0095|ACC-0033|ACC-0028|ACC-0049|ACC-0057|ACC-0050|ACC-0022|ACC-0066|ACC-0092,9,real
85981,Panty dropper. Y’all this cologne is a must have for men or women that wear men cologne<br />Issa panty dropper so beware! Smells so amazing and not over powering,P000020,Bvlgari Man Wood Essence,ACC-0095,ACC-0008,ACC-0095|ACC-0008|ACC-0022|ACC-0004|ACC-0033,29,real
417582,No Tops!!. Was scrolling and was gonna buy the gift pack but my favorite scent isn't in it (Coral). Started reading the reviews.. so here goes.. These bottles are made to just spray without tops.. just press down once you unpackage.. hope this helps.,P000067,Bvlgari Rose Goldea,ACC-0068,ACC-0031,ACC-0068|ACC-0031|ACC-0095|ACC-0059|ACC-0066|ACC-0032|ACC-0033|ACC-0094,44,real
339318,"Difficult to open perfume bottles. I was so excited to get this gift pack, but the bottles are difficult to open. Trying to open some of them I wasted quite a bit of perfume...very disappointing.",P000067,Bvlgari Rose Goldea,ACC-0068,ACC-0031,ACC-0068|ACC-0031|ACC-0095|ACC-0059|ACC-0066|ACC-0032|ACC-0033|ACC-0094,35,real
94436,"smells great. after calling the company cause I couldn't get 3 of the 5 bottles opened, I finally got them opened and refuse to put the lid completely back on them to close them.",P000067,Bvlgari Rose Goldea,ACC-0068,ACC-0031,ACC-0068|ACC-0031|ACC-0095|ACC-0059|ACC-0066|ACC-0032|ACC-0033|ACC-0094,34,real
326633,"Nice fragrance. These little sample bottles are just okay.  The bottles are very pretty, but hard to open.  The fragrance is nice, but does not last. In my opinion, they are over priced.",P000067,Bvlgari Rose Goldea,ACC-0068,ACC-0031,ACC-0068|ACC-0031|ACC-0095|ACC-0059|ACC-0066|ACC-0032|ACC-0033|ACC-0094,33,real
431032,the tops of the perfume will  not spray not working. the bottles on the 3 small sample perfumes wont spray,P000067,Bvlgari Rose Goldea,ACC-0068,ACC-0031,ACC-0068|ACC-0031|ACC-0095|ACC-0059|ACC-0066|ACC-0032|ACC-0033|ACC-0094,20,real
520301,Cologne bottles cannot be opened!. This product is packaged well; however “too” well.  Cannot open these bottles.  Terribly disappointed.,P000067,Bvlgari Rose Goldea,ACC-0068,ACC-0031,ACC-0068|ACC-0031|ACC-0095|ACC-0059|ACC-0066|ACC-0032|ACC-0033|ACC-0094,19,real
527637,"Best Calvin Klein cologne, buy a classic. You won’t regret it. Best ck1 cologne period. Old school, classic scent, this one put them on the map. Guaranteed girls will comment and ask “what’s that?“,”is that you?”. Conversation starter, night ender,  secret admirer creator, bro... buy it. They will love it. You will love it. Own a piece of the 90’s classics. I’m talking to the kids born after the year 2001. She’ll think about you after school or when you leave the office. And when she happens to run into this scent when she is out and about, boom! You!! will come up first on her mind. And she will always relate this scent to you for the rest of her life. And any guy after you that wears this, and if she ends up dating him? Well in the back of her head, she will remember you while she is with whom ever is there at the moment. Want to leave a mark on her? Wear this. Bro, you will go home and it will be a “BRAZZERS” night.  You’re welcome.",P000026,Calvin Klein CK One,ACC-0022,ACC-0039,ACC-0022|ACC-0039|ACC-0008|ACC-0059,182,real
87137,"This ain't it.. I was looking for a dupe for CK1, but this wasn't it. I should've just tried the $10 dupe, it probably would've smelled the same. Very chemical, very harsh, I could taste the cloying smell in the back of my throat the whole time I wore it and it practically had me gagging. Lucky for me the scent doesn't last long, but that's yet another flaw for people who might enjoy such a scent. The gummies the company sent were nice tho!",P000026,Calvin Klein CK One,ACC-0022,ACC-0039,ACC-0022|ACC-0039|ACC-0008|ACC-0059,85,real
28303,Not my favorite. It’s not my very favorite scent of CC so I gave it to my husband. Can be strong if not applied carefully.,P000026,Calvin Klein CK One,ACC-0022,ACC-0039,ACC-0022|ACC-0039|ACC-0008|ACC-0059,25,real
599758,My favorite perfume. For me as my mother's day gift,P000026,Calvin Klein CK One,ACC-0022,ACC-0039,ACC-0022|ACC-0039|ACC-0008|ACC-0059,10,real
534884,Great value package. Love the smell and longevity,P000026,Calvin Klein CK One,ACC-0022,ACC-0039,ACC-0022|ACC-0039|ACC-0008|ACC-0059,8,real
203627,Not a very good scent. I usually like the Herrera For Men EDT for men....but this Bad Boy spray's scent disappoints.,P000249,Carolina Herrera Bad Boy,ACC-0092,ACC-0082,ACC-0092|ACC-0082|ACC-0014|ACC-0095,21,real
243078,Has a lot of pheromones in it .. Gets a lot of attention. Smells so delicious he loves it..,P000249,Carolina Herrera Bad Boy,ACC-0092,ACC-0082,ACC-0092|ACC-0082|ACC-0014|ACC-0095,19,real
597615,No a good buy. Only 1 bottle had cologne in it.  The other 2 must have dried out or seeped out.  Not worth 60 dollars. I didn't think I should back empty bottle and have to pay  7 dollarrs,P000113,Carolina Herrera Good Girl,ACC-0082,ACC-0094,ACC-0082|ACC-0094|ACC-0092|ACC-0087|ACC-0004|ACC-0014|ACC-0095|ACC-0086|ACC-0003|ACC-0066,39,real
529868,"It is a fragrance that stays long.. Even though it says it’s for a baby,to me it’s very strong...and it got some sweet notes on it,what I like actually,so I am using instead of my baby daughter.",P000113,Carolina Herrera Good Girl,ACC-0082,ACC-0094,ACC-0082|ACC-0094|ACC-0092|ACC-0087|ACC-0004|ACC-0014|ACC-0095|ACC-0086|ACC-0003|ACC-0066,37,real
678999,The scent is good.. The bottle caps are no good. first time the cap was removed to plastic seal came out of the cap and will not press back inside the cap.  this is nothing but junk!!!!!!!,P000113,Carolina Herrera Good Girl,ACC-0082,ACC-0094,ACC-0082|ACC-0094|ACC-0092|ACC-0087|ACC-0004|ACC-0014|ACC-0095|ACC-0086|ACC-0003|ACC-0066,37,real
564339,Do not buy!!!!!. Took weeks to get! Seller unresponsive! Told would give me refund once i got them to respond. .. still no refund! Smells cheap! Tiny! Cant return! Bad experience all together!,P000113,Carolina Herrera Good Girl,ACC-0082,ACC-0094,ACC-0082|ACC-0094|ACC-0092|ACC-0087|ACC-0004|ACC-0014|ACC-0095|ACC-0086|ACC-0003|ACC-0066,33,real
252531,Doesn't Last but Great Scent!. This has become my signature fragrance since Jan.2017 & I just keep buying more.  LOVE the scent but wished it would last a little longer.,P000113,Carolina Herrera Good Girl,ACC-0082,ACC-0094,ACC-0082|ACC-0094|ACC-0092|ACC-0087|ACC-0004|ACC-0014|ACC-0095|ACC-0086|ACC-0003|ACC-0066,30,real
237762,"The product was Open. Arrived open ,when I contact the seller they ignoring and block me .:( and I don't like smell either smell a doggie pee.",P000113,Carolina Herrera Good Girl,ACC-0082,ACC-0094,ACC-0082|ACC-0094|ACC-0092|ACC-0087|ACC-0004|ACC-0014|ACC-0095|ACC-0086|ACC-0003|ACC-0066,27,real
79596,Smells amazing. I bought this because i smelled the sample and loved it. Would buy a bigger bottle,P000113,Carolina Herrera Good Girl,ACC-0082,ACC-0094,ACC-0082|ACC-0094|ACC-0092|ACC-0087|ACC-0004|ACC-0014|ACC-0095|ACC-0086|ACC-0003|ACC-0066,18,real
236778,Nice scent!. Nice perfume. Gave it as a gift to my wife and she loved it.,P000113,Carolina Herrera Good Girl,ACC-0082,ACC-0094,ACC-0082|ACC-0094|ACC-0092|ACC-0087|ACC-0004|ACC-0014|ACC-0095|ACC-0086|ACC-0003|ACC-0066,16,real
416311,It just doesn't seem to stay on. It is a great color.  No longevity.,P000113,Carolina Herrera Good Girl,ACC-0082,ACC-0094,ACC-0082|ACC-0094|ACC-0092|ACC-0087|ACC-0004|ACC-0014|ACC-0095|ACC-0086|ACC-0003|ACC-0066,14,real
354422,Please purchase this cologne worth having. Surely purchase again.  Soon worth purchaseing,P000113,Carolina Herrera Good Girl,ACC-0082,ACC-0094,ACC-0082|ACC-0094|ACC-0092|ACC-0087|ACC-0004|ACC-0014|ACC-0095|ACC-0086|ACC-0003|ACC-0066,12,real
387322,Perfect gift!. Ideal miniature perfume; so cute! Love them!,P000113,Carolina Herrera Good Girl,ACC-0082,ACC-0094,ACC-0082|ACC-0094|ACC-0092|ACC-0087|ACC-0004|ACC-0014|ACC-0095|ACC-0086|ACC-0003|ACC-0066,9,real
333840,"Inexpensive, but pleasant!. This is an inexpensive, but very pleasant cologne. It doesn't last as long as true French colognes, but it's good for its price!",P000002,Chanel Bleu de Chanel,ACC-0022,ACC-0004,ACC-0022|ACC-0004|ACC-0095|ACC-0033|ACC-0008|ACC-0092|ACC-0075|ACC-0032|ACC-0009|ACC-0066,26,real
453285,"I love it. The perfume is vey convenient to fit in any toilet bag, also has a great fresh fragrance.<br />I recommend it.",P000002,Chanel Bleu de Chanel,ACC-0022,ACC-0004,ACC-0022|ACC-0004|ACC-0095|ACC-0033|ACC-0008|ACC-0092|ACC-0075|ACC-0032|ACC-0009|ACC-0066,23,real
665706,"What is most important to know about Mademoiselle, 2018. Chanel has chosen to change this best selling fragrance the had as of this year. I returned my last bottle.  They took a beautiful fragrance and ruined it. That smell that women would often identify themselves or I would be asked by men and women ... what is it you are wearing. I know it is different. I still have an old bottle I purchased last November, 2017 to remember what the original fragrance was. Don't bother buying what was excellent until they realize the huge mistake they have made and return to the original product fragrance I long for.",P000052,Chanel Coco Mademoiselle,ACC-0022,ACC-0095,ACC-0022|ACC-0095|ACC-0064|ACC-0082|ACC-0094|ACC-0068|ACC-0028|ACC-0087|ACC-0092|ACC-0096,109,real
362999,Smells just like CoCo Mademoiselle. I wasn’t expecting this to smell so much like my favorite perfume. I was pleasantly surprised! The seller also sent a lovely sample of the body cream which I am planning to purchase. Truly a lovely whipped body wash. The thank you note was also a very sweet touch. Well done. ⭐️ ⭐️⭐️⭐️⭐️,P000052,Chanel Coco Mademoiselle,ACC-0022,ACC-0095,ACC-0022|ACC-0095|ACC-0064|ACC-0082|ACC-0094|ACC-0068|ACC-0028|ACC-0087|ACC-0092|ACC-0096,58,real
67906,"coco chanel. not sure worth the price.  maybe it's just me but i don't think it smells the same as the other bottles i have had. not as strong a scent. should have probably sent it back.  lesson learned, get it from unscale store like macy's in future",P000052,Chanel Coco Mademoiselle,ACC-0022,ACC-0095,ACC-0022|ACC-0095|ACC-0064|ACC-0082|ACC-0094|ACC-0068|ACC-0028|ACC-0087|ACC-0092|ACC-0096,48,real
578717,Was not you to par. Wasn't as nice this Time around smelled extremely week,P000052,Chanel Coco Mademoiselle,ACC-0022,ACC-0095,ACC-0022|ACC-0095|ACC-0064|ACC-0082|ACC-0094|ACC-0068|ACC-0028|ACC-0087|ACC-0092|ACC-0096,14,real
98463,She says it the best. My wife loves this perfume,P000052,Chanel Coco Mademoiselle,ACC-0022,ACC-0095,ACC-0022|ACC-0095|ACC-0064|ACC-0082|ACC-0094|ACC-0068|ACC-0028|ACC-0087|ACC-0092|ACC-0096,10,real
68926,CoCo Mademoiselle. A signature scent. Softest aroma lingers.,P000052,Chanel Coco Mademoiselle,ACC-0022,ACC-0095,ACC-0022|ACC-0095|ACC-0064|ACC-0082|ACC-0094|ACC-0068|ACC-0028|ACC-0087|ACC-0092|ACC-0096,8,real
4416,"So far I am pleased with this set, having sensitive skin, it works for me. First, this Beard Growth Kit, 10 In 1 Beard Kit For Men with Beard Oil, Beard Balm, Beard Conditioner set offers a nice number of items if you are considering a gift this holiday season (or any time). It’s a nice box, again, offers a good number of items for a gift, and is done nicely enough in box set up and presentation it would be well received. Second, the items in it are a good range of “quality” so I think it’ll be appreciated. What I am saying: the brush, comb, bag, scissors, and guard are decent, but not great quality. You can get better quality, but for working needs and for a gift, this is pretty good. But, for example the scissors feel a bit cheaper. But they will get use as long as they cut well enough. I’m not big into using a guard, but this one is like others I’ve had. The included bag is decent, but I’d never use it; if traveling or moving my stuff I’d use a toiletry bag. The brush is not as nice as others I have, but it’s useable and gets the job done. Same with the comb. That brings us to the shampoo, Conditioner, and oil. NOTE: I have extremely sensitive skin, so this review is based on my experience from that standpoint. I like a range of scents or items to keep my beard in good shape, but I have a far more difficult time finding things that work and are okay on my skin. I have only used these items once, but that’s all it takes to know. I come away happy - they all worked and NO reaction. I used the shampoo and conditioner in the shower today and they not only had a nice, light scent, but I was bale to let it sit on the beard for a few minutes each, having no issues with skin and liking the smell. The beard felt soft following and I liked how they worked overall. Next, the oil. I believe it is claimed to be used for “beard growth,” and maybe it’ll help with that. My beard is decent, but I do have spots that could use thickening, so again, I keep an eye open for options. H",P000015,Coach for Men,ACC-0022,ACC-0008,ACC-0022|ACC-0008|ACC-0004|ACC-0033|ACC-0036|ACC-0095|ACC-0082|ACC-0092|ACC-0049|ACC-0005,396,real
154758,"Nice combo pack. Good overall value.. I like this shave kit for several reasons. First the four products you get (they say 6, but they are counting the cheap dopp bag and something else) go really well together and I think you save about ten dollars by buying it as a kit. I have naturally dry and sensitive skin. So I like a mild facial cleanser and that is what you get here. This face cleanser is not a soapy type cleaner. If you are used to a normal sudsy face wash, then this will take a little getting used to. Basically with this facial wash, a little goes a long way. You will not get a big lather from it, and it does kind of have a slimy consistency but it smells very nice to me. They say it is odorless, but I find it has a slightly medicinal peppermint smell, that I actually like. The shave cream and aftershave actually have the same smell. I like it. It smells manly to me. One warning though. There have been days where i couldn't wash my face for whatever reason and the next day I have used double the amount I normally use, and it has made my face feel extremely dry and tight. So don't use more than a quarter sized amount on your face and neck unless you have oily skin.<br />The pre-shave oil I use after washing my face. To me it is the pre-shave oil that is the star of this kit. If you are someone who feels that they get a great benefit from using a pre-shave oil, then you will like this oil. I have found this to be my favorite pre-shave oil, even against those that are twice the price. Again, a little goes a long way. You only need to drip a tiny bit on your fingertips for each side of your face and neck. I find using a pre-shave oil gives my face an elasticity that it wouldn't have otherwise. It just seems to make the razor glide more effortlessly than with just a regular shave cream. I also find that since it is an oil (and this is among the thicker shave oils you will find) it tends to stay on your face even after the shave and condition it. If you have dry",P000015,Coach for Men,ACC-0022,ACC-0008,ACC-0022|ACC-0008|ACC-0004|ACC-0033|ACC-0036|ACC-0095|ACC-0082|ACC-0092|ACC-0049|ACC-0005,394,real
102555,"Hard Hold Gel works great in thick hair!. My teenage son uses more product in his hair than me and his 2 sisters.  We actually tease him about it.  BUT - he likes his various hairstyles.  ALL of which require a great deal of gel.  Which is fine - and not so fine.  He has really really thick hair.  Like, SUPER thick hair.  And so it's hard to find gel that works...and stays the whole day.  He uses some now that works well enough, but the smell of it is really strong.  REALLY strong.  We are not fans.  I'm on the lookout constantly for a good gel for his super thick hair.  One that will stand through his day.  His sweaty, crazy, fast paced day.<br /><br />I am so thankful I was able to purchase this gel at a discount in exchange for my fair, unbiased review.  And also thankful it is Amazon Prime eligible.  As soon as I ordered it, I was ready for my son to give it a try.<br /><br />When it came in the mail, I was thankful for the shrink wrap type packaging around it - less chance for leaks or spills during shipping and delivery.  And I was ready for my son to give it a go.  It DID take some cajoling to get him to try it.  It's summer.  He's lazing around.  Last thing on his mind is trying a new gel for his hair.  Curiosity DID eventually get the better of him though and he tried it.  On his dry (he says gel won't work if his hair is dry - only when it's wet/damp), unclean, messy, dried sweat hair.  And it worked WONDERFULLY.  I was actually quite impressed and amazed by how well it worked on that mop of a head of hair.  So was he.  And off he went to 'shoot some hoops' with his friends, which included a bike ride to get there.  When he came home - his hair was fine.  Still holding.  I was really amazed.<br /><br />Since then, he's used it a few times on his clean, damp hair and he is very happy with how well he is able to shape his hair and how well it stays throughout the day.  And we both really like the very light, not chemically or perfumey smell.  The smell is no",P000015,Coach for Men,ACC-0022,ACC-0008,ACC-0022|ACC-0008|ACC-0004|ACC-0033|ACC-0036|ACC-0095|ACC-0082|ACC-0092|ACC-0049|ACC-0005,393,real
377108,"A fine mist and extremely easy to apply :)!. I ordered this for a couple of reasons. When it arrived in the mail, I was extremely excited because this product is very different from products markets for the same issues. My intent for this was to help with eczema and to aid in the healing of acne on the back. This is solely for one of my teenagers.<br /><br />This is a 4-ounce bottle of Miramist and has a nozzle that produces a fine mist. When I tested on myself, I noticed the mist and tested it on my hand first. I did not get any negative reactions on my hand, so then I sprayed it on my face. At first, there didn't seem to be any scent. Then, the Miramist dried and it smelled slightly like the remnants of a very diluted apple cider vinegar. I looked at the label and did not see apple cider vinegar on the label, I am perplexed. With that, it doesn't bother me at all. Simply worth noting. I have extremely sensitive skin and have been itching on my face for about 5 minutes. After that period, the itching dissipated. My son did not experience any itching and said it felt like spraying water on his skin. You may need to try it for yourself to see how it reacts with your skin.<br /><br />What is in the pictures?<br />1. The front label of the bottle<br />2. The directions for use:<br />Spray or rub into the affected area 2 to 3 times daily as needed until desired results are obtained. Do not spray into the eyes, or other sensitive tissue. Topical USE only.<br />3. The mist as it was sprayed on my hand. Note that it is clear in color and that the mist is very fine....<br />4. The usage as it is listed on the label.<br /><br />All in all, I feel like this is a great addition to our home. I love the fact that the bottle is a perfect size​ and the fact that it is so easy to use. Try it for yourself. It is not drying and seems to be doing well. Let me know if this review helped.<br /><br />I received this product at a discount in exchange for an honest and fair review.",P000015,Coach for Men,ACC-0022,ACC-0008,ACC-0022|ACC-0008|ACC-0004|ACC-0033|ACC-0036|ACC-0095|ACC-0082|ACC-0092|ACC-0049|ACC-0005,387,real
2654,"Nice grooming set. My husband used this kit and took, when asked to do a bit of a review on it for me, took it very seriously. The price isn't cheap so he wanted to make sure to really look at everything as he used it. Here is what he had to say:<br /><br />""You have a pack of accessories here so I thought I would run through them in turn to tell you what you are getting and my impression of it<br /><br />Shampoo and body wash.<br />Okay, I ran through this way too quick and used all of it. It's good. It's really good and I couldn't really get enough of it. So that's a plus and a negative in that there isn't really a lot of it to begin with.<br /><br />Face wash.<br />I love to get In there and give my face a right good scrubbing. This helps. The wash is thick and gel like with the exfoliating, and it does feel like you have given your face a good scrub after use. You do feel cleaner after use.<br /><br />Shave cream<br />I'm not one for using cream very often. I prefer basic foam from a can. But wow. This stuff leaves your face feeling clean and fresh after shaving.  Not only that but incredibly soft.<br /><br />Moisture cream<br />This is really not something I use at all. I would think it best to use after shaving because you are stripping moisture from your face, but in that regard the shave cream is sufficient. I just don't personally have a need for a separate moisture cream. So it is sort of hard to form an opinion about it.<br />What I can tell you is that it doesn't really have a scent, my face does feel super soft. On the downside it is a little messy and I found myself wiping away the excess.<br /><br />For the most part then I really like this set. It comes in a handy pouch you can use long after the accessories are empty. However, that won't take too long because the bottles are very small. It's something for people who aren't concerned about the cost. It's very expensive. Is it worth the cost for me? Not really. Not in terms of either quality or quanti",P000015,Coach for Men,ACC-0022,ACC-0008,ACC-0022|ACC-0008|ACC-0004|ACC-0033|ACC-0036|ACC-0095|ACC-0082|ACC-0092|ACC-0049|ACC-0005,385,real
27234,"This stuff actually works!. I had a pretty ugly blackhead on my nose. For weeks I tried everything to get rid of it. I even asked my girlfriend for some beauty tips. Nothing worked. After awhile I noticed it getting bigger so I became desperate. I did something most guys would ever do... I visited a beauty salon that specializes in skin care. Fortunately for me, the lady I spoke to didn't want to take my money and told me to just pick up a bottle of Vi-Tae Blackhead remover. She told me all this mombo jumbo about why and how it works and I pretended like I understood but it all flew over my head. I went home later that night and found it on Amazon. Honestly, I didn't want to spend $30+ dollars on a health and beauty product because, well, I'm a guy. But I took the lady's advice and went with it. Like Prime normally does, I got it in two days. I followed the directions - apply every morning to damp skin, let it sit for a few minutes and rinse. I have to be honest... I didn't see any difference after the first day. The blackhead was still there. I did it again the second day. Nothing. Third day. Zilch. Fourth day. Nada. I was becoming impatient and felt ripped off. However, after I applied it on the fifth day, the blackhead was gone after I rinsed it! I was like WHOA! This girly stuff really works. Before I start to rave about this stuff, I have to say that it didn't get it all out. If I look close enough, I can still see a tiny spec left in my pore. But I'll just continue using this stuff and see what happens. In all honesty, no one else can see it anymore. But my girlfriend said to continue keeping it clean so it doesn't come back.<br /><br />FYI, I'm a 31 year old Asian male with pretty oily skin.<br /><br />PROS:<br />- Actually works but it can take up to a week to remove a large blackhead<br />- Smells good and refreshing<br />- Directions are easy to follow<br /><br />CONS:<br />- This stuff will sting the first few times you use it. It's not unbearable but it'",P000015,Coach for Men,ACC-0022,ACC-0008,ACC-0022|ACC-0008|ACC-0004|ACC-0033|ACC-0036|ACC-0095|ACC-0082|ACC-0092|ACC-0049|ACC-0005,384,real
198179,"Formula changed and now it is painful to have on. I have used it for a couple weeks now, so far I like it. It did make me break out in the beginning but I feel this is more the product drawing out all the junk in my pores, as this effect has died down and my pores are a lot more clear now. If this result remains then I will buy the product again!<br /><br />Update:<br />I have continued to use it for a little over a month now and absolutely love it. As I suspected the initial small break out I experienced was just the product getting the junk out of my pores and it was only temporary. After using this product every day my face has been and stayed clearer than ever, my pores visibly smaller because they are not clogged which in turn has made my skin appear smoother. I have also experienced less hormonal break outs which is wonderful! The only concern I have is that I just re ordered it and the new bottle smells differently than the first bottle. The first bottle did not have a pleasant smell to it but that did not bother me as long as it did what it said. This new bottle smells more of peppermint and the non pleasant smell is no longer there. The increase in peppermint does cause my face to slightly tingle/burn. The bottles are the same as are the ingredients listed but clearly there is a different balance of ingredients in the new bottle. I hope this does not change the effectiveness of the product. So for right now I am going to keep it at 4 stars, if it continues to work I will up it to 5.<br /><br />Another update:  OK so the peppermint overload is seriously painful. There is a slight burning to the skin, thankfully I do not have sensitive skin so it doesnt leave my skin red or irritated but it is painful while the product is on my face. Also it makes my eyes red and they water constantly while it is on my face....Seriously bummed out because I really liked the effectiveness of the product. If you have sensitive skin I would not recommend this.....I have since dr",P000015,Coach for Men,ACC-0022,ACC-0008,ACC-0022|ACC-0008|ACC-0004|ACC-0033|ACC-0036|ACC-0095|ACC-0082|ACC-0092|ACC-0049|ACC-0005,382,real
414957,"This stuff does exactly as described!. So far, I absolutely LOVE this soap! I ordered the sampler pack. I started with the Pine Tar, because I thought it would be my least favorite, as I'm not a huge fan of &#34;pine&#34; scented products. However, I was surprised! The smell is very strong at first, and remains pretty strong when it sits in the shower. However, it is much more subtle on your skin. it leaves my skin pretty soft (which was a shock,) and I felt cleaner than I had with Irish Spring, which I'd been using for years. It surprised me again when it removed the remaining grease from my skin left behind by the Gojo I use after working on my projects.<br />That's not to say it works miracles, because it doesn't. It does exactly as the manufacturer describes!<br />This isn't Lava Soap, Fast Orange, or some other heavy duty hand cleaner. It's an all natural, GREAT smelling bar of soap. If you need something stronger, better buy IT first.<br />I've seen some reviewers complain about how long it lasts, claiming only 3 days. The photo I posted is after 30 days of use. Yes, 1 month. Now, I'm not a huge guy. 5'6&#34;, 150 lbs, average build. Most days I shower twice a day, once before work and once after I work out or get filthy working on a project. I keep the soap in a draining soap dish so it isn't soaking in a bowl of water. I also use it as shaving cream, as I shave my head and face while in the shower.  So I don't know what happened to reduce the bar to a lump of goo in only 3 days.<br />If you keep it in a soap dish that fills with water and doesn't drain, your soap won't last as long. If you are 6'9&#34;, 350 lbs, your soap won't last as long. if you are eating it, it won't last as long. if you are allergic to something in the soap, it's not the soap's fault.<br />I am about to try the next flavor in the pack, so I'll update my review then.<br />Meanwhile, I love this stuff and fully recommend it! Worth the price (which admittedly could be a little less.)",P000015,Coach for Men,ACC-0022,ACC-0008,ACC-0022|ACC-0008|ACC-0004|ACC-0033|ACC-0036|ACC-0095|ACC-0082|ACC-0092|ACC-0049|ACC-0005,381,real
478641,"It's basically biotin. I just recently decided to try to grow a full beard for the first time. I always wanted a full beard, but every time I let it grow it looked raggedy and patchy. The funny thing is that I’ve always had a goatee and mustache that both grow nice and thick but for whatever reason the beard never came in the way my goatee did. I started to grow it and let it grow for a couple weeks and it started to fill in a little better but was still nowhere near full or how I wanted it to look. I looked online for answers, trying to find out how I could make my beard grow fuller. I tried a couple different beard oils that were supposed to help fill any patches by prompting your face to grow more hair and they didn’t make any real difference. When I talked to my brother who has a long full beard, I asked him what his secret was. He told me that when he was my age, he also had trouble getting his beard to grow full and that he had heard if you take Biotin that it would help promote new beard hair growth.<br /><br />After looking at a number of different Biotin supplements, I found the Beard & Stache Nutrients made by Elevate Recovery. I bought this supplement instead of the straight Biotin because it includes 27 all natural nutrients packed into each pill and the dose of Biotin in each pill is as much as most Biotin only pills offer. The supplement is made in the USA with FDA approved ingredients in GMP certified facilities, which is a big deal to me since I will not take any supplements that aren’t made in the USA in FDA or GMP certified facilities. I was surprised when I researched the individual ingredients that each of the 27 ingredients have been shown to promote hair growth and that in combination can accelerate new hair growth much faster than Biotin alone which is important since I’m not worried about making the hair I have grow faster.<br /><br />The pills themselves are easy to swallow and they don’t leave any kind of taste in your mouth, but they do sm",P000015,Coach for Men,ACC-0022,ACC-0008,ACC-0022|ACC-0008|ACC-0004|ACC-0033|ACC-0036|ACC-0095|ACC-0082|ACC-0092|ACC-0049|ACC-0005,379,real
359102,"My beard is full and thick for the first time!. I just recently decided to try to grow a full beard for the first time.  I always wanted a full beard, but every time I let it grow it looked raggedy and patchy.  The funny thing is that I’ve always had a goatee and mustache that both grow nice and thick but for whatever reason the beard never came in the way my goatee did.  I started to grow it and let it grow for a couple weeks and it started to fill in a little better but was still nowhere near full or how I wanted it to look.  I looked online for answers, trying to find out how I could make my beard grow fuller.  I tried a couple different beard oils that were supposed to help fill any patches by prompting your face to grow more hair and they didn’t make any real difference.  When I talked to my brother who has a long full beard, I asked him what his secret was.  He told me that when he was my age, he also had trouble getting his beard to grow full and that he had heard if you take Biotin that it would help promote new beard hair growth.<br /><br />After looking at a number of different Biotin supplements, I found the Beard & Stache Nutrients made by Elevate Recovery.  I bought this supplement instead of the straight Biotin because it includes 27 all natural nutrients packed into each pill and the dose of Biotin in each pill is as much as most Biotin only pills offer.  The supplement is made in the USA with FDA approved ingredients in GMP certified facilities, which is a big deal to me since I will not take any supplements that aren’t made in the USA in FDA or GMP certified facilities.  I was surprised when I researched the individual ingredients that each of the 27 ingredients have been shown to promote hair growth and that in combination can accelerate new hair growth much faster than Biotin alone which is important since I’m not worried about making the hair I have grow faster.<br /><br />The pills themselves are easy to swallow and they don’t leave any kind of ",P000015,Coach for Men,ACC-0022,ACC-0008,ACC-0022|ACC-0008|ACC-0004|ACC-0033|ACC-0036|ACC-0095|ACC-0082|ACC-0092|ACC-0049|ACC-0005,378,real
334163,"Very impressive for wavy/curly hair. My hair is naturally wavy/curly and tends to be dry and on the frizzy side. I don't use heat tools other than for special occasions. It's also on the fine thin side. I have the length I want, it goes to the middle of my back, but i'm looking for something to help with making it thicker. I don't know if this product will help with that but willing to give it a try. It does say that it will make it fuller so that gives me hope. I have tried probably every hair care product there is from cheap to expensive. I have found some that i'm more pleased with then others.<br />So now the selling points of this product are:<br />~This serum will stimulate hair growth at an impressive speed; just after 1-2 weeks of usage your hair will start getting longer and fuller!<br /> ~The enriched formula of this serum will nourish your roots and follicles deeply, helping your hair become denser, fuller and stronger.<br />~This serum will offer deep moisture to your hair, making it look healthy and glowing. Your hair will soon be silky soft and tempting to the touch! Forget dry, frizzy hair once and for all.<br />~ Just 5-6 drops of this amazing serum will rejuvenate your hair, making look it good when you don't have time to wash.<br /> My honest and unbiased opinion for the discount price I paid for this serum:<br />The fragrance is a light soft scent which I like alot. The serum is light and easy to apply to the scalp. I pump 2 drops on my finger tips and massage in a section of my scalp. Repeating this till my entire scalp is massaged.  I also use it on the length of my hair to tame the frizz. Just 4 or 5 drops in palms and smoothed down the length of hair is all is needed. I am very impressed with this serum. I have been using it for a week. No noticeable growth or fullness yet but the texture of my hair is so much smoother and noticeably less frizz. Some reviewers have stated it made their hair greasy feeling. Maybe they used to much or have strai",P000015,Coach for Men,ACC-0022,ACC-0008,ACC-0022|ACC-0008|ACC-0004|ACC-0033|ACC-0036|ACC-0095|ACC-0082|ACC-0092|ACC-0049|ACC-0005,377,real
578494,"Great Hold and Light Scent. I have been using beard oil for a while, but recently, it was not making the cut and my beard was getting a little too scraggly for work. I decided to try beard balm to see if it might be able to provide some hold and tame down some of my loose hairs. I was worried that I would need a significant trim if I couldn't find a way to bring it all together, but since starting to use this balm daily, I have been able to let it grow without any thoughts about the professionalism. Below are a few comments I have to make on different aspects of this balm.<br /><br />Size: This is a fairly large container. If you are looking for some size comparisons, I would say it is about the same diameter as a coffee cup and 3/4 of an inch deep. I have been using it daily for a few weeks now and still have well over 90% of the balm remaining.<br /><br />Scent:  As someone switching from beard oils with fairly strong scents, I initially thought this balm was scentless. I think this can be a positive or a negative depending on your preferences. If you are using a beard oil or cologne with a scent you love, this will not clash with it, but will give you the hold and conditioning you are looking for. On the other hand, if you are looking for a balm that will double as cologne, you'll probably want to buy a beard oil or some actual cologne to supplement what this will provide.<br /><br />Strength:  The hold is great! My beard is about an inch and a half to two inches, and this has provided the perfect amount of hold for me. It helps me to be able to do a little bit of shaping when I need to, but mostly allows my beard to be itself. It has also left my beard feeling less dry and looking a little bit healthier.<br /><br />Overall, this is a great beard balm and I would recommend it to first time users or those who have tried many before. Also, I received this balm in exchange for an honest review.",P000015,Coach for Men,ACC-0022,ACC-0008,ACC-0022|ACC-0008|ACC-0004|ACC-0033|ACC-0036|ACC-0095|ACC-0082|ACC-0092|ACC-0049|ACC-0005,375,real
109208,"The Best & Cheap Electric Shaver You Can Buy! However You Get What You Pay For Though!. UPDATE: 08-01-21<br /><br />Its been nearly another year that I've owned these shavers, which makes a total of 3-years of ownership. Has my opinion on these shavers changed? Well, one just has to take a look at my updated rating and you have your answer. About a month after my first replacement, (which you can read about in the 2020 update) I discovered that the battery wasn't holding a charge as good as my first shaver, it got so bad that the charger would die, unless I had it plugged in all the time. This did not give me confidence at all!<br /><br />Also, the cutting head from the get go, felt like it wasn't as sharp as the first shavers cutting head. I mean, we all know the blade isn't made out of Japanese steel but this is ridiculous, a new shaver head should be sharp! Because I did not want to write this product off too soon, I continued using the shaver for almost a complete year, and now the shaver head feels as dull as the last shaver after 2-years of use. For an entire year, this shaver was providing me a nice shade of red rash on my neck, nothing like walking into a store looking like you just came back from getting tortured by someone.<br /><br />I simply could not put up with it anymore, and I am sorry to have to admit this, but I went back to a name brand shaver. I did my research, and I discovered that Panasonic was still making quality shavers made in Japan. I decided to also switch from a rotary design shaver, to a foil design shaver, as they provide a closer shave. The Panasonic Arc4 ES 8243AA is a much nicer shaver hands down! If you want to take 30-minutes for a red rash shave, then stick with Aefee, if you want a 10-minute shave that leaves you looking good afterwords, get the Panasonic.<br /><br />Review has been updated to 3 out of 5 stars as of August 1st 2021...<br /><br />UPDATE: 09-05-20<br /><br />My wonderful shaver has recently been pulling my hairs,",P000015,Coach for Men,ACC-0022,ACC-0008,ACC-0022|ACC-0008|ACC-0004|ACC-0033|ACC-0036|ACC-0095|ACC-0082|ACC-0092|ACC-0049|ACC-0005,374,real
227745,Not of this world. Let me take you down this journey with me. At times it will be almost overwhelming but I assure you this soap is sheer pleasure. Upon arrival I opened the amazon cardboard box and discovered a small biodegradable looking container that suited the magical bar perfectly. I opened it's shell revealing the most lovely scent I've ever smelled. Its a mint smell. I know what your thinking big deal mint? Wrong! This is no ordinary mint. This mint not only refreshes your beard and your skin it also refreshes your very soul. I cut off a corner using a stilleto style switch blade as to not wast the bar and I took the small jewel with me into the shower and after rinsing myself I could wait no longer. I grabbed the potent gem and began to rub it along my beard. The first thing I noticed was the smell. It's the smell of spring after a fresh rain. It's the smell of a newborn baby. It's the smell of fresh baked cookies. It's the smell of a good Texas bbq. It's the smell of your loves perfume. It's walking through kawachi fuji-en garden in spring and breathing it all in. It's that first breath of air when you dive too deep in Belize and aren't sure if you will make it to the surface. Then the lathering begins and you realize you need very little of this prized soap. It envelopes and cuddles your face taking you even deeper into its magical embrace. At first it feels like a gentle tide on the shores of cozumel as the foam gently tickles your toes. Then it thickens even thicker and foamier then you thought possible. You realize you ar getting a deeper clean. Like that first shower that washes the dirt off of you after a month of being in the field sleeping in the dirt and heat of Helmand Province. It's that first swig of beer on a hot summer day after mowing your lawn. It's eating a paleta in Mexico city while admiring the architecture. It's that fresh feeling of brushing your teeth before bed. It's that breeze running through your hair in that Corvette with the to,P000015,Coach for Men,ACC-0022,ACC-0008,ACC-0022|ACC-0008|ACC-0004|ACC-0033|ACC-0036|ACC-0095|ACC-0082|ACC-0092|ACC-0049|ACC-0005,374,real
64294,"""Meh"". I've never used 'beard oil' before, so just for the helluvit decided to give some a try, and grabbed the trial pack (original scent).<br /><br />The Oil:<br />At first I thought, ""wow, this smells very 'real'""; as in, not an artificial, obviously fake smell. It was pretty strong, and ever-present. I was like, ""hmmm, not bad, but also not sure if I want to smell like this to others"". Didn't take long at all before I pretty much hated the scent. It's very 'cedar' like, I guess you could say. Sort of like you are sticking your nose right into a bag of cedar wood chips. At least that's what it smelled like to me.<br /><br />The Balm:<br />This is pretty much just greasy. Feels and smells mostly like you're just rubbing Vaseline on your beard, though a bit lighter.<br /><br />The package:<br />The presentation is actually really nice. Nice little velvet bag with a string, the balm/oil, and even a guitar pick.<br /><br />The result:<br />Yes, my beard felt a *little* softer, and was a *little* less frazzled looking, though not much more than if I just comb it after a shower. I'm not really sure why I'm seeing so many RAVE reviews; it's not *that* great. I can take it or leave it.<br /><br />The price:<br />Here's probably the bigger issue; it's around $6 for this trial, and you really only get about 1, maybe 1.5 uses out of the teeny tiny sample of oil (see pic). I actually feel like I got a little bit ripped off on the price for the amount you get. I'd like to see the trial priced more around the 3/4 dollar mark in total (incl. shipping, et. al.). I'd like to try some different scents, but there's not a chance in Hell I'm paying that amount again for even 1 more sample for that amount of oil, and there're a whole lot of scents to try before you find one that you might like. On the other hand, I saw they offer a trial package of all scents (the same tiny sized bottles), which is cool, but it's $30+ .... no thanks. Drop it to around $10 total and I'll try it. I'd al",P000015,Coach for Men,ACC-0022,ACC-0008,ACC-0022|ACC-0008|ACC-0004|ACC-0033|ACC-0036|ACC-0095|ACC-0082|ACC-0092|ACC-0049|ACC-0005,374,real
799,"seems promising, will continue to update (added Edit below). Interesting array of ingredients. The predominant scent (and minor, initial flavor) is that of seaweed, since that it the primary ingredient. It doesn't come back up in burps like a fish oil can.<br /><br />I have been taking this for 2 weeks now. I did not immediately start with a full 2 caps does as I wanted to make sure that I could tolerate the new ingredients. I can. So then about a week in I began taking two caps. I know I have forgotten a dose or two, but I am through 2 of the six blister packs, and just starting my third. I am embarking on a multi pronged approach to my massive shedding cycles. I used to have incredibly crazy thick hair and over the past 10 years or so, it has greatly reduced. My hair grows fine (it is nearly waist length) but the hairs are thinner, and the overall volume on my scalp has reduced. While we all naturally shed, the amount that comes out when I am in a shedding cycle is depressing. I hope to reduce the frequency and amount of loss. SO, I am taking supplements, starting some new DHT blocking shampoo and conditioner, adding in a scalp treatment.. etc. This supplement is all together different than what I have been taking, so I am extra hopeful for its effectiveness. It am currently either in an ""off shedding cycle"", or my approach is working. I don't want to claim yet that this is working as I think the benchmark for noted improvement is 3 weeks. BUT I'm not too far off, so maybe?! I am keeping track, so I will be back to update as I go. Currently, I feel fine taking this, and it never makes me feel nauseous.<br /><br /> It is a 60 capsule (30 day) supply. Easy to pop out blister packs of 10 capsules, 6 blister packs total in a cardboard container. The pills are a typical sized basic soft capsules that could be opened up and added to food or drink.  Acquired 08/2020, it has expiry date of 02/2021.<br /><br />From my knowledge of Ashwagandha, if you have hyperthyroidism, ",P000015,Coach for Men,ACC-0022,ACC-0008,ACC-0022|ACC-0008|ACC-0004|ACC-0033|ACC-0036|ACC-0095|ACC-0082|ACC-0092|ACC-0049|ACC-0005,372,real
106408,"Good for what you pay for. I like to fashion myself as sort of a cologne connoisseur…….a man’s man who just really likes to smell good all the time. I began wearing cologne shortly after I started my first job in high school, and ever since then I have been enamored with finding great smelling colognes. When I saw this cologne, and I read what it was inspired by, I felt that it was almost a must have for me.<br /><br />The first and most obvious reason most of us on here purchased this cologne is because it is inspired by Ralph Lauren Polo Red; and since that cologne is fairly pricey, undoubtedly most of us felt they were going to get a sweet deal. Now, you may ask what is the difference between this and the legitimate cologne that you would pay 60$ or more for?<br /><br />The first thing to know is that this cologne does not smell exactly like Polo Red at all. In fact, it is very loosely inspired by the actual scent. I challenge anyone to buy and smell the original cologne, then buy and smell this and tell me it’s exactly the same thing. Sorry folks, this just isn’t the same smell. It does, however, share similarities with the Polo Red…..which makes it enticing, but it just is not the same thing.<br /><br />The main issue that I have with this cologne is that it simply does not last more than an hour at best. I now understand why you get a 3.0-ounce bottle for 15$, and that is because you are constantly reapplying it to keep the smell fresh. With a normal (and quality) cologne I can go pretty much the extent of my eight-hour shift at work and still smell relatively fresh, but this cologne honestly started fading at about 20-30 minutes after application.<br /><br />In the end this may not bother folks who just want something cheap to make them smell good for a little while. Heck, even I like the way it smells at first. The problem for those of us who fashion ourselves fragrance snobs is that the scent just fades away too quickly.<br /><br />If affordability is what ",P000015,Coach for Men,ACC-0022,ACC-0008,ACC-0022|ACC-0008|ACC-0004|ACC-0033|ACC-0036|ACC-0095|ACC-0082|ACC-0092|ACC-0049|ACC-0005,370,real
128496,"Interesting way of doing soap. Face Cleanser Stick by Disco for Men, Hydrating, Removes Dirt and Build Up, All Natural and Paraben Free, Eucalyptus Scent, 2.12 Ounces<br /><br />Soap in the shape of a deodorant stick?  Yup.  That's what this is, and it just works.<br /><br />It is very easy to apply.  I am using it in the shower.  I just rub a bit of it on each cheek and my forehead and get to scrubbing.  It lathers up nicely and has a clean, fresh scent.  The smell of eucalyptus is stronger before it is applied.  Once applied, it fades quite a bit.  So in the form of a solid stick, this soap is very concentrated.  It takes very little soap to do the trick.  When I washed it away, my face felt squeaky clean.  It almost seemed like it tightened up my face a bit and that's a good added benefit.<br /><br />The container seems pretty water tight.  I am keeping it in the shower with the lid tightly closed.  It hasn't gotten soft or mushy from water getting in.  The container also makes this the perfect product to travel with.  It's better than those little travel soap bottles that leak all over the place and get all over everything in the ziploc bags that the airlines make you put your carry on stuff in.  So no more washing soap off of everything when I arrive at my destination.<br /><br />As to value for the money.  At the time of this review, the product costs $16.  Whether it's a good value depends on how long it lasts.  I suspect it will last a long time.  I don't think that I'm even close to finishing it off.  There is no actual way to tell though, because there's no indication of how much is left.  The other thing that might dent the value for the cost is that I suspect that some will be left over at the bottom of the container, just like there's always leftover stick deodorant.  But who knows?  Maybe they account for that and designed the dispenser to be able to completely finish the product.  Time will tell.<br /><br />Overall, however, a great product that is su",P000015,Coach for Men,ACC-0022,ACC-0008,ACC-0022|ACC-0008|ACC-0004|ACC-0033|ACC-0036|ACC-0095|ACC-0082|ACC-0092|ACC-0049|ACC-0005,370,real
196079,"Cleanse and detox your skin the natural, cruelty free way. I am really enjoying this detox facial cleanser. I am really big into facial care and have been doing a routine, twice a day, for 26 years!! Needless to say, I have tried a lot of facial care products!! I love the foaming facial cleansers, but not all of them are able to get down into the pores and clean out the dirt. I could not wait to give this a try!!<br /><br />My favorite aspects, that are huge pro's for me, is that this company does not test on animals, it is cruelty free, GMO free, 100%natural and organic, and vegan. As I got into my teen years and started learning about animal testing, I started checking every label of every product I use for that stamp (cruelty free, not tested on animals). I also refuse to use harsh chemicals on my face, and you would be astounded at how many that actually is. Since I have been using organic and natural products, my complexion is holding its age very well. Be cautious the next time you reach for the cheap face wash/lotion in the grocery store, because some ingredients in them will help to age you!! This foaming detox cleanser contains tea tree oil, green tea seed oil, lavender oil, and calendula. The powerful therapeutic effects of these oils will protect your fragile complexion from free radicals, anti aging, inflammation, and bacteria which is the main cause of blemishes.<br /><br />The wash itself has a opaque look to it with tiny floaters from all natural ingredients (I LOVE THIS). It does naturally settle so you need to shake before use. I automatically do this because I love the slight snow globe effect. I do have to be careful though, because it will leak a little if I shake it too vigorously. It has a pump dispenser that is easy to push, and necessary for preventing overuse. This cleanser is the consistency of water so you have to make sure you cup your hand good, and hold it close to the pump. I was worried that this would not foam enough for me but I was",P000015,Coach for Men,ACC-0022,ACC-0008,ACC-0022|ACC-0008|ACC-0004|ACC-0033|ACC-0036|ACC-0095|ACC-0082|ACC-0092|ACC-0049|ACC-0005,367,real
244477,"The good thing about this hair removal cream is that hair growth is slower and finer. I hadn't used any depilatory cream in place of shaving for years.<br /><br />It was never my preferred method of hair removal so I just stuck with shaving<br /><br />Something however changed, when a couple of months ago we had a MRSA scare in our home.  My little boy had to be hospitalized for a couple of days. It was pretty awful for him, as well as us.<br /><br />I remember the doctor saying a lot carried that the one thing they kept reiterating over and over again was this:. Whatever you do, do not shave when you get home. And do not shave for probably a month or two after you know that this infection is gone from your home.<br /><br />Well at the time I agreed obligingly.  However when I got home I'm thinking to myself,""not shave!?""how am I going to get through the next I don't know how many months without shaving this is a nightmare, this is terrible.<br /><br />That's when I got to thinking relax, relax Maria for there are more than one ways to accomplish hair removal without damaging the skin, which could potentially create an environment in which an infection could enter a person's body.<br /><br />So that's when I decided I would try the depilatory cream. Which I purchased on Amazon received in the mail and used. And while it isn't 100% effective in removing all hair, it certainly removes virtually all of it. And yes I will admit, that I used a razor only lighly to finish up the job.<br /><br />I'm going to probably invest in a laser hair removal system and buy some more depilatory cream and lay off the razors, maybe forever.<br /><br />The pros obviously in my case was that it help to prevent the spread of MRSA.  an additional pro is that I have noticed your hair doesn't grow back as tickly or as fast as it normally would with shaving.<br /><br />The cons are, as you may remember from your youth when you last tried it is, the smell is not fantastic.<br /><br />Another co",P000015,Coach for Men,ACC-0022,ACC-0008,ACC-0022|ACC-0008|ACC-0004|ACC-0033|ACC-0036|ACC-0095|ACC-0082|ACC-0092|ACC-0049|ACC-0005,366,real
102878,"Poor Overall Performance and Longevity. I bought this in July and began using it in early September.  It seemed like it would be easy to use, as well as clean and maintain.  The extra features included a beard trimmer, a nose-hair trimmer, and a face brush.  There was also a charging cord but no actual charger.<br /><br />I ended up using this every day for about 100 days before the lid broke for the cutter housing.  It broke right where you would expect at the hinge after normal opening and closing for cleaning per the instructions.  For what I paid for the shaver, it didn't seem worth it to try and find a replacement cutter housing.<br /><br />The shave itself is by far the worst I've ever gotten from an electric shaver.  I did use it consecutively for more than several weeks to allow my face to adjust.  This wasn't the issue as my face was already used to using electric shavers and I had no adjustment period issues with my face.  The issue was that the cutters were just plain dull and ineffective.  Even with three heads I would say I spent at least twice as long shaving with this shaver as compared to my last one.  Though it has three cutting heads, I would sometimes have to make a half a dozen passes over the same area before the stubble was cut flush with my skin.<br /><br />The shaver seemed to use a lot of charge for a single shave.  Enough of a charge that it typically took 4+ hours to fully recharge after a single shave.  I'm not sure if it was the battery or the charging cord but the charger was actually the same one I used with the previous shaver with much better results.<br /><br />The nose hair trimmer worked well.  I never used the beard trimmer or facial brush.<br /><br />After cheaping out on this unit, I ended up buying a Panasonic Arc4 for 3 times more than what I spent for this one but so far it is absolutely worth the extra money.  Do yourself a favor and don't cheap out and buy this like I did.",P000015,Coach for Men,ACC-0022,ACC-0008,ACC-0022|ACC-0008|ACC-0004|ACC-0033|ACC-0036|ACC-0095|ACC-0082|ACC-0092|ACC-0049|ACC-0005,364,real
204779,"Works wonders for taming frizz. Smells like clove though, not citrus.. Ladies and gentlemen, let me appeal to the ladies on the great results that beard oil can have on your hair.  If you have wavy, frizzy, unmanageable hair (as I do), this could really help!  I had been using argan oil and other oil blends to tame my wild hair, and when I read the ingredients in my roommate's beard oil and saw how similar they were, I wanted to give it a try.  I first bought the Tea Tree blend by Beardsmen Spirit, since I'm a big fan of the benefits of tea tree oil, and I liked it so much that I wanted to try out this Rousing Citrus blend.<br /><br />As far as ingredients go, the Rousing Citrus blend has Jojoba seed oil, sweet almond oil, grape seed oil, glycerin, grapefruit peel oil, lemon fruit oil, blood orange essential oil, clove flower oil, and vanilla plantifolia fruit essential oil.  I compared this to the ingredients in the Tea Tree blend, which are Jojoba seed oil, sweet almond oil, grape seed oil, glycerin, peppermint essential oil, tea tree leaf essential oil, and vanilla plantifolia fruit essential oil.  Not too big of a difference except for the obvious different essential oils.  This oil has about the same thick consistency, and a little bit goes a long way!  It takes about 5-6 drops of the oil to tame the frizz in my hair that's about 4 inches down past my shoulders.<br /><br />One con for me though: this oil does not really have a citrus smell.  I smell clove over everything else, and while this isn't a bad thing, I was really hoping for those lemon and blood orange essential oils to be prominent.  So a more appropriate name for this would be &#34;Rousing Clove&#34;.<br /><br />I received this product at a discount in exchange for my honest, unbiased opinion. I will not rate items highly if they don't deserve the rating, and I write these lengthy reviews to help out fellow shoppers, since I always read reviews on products before buying. :)  Feel free to ask any que",P000015,Coach for Men,ACC-0022,ACC-0008,ACC-0022|ACC-0008|ACC-0004|ACC-0033|ACC-0036|ACC-0095|ACC-0082|ACC-0092|ACC-0049|ACC-0005,360,real
509325,"Great Scent and Lather. Interesting product overall! At first glance, they seem to be another company trying to make men's skincare sexy, in case you didn't catch the reference to sexiness three times in the first three bullets in the product description. Their lineup actually seems like quite a good general lineup that is inoffensive and should work well for most men to easily start focusing on their skincare routine. Any more specialized products that you know that you like and work for your skin may be better, provided they are also made with quality and carefully selected ingredients such as this one. The method of application is interesting, it's basically a bar soap in a twist container. Good for portability and feels unique? One more thing though, the container is absolutely a joy to hold. It's this dry-matte feeling plastic which is soft and almost papery to the touch, the top screws off and on in a very smooth and satisfying fashion. The container itself is so well made, I wouldn't be surprised if it were over half the cost of the product. And I'd almost say it's worth it, it's that satisfying. But that's how they get you, fellow men. It's almost buying into the everyday carry hype of selling premium, nice, tactile things that last a long time to build a habit forming relationship, though in this case it's getting men to wash their faces. Nice! The soap does seem to last a long time though, I've used it for my washes for a few weeks now and it's barely decreased. I'll update my review with more info on how long it lasts. The soap feels great, I like eucalyptus. It spreads and lathers easily, cleans skin, and doesn't overly dry. It's really quite good and I like it, though something about it feels generic. I don't mind generic as long as it works, I just know that I've tried better soaps for better prices, even if the container isn't as nice. But this product is about the routine and the lifestyle, and I respect what they are doing. This is a well crafted pr",P000015,Coach for Men,ACC-0022,ACC-0008,ACC-0022|ACC-0008|ACC-0004|ACC-0033|ACC-0036|ACC-0095|ACC-0082|ACC-0092|ACC-0049|ACC-0005,358,real
96639,"Supposed to be a somewhat love / hate scent.  I loved it from the first sniff.. I bought this because.............<br /><br />1.) It gets a lot of reviews on YouTube and Lalique seems to get a lot of respect as a company.<br />2.) It's supposed to be a good example of a Vetiver fragrance<br />3.) Vetiver seems to be a big category for men's fragrances.<br />4.) As a newcomer to men's fragrances, I had no idea what Vetiver actually smelled like.<br />5.) This stuff is widely discounted and it seemed like a low risk option to learn about Vetiver and answer some of my questions.<br /><br />So how does it smell?  Great!  I loved it from the first moment of the first spray through the dry down right up until it disappeared on my skin.<br /><br />Reviewers use words like ""dark, brooding, mysterious, and serious"" to describe this.  I don't get any of that.  It just smells good.  It makes me happy.  No, it's not a light citrus smell for summer days.  It's a heavier, richer smell that's probably better for an evening out.<br /><br />Personally I find this a lot like the Dolce & Gabbana The One EDP I also bought.  The smell is totally different but with both these fragrances.........<br />1.) I just liked the smell from the first moment.<br />2.) The concentration is Eau De Parfum for both.<br />3.) The longevity, projection, and sillage seems similar.<br /><br />And speaking of performance, this is NOT ""beast mode"" stuff.  It's more subtle.  And as a newcomer I'm learning that can be a good thing or a bad thing depending on the circumstances when you're wearing it.  But for the most part, subtle is safer and understated is the classier way to go.  So for both the D&G The One EDP and this Encre Noir A L'Extreme these impress me as grown up fragrances that come off as sophisticated scents for grown men who wear suits for a living.  I think this would be out of place on a guy in torn jeans, sneakers, and a tee shirt.<br /><br />So performance..........<br />Longevity - I find i",P000015,Coach for Men,ACC-0022,ACC-0008,ACC-0022|ACC-0008|ACC-0004|ACC-0033|ACC-0036|ACC-0095|ACC-0082|ACC-0092|ACC-0049|ACC-0005,356,real
290801,"A Very Nice Gel For Both Men AND Women. I love it!. I am speaking on my brother's behalf, he has told me that this gel is by far one of his personal favorites among other gels he has used in his past.<br />Unlike many other gels, this one holds up really well without a &#34;stiff&#34; feeling.<br /><br />The bottle is a very generous size and the design is professional and really stands out.<br />I love what SV has to offer, in terms to Men Hair Care and other.<br /><br />I have had the opportunity to review a good amount of SV products and not a single one has ever let me down.<br />This one is no exception.<br /><br />The gel is not too sticky nor is it too watery, and it's just the right amount of &#34;hold&#34; for the hair without being too gloppy or stiff.<br />You can easily put your fingers through your hair when you have this product on, unlike most commercial brands I've seen.<br />The lid is a good spout that allows for the perfect amount every time you squeeze.<br /><br />The smell is really good, for a hair gel.<br />Most gels I've smelt really smell plasticy or just overall synthetic, this one has a nice pleasant scent.<br />The scent is very light and fades within seconds of application, though.<br /><br />I have used a bit myself in my own hair and it works well for me, as well.<br />The scent isn't overly masculine, which is good!<br />So as a female, I am pretty sure I can be so bold to state that this works well for me, too.<br /><br />Overall, a wonderful product for such an amazing price!<br />5/5<br /><br />-The following rating comes from:<br />1 star- Packaging. (Is the item packaged well?)<br />1 star- Quality & Materials. (Is the item made well?)<br />1 star- Functions & Usability. (Does the item work well?)<br />1 star- Construction & Design. (Does the item look good?)<br />1 star- Quality Strength & Weight. (Does the item feel good?)<br /><br />-How I review:<br />Based on those 5 mentions above, I take everything into consideration befor",P000015,Coach for Men,ACC-0022,ACC-0008,ACC-0022|ACC-0008|ACC-0004|ACC-0033|ACC-0036|ACC-0095|ACC-0082|ACC-0092|ACC-0049|ACC-0005,355,real
435139,"Moroccan Hamman Shampoo and Conditioner Set - Great ingredients - Great Results!. [[VIDEOID:e235a3ef0db316aaa56fa4623a33aa2e]] This shampoo and conditioner set are awesome! Sulfate free isn't exactly a new concept in the market. I've done my fair share of research online and talking to stylists when it comes to shampoo and conditioner that's good for my hair. I have thick, frizzy, and uncooperative hair. I've had it colored which damages it as well. Sulfate can strip your hair of it's natural oils, leaving it vulnerable and damaged. Sulfate is what causes that lather in shampoos, and probably why we tend to go through more conditioner than shampoo because it lathers up more so you feel like you need less to cover your hair. But it's not really good for your hair. Imagine using concentrated dish soap on your hair. Probably not going to leave your hair pretty healthy huh? That's kind of the concept here.<br /><br />So, this shampoo and conditioner is sulfate free. It won't lather, and the viscosity is a little bit thinner than what you're probably used to. But this has some amazing ingredients in it. For example, rose water is a great tonic. It balances your Ph levels, and will help the cuticle close. I use it on my face for this purpose. Even though this has argan oil and coconut oil in it, it isn't &quot;oily.&quot; My hair just felt sleek afterwards and styled very well. It felt clean but not stripped. And argan oil has been pretty popular as well for the amazing benefits it provides. It really makes a difference in the health of your hair. I am also a HUGE fan of coconut oil. I have a gigantic tub in my house and I use it around the house for many things, such as a moisturizer for my skin, etc, although this post isn't about coconut oil in itself.<br /><br />This doesn't really have a strong fragrance to it. In fact, it's fragrance free. It has a little bit of a scent from the natural ingredients, but I didn't find it to smell bad, but it certainly didn't smell su",P000015,Coach for Men,ACC-0022,ACC-0008,ACC-0022|ACC-0008|ACC-0004|ACC-0033|ACC-0036|ACC-0095|ACC-0082|ACC-0092|ACC-0049|ACC-0005,355,real
156051,"A true disappointment, read before you buy!. I'll start by saying that I'm using oils for more than 5 years, I know what to look for, and I've used many different companies.<br /><br />I wanted to try this company for a long time, but I thought the price is too high (more on that later), and I can get a triple amount of oil by different companies for the same price,<br />After a bit of reviews reading, and recommendations by youtubers (which now I believe they were paid reviews) I decided to try anyway,<br /><br />The cost of the 4 oils package is 50$, additional 4$ for the ""premium"" scents, which I took 2 of, and a very high 10$~ shipping cost- when all the other sellers offer free shipping,<br />Sums out at around 64$~ for 4oz oil (and to be honest, I usually buy grave before shave 4 oz bottle of my favorite smell for 25$ Inc. Shipping).<br /><br />The delivery wasn't fast, but i knew it from the beginning, but also didn't include any tracking or home delivery(unlike other companies) so I basically paid a lot for waiting a lot and picking it up from the post office without knowing when it will come.<br /><br />The package was great! It was very well packed, also included 2×tiny branded cloth bags, and I really liked it.<br /><br />I've ordered those smells:<br /><br />1.The ladies man- lovely lemon vanilla smell, very gentle but precise.<br /><br />2.The outlaw- supposed to be tobacco, vanilla and pepper but smells really bad, usually this is my favorite smell from every company, but this one was horrible, something between a sewer and a dirty toilet,<br />I gave it a chance anyways, thought maybe im exaggerating , 3 minutes after my girlfriend asked me to wash my face.<br /><br />3.ell burrista (premium +2$)- coffee,<br />Idk what is so premium about it, smells just like every other coffee artificial smell, not even a true representation of real coffee smell,<br />Might come in handy for some people but ,not my cup of tea ;), and I'm saying that as a coffee lover",P000015,Coach for Men,ACC-0022,ACC-0008,ACC-0022|ACC-0008|ACC-0004|ACC-0033|ACC-0036|ACC-0095|ACC-0082|ACC-0092|ACC-0049|ACC-0005,354,real
568375,"Great product!  A nice boost to your moisturizing routine. I received Dr. Au's face oil serum about 2 weeks ago and have been using it about every other day since I got it.  Although it's a small bottle, you can tell by the look and feel of the serum that it is high quality and you really only need a few drops with each application.  Since I started using it, there is a noticeable difference in my skin tone and it looks a lot more even.  I have a lot of acne scars and they are already starting to fade significantly even though I don't apply the serum every day.  I was worried that since it's an oil-based serum, I thought it would leave my face way too oily and thought it might make me break out more, but it really doesn't make you feel like you just slathered oil on your face.  I have less breakouts, too.<br /><br />The first few times I used it, I used about 7 drops to cover my entire face and neck (although you could probably use a little less).  Although it's not extremely oily, it still leaves your face feeling like there's still a little something on it, so I started adding a few drops (maybe 4) in with my regular moisturizer and I'm in love, no oily residue in sight.<br />The oil itself is a little shimmery and needs to be shaken up a bit between each use.  It comes with a little dropper built-in to the cap so you can add as little or as much as you want.  It has a faint smell of vanilla, but it's just a touch, not overpowering at all.  I can't smell it after application.<br /><br />Overall, great product!  Definitely will buy again and would recommend to add into your moisturizing routine.  Would probably be good with an overnight face mask, too, although I haven't tried it yet.  I couldn't give 5 stars because I really haven't been using the product long enough to see the full results.  Perhaps I'll update my review after using the product more.",P000015,Coach for Men,ACC-0022,ACC-0008,ACC-0022|ACC-0008|ACC-0004|ACC-0033|ACC-0036|ACC-0095|ACC-0082|ACC-0092|ACC-0049|ACC-0005,353,real
143915,"Wonderful Sandalwood fragrance. Teeth are not sharp and feels therapuetic to the skin. The tteth on both sides are.... [[VIDEOID:f220c59cb063f2e164b3cdaee6115520]] This review is for 100% Green Sandalwood Comb by Can You Handlebar and will be divided into the following 3 parts:<br />Review of the product<br />Experience using the product<br />Why the rating?<br /><br />Review of the product<br />The comb comes with a black pull string pouch and is packed into a zippered plastic case. The comb is made of green sandal wood and is two sided. The teeth are spaced at about 1/32 inch and the teeth on both sides are spaced the same. When you place the comb near the nose it has a wonderful, fragrant sandalwood scent.<br /><br />This comb has a medium brown finish with greenish streaks in the wood. It is very attractive in appearance. It is 3 and 13/16 inches long from end to end, 2 and 5/16 inches wide and approximately 3/8 inches thick at the center of the handle which tapers to pointed teeth on each side.<br /><br />The comb is sturdy and feels good in the hand. Both sides taper to a nice smooth finish with a well-rounded, but not sharp point. “HAWATOUR” is etched into the wood. This comb weighs 1.1 ounces on the food scale.<br /><br />Experience using the product<br />My daily routine is to massage a quality beard balm followed by quality beard oil into the beard and skin. I then brush my beard with a boar bristle brush and comb my beard for a couple of minutes. I comb periodically through the day and generally do the Balm/oil massage in the morning and again after a bath or shower in the evening. All pimples, chaffing, beardruff, itching and irritation have gone away since performing this routine.<br /><br />This comb gives a therapeutic feeling and the teeth do not scrape the skin like plastic combs do. I purchased this comb for my son who also wears a thick beard. He does not and probably will not carry this comb in his pocket for risk of losing or breaking it.<br /><",P000015,Coach for Men,ACC-0022,ACC-0008,ACC-0022|ACC-0008|ACC-0004|ACC-0033|ACC-0036|ACC-0095|ACC-0082|ACC-0092|ACC-0049|ACC-0005,351,real
230391,"Unique. . .Maybe Too Unique. This is a really neat razor that has one possible issue, which I'll get to later.<br /><br />The handle is big and heavy, and its unusual shape is very stylish. It gives a nice shave, too. If you have a small face or tight features, the large head might be a bit tricky to use in some areas, but that hasn't been a major issue. I usually use an old-school double-edge razor, not a flexing cartridge razor, so the fixed head angle isn't an issue for me. If you're used to a razor with a movable head, this one might take some getting used to.<br /><br />The included shaving foam smells good and works well. You don't get a lot, but you don't have to use a large amount of it.<br /><br />The ""stand"" is just a heavy metal cylinder with a round hole in the top and a pad on the bottom. The hole is wider than the razor handle, and just deep enough that the razor doesn't topple out. It's kind of weird, like the stand was designed for something else, but I guess it works.<br /><br />I'm not sure why they call this package a ""travelling razor kit."" It comes in a large gift box, and doesn't include any sort of travel case or bag. Plus, it's the biggest, heaviest razor I've ever seen (aside from folding straight razors). I wouldn't even think of taking this thing on a trip.<br /><br />Despite all the good things about this razor, there's one major red flag: At the moment, replacement blades aren't listed on Amazon or on the Suprent website. The package includes two cartridges and a card to get a third for free, but there's no guarantee that more will be available when you need 'em. While the included cartridges are definitely good for several shaves apiece, if that's all you get, you'll soon be left with a very expensive paperweight. I rated the product based on my use of it, but recommend that you verify the availability of replacement cartridges before buying.",P000015,Coach for Men,ACC-0022,ACC-0008,ACC-0022|ACC-0008|ACC-0004|ACC-0033|ACC-0036|ACC-0095|ACC-0082|ACC-0092|ACC-0049|ACC-0005,350,real
333591,"Versache meets the ""modern"" market.... As the product is marketed for, it should only be used for casual affairs seeing as how while it is complex enough for formal affairs, it smells too much like something you'd wear with jeans as opposed to a suit and tie.<br /><br />As previously mentioned this product is slightly complex featuring sharp characteristics that designer brands typically have, as opposed to more mellow notes commonly thought to be the key success behind marketing casual-use perfumes. In that regard I think Versache lives up to its name with this product: they manage to deliver something highly creative, if not long lasting.<br /><br />It's extremely hard to define what the fragrance notes for this product are, I can only say that it is most certainly not velvety (not remotely), or musky as the designer would indicate. Instead it is extremely citrus and acidy... but this isn't to say it is too ""sharp"" for comfort.<br /><br />So wait, absolutely no ""velvet"" characteristic like the designer noted? Well the mellow aspect comes with the highly distinctive scent of a ""jeans"" which is released over time as you wear, it making the fragrance a bit more mellow and yet still remain within the world of ""distinctive"" (and narrowly escaping being called ""pungent"" - a term I used to describe L'eau d'Issey by Issey Miyake, a characteristic I find extremely negative). Being highly distinctive and sharp from the get-go, I'd say that this product is pretty easy to forget about a few weeks after using it... seeing as how there are fans of such heavily distinctive fragrances (who obviously do not mind a sharp nose at first), this product should certainly be sampled by such individuals.<br /><br />I like this product quite a bit so I'm going to give it a 4, hopefully encouraging others to try it. However as I previously noted it is easy to forget and I must admit that I do not wear it as frequently as I used to (I'd give it a 3 for a personal opinion if I could and a 4 f",P000015,Coach for Men,ACC-0022,ACC-0008,ACC-0022|ACC-0008|ACC-0004|ACC-0033|ACC-0036|ACC-0095|ACC-0082|ACC-0092|ACC-0049|ACC-0005,350,real
369105,"Keeps my skin perfectly balanced and moisturized without the usual greasy and sticky feeling. It is hard to find a moisturizer with skin healthy ingredients and suitable for my skin type. I enjoy this product immensely because it leaves me skin moisturized without the heavy residue most intense moisturizers do. After two straight weeks of using this moisturizer, I have concluded that it works every bit as well, or better than the name brands I have been paying more money for at the department store. This moisturizer leaves my skin comfortable, soft, and matte all day long. The scent is delightful in my opinion and I find myself terribly addicted to the wonderful aroma. Even though it feels light on the skin, it helps my makeup glide on smoothly with absolute moisture. It feels like it disappears as soon as it is rubbed in, and yet it keeps my skin perfectly balanced and moisturized all day without the shiny greasy looking. I especially need something to help my sensitive skin stay hydrated and soft. This moisturizer seems to have just the right formula for that purpose without causing any breakouts.<br /><br />This facial moisturizer is rich and creamy. I really appreciate that this product is not greasy or sticky. When using this moisturizer, I can actually feel it sink into my skin pretty fast. It instantly makes my face feel very smooth and it soaks in rather quickly without leaving any uncomfortable residues. I have been using this cream twice a day and always making sure to cover my eyelids as well. It is so gentle for my sensitive skin that my skin does not itch or turn red. It is not greasy, but the coverage is thick enough to sufficiently provide moisture for night time. I do not like oily or sticky moisturizers, but I do prefer certain degree of a good moisturizing coverage. This is a very good face cream compared to many other brands of moisturizers that I have used not to mention the fact that it is made by skin healthy ingredients and botanical extracts.",P000015,Coach for Men,ACC-0022,ACC-0008,ACC-0022|ACC-0008|ACC-0004|ACC-0033|ACC-0036|ACC-0095|ACC-0082|ACC-0092|ACC-0049|ACC-0005,349,real
23396,"5 Drops Will Do Ya. This is a very nice hair serum that is targeted at encouraging and speeding up hair growth. The first ingredent, and therefore the  most prevalent ingredient, is a type of silicone. Silicone has become the most popular ingredient for anti-friz and shine serums for hair, not to mention a whole world of cosmetics like oil free moisturizers and foundations. It has a slip to it, which gives silicone the *feeling of being like an oil, but it is by its nature, is totally oil free. And of course, also by its nature, it cannot clog pores or follicles. Infact, the Dae Long Hair Growth Serum formula contains three different types of silicone as its first three ingredients. The active ingredients in the product, or the ingredients that actually enable the product to do its job of encouraging hair growth, are Jojoba Oil, Macadamia Nut Oil, Lupine Protein, and Panax Ginseng. These nourish and stimulate the hair follicles to remain longer in the anagen, or hair growing phase, and to produce healthier, stronger hair from the root. Jojoba oil is a skin compatible oil, meaning that it cannot and does not clog pores or follicles, closely resembles the body's own natural lubrication, and can be absorbed by human hair, skin, and nails. There is also extract of Macadamia Nut Oil, which moisturizes the hair cuticle and shaft and helps to prevent hair breakage and split ends. Hydrolyzed protein from the seeds of the lupine plant are very high in protein and contain 35-45% of all the essential amino acids. Panax ginseng is an extract from the panax ginger root and has nourishing and stimulating qualities that directly feed and nourish the hair follicle. I was fortunate to be able to order this product at a discounted rate in exchange for my honest and unbiased review. I have used a great many hair serums and products to stimulate growth of stronger, longer, and healthier hair. One of my favorite things about this Dae Long Hair Growth Serum is that it has a very pleasant",P000015,Coach for Men,ACC-0022,ACC-0008,ACC-0022|ACC-0008|ACC-0004|ACC-0033|ACC-0036|ACC-0095|ACC-0082|ACC-0092|ACC-0049|ACC-0005,347,real
6031,"# Single For Men, Eau De Toilette 3.3 Fl. Oz.. [[ASIN:B01ETWZRL6 # Single For Men, Eau De Toilette 3.3 Fl. Oz./ 100 ml - Inspired By The One Cologne]]<br /><br />I was looking for new scents or signature scents for my future husband and wanted to try this. I like and appreciate the scent of The One Colognes so this was one I wanted my fiance (Bobby) try this scent. Buying signature scents can become quite expensive to say the least and this is a way for us to get an idea of what a scent smells like with Bobby's chemistry without spending thirty five or forty dollars and then not like it. Besides if this cologne scent stays on and lasts a while we may opt to purchase the less expensive cologne. The seller delivered very quickly and we received packaged well. Since this cologne is an Eau De Toilette Spray, it will have slightly more of the oils (10%) that make the spray smell great than just cologne which has about 7% oil. The scent also is delivered in a convenient spray which me and Bobby both like. The cologne actually smells very nice on him. It's a sort of woodsy, citrus masculine scent and you can definitely smell oranges and ginger in it. The One Cologne describes the scent as &#34;Coriander, Grapefruit, Cardamom seed, Tobacco, Basil, Cedar, Ambre, Ginger, Orange Blossom.&#34; Some of those things I have no idea what they smell like, but I'd say this not really a musk based scent but it smells really yummy on Bobby. It takes a little more spray than the original version The One Cologne, however, it's about 1/3 the cost, so I won't complain. It's still pretty strong with a couple of sprays being all he needs. As far as wear, it lasts a long time. It's sensual/manly in it's scent and he said he received several complements on the cologne. It is also a large bottle at 3.3 ounces delivered to the door for under 15.00. We like the cologne and can recommend it.",P000015,Coach for Men,ACC-0022,ACC-0008,ACC-0022|ACC-0008|ACC-0004|ACC-0033|ACC-0036|ACC-0095|ACC-0082|ACC-0092|ACC-0049|ACC-0005,347,real
249439,"Leaves You Feeling Silky Smooth. Like another reviewer, this was not an item I would have selected myself.  I received it as a gift from a friend and was hesitant to use it out of fear that it would have an overpowering floral smell due to the lavender.  However, the bar ended up being a pleasant surprise, and I will likely buy it again.<br /><br />Since I don't like too many bubbles in my bath and, more importantly, like stretching my Lush products as much as possible due to the cost, I cut the bar into fourths.  I found it to be a lot harder to cut than most Lush products, so if you're going to cut it, use a really strong knife and be ready for it to blow apart a bit as you slice through.  (It's pretty crumbly.)<br /><br />What I like about this bar is that, even though it's not very bubbly -- even as someone who cuts bars, I usually get more from others than this one -- it leaves a wonderful silky feeling on your body.  I love that, even in the water, I can feel it on my legs, and not in an annoying greasy way at all.  It's so relaxing!  I usually put cocoa butter on my legs after shaving, and I don't need to do anything after using this bar.  It has some sort of wonderful lotion quality about it that I adore.  More than the scent or bubbles, that is the reason I will purchase it for myself in the future.<br /><br />The only objection I have is that it seems to melt a bit more than other bubble bars.  I've kept it in a sealed container in a cool area, but it just doesn't keep well.  If you're going to cut it, be sure to use the other pieces within a couple weeks at the most.  And, like all bubble bars, don't get it wet unless you're going to use it right away, because even the tiniest bit of moisture gets it going.",P000015,Coach for Men,ACC-0022,ACC-0008,ACC-0022|ACC-0008|ACC-0004|ACC-0033|ACC-0036|ACC-0095|ACC-0082|ACC-0092|ACC-0049|ACC-0005,343,real
509579,"Did this really slow down my postpartum hair loss? So far a bit, yes. I am in the midst of postpartum hair loss. I know there is very little I can do to stop it. But if there's anything I can do to slow it down a bit, I'm all for it. It's really scary to wash my hair and end up with clumps in my hand. I had no idea how to use this spray as I wasn't sure if it was intended to be a leave in after the 30 mins it states on the spray, or what. I wash my hair now 1-2 times a week, so I figured, eh I'll just spray some daily and see what happens. It's a light mist. It did not feel heavy nor weigh my hair down. It may have contributed to it getting oily a tad faster, but it really wasn't bad. I spray this starting at the middle part of my head and then all around. I just wait a minute or so to massage it into my scalp and just leave it. It does have a scent. I'm not crazy about it but it's not bad, I just usually prefer unscented for certain products. Well, after a week, I washed my hair. I was shocked when during my shower, I wasn't pulling out clumps and clumps of hair. Is it the rosemary? I've heard that can help with hair loss. But while I still had some strands come out, it was NOT as excessive as it has been! I am still in disbelief so I've stopped using this to see if there is a difference. Now, please not that I did have more hair fall out, as it usually does, when styling. So this was not a miracle spray that stopped it completely. But I am still very surprised that my shower drain didn't get clogged by all my hair. So with that, I'm currently really happy and I say, this is worth a try!",P000015,Coach for Men,ACC-0022,ACC-0008,ACC-0022|ACC-0008|ACC-0004|ACC-0033|ACC-0036|ACC-0095|ACC-0082|ACC-0092|ACC-0049|ACC-0005,337,real
625576,"Awesome value and great selection of scents!. With (6) one ounce jars to sample from the value here is really amazing considering you get six different scents to try.<br /><br />It’s hard to pull the trigger on a single full-size jar just based on the descriptions of what the ingredients are so a sampler is very appreciated.<br /><br />The 1 ounce jars will actually last quite a while if you’re using the proper amount of beard butter, which isn’t very much per application, so it’s not like these are one or two use jars either.<br /><br />When you go by the scent profiles alone it’s hard to pull the trigger on a full size jar if you’re not quite sure what it’s gonna smell like in your beard. Just based off the scent profiles I would’ve ordered jars that I wasn’t 100% pleased after receiving them with but the sampler took away that risk.<br /><br />For instance based on the scent profile I never would have ordered the “Corktown” scent because one of the scents in that profile is tobacco and that doesn’t seem like something I would like but Corktown is by far my favorite of the entire set and I will be ordering a full size jar straight away.<br /><br />Detroit grooming is top quality stuff and the sampler is a very affordable way to take the guesswork out of what you should be buying next in full size.<br /><br />The only negative I would give this sampler is there is no scent profile included on the jars or on the box so in order to find out what each scent profile is you either need to go to their website or look up the full size jars on Amazon and look at the pictures as the full size jars have the scent profile on the label. Not a big deal as it just takes a minute or two but if the scent profiles were included with the sampler that would save you a step.",P000015,Coach for Men,ACC-0022,ACC-0008,ACC-0022|ACC-0008|ACC-0004|ACC-0033|ACC-0036|ACC-0095|ACC-0082|ACC-0092|ACC-0049|ACC-0005,337,real
270927,"Not an eco-friendly company; would never purchase this product again.. States that their mission is to repurpose organic goods into innovative and eco-friendly products and that their packaging is 100% recyclable, and the exfoliating coffee grounds are repurposed to lower landfill waste.  The bottom of the box reads: ""Providing the highest quality beauty products while minimizing our footprint on the environment.""<br /><br />First, the three soap bars you receive are little; like taking a normal sized bar of soap and cutting it three ways.  As any soap user knows, once the bar is used down to a certain size, it's ready to be replaced.  And since these pieces are already so small, it's not long before you reach the replacement decision point, but x 3, as opposed to x 1 for a normal sized bar of soap.  So for a very high price for what's a normal sized bar of soap cut up three ways, you'll be going through these bars fast, possibly wasting more, and needing to buy more sooner -- not eco-friendly!<br /><br />The package is meant to give the impression of being earthy and eco-friendly.  It's in a high-quality cardboard box (and not the recycled cardboard type), and the soap is surrounded with some shredded newspaper to give the impression of recycling/repurposing.  Inside were some additional card inserts which were unnecessary.  Then around Christmas time, I receive an enveloped Christmas Card (nice quality) from the “Urbanized Family"" - at the time, I didn't know who the ""Urbanized"" family was or why they were sending me a card.  Later I realized that the card was related to the soap purchase; - the card, of course, had gone right into the trash as junk mail.  How very wasteful for a company touting itself as eco-friendly, wanting to help the world lower landfill waste, and promoting itself as a business with the goal of minimizing their “…footprint on the environment.""<br /><br />In my opinion, overpriced soap (attractive looking and with a light scent, but nothing r",P000015,Coach for Men,ACC-0022,ACC-0008,ACC-0022|ACC-0008|ACC-0004|ACC-0033|ACC-0036|ACC-0095|ACC-0082|ACC-0092|ACC-0049|ACC-0005,336,real
280266,"S&S Hydrate and Clubman Pinaud Review. This review compares the Clubman ""Pinaud 2-in-1"" and Stubble & Stache ""Hydrate"" face/beard moisturizers, so I'm posting this same review for both products.<br /><br />I have a short beard and have tried many brands and product types to manage the itchy skin and stiff hair.  Over the years I experimented and decided that I did not like beard oils (for skin under beard) nor beard balms (conditions beard).  So, I wanted to try something else - and discovered ""beard friendly"" leave-in facial creams.  These are not wash-out conditioners, but are used after cleaning/shaving and left on your skin and in your beard.  I only found these two products, so maybe this is a new product type?<br /><br />Bottom line: Clubman is more like a traditional facial moisturizer that isn't bad for your beard, whereas S&S is a beard conditioner that isn't bad for your skin.  I prefer S&S, but is much more expensive.<br /><br />-- review --<br /><br />Feel:  The Clubman's thickness is more like a traditional facial moisturizer and spreads easily over the skin.  S&S is thicker that the average facial cream.  I applied the Clubman on the face/nose first, and then worked down to the neck, finishing with the beard, but with the S&S I started on the beard and worked out.  Different, but both are workable.<br /><br />Scent:  The Clubman has a sharp floral scent, and other reviews say this scent is the same across the Clubman products.  The S&S has a subtle metallic scent.  I prefer the S&S's scent compared to Clubman's, but that depends on the person (and who you let close to you).<br /><br />Effectiveness:  The Clubman's product seems to evaporate/absorb more quickly over the day, so it must be re-applied more often.  I could twice-a-day the S&S (or even only once-a-day), but need to three-a-day the Clubman.  Clubman leave my beard more controlled that S&S, but (for me) not in good way.  I'm looking for beard softening, but style control.<br /><br />Cost:  Th",P000015,Coach for Men,ACC-0022,ACC-0008,ACC-0022|ACC-0008|ACC-0004|ACC-0033|ACC-0036|ACC-0095|ACC-0082|ACC-0092|ACC-0049|ACC-0005,336,real
541389,"Smells great, works better. I purchased my first bottle of Castle Forbes Lime Oil Aftershave Balm in October of 2011, and I am just now replacing it with a new one. Yes, this stuff is a little pricey, but it is well worth the price to me.<br /><br />This balm comes packaged in a very nice box, and inside you will find the actual bottle. It is a heavy, solid bottle, with a nice cap, and it looks very attractive sitting on your counter or in your medicine cabinet.<br /><br />The first thing you will probably notice when using it is the delicious lime smell. It smells wonderful, but is not overpowering once on your skin. It is a fresh, light scent that I enjoy all year.<br /><br />The balm itself is very high quality, and makes my skin feel great after even the closest straight razor or double edge shave. In the past, I used several different ""sensitive skin"" aftershave balms from all the big names you find in chain drug stores, and non of them work as well as the Castle Forbes. This balm works so much better that I can actually use less than the big brands, and my skin still feels more moisturized and less irritated. While a bottle of the competitors balms would last me a month, maybe two tops, the Castle Forbes has lasted me 9 months as of now, and I still have about a month's worth left in the bottle!<br /><br />After using this, I have no redness, no irritation, and no razor burn. It leaves my skin feeling soft and moisturized, without being greasy. If you apply too much, it can make your face feel ""sticky"" for a while after, but that just means you applied more than you need. With a product as high quality as this, less is more!<br /><br />Overall, yes it is expensive, but you can use much less than competitor's offerings, it smells great, it feels great, and most importantly, it works!!",P000015,Coach for Men,ACC-0022,ACC-0008,ACC-0022|ACC-0008|ACC-0004|ACC-0033|ACC-0036|ACC-0095|ACC-0082|ACC-0092|ACC-0049|ACC-0005,336,real
209899,"Clean and Fresh. I purchased this detox facial wash by Maywood Creek for myself. I was looking for a good cleanser for my face. This wash has a nice citrusy smell when you open it. Once you get the pump going it doesn't take a lot out. I put several pumps on a sponge this stuff is real sudsy. Took awhile to get the soap completely rinsed off my face and neck and to rinse out my sponge. I found that you only need one pump and it doesn't seem like much but it really works (it'll last a long time too).  I used this detox facial wash for several days. The first day my face broke out but because this is a detox cleanser I should have expected that. My face cleared back up and the tone evened out by the fourth day. Unfortunately, my face actually started to dry out. I found that I only need to use this no more than three times a week.<br /><br />In the meantime, I suggested this to both of my daughters. They are in their twenties and still dealing daily with teen acne. (see pics) The girls started using this detox facial wash and were amazed at how quickly it cleared up their faces. First day of course it seemed to worsen then it started clearing up. Their faces are completely cleared up now (see Pics). The acne isn't coming back either.<br /><br />I liked this face wash and I still use it just three times a week. Both my girls use this face wash at least once a day. We all have the same kind of comments. We love the smell. We love how our skin feels after using. We don't want to put make up on after using this face wash, our skin feels so clean and fresh. We'll be ordering again.<br /><br />Disclaimer:  This product was received at a reduced rate for full evaluation and my honest and unbiased opinion.<br />Photos Forthcoming",P000015,Coach for Men,ACC-0022,ACC-0008,ACC-0022|ACC-0008|ACC-0004|ACC-0033|ACC-0036|ACC-0095|ACC-0082|ACC-0092|ACC-0049|ACC-0005,334,real
510171,"INSTRUCTION FOR THOSE WITH FINE HAIR. I have a full head of fine hair that needs product in order to look good. Keep that in mind, since products have different results depending on your hair type and amount. After testing out this Atlas Putty several different ways I’ve found that it has some great benefits if you use it along with other products as well.<br />I would not call it “thickening”. It does add some body and a little shine. And the unexpected surprise is that it also brought out the wave in my hair (most clays and other products I use tend to make my hair straighter).. It has what I would call a “soft hold” - easy to run my hands through band a feeling that there really isn’t any product in it at all. Yet it does keep my hair from being flat, which is its natural state without product.<br />The magic formula I have settled on is:  After showering and shampooing, start with a thickening spray of some sort, like a sea salt spray with some added hold (some have it and some don’t). Once you’ve dried your hair then either go straight to the Atlas Putty, or use a little clay first and then go to the Atlas Putty. And go light with the Atlas. You can always add a little more, because it is quite soft out of the tin, and works into the hair quite easily.  Sounds like a lot, but it takes me five to ten minutes to dry and style with all of these steps. And the results are really worth it. Whereas normally my hair is pretty limp, using these steps results in tons of compliments. Oh and yes, the smell is nice. An added plus.<br />I don’t think this will be a product I use every day, but it will definitely be in my rotation (OK - I’m a bit of a product hoarder). Worth the money and a great product overall.",P000015,Coach for Men,ACC-0022,ACC-0008,ACC-0022|ACC-0008|ACC-0004|ACC-0033|ACC-0036|ACC-0095|ACC-0082|ACC-0092|ACC-0049|ACC-0005,333,real
127982,"Great Product that Works. Face Moisturizers, and cosmetics in general, are typically not available or made with men in mind, so it is refreshing to find a beauty-type product and product line that caters to the male of the species.<br /><br />Gentlehomme is certainly on to something pleasantly surprising, with a face moisturizer that contains many of the ingredients you might find in higher end products for women, such as collagen, oils, Vitamin E (tocopherol), butters, and stem cells.  The ingredient list is rather exhaustive, with probably more than you need, but I have to appreciate a product that is well thought out.  In terms of just the 'butters' and 'oils', the face moisturizer includes Cocoa Seed Butter, Coconut Oil, Avocado Oil, Bitter Orange Flower Oil, and Jojoba Seed Oil.<br /><br />Unlike a few other reviews I've read of this product, I did not find the product to be greasy at all.  It absorbed rather quickly into the skin, leaving it soft and supple, with a slight glow, without being shiny.  It does have a thick, white, whipped consistency to it, similar to other facial creams out there, such as Noxzema.  Also being four ounces, rather than two ounces, which is more standard for facial creams, makes this a pretty good value, overall.<br /><br />Also unlike other comments that I've read, I did not find the Neroli scent overpowering or unlikeable at all.  With that said, however, I found the smell to be very faint and more non-descript than of Neroli (Bitter Orange).  The fragrance is very light--not necessarily masculine as one might expect, but almost indistinguishable from most other products out there--not offensive but not remarkable.  My nose is rather sensitive to scents and I would have difficulty picking this one out in a crowd.<br /><br />I like that I didn't have any negative reaction(s) to the product--no burning or stinging, rash or inflammation, and the moisturizer held up all day and all night without any discomfort or facial skin drying. ",P000015,Coach for Men,ACC-0022,ACC-0008,ACC-0022|ACC-0008|ACC-0004|ACC-0033|ACC-0036|ACC-0095|ACC-0082|ACC-0092|ACC-0049|ACC-0005,332,real
111079,"I am extremely happy with my purchase. Sooo I was expecting the red box that the lady in the pic is holding😂<br />It’s not that big. See pics. I am using an eyeliner for scale. However, upon opening the box, I was pleasantly surprised at all of the oils!! I must admit though I had typed in Fragonard for a cologne gift for my husband. I purchased what I wanted for him and these came up in the listing. I thought they were samples of French perfumes. Turns out they are middle eastern oils. The names of the various places are on the bottles. They smell soooo good. I pulled out Tigris and Maroc because they, so far, were my favorites and I didn’t want to forget them in the box of oils (24 in each - I counted). Oh the Jasmine is nice too, reminds me of my Jasmine tea. They stood out to me as soft, but noticeable. Some were strong, but I think I will see if I can mix them with others to develop something softer or even a different fragrance. I see that some people are complaining about how difficult it is to get the vial open. Honestly, it’s not that bad, and the same people would probably complain if it wasn’t tight enough and the oil had spilled out onto everything. I think it is a great buy and you will have perfumed oil forever if you use wisely and buy bigger bottles of the fragrances you love. I’m happy with this purchase.<br /><br />Follow up:<br /><br />I went and bought a bigger bottle of the Maroc. Will by Vesper next. I thought there would be a bait n switch - you know, send the sample and switch with a lesser grade product. That did not happen. The Maroc is the exact same in the sample bottle and smells awesome!!! They are about $20 for the bigger bottles, so I’ll buy one each pay.",P000015,Coach for Men,ACC-0022,ACC-0008,ACC-0022|ACC-0008|ACC-0004|ACC-0033|ACC-0036|ACC-0095|ACC-0082|ACC-0092|ACC-0049|ACC-0005,330,real
90170,"Rich lotion with an ingredient that I'm not a fan of.. It's me again. That Irish girl with the picky skin :)<br />This time we are trying Clia Natural Facial Moisturizer.<br />I like when a product has an easy to read ingredients panel, either on their product, or the accompanying box. If not, at least have on their product page a complete list of ingredients so I know what's in it, so I can make an informed decision if this is a product for me and my sensitive skin.<br />The box I received this product in was a simple, plain cardboard box.<br />The writing on the label is miniscule at best.<br />I blew up the attached images so I could read what it actually said. One of the first 5 ingredients is Palm Oil. I'm not a fan of Palm Oil for environmental reasons. The growth and harvest of palm oil is not kind to our planet. That's my personal feelings on the matter.<br /><br />The cream itself is very rich and smooth without a chemical smell, more like your typical face cream.<br />I did the back of my hand test first to check for a reaction. There was none, so the next morning I applied the cream to one half of my face for the &#34;face&#34; test.<br />This cream is VERY rich. Just lightly tap your fingers on the open jar, and you'll get just the right amount. A little goes a long way.<br />I applied it to my forehead, cheek and neck. It absorbed fairly quickly with no greasy residue.<br />DId it pass the no breakout, no hives test? Yes it did, and my skin felt softer throughout the day without drying out or leaving any dry patches.<br />Overall, it's a good, luxurious feeling lotion, but with that Palm Oil in there, i'm not 100% on board, so, I'm really at 3.75 stars on this product<br />Disclosure: I received this product at a discount for my honest review.",P000015,Coach for Men,ACC-0022,ACC-0008,ACC-0022|ACC-0008|ACC-0004|ACC-0033|ACC-0036|ACC-0095|ACC-0082|ACC-0092|ACC-0049|ACC-0005,330,real
4417,"So far this is working well for my sensitive skin; will see how it goes in the long run. First off, I have extremely sensitive skin overall, but especially on my face. To that end, I must be very carefully about what I put on. I do tend towards lighter or no scents, but have found some that work alright for me. But with or without scent, I can still have issues. In the end, it’s how my skin handles anything that is the bottom line for me. In this case, this Provence Beauty Beard Oil - All Natural Fragrance Free Olive, Sunflower & Jojoba Oils works well for me and so far, I’m very pleased.<br /><br />I use a derma roller a couple times a week to help with hair in my beard and front of my head. At this point I then add a beard oil to these locations to help stimulate growth. Without doing major testing with all the elements, like a control group (area) of my head, it’s hard to say what works and what doesn’t. I feel like the derma roller has a large part in how well growth or at least slowing of loss goes. But, I have also come to believe some of these oils available do play a supportive role. To that point, I won’t be able to speak about this Provence Beauty Beard Oil - All Natural Fragrance Free Olive, Sunflower & Jojoba Oils  for awhile. I have only just begun to use it - as a replacement for another oil.<br /><br />But I do like that 1. it’s not too oily on my hair or skin, 2. has little to no real scent, 3. feels fine and is not a problem on my skin, and 4. that it washes off my hands easily post application. Right now I like it as an oil providing at least some softening to my beard. Will it aide growth? We shall see...",P000015,Coach for Men,ACC-0022,ACC-0008,ACC-0022|ACC-0008|ACC-0004|ACC-0033|ACC-0036|ACC-0095|ACC-0082|ACC-0092|ACC-0049|ACC-0005,328,real
218475,"Powerful antioxidant, works for all skin types, rejuvenate your skin in a short time. Uptown Spin Trap Serum is a skin care serum that can be used by men and women to eliminate signs of aging and to protect the skin from environmental damage. Formulated using high quality ingredients that are tested and proven to be effective in eliminating wrinkles and fine lines, giving your skin a younger and fresher look. It will not cause any irritation or redness, the formula is perfectly safe for all skin types. It contains a powerful antioxidant that traps free radicals and provides a maximum protection to your skin.<br /><br />1. Works effectively to slow down and eventually reverse the aging process. Eliminates wrinkles, dark spots and fine lines very quickly. Its active ingredients will start working as soon as you apply the serum on your skin, you can even start feeling the formula is working a few minutes after you apply it.<br /><br />2. Contains a powerful antioxidant that protects your skin from environmental damage. Antioxidant is very effective in providing even skin tone, making it extra smooth and brighter.<br /><br />3. Suitable for both men and women with all skin types, even people with sensitive skin will not have any problem using this product.<br /><br />4. You can use it under your sunscreen and makeup without any complication. The formula can be absorbed very quickly by your skin, allowing it to work extra fast eliminating signs of aging and protecting your skin from any damage.<br /><br />5. Also contains other powerful ingredients that improve and maintain the well being of your skin.<br /><br />6. The formula will not cause any skin irritation or redness, it dries fast and doesn’t smell funny.<br /><br />7. Perfect for people who spend a lot of time outside to protect their skin from free radicals and all kinds of pollutants.<br />Received a full product as a sample for review purpose.",P000015,Coach for Men,ACC-0022,ACC-0008,ACC-0022|ACC-0008|ACC-0004|ACC-0033|ACC-0036|ACC-0095|ACC-0082|ACC-0092|ACC-0049|ACC-0005,323,real
310196,"I'm rewriting my review...I was wrong.. I'm rewriting my previous review (listed at end) because when I'm wrong, I admit it.<br />I've come back to Castle Forbes because I learned that there is no product that provides the quality and product life comparable to Castle Forbes (sorry Proraso). Here's what I learned:<br />The texture, and this is where I went wrong in my last review, is not to be used (slathered) like other products.  This is a wonderful balm that I believe is best used sparingly and it will both out perform in quality and last for months past any other balm experience.  ""Sparingly"", to me, is a small (i.e. size of a dime - or less) amount applied with damp/wet hands.  The product delivers a slick and fragrant after shaving experience that I highly recommend.<br /><br />Many things can go wrong in a shave (i.e. quality of cream, sharpness of blade, aggressiveness of razor, etc.) but the last step of the shave, the closing act, is the application of the balm which will tell you all you need to know and remember about your shave before you tackle the rest of the day.<br />I've learned that Castle Forbes aftershave balm delivers time and again.  No pain or burn.  No sticky slather with overwhelming or lingering scent. Just quality and value - well worth the price and experience - you'll see.<br /><br />Original Review:<br />I'm a great fan of the Castle Forbes shaving cream - but - while I like the strong lime scent upon application, and that it does not linger more than a few minutes after application, I can't justify the price vs. value on this one.  The balm is a little heavy (almost sticky) on application.  In the end, as much as I like Castle Forbes, for aftershave balm I will stick to Proraso - it's smoother, lighter, and a fraction of the cost of Castle Forbes for this product.",P000015,Coach for Men,ACC-0022,ACC-0008,ACC-0022|ACC-0008|ACC-0004|ACC-0033|ACC-0036|ACC-0095|ACC-0082|ACC-0092|ACC-0049|ACC-0005,323,real
325243,"Fantastic, true clay Pomade!. This is by far the best pomade that I have ever used, and I have tried a lot.  I have very thick hair that needs a lot of hold to stay manageable all day without drooping.  I prefer a matte finish without a sweet perfume or artificial scent; and I swear by products with actual clay (bentonite) as a primary component, with less artificial chemicals.<br /><br />I was a little concerned that the Coal Mine Clay would not have enough hold, given it is advertised as medium hold, but that is an understatement...this has much more hold than other products that claim high hold.  This is a thick, water-based, clay that becomes less viscous when rubbed between your hands to make it easy to apply.  It feels bit dry when you apply it, and you can feel it 'grab' your hair.  It is easy to style, and sets up rapidly, without becoming stiff - it remains pliable, but keeps your hair supported.  The clay is also good for your hair, and the pomade also contains hemp oil, which gives it a present aroma and is also healthy for the hair and scalp.<br /><br />It has an understated, earthy scent, with a bit of hemp and woody aroma.  I definitely don't get the dish soap suggested in another review.  My wife really likes the scent - and says it is 'manly'.<br /><br />I used to use Boogies Casual Hair Clay from Dollar Shave Club, which is a good clay based pomade, but ordering was a pain, and it was a bit expensive.  I have subsequently tried about two dozen other pomades, particularly those advertised as clays and matte finish.  Very few have actual clay, and even if they do then it is not a major ingredient.  Many end up being more waxy or greasy, with less hold, and too much perfume.<br /><br />Give this a try, and you'll be hooked.",P000015,Coach for Men,ACC-0022,ACC-0008,ACC-0022|ACC-0008|ACC-0004|ACC-0033|ACC-0036|ACC-0095|ACC-0082|ACC-0092|ACC-0049|ACC-0005,323,real
4418,"I really wanted to like this and I do, except, my sensitivities can’t take it. I will fully admit up front, I have a very bad sensitivity to scents. In my years of life I’ve only found maybe half a dozen I can put up with. I usually avoid them - but because I enjoy them - I do try to find ways to use it. Because of these sensitivities I try not to “blame” the product, unless it burns - then I have to question what all is in there. In this case, I decided to try Atlas Semi Matte Texture Putty 2.4 Ounce is a Medium Shine because of other reviews - I was hoping... but sadly, nope, I can’t do it. So I’m giving it 4 stars 1. because I do like the smell, but 2. it lasts far too long, smelled like it got stronger than lighter, and in the end, was too much for me. I got the Atlas Semi Matte Texture Putty 2.4 Ounce is a Medium Shine and both my wife and I liked the smell, but immediately worried it would be too much based on first sniffs. I put it on, and it worked great. It’s easy to put on - only a small amount covered my hair easily - and smelled nice. It was easy to work with my hair and it looked great. But as time went on, this Atlas Semi Matte Texture Putty started to smell more and more and more. The smell did not dissipate, but grew. And my head started to really hurt.<br />In the end, I do like this Atlas Semi Matte Texture Putty 2.4 Ounce is a Medium Shine for how it works and how it looks. But for sensitive guys, you need to be aware, this putty has a strong scent - in my case at least, too strong. I won’t be able to keep using it.",P000015,Coach for Men,ACC-0022,ACC-0008,ACC-0022|ACC-0008|ACC-0004|ACC-0033|ACC-0036|ACC-0095|ACC-0082|ACC-0092|ACC-0049|ACC-0005,323,real
378344,"Decent Petroleum-free pomade (Not that heavy of a hold though). I bought this as an alternative to Lockhart's Heavy. My biggest consideration was that O'Douds is free from petrolatum, with Lockhart's there was noticeable flaking and overall unhealthy feeling to my scalp. That being said, Lockhart's holds like crazy, the strongest I've ever used. If Lockhart's is a 10/10 then O'Douds is more like a 7.5-8/10.<br /><br />The smell of the pomade is VERY strong, I hope you and people around you like the smell of tea tree oil. Because it's going to follow you for days, and get on anything your head touches. Lockhart's is similar, but with Lockhart's the smell fades after a day and only reappears when you reapply. O'Douds scent will follow you everywhere as long as a trace remains. That being said, I don't like the smell of Lockhart's. It has a much more, i dunno, tar like smell to me. Some people say the Lockhart's is vanilla and tobacco, but its more like a heavy smokers old clothing. So +1 to O'Douds for a better smell, but -1 to O'Douds for the intensity and permanence of the scent.<br /><br />I would compare O'Douds, in terms of hold characteristics to something like Murray's. That is, Lockhart's is so strong it can straighten wavy hair, whereas O'Douds will straighten a bit but will tend to accentuate the waviness. Not my preference. O'Douds has a ton of shine where Lockhart's is quite matte. The O'Douds also stays &#34;wetter&#34; then the Lockhart's, good if you like to re-comb but bad if you want your hair to stay the way you combed it all day (like me).<br /><br />Overall: I do like the O'Douds. I think they did a great job given the lack of petrolatum. Conversely I'll probably be using a mix of Lockhart's heavy (hold characteristics I like) and O'Douds (no petrolatum, better scent)",P000015,Coach for Men,ACC-0022,ACC-0008,ACC-0022|ACC-0008|ACC-0004|ACC-0033|ACC-0036|ACC-0095|ACC-0082|ACC-0092|ACC-0049|ACC-0005,317,real
24824,"Minty Miracle!. More Than Clean is a combination scrub and masque recommended for morning use.  You work it into your skin for a couple of minutes, then leave it on for a few minutes before rinsing it off.  There are no unpronounceable ingredients in it, and it smells like peppermint.  It's a very thick bilious colored liquid dispensed through the bottle cap.  I've used it four times with great results on my skin and one unexpected but welcome side effect.<br /><br />The MTC initially feels like mud, but there's a really refreshing tingle that's just great first thing in the morning.  If you're of the generation that used a product called Seabreeze, that's exactly the sensation, only stronger.  The tingle doesn't go away until the stuff is rinsed off, either, and skin feels really clean.  I have some large pores around my nose, and they're thoroughly flattened by<br />this stuff.<br /><br />If you have dry skin, go easy with this, and use a good moisturizer afterwards.  I have an oily T Zone with dry cheeks, and have learned to concentrate on my oily areas with the MTC, with just a quick once over on the dryer areas of my face.  I've been using this just before showering in the morning, and then using the shower to rinse it off--and here's the unexpected side effect: my miserable early spring sinuses have improved!  I think it's the herbs in the product coupled with the steam from the shower, but my whole sinus area feels SO much more open.  Hooray!<br /><br />I'm thrilled with this product.  My skin feels awake and energized, and the products I use daily--serums, moisturizer, and BB cream--just sink right in after use.  I was provided a bottle of More Than Clean for review, and am delighted to do so.  I really like the effect on my skin, and love breathing easier.  Win all around!",P000015,Coach for Men,ACC-0022,ACC-0008,ACC-0022|ACC-0008|ACC-0004|ACC-0033|ACC-0036|ACC-0095|ACC-0082|ACC-0092|ACC-0049|ACC-0005,316,real
4849,"Exfoliating version is back!!!  Now they have two varieties - one with and one without exfoliation. *** UPDATE Nov 9 2015 ***<br />They have now added the exfoliating version back, in another listing.  That means people who love this soap for whatever other reasons without the exfoliation can give it 5 stars for that.  People like me, who can't find strong exfoliating soap from any other brand (I have specifically ordered at least 10 other brands, Loofah, etc. etc. just trying to find one with strong exfoliation - and none have it, except maybe Tasmanian (http://amzn.com/B00CQOHOXY (but this is better)), can now use Honest For Men again - their exfoliating line.  So not this listing, but the other listing.  Not that exfoliating soap should matter, but actually, I'd be scrubbing with rocks from brooks if humans lived out in nature.<br /><br />*** Original review a few days before ***<br /><br />This was my favorite soap - and I depended on it for the fantastic exfoliation, better than any other I've tried (and I tried a dozen kinds).<br /><br />All of a sudden, in this last batch, they have simply removed the exfoliation completely.  Now, when you look at the website, it says &#34;Important Information: We have recently removed our exfoliating oats and coffee grounds due to customer feedback. Our scent is now 100% essential oils no fragrance oil.&#34;<br /><br />Well, I'm here to give you a 1 star review for this &#34;important information&#34;.  There are 1,000 other soaps that you can buy with various interesting scents, etc.  But this was the only soap you can buy that had great exfoliation.<br /><br />And now they've removed it.<br /><br />Hopefully, the 'customer feedback' that caused them to remove the exfoliation will be blasted away by the customer feedback complaining that the exfoliation is missing, and they'll put it back.<br /><br />In the meantime - goodbye, 'Honest for Men'.",P000015,Coach for Men,ACC-0022,ACC-0008,ACC-0022|ACC-0008|ACC-0004|ACC-0033|ACC-0036|ACC-0095|ACC-0082|ACC-0092|ACC-0049|ACC-0005,316,real
559674,"Cheaper than their awesome individual components. First off, the individual products are awesome.  I'll address those in a minute.  Let's price the items individually:<br /><br />[[ASIN:B00023575I Anthony Logistics for Men Shave Cream, 6 Ounce]] is $15.91 at the time of this review.<br />[[ASIN:B000HPBR9G Anthony Logistics for Men Pre Shave Oil, 2 Ounce]] is $18.99 at the time of this review.<br />[[ASIN:B000VJVA0Y Anthony After Shave Balm]] is $15.97 at the time of this review.<br />and [[ASIN:B0001XDU2Q Anthony Logistics For Men Glycolic Cleanser, 8-Ounce]] is $17.99 at the time of this review.<br /><br />That's $68.86 individually without the bag.  This is actually preferable when I need refills these items.<br /><br />The glycolic cleanser actually doesn't lather but leaves a pretty clean face for shaving.  I used about a quarter size drop and wash my face before the shave.<br /><br />The shave cream is superb.  It doesn't require much at all.  Just add a touch of warm water or the water on your face if you're in the shower and rub, rub, rub.  I use my hand but you could use one of those fancy brushes like they did at the shave-and-a-hair-cut-two-bits barber shops your grandpappy used to go to.  It will lather up and the 6 oz container lasts me for about 2-3 months at 7 shaves a week.<br /><br />The after shave balm is like the cherry on your sundae.  It's very refreshing and smells and feels awesome.  If I had to pick one item only, I'd use this after any shave, period.<br /><br />I don't use the pre-shave oil mainly because I never let my growth get long enough to use.  The recommended usage is for men who have a short beard going and need to condition it for removal.  Usually not me.<br /><br />Buy is a gift for yourself and then buy it again to reload your stock at a discount.",P000015,Coach for Men,ACC-0022,ACC-0008,ACC-0022|ACC-0008|ACC-0004|ACC-0033|ACC-0036|ACC-0095|ACC-0082|ACC-0092|ACC-0049|ACC-0005,312,real
377998,"I am pleased to report that all of my wishes were granted .... I purchased this grooming product for my boyfriend, who boasts a luxurious and manly beard and mustache. My hope was that I could cajole him into curling the length of his mustache into a jaunty upturned handlebar style by promising a product that would be effective without being offensive. I am pleased to report that all of my wishes were granted in Wild Willie's Mustache Wax.<br /><br />The aroma was pleasant and subtle, neither irritating he, who had to wear it beneath his nostrils, nor myself, who inhaled of it's gentle fragrance upon each occasion that I did place my lips to his in affectionate embrace. Indeed after a short period of time, he did declare he was barely able to detect it at all unless he expended some considerable amount of effort into the pursuit. I myself was unable to detect it unless I found myself pressed closely against his person - a position I repeatedly sought out strictly for the purposes of ensuring the quality and inoffensiveness of this product. (A sacrifice I made gladly and would willingly make again.)<br /><br />In terms of performance, he found the wax to be a most excellent medium to control the curvature and shape of his whiskers. While the wax did warrant reapplying after some wear, and particularly the consumption of liquids, it did not impart flavor upon his beverages, nor did it spoil the taste of foods. It would be worth keeping the container on his person though, should any man wish to enjoy a full night out with his facial hair elegantly sculpted throughout. Indeed, it would be a shame to spend an evening with a sad and droopy mustache.<br /><br />Disclaimer: I did receive this item in exchange for my honest and unbiased review of it.",P000015,Coach for Men,ACC-0022,ACC-0008,ACC-0022|ACC-0008|ACC-0004|ACC-0033|ACC-0036|ACC-0095|ACC-0082|ACC-0092|ACC-0049|ACC-0005,311,real
130430,"Made dry skin worse.. I wanted to try these because my hands were feeling like sandpaper. They looked fine, but felt rough. Frequent hand washings don't help an already dry skin problem.<br />I've never used a hand mask before, so I'm not sure if this is just a problem with faulty instructions or faulty expectations. I did follow the instructions as posted.<br />First difference between instructions and reality: There did not appear to be perforations in the gloves. I had to cut them apart, which is no big deal but was a tad messy.<br />The gel inside does smell quite nice- clean and fresh. It had a nice feel to it as well.<br />Next diversion from instructions: There are stickers to tape them closed on your wrists. They stick well, even with the gel getting all over them, so be careful. I'm thinking it may be beneficial to have someone else put them on for you.<br />Now, for the final steps, it says, ""Remove gloves. Do not rinse."" and, ""Take off the hand mask, massage the hand until the cream is completely absorbed."" The problem here is, there was so much gel on my hands that it would never completely absorb. I'm not sure if they should include instruction to wipe excess, or that you SHOULD rinse, but something should be different. After 20 minutes of trying and only making my hands feel very sticky and uncomfortable, I did wash my hands.<br />That was when I noticed the first problem- the skin on the backs of my hands felt extremely tight- like when you put glue on them as a kid and let it dry. The rest felt still the same- like sandpaper. This has not yet improved.<br />The picture of my hand is 2 days later, after using more lotion than I've ever used before.<br />I cannot recommend.",P000015,Coach for Men,ACC-0022,ACC-0008,ACC-0022|ACC-0008|ACC-0004|ACC-0033|ACC-0036|ACC-0095|ACC-0082|ACC-0092|ACC-0049|ACC-0005,309,real
447694,"Yes, buy this.  The fancy shampoos aren't what they used to be.. After being burned by so many respective name brands that apparently changed their recipe, I decided to just give this a try.  In some cases these big brands ""burned"" or more so irritated my face and made the flaking worse.<br /><br />I was not disappointed and will be buying more when this runs out.  Just scrub that bar into your skin under the beard, massage, lather then rinse.  Has a nice smell to it and comes in varieties.<br /><br />I won't lie, I kinda scoffed at the idea of using a bar versus liquid but don't let it's looks fool you.  This is a quality product that blows the way these big brand washes are these days.<br /><br />I'm sure some of you have noticed the big brands loosing their quality and even smelling like baby powder.  I've used some of these brands for 6 years and making the switch was a great decision.<br /><br />I recommend once a week to let your beard and skin soak in extra virgin coconut oil overnight night and every other day at the very least using this bar for those who flake a lot and itch, follow it up after a decent dry with some balm and you'll be feeling like the beard man you were meant to be.<br /><br />I really appreciate this bar y'all and thank you for making a quality product for a great price that blows the shampoos new recipes out of the water.<br /><br />Please never change in quality and price.<br />I will continue to buy this.<br /><br />I'd like to see what y'all make for curly hair that flakes and itches.  Maybe I'll consider growing my top hair out if I see something come from your company for that purpose.<br /><br />Thank you",P000015,Coach for Men,ACC-0022,ACC-0008,ACC-0022|ACC-0008|ACC-0004|ACC-0033|ACC-0036|ACC-0095|ACC-0082|ACC-0092|ACC-0049|ACC-0005,308,real
199269,"Very good clone, moderate longevity. Grand Parfums Versace Eros opens with a strong projection of citrus, fruity, sweet, musky and spicy notes. The opening is very fresh, sharp, bright, inviting, unique, and delectable. The green apple, mint, ambroxan, and lemon are the most prominent opening notes. The lemon is the fresh and bright opening note, astringent, sour, and vibrant; the green apple is by its side, delectable, sweet, sour, crispy, and acidic. The mint rounds up the opening with its cooling green and slightly spicy note. The ambroxan is also noticeable musky, lemony, and ambery note that works well, improving the fragrance's projection. As the fragrance moves towards its dry down, the tonka bean and vanilla add a sweet and aromatic touch without making the fragrance overly sweet or taking the focus away from the mint, green apple, and lemon. The vetiver, oakmoss, and cedar are part of the support notes; they combine their notes to create a fresh green and woody accord but remain in the back of the fragrance. The fragrance is linear, all notes come up as soon as the fragrance is applied and continue into the dry down. Once Grand Parfums Versace Eros has reached its full dry down, it can be summarized as a strong projection, spicy mint, fruity green apple, musky ambroxan, mildly sweet vanilla, tonka, and woody cedar fragrance. The fragrance feels casual, comforting, delectable, energizing, exquisite, fresh, fruity, green, high-quality, inviting, masculine, modern, musky, nicely-blended, playful, refreshing, rich, sharp, seductive, sour, sparkly, special, sweet, unique, versatile, wild, woody, and very pleasant.<br /><br />CATEGORY: Aromatic fougere<br />BATCH REVIEWED: 2019.<br />WOW RATING: 10/10. A deliciously sweet, fresh spicy, fruity, musky, and woody fragrance.<br />DISLIKE RATING: 0/10. The fragrance contains no offensive or harsh notes.<br />UNIQUENESS: 10/10. The notes are relatively common, but the resulting scent is unique.<br />MASS APPEAL: 10/10.",P000015,Coach for Men,ACC-0022,ACC-0008,ACC-0022|ACC-0008|ACC-0004|ACC-0033|ACC-0036|ACC-0095|ACC-0082|ACC-0092|ACC-0049|ACC-0005,306,real
230927,"Not expensive for good product, when you break it down in its parts ..... So, ‘$80!,’ I said, with my eyebrows raised. ‘They sure like their product,’ I added, as I smoothed a $40 tiny half ounce bottle of eye cream under my eyes made for the eye area only that they call a creme so they can charge more. Yeah.<br /><br />So...this $80 now doesn’t seem like so much, especially when I opened the Dop kit and every product was full-sized—not travel sized—it’s an average of $20 a piece with a Dop kit thrown in. Looking at it that way, I see it as a deal; however, it is a lot to drop all at once. Would make a great gift, however!<br /><br />This is not my first experience with this line, but previously I did have my guy try the travel-sized products and he really liked them. I do too—because they make him smell great!<br /><br />My guy is not a ‘face moisturizing’ skincare kind of guy, but he will use these products. They smell amazing. They are easy to use.<br /><br />My first Rugged & Dapper purchase was their candle—omg! The best! The spruce forest came into my house—I hated to give it to my guy but I did purchase it for him! :D It looks great too.<br /><br />I’m fast becoming a R&D fan, as is my guy. I think these products are packaged and scented and produced in a way that even a guy like him who never thought about his skincare will use these.<br /><br />A good buy, when you break it down. And awesome products! Try their trial-sized first if you aren’t sure.<br /><br />Thank you for reading—hope it helps you!<br /><br />Now I’m off to see if they have any more of those candles! They keep selling out!",P000015,Coach for Men,ACC-0022,ACC-0008,ACC-0022|ACC-0008|ACC-0004|ACC-0033|ACC-0036|ACC-0095|ACC-0082|ACC-0092|ACC-0049|ACC-0005,306,real
26162,"Great for a lumberjack beard!. My husband really likes this beard oil. He has a thick beard that our friends describe as a &#34;lumberjack beard.&#34; Since our recent move, he started complaining that his beard became stiffer and more wiry -- I can attest to that, it was more wiry than usual when I got kisses. I saw this beard oil online, and read reviews that the tea tree scent was really pleasant and fresh smelling. When I told my husband about the beard oil, he was somewhat skeptical at first, however, after reading him some reviews, I convinced him that he should take the plunge and try it, for both our sakes. The instructions on the box say to apply the oil prior to styling, but my hubby prefers applying it before bedtime, when he applies his moisturizer. Since he started applying it, he has noticed that his beard, and the skin under his beard has been soft and smooth. It also helps that he really likes the scent. The tea tree scent is very fresh and masculine, and can be worn during the day when going out or to work. It's a bonus that it smells nothing like strong aftershave scents that I am allergic to. I think my hubby will be a loyal customer of beardsmen beard oil! I am attaching a photo of the box with the ingredients listed, which I hope will be helpful, because I couldn't locate the list when I was considering purchasing this.<br />I received this product at a discounted price, and am happy to provide an honest and unbiased review based on my experience with the product. I only review items that I personally use or that are used in our household, so please be assured that my reviews are based on firsthand experience.",P000015,Coach for Men,ACC-0022,ACC-0008,ACC-0022|ACC-0008|ACC-0004|ACC-0033|ACC-0036|ACC-0095|ACC-0082|ACC-0092|ACC-0049|ACC-0005,303,real
632612,Smells great!. I liked it because my husband loved the smell of it.,P000024,Creed Green Irish Tweed,ACC-0063,ACC-0007,ACC-0063|ACC-0007|ACC-0095|ACC-0066|ACC-0046|ACC-0004|ACC-0005|ACC-0090|ACC-0009|ACC-0039,13,real
508802,Amazing. Long lasting yummy oud fragrance smells very nice on my skin the price is a steal glad I purchased it,P000305,Creed Royal Oud,ACC-0022,ACC-0062,ACC-0022|ACC-0062|ACC-0095|ACC-0059,21,real
278685,"Ya smell me!!!!!. My dad and I have been wearing top notch cologne for decades, it’s to the point that we keep a jar of coffee grounds in the car for when we go to fragrance shops across the country. So, we, my father and I decided to give a imposter cologne a try. What we found and smelled was so close to the original it’s mind blowing yes some of the notes are a tad bit off but that’s it and it last about 6 hours to bystanders and about 9 ton10 for those up close and personal moments! Save some money and by this cologne!!!!!!",P000037,Creed Silver Mountain Water,ACC-0022,ACC-0039,ACC-0022|ACC-0039|ACC-0036|ACC-0059|ACC-0095|ACC-0008|ACC-0066|ACC-0033|ACC-0032|ACC-0031,107,real
481510,It worked for a little while.. I liked the smell of this cologne and the bottle it came in. The scent  did not linger long after applied. Mainly I use it after I have a smoke of Reefer. It does not mask the smell of reefer. I would purchase this again bc it was inexpensive and the bottle is the shape of a square,P000037,Creed Silver Mountain Water,ACC-0022,ACC-0039,ACC-0022|ACC-0039|ACC-0036|ACC-0059|ACC-0095|ACC-0008|ACC-0066|ACC-0033|ACC-0032|ACC-0031,64,real
74776,Does not smell like the original scent. Disappointed due to this doesn’t smell like the original scent. It doesn’t smell bad it’s just not what we were led to expect,P000037,Creed Silver Mountain Water,ACC-0022,ACC-0039,ACC-0022|ACC-0039|ACC-0036|ACC-0059|ACC-0095|ACC-0008|ACC-0066|ACC-0033|ACC-0032|ACC-0031,30,real
574388,It smells exactly like CREED. This is awesome smells amazing and just like the original CREED I will definitely be ordering this again and again for my son....,P000037,Creed Silver Mountain Water,ACC-0022,ACC-0039,ACC-0022|ACC-0039|ACC-0036|ACC-0059|ACC-0095|ACC-0008|ACC-0066|ACC-0033|ACC-0032|ACC-0031,28,real
681505,"Smells good. Smells good, it has a slight lemon scent when wet that the original Creed cologne doesn't have. Overall, it's a good product that was accurately described",P000037,Creed Silver Mountain Water,ACC-0022,ACC-0039,ACC-0022|ACC-0039|ACC-0036|ACC-0059|ACC-0095|ACC-0008|ACC-0066|ACC-0033|ACC-0032|ACC-0031,28,real
562169,"Well worth the price, we'll done.. This imposter smells so close to the real one that I will continue to buy from you, great job 👏",P000037,Creed Silver Mountain Water,ACC-0022,ACC-0039,ACC-0022|ACC-0039|ACC-0036|ACC-0059|ACC-0095|ACC-0008|ACC-0066|ACC-0033|ACC-0032|ACC-0031,26,real
548962,Do not buy this Fragrance from this buyer. The Scent doesn't stay too long and they ask you to pay for shipping it back.,P000037,Creed Silver Mountain Water,ACC-0022,ACC-0039,ACC-0022|ACC-0039|ACC-0036|ACC-0059|ACC-0095|ACC-0008|ACC-0066|ACC-0033|ACC-0032|ACC-0031,24,real
33203,did not like at all. I hope the real one does not smell like this.,P000037,Creed Silver Mountain Water,ACC-0022,ACC-0039,ACC-0022|ACC-0039|ACC-0036|ACC-0059|ACC-0095|ACC-0008|ACC-0066|ACC-0033|ACC-0032|ACC-0031,15,real
316716,Very close to original. Fantastic smelling cologne very close to original for great price,P000037,Creed Silver Mountain Water,ACC-0022,ACC-0039,ACC-0022|ACC-0039|ACC-0036|ACC-0059|ACC-0095|ACC-0008|ACC-0066|ACC-0033|ACC-0032|ACC-0031,14,real
542008,Not a good pay. It is not the same and doesn't smell good,P000037,Creed Silver Mountain Water,ACC-0022,ACC-0039,ACC-0022|ACC-0039|ACC-0036|ACC-0059|ACC-0095|ACC-0008|ACC-0066|ACC-0033|ACC-0032|ACC-0031,13,real
567641,Smells identical. Smells identical to the real scent and lasts a good while,P000037,Creed Silver Mountain Water,ACC-0022,ACC-0039,ACC-0022|ACC-0039|ACC-0036|ACC-0059|ACC-0095|ACC-0008|ACC-0066|ACC-0033|ACC-0032|ACC-0031,13,real
105916,"Uuuuuum NO!. Smells awful, this replica is trash",P000037,Creed Silver Mountain Water,ACC-0022,ACC-0039,ACC-0022|ACC-0039|ACC-0036|ACC-0059|ACC-0095|ACC-0008|ACC-0066|ACC-0033|ACC-0032|ACC-0031,8,real
169972,Outstanding. Great smell. Lasts also. Defitnetly buying again.,P000037,Creed Silver Mountain Water,ACC-0022,ACC-0039,ACC-0022|ACC-0039|ACC-0036|ACC-0059|ACC-0095|ACC-0008|ACC-0066|ACC-0033|ACC-0032|ACC-0031,8,real
159174,Great smelling perfume. Great little bottle of perfume,P000117,Dior Addict,ACC-0087,ACC-0094,ACC-0087|ACC-0094|ACC-0082|ACC-0036|ACC-0004|ACC-0008|ACC-0022|ACC-0066,8,real
390831,"I like it. i really like this emulsion. a little goes a long way, the scent is great, the moisture level is perfect and the way your face looks after application is good.",P000135,Dior Homme,ACC-0046,ACC-0095,ACC-0046|ACC-0095|ACC-0066|ACC-0028|ACC-0008|ACC-0090|ACC-0031|ACC-0049|ACC-0059|ACC-0036,33,real
255154,"VERY subtle scent. I like the scent, but I like scents to be a bit stronger. Especially if I’m paying $30 for such a small amount.",P000188,Dior Poison,ACC-0031,ACC-0061,ACC-0031|ACC-0061|ACC-0036|ACC-0079|ACC-0004,26,real
157071,Five Stars. Very nice fragrance. Light and not overpowering.,P000188,Dior Poison,ACC-0031,ACC-0061,ACC-0031|ACC-0061|ACC-0036|ACC-0079|ACC-0004,9,real
403977,great cologne just not amount that was advertised. item was not the amount in spray small vial. a few spays and it was empty,P000001,Dior Sauvage,ACC-0033,ACC-0022,ACC-0033|ACC-0022|ACC-0004|ACC-0049|ACC-0059|ACC-0008|ACC-0040|ACC-0006|ACC-0077|ACC-0031,24,real
656148,It’s a glass tube with a spray top. I wish you could get more for your money. I understand why the price is so high. The fragrance is by far my favorite I’ve ever owned. It’s a light and soft fragrance.,P000060,Diptyque Eau Rose,ACC-0068,ACC-0036,ACC-0068|ACC-0036|ACC-0031|ACC-0033|ACC-0008|ACC-0059|ACC-0022|ACC-0095|ACC-0085|ACC-0066,41,real
285027,When it is too good a deal vs just a good deal. At first my wife said ‘return it’ but was finally ok with it being such v slight scent. Not the real stuff..,P000060,Diptyque Eau Rose,ACC-0068,ACC-0036,ACC-0068|ACC-0036|ACC-0031|ACC-0033|ACC-0008|ACC-0059|ACC-0022|ACC-0095|ACC-0085|ACC-0066,34,real
406469,My new favorite scent. Beautiful scent . Easy application,P000030,Diptyque Eau des Sens,ACC-0022,ACC-0094,ACC-0022|ACC-0094|ACC-0059|ACC-0095|ACC-0008|ACC-0033|ACC-0004|ACC-0064|ACC-0082|ACC-0066,9,real
456770,Unless you really know what it’s going to smell like wouldn’t recommend it .. Not what I expected didn’t really like the smell.,P000348,Diptyque Philosykos,ACC-0028,ACC-0039,ACC-0028|ACC-0039|ACC-0095|ACC-0036,23,real
599574,Nice soft fragrance. It has a soft fragrance.,P000134,Diptyque Tam Dao,ACC-0095,ACC-0066,ACC-0095|ACC-0066|ACC-0092|ACC-0008|ACC-0004,8,real
127510,"Add this to your skin care regimen. I never heard of charcoal removing toxins from your body, so I was surprised to come across this product while researching natural facial washes. Upon reading some of the reviews I took it upon myself to do some reading on charcoal and its properties. I felt what I read along with some of the reviews convinced me enough to make a purchase. I'm not going to lie, I was skeptical but the way my cheeks have been riddled with blackheads I figured I had nothing to lose. I was so excited about this product I washed my face immediately after I got it out my mailbox, even though I had just finished washing my face 5 minutes before. Like all the other reviewers said, this product DOES not foam up, instead it is a thin liquid that smells like roasted minty lemongrass. Mmmm! I left it on my face after massaging it in thoroughly for 5 minutes, when I looked at my cheeks they were so much lighter which indicated the product worked with removing the blackheads. However, it did not remove all of them, which are the ones that are embedded deep in my face(ewwww). After using it 2 more times, I could feel the embedded ones coming to the surface, and now since I've had it for a week, my cheeks are almost bump free, yayyyy! It is a great product for ladies who wear make-up, it can help with removing all that stuff from your pores. I recommend using it with [[ASIN:B004V0SZNO BriteLeafs 4-in-1 Electric Facial & Body Brush Spa Cleaning System (BL-802)]], a great alternative to the Clarasonic. This is def going in with my skincare regimen.<br /><br />Update 4-29-13: I did stop using this product bc of the price however when I seen that they had increased the bottle size I purchased another one. I hated that I stopped using this product bc my pores get so clogged I am constantly breaking out. My face was so congested I could feel little bumps beneath my skin and nothing was working. I ordered another bottle a week and a half ago and my face just cleared up",P000046,Elizabeth Arden Green Tea,ACC-0022,ACC-0039,ACC-0022|ACC-0039|ACC-0008|ACC-0033|ACC-0032,368,real
343135,"Charcoal aides in absorption of oil. Ok, I am going to write this review on all five of the products in their organic line. I am a firm believer in not mixing products. Some I gradients do not work well with others, so I feel that using an entire line gives the best results, especially in skin care. First you start with the Super detox charcoal activated deep pore facial cleanser. This is black, due to the charcoal. It has a light floral/witch hazel-y smell to it. It is organic, vegan and cruelty-free. Made with Aloe Vera and organic essential oils, along with being infused with reiki (healing energy). Next is the exfoliating mask. I used the pineapple and papaya one. It comes in a 2.3 oz glass jar. I don't really smell the fruity aspect of it, but I DO smell the Roman chamomile. It says it is meant for sloughing, but this is gelatinous, like pure Aloe Vera gel. I did not notice any e folk taking or tightening properties, but my skin did feel nice and clean after using it. It did not sting as it dried, and it washed off easily with warm water. Again, infused with reiki and natural ingredients.<br />The next step is the toner. I have the lavender and aloe, as well as the rose crystal. The lavender is balancing and used for hydrating and clarifying. It comes in a 4.5 oz glass spray bottle, has a wonderful floral scent and is also infused with reiki. The rose water toner is made with rose quartz crystals and is good for nourishing, moisturizing and restoring. It smells of wonderful roses. Same size as the lavender.<br />The final step is the chamomile moisturizer. This smells similar to the mask, but it is a creamy consistency. Loaded with antioxidants, I use a quarter sized amount and pat it onto my toner dampened skin. It comes in the same size jar as the mask.<br />This set is a bit pricey, however, as the ingredients are all natural and organic, you are going to pay a bit more. Also, this is price comparable to any natural product line in the salons. What I like th",P000046,Elizabeth Arden Green Tea,ACC-0022,ACC-0039,ACC-0022|ACC-0039|ACC-0008|ACC-0033|ACC-0032,367,real
49206,"Great Anti-Aging Product-Leaves Smooth Skin-Tips for Application and Use Information!. I am very pleased so far with the InterSight Naturals Hyaluronic Acid so far. It comes in a 1 oz bottle but a little goes a long way. I will explain in my review.<br /><br />There are a lot of benefits in general to your body with Hyaluronic Acid, including your skin and face. The major benefit is that it is an anti-aging agent. We already have this in our skin. As we age, we lose some along with collagen. Hyaluronic Acid in this Serum allows your skin to retain more moisture, whether you have oily skin or not. It has a lightweight texture and works for oily or dry skin and sensitive skin too. That's great because I personally have all of that going on with my face.<br /><br />There are other serums out there similar to this. I like InterSight's Hyaluronic Acid because it is free of fragrance/scent and drying agents like alcohol. It's ingredients include (of course) hyaluronic acid, witch hazel, green tea, jojoba oil, vitamins c and e and aloe. So, if you are familiar with any of these you will know that these are elements are soothing to the skin and each have their own benefits. I like products that have natural ingredients versus a lot of chemicals that I don't know how to pronounce.<br /><br />This product is advertised to activate collagen production, which is what the h. acid does. It goes beneath the skin's surface when applied correctly and retains moisture, plumping it up like youthful skin. When I use this, I notice that my skin appearance is very youthful and fresh. You can use your own moisturizer afterwards (I switch it up personally but mainly use Vanicream Light Lotion, not cream, because it's &#34;Dye free, perfume/fragrance free, lanolin free, paraben free, formaldehyde free.&#34; Also, it isn't greasy.)<br /><br />This bottle comes with a dropper in it. I have a few tips if it will help anyone for use.<br /><br />1. The product directions are teeny tiny but it sa",P000046,Elizabeth Arden Green Tea,ACC-0022,ACC-0039,ACC-0022|ACC-0039|ACC-0008|ACC-0033|ACC-0032,347,real
265397,"Another MUST TRY from Etude House!. This is a review for all three of the moisturizers.<br /><br />Green Tea - This mask is for people who deal with excess sebum. That being said, I use this one the most. Not only does my skin feel hydrated instead of greasy in the morning, but after the third use I noticed less breakouts around my chin and jawline (I have hormonal acne and horribly sensitive skin).<br />Black Tea : This mask improves elasticity of the skin. I haven't used this long enough to notice a huge difference, but my skin does feel plump when I wake up, and my mom has had the same result!<br />Strawberry - Like most strawberry skin care products, this one is for people who deal with dry skin. I won't need to use this until the cold seasons arrive, but my mom needs heavy moisturizing products year-round. Her skin has definitely been looking more hydrated and brighter!<br /><br />Instructions and ingredients are provided on the boxes, both in Korean and English.<br /><br />I only have two small complaints about the products:<br />1. There's a very noticeable amount of fragrance. They all smell great, but it's a bit strong. Thankfully, the smell does fade after the moisturizer is massaged into the skin. My face normally can't tolerate products with so much fragrance, but so far all has gone well.<br />2. The packaging. Yes, it is adorable, but I'd prefer the spoon be able to stay in the cup. You use the spoon to scoop out the tapioca pearls and smash them up in your palm. It's a long spoon, and it pulls out a lot of moisturizer with it. With this product a little goes a long way (which makes it a total steal at it's current price), so I scrape off a lot of excess.<br /><br />Like I said, those are small complaints, so this product is very much worth trying out. So long as Etude House keeps making it I'll keep buying it.",P000046,Elizabeth Arden Green Tea,ACC-0022,ACC-0039,ACC-0022|ACC-0039|ACC-0008|ACC-0033|ACC-0032,337,real
169767,"For When You Want to Wash Your Face More Than Once. UPDATE: I've changed this review from 2 stars to 1 star, because the seller has repeatedly contacted me, most recently asking me outright to delete the review in exchange for a refund. The language was as follows: ""Could you please forgive me and help me delete the review? If you can, I want to refund ($28) to you to express my gratitude. Please accept my little wish.Thank you.""<br /><br />ORIGINAL REVIEW:<br />First, the good: I enjoy the smell of this product. And I'll probably use the whole stick just because it smells nice, and provides a light tingling sensation. Apart from that, I've noticed no difference in moisture (blackhead reduction, or any of the other laundry list of things it claims to cure).<br /><br />I got a decent laugh out of my first use, quickly realizing you can't simply roll this onto your face for complete coverage. You have to get this on your fingers to cover the contours of the nose, for example. The description of the product mentions ""Blackhead Removal Strips"", but those were nowhere to be found in what I received. Once this dries, I simply wash it off of my face, and see/feel exactly what I did when I initially washed my face the first time. Lastly, it's a bit overpriced as far as facial masks go.<br /><br />So look, I like the soothing sensation of masks as much as the next person. Therefore please understand that I far from hate this product. I simply don't think it's providing much value. Even the satisfaction of a peel-able mask is absent here. But if you really want to pay to smell some tingling green tea drying on your face, then this will get you there. I just wouldn't expect much else from it. The laughably fake ""before and after"" shots should tell you plenty about the true efficacy of this product.",P000046,Elizabeth Arden Green Tea,ACC-0022,ACC-0039,ACC-0022|ACC-0039|ACC-0008|ACC-0033|ACC-0032,325,real
228835,"The smell isn’t bad, but it is not good either. This is a very small amount of mud.  The inside dimensions of the bottle are approximately 1.5” tall by less than 2” diameter.  When I opened the bottle and removed the safety seal, the mud was to the top of the bottle.  The directions include a step to stir before applying the mud.  When I stirred it, I found there was a large air bubble and the bottle was only about half full.  A little of this mud goes a long way, so this small amount will go further than some other facial masks.<br /><br />As per the instructions, I washed and dried my face before application.  The AntiAging MegaMud goes on very smoothly.  It has a strong minty smell that becomes less overwhelming with time and is partially replaced with other smells that aren’t entirely pleasant.  The smell isn’t bad, but it is not good either.<br /><br />The mud made my skin sting immediately, but it became less intense until I washed off the dried mask.  I had removed the mask and I felt my face burning still about 5-10 minutes later, so I washed my face again using cleanser.  I was fortunate that there was only the burning sensation and not a significant amount of reddening.<br /><br />The box says the peptides relax muscle tension by inhibiting the release of neurotransmitters released by the brain.  I'm not sure how I feel about having a topical beauty product interfering with my neurotransmitters.  I'm probably getting new lines as my brow furrows trying to wrap my brain around this concept.<br /><br />From the company website (https://www.viacosmedics.com/product/megamud/), this is a list of Ingredients: Deionized Water, Kaolin, Propylene Glycol, Montmorillonite (Bentonite), Glycerin USP, Magnesium Aluminum Silicate, Butylene Glycol, Carbomer, Polysorbate-20, Palmitoyl Oligopeptide, Palmitoyl Tetrapeptide-7, Acetyl Hexapeptide-8, Sodium Hyaluronate, Cucumis Sativus (Cucumber) Extract, Camelia Sinensis (Green Tea) Extract, Matricaria Recutita (Chamomile) Flo",P000046,Elizabeth Arden Green Tea,ACC-0022,ACC-0039,ACC-0022|ACC-0039|ACC-0008|ACC-0033|ACC-0032,319,real
633028,"These work amazingly well for a deep sleep and reducing inflammation!. THESE PADS WORK! Here’s the thing..the black residue is NOT detoxed chemicals from your body, and actually none of these companies have explicitly said that they are so don’t listen to people who claim that’s what makes these bogus. What they do is pull all the excess moisture from your body which reduces inflammation, while your body is pulling in the minerals in the pads through the pores in your feet which in turn has a lot of positive effects.<br /><br />In my experience these help TREMENDOUSLY with sleep. I fall asleep within 20 minutes of putting these on and sleep far deeper than I normally do, and I wake up extremely refreshed when I am normally groggy for a while. I also notice my back and sciatica pain is decreased during the periods I am using these.<br /><br />The one downside to these pads in particular is the smell. These have a strong BBQ smell (like a lot of other brands do), which I personally hate but it’s honestly worth dealing with for the quality of sleep I am getting. There are other brands I’ve tried that don’t smell and those didn’t work as well.<br /><br />Hot tip: these won’t stick as well if your feet are dirty at all so keep some unscented baby wipes next to the bed, clean your feet with them real quick, wipe them with a hand towel to make sure they’re dry and then apply the pads. In the morning you can grab another wipe and get all the residue off your feet before showering. Another huge plus to this brand is that they definitely stay stuck to my feet the entire night!<br /><br />Hope that’s helpful to whoever stuck with reading this! These really are amazing and I swear by them :)",P000046,Elizabeth Arden Green Tea,ACC-0022,ACC-0039,ACC-0022|ACC-0039|ACC-0008|ACC-0033|ACC-0032,311,real
56011,"All the videos on facebook are fake. Who would have thought?. I should have known better.  The first order I received was expired, so I did not even bother to take the cellophane off to try it and look at the product.<br /><br />Reached out to Amazon, and they were amazon (as always) and got a replacement out to me that I think actually came faster than the original order.<br /><br />I eagerly tried it.  I mean all those videos showed the same thing, they spread the green stuff on a persons face had to be real, right?????<br /><br />Wrong!!! They show someone with a face full of blackheads getting this product smeared all over their face then  when it is gently wiped it off and the cloth is turned over to reveal the results it shows hundreds of black heads that were miraculously wiped off.<br /><br />Well, there were no instructions in English so I winged it.  I spread it over my face expectantly knowing my face would look amazing as soon as I wiped it off again.  It smelled nice, I will say that.  I let it dry as it seemed to be a clay mask and then wet a cloth to remove it.<br /><br />Would you believe not a single black head appeared on my cloth?  Not ONE!<br /><br />But here is the best part, in a couple days, not only did I still have the few black heads that were still smugly laughing at me from their cozy nests in my pores, but all of their friends and relations showed up for a party on my face.  I have not had a break out like this in years.<br /><br />Just like the good old days, only there are no lockers that I have to worry about being shoved into by the popular kids.",P000046,Elizabeth Arden Green Tea,ACC-0022,ACC-0039,ACC-0022|ACC-0039|ACC-0008|ACC-0033|ACC-0032,307,real
11931,"Great Cleanser!!!. This is a wonderful facial cleanser!  I have very sensitive skin, and I'm always nervous the first time I try out a new product, but I've had no reaction or irritation of any kind after using this morning and night over the last week.  I also haven't had any type of breakout which happens often with other products I've tried in the past.  That alone makes me very happy!<br /><br />I also like the consistency of the cleanser because a little goes a long way and making it much more cost efficient.  There are also these little conditioning 'beads' that kind of break apart to add jojoba oil to the cleanser.  I found that the lather amount is about right and the scent is very light to almost non-existent (in my opinion anyway).<br /><br />Pros:<br />*Department store quality at a reasonable price<br />*Small amount goes a long way making it cost efficient<br />*Little to no scent<br />*Conditioning jojoba beads<br />*Rinses off easily<br />*Non-drying<br />*Non-irritating to my sensitive skin<br />*Amount of cleanser for the price (6.7 oz)<br />*Money back guarantee<br /><br />Cons:<br />*None noted<br /><br />Even though I did receive a discounted price in order to use this cleanser and give a review based upon my experience with it, I was in no way influenced by the seller on the actual review.  Because I mostly shop online these days, the reviews I read help me to decision on which products to buy, I am determined to give the best information in my reviews for others to make their purchasing choices.  I feel very comfortable in recommending this cleanser if you are looking for a high quality cleanser with added benefits of conditioning/exfoliating using the best natural and scientific technology to also treat your skin.",P000046,Elizabeth Arden Green Tea,ACC-0022,ACC-0039,ACC-0022|ACC-0039|ACC-0008|ACC-0033|ACC-0032,295,real
113151,"They Are Great!. I've tried a few different facial sheet masks, and these are probably my favorites. One of the top reasons is the price. As of right now, the assortment pack of 12 is $1.25 per mask, and the larger packages are under a dollar a mask. For that price, I honestly wasn't expecting a whole lot, but I was surprised to find that these masks are at least as good as the ones that selling for twice the price or more.<br /><br />Another reason that I really like these masks is the way that they fit. While I like the end result of facial sheet masks, they often feel like they are too big for my face. I often feel like I either have to not have the holes for my eyes and mouth matching up, or I have to have weird wrinkles in the mask for everything to line up. With these masks, all the holes line up really well.<br /><br />I also like how moisturizing these masks are. My face just feels really smooth and soft after using one of these masks. While most of the masks look pretty similar to your typical masks, the panda one is also fun to use. I've included some pictures of what it looks like. I think it would be fun to buy the large pack of these for a sleepover, a girls' night, or even as part of a bachelorette party. While all of them would be fun to use with friends, the panda one provides an especially fun photo opportunity. The hibiscus also smells really nice. I don't think I've ever had a facial sheet mask that was hibiscus-scented, so that's also a little unique.",P000046,Elizabeth Arden Green Tea,ACC-0022,ACC-0039,ACC-0022|ACC-0039|ACC-0008|ACC-0033|ACC-0032,287,real
289812,"Love this product. I have been using this product for about two weeks and it changed the way I use all my facial products. When I first applied it to my face, I realized it was more watery than what I have expected, didn’t bother me. There isn’t any scent to it, which I love very much.. I really liked that it gets absorbed into my skin right away! It seems to help me to retain the water in my face, because my face doesn’t get dried out throughout the day (before, my face would dry out) The reason why I say it changed the way I use all my facial product is because of the thinness of the liquid, I was able to spread the liquid all over my face including neck! (all those years I have been neglecting my neck!) I also have been struggling with the sunspots on my face because I see that a lot of older ladies have this, like my grandma (she had humongous sunspots, always wondered if I will have this when I grow older too) but soon after I hit 30 years old, it was faintly blooming everywhere on my face. I purposely took a picture of my bare face every day for two weeks to see if it diminishes my sunspots, and it did do the miracles for me! My face seem cleaner than before and the wrinkly line (from smiling too much) has been filled in like it was described on the bottle. It relieves me that I have finally found the product that will prevent and make my blemishes disappear, moisturize, diminish wrinkles on my face the vegan, safe, and natural way..",P000046,Elizabeth Arden Green Tea,ACC-0022,ACC-0039,ACC-0022|ACC-0039|ACC-0008|ACC-0033|ACC-0032,283,real
498455,"This is awesome.. I just recently started to use baebody products, and I love them. This hyaluronic acid serum is awesome. It has a really smooth silky texture and is made with natural and organic ingredients. The bottle came wrapped in bubble paper and so did the little dropper that came with it.<br />When I first opened the bottle I noticed the very pleasant smell that this hyaluronic acid serum has. I was really surprised by this because I really expected it have more of a bitter or medicine type smell. It has a very soft smell to it, kind of like roses. After washing my hands, I applied a drop of it to the back of my hand and a little bit of it to my wrist to make sure I was not going to have an allergic reaction to it. I waited 24 hours and until I tried it again. After washing my face, I applied about two drops of it, applied it in a circular motion and that was it. The serum is very smooth and goes on well its non-greasy and dries pretty fast. There was a bit of stickiness but that went away as soon as it dried.<br />After applying the serum and letting it dry, I followed up with my normal face moisturizer. I have been using this product for about a week now and I really like it. I have never used a hyaluronic acid serum before, but this is great I love it. I would recommend this product to anyone that is looking to try a hyaluronic acid serum. I also love these products because they are cruelty free and made with organic ingredients.",P000046,Elizabeth Arden Green Tea,ACC-0022,ACC-0039,ACC-0022|ACC-0039|ACC-0008|ACC-0033|ACC-0032,282,real
125669,"Surprisingly fantastic foot cream. I personally have callouses on both of my big toes and coarseness along the edges of my feet as I love to be bare foot and wear flip flops. I was a swimmer and lifeguard for half of my life or so. So I have spent countless amount of time being bare foot, in and our of pools, and loving feeling the ground on the soles of my feet. I live in a warm climate for most of the year so I wear flip flops for 75% of the year. And my feet reflect that. It’s easy to see how dry my feet are. I have tried a foot mask treatment from this company that did not help with my callouses BUT, this cream is incredible. It immediately softened my two callouses. This cream doesn’t have a scent and it has phenomenal ingredients.<br /><br />Upon first use my feet feel and look instantly and deeply moisturized. I must admit I rarely moisturize my feet. I have hard floors so, I usually don’t consider moisturizing my feet because I don’t want to slip. This is a heavy cream. You really don’t need much to coat both of your feet. For me, a dime size for each foot or quarter size for both feet works perfectly. I’m actually shocked how moisturizing this feels on my usually tough feet. You can really feel the coconut oil in this product. It feels like a really rich and intensely moisturizing cream. I would highly recommend this to any one who loves to be bare foot or spends lots of time bare foot or in flip flops. ☀️🩴",P000046,Elizabeth Arden Green Tea,ACC-0022,ACC-0039,ACC-0022|ACC-0039|ACC-0008|ACC-0033|ACC-0032,276,real
104282,"Hot Tot hair care. I am a cosmetologist and recently received the shampoo and conditioner. I was AMAZED at what this product did for my 5 year old daughters hair! Most salon products I have tried on my daughters hair would weigh it down and even the ""baby"" formulated salon products were hard to rinse out. I have to say it is by far the best shampoo and conditioner I have ever used on my 5 year old daughter! The smell is AMAZING! A little bit goes a long way, when I pumped some into my hand I thought"" there is no way that is going to be enough for her entire head"" but to my surprise it was Plenty! After rinsing her hair you could feel how clean it had made her hair and then the conditioner was equally as AMAZING! I again thought "" that is not going to be enough for her whole head"" an again to my surprise it was plenty. I am SO impressed by this hair product line! My daughter has very fine hair as well and some curl and this leaves her hair soft, and manageable and doesn't weigh it down. The way her hair smelled afterwards was awesome! I absolutely recommend this product to all parents with children ages 2-10 not only as a cosmetologist, but as a parent who wants to put quality products that are created specifically for children and their hair which is different than a teen or adults hair.I am not in any way being paid to write this review. These are my true and honest feelings about this wonderful hair care line.",P000046,Elizabeth Arden Green Tea,ACC-0022,ACC-0039,ACC-0022|ACC-0039|ACC-0008|ACC-0033|ACC-0032,275,real
276456,"Maybe as a summer moisturizer. I was given the RegenFX Anti Aging Eye Gel for Dark Circles, RegenFX Ultimate Hualuronic Acid Serum, and RegenFX Anti Aging Moisturizer Cream for free to try and review.<br />I have been using all three products as a system for a few weeks now and I can't say that I'm a fan.<br /><br />I have to admit that I'm a 45 year old woman who has little by way of wrinkles, but there are a couple of trouble spots that I was hoping this would help - some fine lines on my forehead and between my eyes at the bridge of my nose. There does not seem to be any difference in the appearance of those lines. The biggest disappointment, though, is the way this product feels on my face. It feels, after it dries, like having a thin layer of dried glue on my face. It is not a pleasant feeling for me.<br /><br />This is even when it's coupled with the Moisturizer Cream. This cream is nice and light and has a lovely, herbal-minty fragrance that is not overbearing. But, it does not seem to be a great moisturizer for me. I'm going to put it away and try it again in the summer when its light weight might be just enough for the humid Georgia weather.<br /><br />The Eye Gel has done nothing for the dark circles around my eyes - bear in mind that I think the bulk of my problem there is genetic. The gel is nice and soothing after a long day, however.",P000046,Elizabeth Arden Green Tea,ACC-0022,ACC-0039,ACC-0022|ACC-0039|ACC-0008|ACC-0033|ACC-0032,264,real
147790,"Cleans face, but dried mine out. I have always used products that you can buy at the local store. They were convenient to buy and I had a range of products that I could buy for an affordable price. The problem that I am starting to realize and find problematic are all the chemicals that they use in their products. I decided that I should start looking at an alternative to the chemicals and go more natural. I found this facial cleanser while browsing and decided that it had a lot of potential and thought that I should try it. The cleanser is in liquid form. I was not personally a fan of the scent I would have preferred no scent at all, but since it is natural I am assuming that is the reason. You really do not need much cleanser at all. It lathers well with a little water. It seems to cleanse your face well, which is what I am after. My face was a bit dry after I washed the cleanser of and dried my face. I had to use a lotion in order to help moisturize my face. To sum it up, I like the cleanser and it does a good job, but it seems to dry my face out, which is not a desired effect. Overall, I think I would still recommend the cleanser to others.<br /><br />I have received this natural cleanser at little to no cost so that I could test it and write a review based on my honest unbiased thoughts on the product.",P000046,Elizabeth Arden Green Tea,ACC-0022,ACC-0039,ACC-0022|ACC-0039|ACC-0008|ACC-0033|ACC-0032,263,real
172998,"Antioxidant, wrinkle smoothing, and skin plumping goodness. I love Hyaluronic acid. I have a lot of products with H.A. in it, so I was excited to try this product as well.<br /><br />First off, the design and colors are sleek and professional. The bottle is easy to read and packaged nicely. The dropper is super easy to use a teeny tiny drop (which is all you need). The serum itself is smooth, colorless, and lightly scented.<br /><br />Ingredients:<br />Jojoba - Jojoba is close to your own sebum so it is fabulous on your face. Jojoba isn't an oil so any skin can use it. It's a wax.<br />Vitamin C - skin tightens, wrinkles smooth, and sun and age spots diminish<br />Rose hip and green tea - antioxidant<br />Hyaluronic Acid - decreases fine lines and wrinkles<br /><br />I like the combination of these ingredients. My face is smooth and soft. It is easy to apply and a nice size bottle for the little amount that you use.<br /><br />I love to try new products and I'll write reviews for the products as I am always reading the reviews prior to purchasing. So, though I am lucky to receive products at a discount or for free, I will always give my honest opinion of a product in a review. I trust that the person writing the review is honest about the product as well, which makes the review worthwhile. I also follow Amazon’s rating stars (5-Love, 4-Like, 3-Ok, 2-Don’t like, 1-Hate).<br /><br />I hope this review has aided in your decision to purchase this item.",P000046,Elizabeth Arden Green Tea,ACC-0022,ACC-0039,ACC-0022|ACC-0039|ACC-0008|ACC-0033|ACC-0032,263,real
157577,"Great product for hair and skin. Read the ingredients, no mineral oil or petrolatum, EXCELLENT!!  Most if not all other oil moisturizers have that pore clogging, toxic stuff.<br /><br />Seems to be all natural oils in this one, so I bought it and fell in love.  Moisturizes and sinks into the strands for me.  I have fine, relaxed hair and it made it so soft.  I've used an entire bottle and have not experienced build-up or any other unwanted side-effects.  I like the way this stuff smells and performs.  I also have dry skin so I use it on my hands and feet and like it.  I got the idea because I have other products marketed for use on hair and body.  I CAN'T WAIT to get more of this.  At first, I was glad it was on sale and even at that, it is expensive in comparison to other oil moisturizers - but oh, so worth it.  I intend to always have this product in my arsenal for my skin and hair, even when it's not on sale.<br /><br />5/4/2011 update:  I still love it.  I am african american and now use it on my infant daughter's hair.  I do agree though, the sheen seems to wear off after a couple of hours in her natural bush, probably because it is thick and NOT RELAXED.  My solution, is that i add a touch of grapeseed or jojoba oil in with it on her hair and so far, so good.  Still no build up or dandruff for either of us.",P000046,Elizabeth Arden Green Tea,ACC-0022,ACC-0039,ACC-0022|ACC-0039|ACC-0008|ACC-0033|ACC-0032,260,real
363234,"I love this soap. Great for the grandkids sensitive skin. I really like this soap. It has a nice lathering(rich, think, soft. It doesn't have a smell to it which I really like cause I wear lotion or perfume every time I get out of the shower. It cleans your skin very well. My grandkids have sensitive skin so I like for them to use this soap it doesn't have a lot of the ingredients like the soap that I bought it from the store this one has all natural ingredients. And I think the perfumed soap is a lot of what irritates their skin. It is a nice size bar of soap,  as you will see in my pictures. You get 3 bars of soap which is really good deal for all natural ingredients soap.<br />I have included some photos hopefully you will see how well does soap is made and the size. I have also included pictures of information on the box of the soap. All you have to do is click on my picture and it should in enlarge so you can read it.<br />I hope that you have found this review helpful,  if so can you please click &#34;helpful&#34; button below.  Thank you so much. I  to read reviews before purchasing a product so in no way of receiving this at a discount or free in exchange for my honest and unbiased review had anything to do with my 5 star rating these are my own words and testing of this wonderful soap",P000046,Elizabeth Arden Green Tea,ACC-0022,ACC-0039,ACC-0022|ACC-0039|ACC-0008|ACC-0033|ACC-0032,257,real
363512,"The best bang for your buck!. I love trying new beauty products and creams so I was very excited to be offered this cream at a promotional price to review honestly.  I have used it for a few weeks now and it's honestly not my personal favorite cream.<br /><br />Things I don't like about it:<br />*  It's heavy feeling.  I feel it when I use it.  It's a thick cream and for this reason I only use it at night.  I can feel it on my face for a long time.  Maybe that's a positive for it moisturizing longer?<br />*  It's basically odorless, but there is a faint smell that is likely the retinol that I'm not fond of.  I like the retinol so I can definitely deal with this.<br /><br />Things I really like:<br />*  The volume.  Typically creams with these ingredients come in oversized bottles with 1 oz. or less.  This one has 2 oz!  I really like that.<br />*  The pump locks.  I love that the pump for the cream locks.  I have hear that you should always keep any product with retinol tightly sealed to keep it working properly and this product does that.<br />*  Overlooking the heaviness of the cream I can feel my skin tightening.  I like that in an anti-aging cream!  It feels like it's doing it's job.<br /><br />Overall:<br />I like the product and will finish using the entire bottle.  Will I order it again?  I am still undecided.",P000046,Elizabeth Arden Green Tea,ACC-0022,ACC-0039,ACC-0022|ACC-0039|ACC-0008|ACC-0033|ACC-0032,247,real
1073,"Great sheet masks that works wonders for your face. In this pack you get 3 masks for $18, so this is one on the more expensive face sheet masks that I have tried. I like that it is biodegradable since we really should do more for our environment so I find this to me a big plus. This mask has some very nice ingredients in it like Vitamin C that is from pineapple and others. It is free of parabens, phthalates, mineral oil, gluten, formaldehyde and vegan friendly.<br /><br />You use this mask like you use most. Clean your face and apply it to the cleaned face. Then leave it on for about 15 to 20 minutes and after you removed it gently massage In the remaining serum. This mask has a good amount of serum on it so you can easily leave it on for 20 minutes without having to worry that it will dry out, you could probably go longer yet. My face was a bit sticky afterwards but that feeling did go away after about  minutes or so. The serum in the mask had a pleasant smell that I did like a lot. My face felt nicely moisturized when I used this mask and looked great. All in all this is a great mask I just wish it was not as expensive to be honest since it is not on the cheap sice to be used weekly.",P000046,Elizabeth Arden Green Tea,ACC-0022,ACC-0039,ACC-0022|ACC-0039|ACC-0008|ACC-0033|ACC-0032,240,real
220747,"YESSSSS!!!! You really need to give a try!. I am in love!!! I have medium length (past the shoulders) hair that is coarse and thick.  It is also on the mend from years of chemical damage.  Recently, I started using henna to color my hair instead of chemical dye and I will never go back.  So, on my quest to continue to find chemical free products for my hair I tried a shampoo bar from the place I bought my henna.  I loved it but started to wonder if there was such a thing as a conditioner bar....lo and behold, I found this product.  I was astounded at how easily I was able to use the bar and comb through my hair afterwards.  I was seriously not expecting the product to live up to my hopes and expectations.  The real test was when I dried my hair and styled it. It was a breeze!!! And, it was shiny and healthy feeling. I thought it was going to feel &#34;coated&#34; or waxy, but it wasn't in the least.  I am hooked! I have a trip to take next year and I will be absolute certain to have this in my carry on bag.  I will be back for more.  In fact, I just ordered the Tree Naturals Rice Flower and Shea leave-in conditioner because so many people have commented on the wonderful smell and how much they love it.",P000046,Elizabeth Arden Green Tea,ACC-0022,ACC-0039,ACC-0022|ACC-0039|ACC-0008|ACC-0033|ACC-0032,238,real
541210,"Soothing and Moisturizing. I've been using this serum in combination with my regular skin care regimen for the last week and I've got to say with the results I'm seeing I'll continue to do so. I love that it is oil-free, since my combination skin tends to break out if my pores get clogged. The lavender scent is really nice and adds a touch of aromatherapy to my skincare routine. My skin feels nice and lifted and is more even in tone. The texture of this serum is nice as well, not runny nor greasy feeling. I was impressed with the quality of the ingredients. Hyaluronic Acid which is everywhere in the skincare world lately, strengthens your skin's barrier and improves moisture. DMAE which has been called the &quot;facelift in a jar&quot; tightens skin and enhances its tone. MSM is a building block for collagen and helps enhance the absorption of other active ingredients. This is especially helpful in a serum since the next step in a skin care regimen is a moisturizer. I like the fact that this serum prepares my skin for more enhanced moisturizing. I'd recommend this to any of my friends that are looking for a new serum to add to their skincare regimen.<br /><br />I received this serum at a promotional discount in exchange for an honest and unbiased review. I received no other compensation.",P000046,Elizabeth Arden Green Tea,ACC-0022,ACC-0039,ACC-0022|ACC-0039|ACC-0008|ACC-0033|ACC-0032,230,real
208690,"Nice everyday soap. I have to admit that I made a mistake.  When ordering this soap, for some reason I was thinking about tea tree, maybe because there is a picture of tree on the surface of this soap.  However, this is my error and it is in no way affects my rating and review.  The soaps arrived promptly and were packaged in 3 individual cardboard boxes that were held together.  The soaps are regular hand soap size.  It has a mild scent that is noticeable but not too strong to trigger a headache or a breathing difficulty in a scent sensitive individuals.  Personally I prefer highly scented soaps but realize that not everyone is like that.  The soap produces a nice lather and does not dry my hands, although I am used to applying a hand lotion every time after washing my hands.  The ingredients are all natural: green tea powder, glycerin, vegetable oil and water.  There are no artificial colors, perfumes or dangerous chemicals in them.  The color of the soaps is rather olive than grass green but I prefer it that way, as long as it is natural.  These soaps are made in China.  I received this soap set at a discounted price in exchange for my honest and unbiased review.",P000046,Elizabeth Arden Green Tea,ACC-0022,ACC-0039,ACC-0022|ACC-0039|ACC-0008|ACC-0033|ACC-0032,214,real
249072,"Must have!. I am so glad that I got this set. I have been wanting to get a hydrating facial mist, but the one I want to get costs just too much. This bottle is  60 ml, very portable, easy to carry in purse, and it comes with a lip balm that smells awesome and works great on lips. This is a must have if you travel a lot, especially on the flight where the air always dries out my skin and hair. This mist works so well, and gives me instant moisture boost on my face and hair. I can't travel with them in my purse. Since I have them in my purse all the time, my face is well hydrated and it doesn't mess up my make up. Awesome!<br /><br />If I have to suggest one thing, it will be the package. The product itself is very nice, but the bottle label is very simple and doesn't look appealing to me. If I was the manufacture, I will make a better label for the product, since it deserves a nice label to show how good it is.<br /><br />I got this set at a discount in exchange for my honest review. It is my MUST have in the purse everywhere I go.",P000046,Elizabeth Arden Green Tea,ACC-0022,ACC-0039,ACC-0022|ACC-0039|ACC-0008|ACC-0033|ACC-0032,214,real
356164,"Will definitely be keeping this in stock!. Great stuff! Honestly, I was quite skeptical about it's &#34;anti-aging&#34; benefits. I also have sensitive skin, so I was a tad hesitant to try this out. I waited for chance where I wouldn't be leaving the house for a while (just in case this stuff burned my skin off, or something), and applied it according to the directions. The smell is...different. I didn't make me want to gag, but it wasn't the most pleasant either. Upon application, during the first few minutes, I could feel a slight tingling/stinging feeling, but it quickly subsided. I left the mask on for 15 minutes, then washed it off with water. My face felt magnificent!  My face was smooth, and no kidding, I think the wrinkles between my eyebrows evened out a little! I am also happy to report that it did not burn my skin off, and I was able to go to work the following day with a clean, clear, smoothed out face. I used this product again at the end of the week, and had the same results. My husband, who is about as unobservant as one could possibly be, even commented that he thought my between-the-brow wrinkles had smoothed out a little! Now THAT is something!",P000046,Elizabeth Arden Green Tea,ACC-0022,ACC-0039,ACC-0022|ACC-0039|ACC-0008|ACC-0033|ACC-0032,213,real
80641,"Works Great!. I used the Via Cosmedics Anti-Aging Peptide MegaMud the day after I used the Perfect Image Pre-Peel Salicylic Deep Gel Exfoliating Cleanser - I say this because the cleanser shrank my pores considerably; the amount I usually get from a mud mask, so when I used this mud mask I wasn't expecting to get anymore results, but it managed to make my pores look even smaller. That is one of the benefits, and reasons I use mud masks, smaller pores! If you have those cavernous pores on your cheeks like me, then this will help.<br /><br />As for the MegaMud mask, it has a strong Metholatum smell to it. I mean, Mentholatum would stand up and say, &#34;Daaaaam!&#34;. However, I didn't smell it after I had it on my face. I guess that sense packed up and left or blocked it out.<br /><br />The mask is a thin, creamy consistency that spreads super easy with great coverage, so you don't need a lot to completely cover your face. It also makes it  easy to rinse off. Some mud masks it seems like you need a chisel to remove, but not this one. Not only did it improve the appearance of my pores, but it made my skin feel smooth and soft.",P000046,Elizabeth Arden Green Tea,ACC-0022,ACC-0039,ACC-0022|ACC-0039|ACC-0008|ACC-0033|ACC-0032,213,real
222248,"Skin feels amazing!. I have tried other key west products including their calming cleanser, eye cream, toner and hyaluronic acid serum and have loved every single one. I have combination skin that can be sensitive and prone to break outs if I use products that have too many fillers or artificial perfumes.<br /><br />I was excited to try this cleanser I like to using 2 different cleansers so this would be great to rotate with the gentle calming cleanser I already have. I love the list of  NATURAL & ORGANIC INGREDIENTS - This blend of naturally derived sulphate cleansers combined with Vitamin C, Oregon Grape, Green Tea, Blueberry, Seabuckthorn. I love the top of the cleanser with an easy twist top to open or close. This product has a great smell and lathers so nice on my skin. Another great thing is that it makes your skin feel absolutely amazing, clean and smooth and no dry feeling. It's the perfect balance for my skin, I have been using this cleanser for a week and a half and already feel improvement in my skin. I can't wait to see the results after 90 days!! I highly recommend this cleanser. I received this product at a reduced rate for my 100% honest unbiased review.",P000046,Elizabeth Arden Green Tea,ACC-0022,ACC-0039,ACC-0022|ACC-0039|ACC-0008|ACC-0033|ACC-0032,212,real
128499,"Wetter formula than other green tea mask sticks. Interestingly, the label on the box says KASTU brand, but the box itself says MELAO.<br /><br />Also, the plastic wrap seems partly glued to the box and opening it was a pain, even when I used an XACTO blade.<br /><br />Once you open it, it's just like other green tea mask sticks - a round plastic container with a screw cap, a transparent plastic protector, and a gluestick/deoderant/chapstick-like twist to shift up mechanism.<br /><br />Applying the mask to the face is a little tricky near the eyes, on the nose, and above the upper lip - I found that using a finger helps.<br /><br />The smell is not overwhelming and I rather like it. The wetness of this stick is greater than other sticks I've tried in the past, and the result is it feels like I'm using a lot more product in one application. I estimate this stick will maybe last 5 uses.<br /><br />There is a warming sensation as the mask dries on the face, and I do feel moisturized afterward.<br /><br />Taking a star off due to the higher price compared to similar products, and the fact that it's wetter meaning the stick gets used up quicker.",P000046,Elizabeth Arden Green Tea,ACC-0022,ACC-0039,ACC-0022|ACC-0039|ACC-0008|ACC-0033|ACC-0032,208,real
612252,"Everything I was looking for!. I have searched many face washes in every price bracket, and this is the first to satisfy my every need. I used to have very oily skin, now I'd say it's more combination. I needed a face wash that would deep clean at night, but not dry my skin out. Many of the face cleansers I've tried in the past- even many mild, basic ones- would still leave my face feeling tight after I washed- meaning it was drying out my skin, and I felt forced to use a moisturizer to keep it from getting too dry, chapped, or cracked. But the moisturizers always left me acne prone. UGH! A horrid cycle. This is the first face wash I've found that lathers up very nice, leaves my skin feeling fresh, and clean- not tight for a change!- and I don't use a moisturizer and the results are perfect. Smooth, fresh, and clean happy skin. I can't say enough good things about it! It smells nice, lathers nice, and does just as promised. I've used it for 10 days now, and will continue to re-order. I'm even buying one for my sister, because a beauty secret like this should be shared with your bestie!!",P000046,Elizabeth Arden Green Tea,ACC-0022,ACC-0039,ACC-0022|ACC-0039|ACC-0008|ACC-0033|ACC-0032,208,real
639664,"Gentle on my super sensitive skin!. Ok so the smell is a bit strong, like other people have said.  However, it didn't really bother me at all. I have very sensitive skin that breaks out if the wind blows, so I was nervous about trying it out at first.  It went on smoothly and felt cool on my skin.  I didn't experience any of the tingling that other people reported.  I applied it and waited 15 minutes for it to dry, then washed it off as directed. I didn't feel any tingling after I washed it off either.<br /><br />My skin felt SUPER soft after I washed it off.  I love it.  Two days later, still no break outs or irritation or any sign of my skin rebelling against it.  I'm really happy with this, and will definitely keep using it.<br /><br />One last thing... its an anti-aging mask, so supposedly it's not for young people right?  So the fact that the writing on the box and the jar is SO SMALL is a bit frustrating.  Older eyes can't read microscopic print!!  They would be better off printing the directions and other important info on a folded up paper inside.  I'm old, people!!  Help me out!!",P000046,Elizabeth Arden Green Tea,ACC-0022,ACC-0039,ACC-0022|ACC-0039|ACC-0008|ACC-0033|ACC-0032,206,real
202426,"Refreshing facial mist and wonderful lip balm!. This toner comes with a wonderful bonus lip balm. I wonder if they sell it by itself. It's my favorite and smells wonderful. The toner is nice too. It's a small bottle, which is great for traveling or taking to the gym. It smells like green tea but is not that strong and the scent goes away quickly, in case you don't like it. However, I thought the scent to be quite light. It feels and smells natural.<br /><br />It actually feels just like I am squirting water on my face but it does feel good and refreshing. It does not make my face oily or dry either. It seems to have the perfect balance for your face. It also dries quickly after spraying it. It is refreshing after a being out in the heat or after working out. It feels a little invigorating too! I have enjoyed using this. The Coconut Lip Balm feels so luxurious on my lips. It moisturizes superbly and has a wonderful smell. I absolutely love the lip balm. I received this product through a promotion for my honest and unbiased review. All thoughts reflected in this review are solely my own.",P000046,Elizabeth Arden Green Tea,ACC-0022,ACC-0039,ACC-0022|ACC-0039|ACC-0008|ACC-0033|ACC-0032,204,real
289026,"Just for fun.. This is my first &quot;sleeping pack&quot;. I bought this because I was looking for something to keep my face moisturized during sleep. What sold me was the cute packaging and the Etude House name. I've read a lot of good reviews on Etude House products, so I wanted to give this a try. The product itself looks gel-like and comes with tapioca pearls at the bottom that you scoop out with a small spoon that is provided. My fiance asked me if he could eat them...I do not advise that you do (haha). The smell is similar to green tea, but artificial. It's a clean, floral-like scent. After washing my face and doing my normal routine, I applied the sleeping pack to my face, squishing two tapioca pearls in my palm and mixing it together. Unfortunately, this doesn't do much for my combination skin. It leaves my face feeling tacky and somewhat dry in the morning. I didn't see any noticeable differences in my skin, but it also did not irritate my face or cause any blemishes. Product arrived before expected date and came with three samples. My samples being a bb concealer, a lip tint, and a 50+ spf sunscreen.",P000046,Elizabeth Arden Green Tea,ACC-0022,ACC-0039,ACC-0022|ACC-0039|ACC-0008|ACC-0033|ACC-0032,204,real
23859,"Softer smoother and more touchable. I have to say this is my first time trying a mud mask in over ten years. As a younger person the masks I used smelled light and fruity, but this is more astringent and earthy smelling. I'm not a huge fan of the smell, but for effectiveness? It is pretty awesome. I've only had two applications and so far my skin is much softer and smoother. My husband keeps stroking my face like he did when we were first dating, it's an unexpected, but welcome benefit. I can't wait to see how my skin will look by the time I've completed the container. It will take awhile, as a little goes a long way (see photo taken of jar, this is after two applications for my entire face and neck have been used and it still looks full). I think I may try it on the backs of my hands to see if it is just as effective. Four stars is only for the potent smell, which some people actually like, but I am not thrilled about. Please note I did recieve this item at a discount for my unbiased review.",P000046,Elizabeth Arden Green Tea,ACC-0022,ACC-0039,ACC-0022|ACC-0039|ACC-0008|ACC-0033|ACC-0032,197,real
277027,"A friend who does some work for me uses my sink to wash her hair, gave this a high rating.. I have someone who helps me clean and organize my house on weekends.  She was really impressed I loaned her these cause I knew she likes to use the salon style sink in my master bath to wash her hair out after she does a lot of the chores I need done.  She was impressed with the easy of comb out after using the shampoo and then following with the conditioner.  The scent was decent as well.  I have hair about a half inch long, so although I like the clean feeling after using the shampoo and conditioner.  I can't judge how well it works for a clean comb out after washing.  I've not had long hair since my college days several years ago. I give my self (or have my friend) a crewcut every few weeks since I don't go to a barber during the current pandemic. I like the scent as well, and it does a nice job on the scalp. I use it in conjunction with an anti-dandruff shampoo I've used for years.  Recommended.",P000046,Elizabeth Arden Green Tea,ACC-0022,ACC-0039,ACC-0022|ACC-0039|ACC-0008|ACC-0033|ACC-0032,197,real
5504,"Serum works but pump doesn’t. The product itself works okay around my eyes as the listing stated it would and helps my under eye area look noticeably better.  It blends easily into the skin, and I did not need to use very much.  I like that you can also use it on your entire face if needed.  I tried that also, and found that while it brightens my face a bit, I do still need to apply a moisturizer over it to get proper hydration for my dry skin.  This serum has a very subtle, barely noticeable scent which is pleasant.<br /><br />Sadly, the pump dispenser on the bottle I received does not work at all. It does turn to lock and unlock, but no matter what I did the pump did not work.  So in order for me to use it I have to unscrew the cap every time, pull the pump tube out, and wipe some product from the pump tube.  This serum is very thick and more like a gel, so it is way too thick to tilt the bottle and expect a drop to come out.  The defective dispenser pump was a disappointment.",P000046,Elizabeth Arden Green Tea,ACC-0022,ACC-0039,ACC-0022|ACC-0039|ACC-0008|ACC-0033|ACC-0032,197,real
26289,"I am cursed with oily skin and have tried several .... I am cursed with oily skin and have tried several mud masks in the past. I was pleasantly surprised with this mask! The product went on smooth and evenly - not chalky or sticky. The scent is minty, so it's pleasant to sit in for 20 minutes. I immediately felt the tingle of the essential oils. After rinsing with warm water for a few minutes, the mask came off clean. My skin felt extremely clean without being overly tight. I also did not have excess shine afterwards. (A little background -- I can use the most drying products on the market and within an hour, my skin is just as oily as before!) I can see where other reviews felt the need for a moisturizer on their normal to dry skin. I did not feel that need. One benefit, I use a primer on my skin to control oil under my makeup. I used much less of that primer because there was no excessive oil on my skin the next morning. If you struggle with oily skin, this is definite worth a try.",P000046,Elizabeth Arden Green Tea,ACC-0022,ACC-0039,ACC-0022|ACC-0039|ACC-0008|ACC-0033|ACC-0032,194,real
61509,"A Nice Pack - Would Make A Great Gift. First, these are your typical sheet masks. They have normal directions - wash your face, apply, wait 15 to 20 minutes, remove. Simple.<br /><br />These masks are however a little different in that they come packaged in a lovely little box, wrapped in tissue paper and would be the perfect gift to send someone. There are 12 masks, including two panda masks(!)<br /><br />I like that there are a couple of each mask which will make it possible for both my husband and I to do a mask together.<br /><br />We already did the panda mask and the scent was not overpowering. There is a lot of liquid for the skin to absorb in each packet and we did notice some dripping. This was solved by simply wiping the extra off with a washcloth. We did not rub in all the extra to our faces because it would not have been possible. The masks did not improve our faces to the point where we were amazed, but they were cooling while they were on and it was a fun Saturday, movie night thing to do.",P000046,Elizabeth Arden Green Tea,ACC-0022,ACC-0039,ACC-0022|ACC-0039|ACC-0008|ACC-0033|ACC-0032,194,real
397361,"Mizon's snail night cream and other products have worked much better at the end of my skincare routine than this. I personally do not think it hydrates very well. I have been using this every night for the past week and I haven't seen any results. My skin is still flaking in the morning when I wake up. Rosehip oil, olive oil,Mizon's snail night cream and other products have worked much better at the end of my skincare routine than this, in terms of retaining hydration. I'm giving it a three because you see the hydrating effects immediately but tit wares off after an hour. Not my favorite sleeping pack, but its packaging is adorable. There are better korean sleeping packs in the market. This one does have a very lovely scent, but crushing the moisturizing balls are too time consuming. This product has an interesting concept but it is not worth it. I probably will not buy this again. My sister broke out because of this, she used it for about a month. Now her face is full of red bumps. So if you have sensitive skin do not use this!",P000046,Elizabeth Arden Green Tea,ACC-0022,ACC-0039,ACC-0022|ACC-0039|ACC-0008|ACC-0033|ACC-0032,192,real
102488,"sleep pack (facial mask). [[VIDEOID:1ad95ebcf2120375132b729dd013161e]] [[ASIN:B01E54U1RI Etude house bubble tea sleeping pack (100g) (Green Tea)]]<br /><br />I love this mask, it  comes in such pretty packaging, it smells great , not strong or perfumed, It feels cooling on the skin. This one i bought because it is meant to hydrate the skin, I have dry skin. This mask is an over night mask that DOESN'T harden! beware of that !! it stays kinda gooey on your face , which made it a little difficult to sleep because I  didn't want it to end up on my pillow, I woke up with a pimple on my chin,but i think its only because my skin doesn't like things on it for a long period of time! i will use this again for sure i just wont leave it on over night! my skin the next day was soft and well hydrated!! its pricey but worth it, i think you pay for the cute packaging . if you have any questions please feel free to comment below and if this review was helpful ...tap that helpful button plz !! thank you<br />beautifulshellz.blogspot.com",P000046,Elizabeth Arden Green Tea,ACC-0022,ACC-0039,ACC-0022|ACC-0039|ACC-0008|ACC-0033|ACC-0032,189,real
20621,"My favorite Karuna mask!. I’ve used various Karuna masks, but this is defiantly my favorite.  The mask was super saturated out of the package, so I had to scrape some of the serum off to keep it from dripping.  I also had to fold the large mask over in a few spots where it covered my hairline on all 3 sides.  On my face the mask was cool and refreshing.  Conveniently, it didn’t slip at all, even while sitting up and looking at my cell phone.  I could smell the green tea, but it wasn’t overwhelming.  TIP:  I’ve learned that Karuna masks leave A LOT of serum on the face that doesn’t easily absorb into the skin once the mask is removed.  I left the mask on for 30 minutes, increasing absorption and letting it dry out a bit...I highly recommend this, followed by splashing cool water on your face to gently remove any excess serum.  This prevents sticky skin and left my face feeling smooth and soft almost immediately.  Within 2 hours my skin felt hydrated and looked brighter and super clean.  Very happy with this mask!",P000046,Elizabeth Arden Green Tea,ACC-0022,ACC-0039,ACC-0022|ACC-0039|ACC-0008|ACC-0033|ACC-0032,188,real
93563,"Night gel moisturizer is more like a cream, smells like soap. I ordered 4 skin care products by Nano Botanix and used all of them.  They're beautifully packaged and come factory sealed in plastic.  This night gel moisturizer contains hyluronic acid and dual peptides with chamomile, green tea and licorice extracts.  It's supposed to help repair and hydrate your skin overnight and stimulate collagen. There's a warning on the box that it may not be suitable for sensitive skin.  It comes comes with a pump dispenser.  It has a clean soap-like scent, a lot stronger than I like. Ideally, you would use Nano Botanix cleanser and toner before using the night gel.  The gel is more like a cream goes on smoothly and has a slightly drying effect and the smell lingers, which I don't like, especially when I'm going to bed.  I tried 4 Nano Botanix products and this is my least favorite.  I have normal-dry skin so this probably isn't something I'm going to use, but I think my daughter-in-law will like it.  It's 1.7 oz and at $20, it's reasonably priced.",P000046,Elizabeth Arden Green Tea,ACC-0022,ACC-0039,ACC-0022|ACC-0039|ACC-0008|ACC-0033|ACC-0032,184,real
576309,"Good Moisturizer. This moisturizer is a pretty good product. I have been using it nightly for almost 2 weeks in place of my usual moisturizer. I do not use this when I go out since I require moisturizers that have SPF. It is fairly light,slick, and is easily absorbed by the skin. The moisturizer has a slight scent, but nothing you can smell once applied to the face. I have not broken out from using this product nor did it make me oily. My face feels bit smoother when I wake up in the morning and it works just as well as my HG moisturizer, which is the Clinique Moisture Surge. Also, it helps to keep my face hydrated after a day outside in the cold. However, I have not noticed a difference in the appearance of my fine lines. I highly recommend. Warning: When I used it along with the RegenFX Ultimate Hyaluronic Complex Serum, I experienced a slight burning sensation on my face. When used separately, they work fine. Disclaimer: I received this product for free for my honest review.",P000046,Elizabeth Arden Green Tea,ACC-0022,ACC-0039,ACC-0022|ACC-0039|ACC-0008|ACC-0033|ACC-0032,182,real
933,"I am always searching for the newest and the best cleansers and treatments. Acne has been an issue for me since puberty. I am always searching for the newest and the best cleansers and treatments.<br /><br />I really love organic cleansers because they are very gentle on the face and don't load my pores down with nasty chemicals.<br /><br />This is a charcoal based wash and we all know charcoal is a purifier. This cleanser does not foam, however, you can feel it cleaning. It has a pleasant scent and is amazing at removing makeup. I have found a little bit will do it, you don't have to use a lot of cleanser to clean your face.<br /><br />I haven't seen any miracle results but I will tell you it does clean well.<br /><br />Overall a decent cleanser. Price wise a little steep but with Organics you're always going to pay more.<br /><br />I was selected to review this item at a discount. My reviews are based on personal use, quality and performance and are never manipulated or altered in any way.",P000046,Elizabeth Arden Green Tea,ACC-0022,ACC-0039,ACC-0022|ACC-0039|ACC-0008|ACC-0033|ACC-0032,182,real
480395,I really love this product. I really love this product.  The product jar reads that you can use this as a whole face mask or just a spot.  The first time I used this product I chose to use it on a spot and it worked very well.  I like the feel of the mask. The mask is not heavy which is an attribute that I like.  It is important to me that any mask I use either has a light pleasant scent or no scent at all.  This product meets that requirement.  When I read all the high end ingredients that are in this mask I was very impressed.  It seems to me that the ingredients that are used have a proven track record in anti aging.  I was given a discount for a fair review.  That being said I feel like I was extremely lucky to get this product and would purchase this product again.<br />I am looking forward to seeing continued improvement in the fine lines and wrinkles on my face.  Very very happy with this purchase.,P000046,Elizabeth Arden Green Tea,ACC-0022,ACC-0039,ACC-0022|ACC-0039|ACC-0008|ACC-0033|ACC-0032,180,real
122010,"Nice for the price. I remember seeing this cream at a higher price some months ago, maybe it’s at less that $7 now because it expires in 2 about months (received Oct 19, expires Dec 2020)? I don’t normally notice dramatic results with creams, so I can’t say what wonders this one does, and this would be my second day using it. In those 2 days however, I noticed it is really hydrating, no negative effects, and smells divine. I would use it a regular nighttime moisturizer. I’ll report if it has more positive effects on my skin.<br /><br />November edit:<br />I love it. Since I got it and wrote this review, I’ve used it maybe 4 or 5 times, not every say. It did irritate my skin at some point, but that was probably my own fault, as I had used an exfoliant recently (the night before). It smells divine, and I believe it has contributed to a better appearance of my skin. I wouldn’t use it too often or after harsh treatments, but that’s a given.",P000046,Elizabeth Arden Green Tea,ACC-0022,ACC-0039,ACC-0022|ACC-0039|ACC-0008|ACC-0033|ACC-0032,178,real
2708,"Gentle effectie cleanser, made in Korea. This jelly facial cleanser from Vitamasques is made in Korea.<br /><br />The tube has a foil safety seal under the white cap. The cleanser is brown with a jelly-like consistency. It does have a scent, a mix of green tea and tea tree oil. I do notice the scent when using the cleanser but the scent doesn’t linger.<br /><br />A small drop is enough to wash my face and neck. It doesn’t make a lot of lather but does feel silky going on the skin. I really like the consistency of it.<br /><br />And I really like how well the cleanser works! It cleaned two layers of sunscreen grime and sweat off my face. Some face washes don’t remove all the sunscreen residue, and I have to keep washing my face or use an exfoliating scrub. This cleanser? One wash and done. I was amazed by how well it worked.<br /><br />I’m in my 30s, white, with sensitive combination skin. The cleanser did not irritate my face at all.",P000046,Elizabeth Arden Green Tea,ACC-0022,ACC-0039,ACC-0022|ACC-0039|ACC-0008|ACC-0033|ACC-0032,175,real
602064,"ooooo aaaaaa. in all honesty, i've only been using this sleep pack for two days, but i've already noticed results. my pores already appear smaller and cleaner. i have a problem with acne and this seems to be helping quite a bit in a very short time. the scent is mild and vaguely of a sweet green tea, and while the pack does leave you shiny before bed, it's light and doesn't make you feel like you should avoid letting your face touch your pillow. a little product goes a really long way, even just using the amount of the gel that comes out with the pearl when you dig one out with the adorable little spoon is too much. thankfully, the spoon is easy to clean- most of the product will slide off with some gentle tapping against the container, then you can just get the little bit left on it with your finger.<br />if anything comes up, i'll edit my review, but so far i'm very impressed.",P000046,Elizabeth Arden Green Tea,ACC-0022,ACC-0039,ACC-0022|ACC-0039|ACC-0008|ACC-0033|ACC-0032,169,real
282484,"Love this cream! Light, lovely scent and feels amazing!. This Anti-aging beauty cream with hyaluronic acid and retinol is an impressive skin care product! This cream easily compares to the high dollar products that you buy at the beauty counter in expensive retail stores.<br />I have been using this for almost a week now, and every day I see an improvement. I put this on morning and night and follow with a moisturizer about 3 minutes later. My makeup goes on like a dream! I would highly recommend this serum to anyone who places high priority on their skin care regimen. I use many, many,many skin care items and am constantly looking for better and better products. My vanity cabinet is FULL of serums and creams, and lotions and oils. This item will be added to my regular regimen!<br />I received this item at a discount in exchange for an honest review. My words and opinions are my own and were in no way influenced by the seller.",P000046,Elizabeth Arden Green Tea,ACC-0022,ACC-0039,ACC-0022|ACC-0039|ACC-0008|ACC-0033|ACC-0032,168,real
392612,Perfect for boba lovers. Too cute!. I mainly bought it because the packaging is so freakin' cute but the product has a nice scent too and makes my skin nice and soft. I think the people complaining about the product being too sticky on their skin are using way to much. The instructions say to break up one &#34;boba&#34; into a spoonful of the matcha cream and apply it to your face but that's a ton of product. I used just enough for a thin layer on my face and saved the rest. It dried in a minute or two so I wasn't feeling sticky and smells nice. I didn't notice any big improvements to my skin but I didn't react badly and my skin does feel a little softer and more hydrated. Definitely recommend this even if it's just for the novelty cause the price is decent. Just remember not to apply too much at once or it'll never dry and you'll be all sticky!,P000046,Elizabeth Arden Green Tea,ACC-0022,ACC-0039,ACC-0022|ACC-0039|ACC-0008|ACC-0033|ACC-0032,166,real
27876,It dried very quickly and felt like it was working. I cleansed my face before applying the mask with the Body Merry Vitamin C cleanser.  I applied a thin layer to my skin as directed. There is a slightly minty smell to the mask which I didn't expect but it isn't unpleasant.  I kept the mask on my face for about 15-20 minutes. It dried very quickly and felt like it was working.  I cleaned my face with warm water massaging it in circular motion to remove the mask.<br /> I have not used the mud long enough drastic results but I can say my skin feels little firmer and smoother than it has in a while. I would advise to follow with a good moisturizer as this mask did make my skin a little dry and flaky.  I use the Body Merry Vitamin C moisturizer and love it.<br />I RECEIVED THIS PRODUCT AT A DISCOUNTED PRICE FOR MY HONEST UNBIASED REVIEW,P000046,Elizabeth Arden Green Tea,ACC-0022,ACC-0039,ACC-0022|ACC-0039|ACC-0008|ACC-0033|ACC-0032,162,real
2207,"🚫Contains synthetic perfumes and colors 🚫. The list of ingredients isn’t in English which is a big thing for me as I am sensitive to certain products. The ones that are in English, Solanum Melongena which is an eggplant extract, EDTA which is a chelating agent and not good for you at all, Camellia Sinensis Leaf which is a skin conditioner and perfume and CI 77492 which is a synthetic cosmetic colorant. There is a -20 which typically is a PEG which Polyethylene Glycol and can cause health issues if used in excess.<br /><br />The application of the product itself is a neat concept and makes applying a mask much easier. There are unnecessary perfumes and colors in this product along with EDTA and possibly PEG which I stay away from.<br /><br />Learn your skin and what it can handle also what you are looking for in a skin. This is not a natural product by any stretch of the imagination.",P000046,Elizabeth Arden Green Tea,ACC-0022,ACC-0039,ACC-0022|ACC-0039|ACC-0008|ACC-0033|ACC-0032,161,real
463235,"Im a guy and I unabashedly like and use this pack. Im a guy and I unabashedly like and use this pack.I was skeptical to begin with, considering I have super sensitive skin that easily breaks out with the wrong products but this pack was a joy to apply and feel on my face. Has a mild eucalyptus-y smell when on face and as it dries. Application was simple. Wash your face, apply the paste evenly as desired and let dry for 10-15 minutes. After wash, felt my skin smoother, tighter and fresher looking. There was no smell after I washed the mud away. Would recommend this for men and women alike but like any skin product, your mileage may vary. Worth trying once to see if its a match. Also, might be helpful to note, the tub would probably allow me about 30-40 applications. I would still but this as a good investment on your skin and youthful looks.",P000046,Elizabeth Arden Green Tea,ACC-0022,ACC-0039,ACC-0022|ACC-0039|ACC-0008|ACC-0033|ACC-0032,160,real
68014,"Gentle on my skin. I purchased the Key West Vitamin C Facial Cleanser with Green Tea and have been using it for nearly a week.  I love this stuff!  I love that the bottle has the simplest of locking mechanisms if you need to transport your cleanser (it’s not one of those pump down and turn, it’s just a simple turn).  It has a very mild green tea smell which is refreshing.  The soap is a little thicker than most I’ve tried, but with a little water it washes my face very well.  It even will take off eyeliner and mascara to the point that I don’t need makeup remover.  It doesn’t leave my face feeling dry at all, I feel hydrated even after washing and before moisturizing.  I’ve experienced no breakouts and my skin feels and looks great.<br />*Disclaimer: I received this product at a discount exchange for my honest unbiased opinion that is solely my own.",P000046,Elizabeth Arden Green Tea,ACC-0022,ACC-0039,ACC-0022|ACC-0039|ACC-0008|ACC-0033|ACC-0032,158,real
368291,"A little over $1 a pack. At a little over $1 a pack, this is an excellent price for what you get. Just shy of $15 for 12 excellent masks is a steal. Most face masks that dry out your skin fall around the same price, but these actually restore and calm without drying. The masks fit nicely, not too small and not too large. They are unscented which is glorious because I can't stand a mask that smells like perfume while trying to relax. The aloe is really calming and you feel well hydrated overnight. There are multiple styles with two of each and they each have different effects. They don't leave behind a greasy residue at all either. The packaging is also nice, so you can gift these to someone as is or open them and have a spa day at home. I would 100% buy these if you need a new face mask routine.",P000046,Elizabeth Arden Green Tea,ACC-0022,ACC-0039,ACC-0022|ACC-0039|ACC-0008|ACC-0033|ACC-0032,157,real
521405,"I'm in love!. This mask is Amazing!! First of all it's loaded with peptides and is so moisturizing! This mask has a very nice light scent. There are no added perfumes, the scent comes from the natural extracts and oils. My face was so smooth when I removed this mask. I left the mask on for 15 minutes, which I did not mean to do, time go away from me. I meant to leave it on for only 5 minutes for my first time. My face is very sensitive and sometimes masks are too strong for me, but even with it on for 15 minutes this was very soothing and it left my face baby soft! I've used mud masks before and they have a tendency to sting and burn my face, this mask did not do that. I would recommend this mask to anyone that wants to use a mud mask but has sensitive skin.",P000046,Elizabeth Arden Green Tea,ACC-0022,ACC-0039,ACC-0022|ACC-0039|ACC-0008|ACC-0033|ACC-0032,156,real
503311,"High hopes. Good first impression. This is my first try with a cellulite product so I'm no expert. But I am realistic. After using for ten days, I do not expect to have smooth dimple free thighs-these things take time (and exercise). But I will say my skin in the applied area is feeling softer. I like that it includes a massage tool as I believe that is the key component to breaking up the fatty cellulite pockets. I like the smell, it's unique and took a few applications to grow on me. The cream goes on smooth. If you massage with the tool and allow to dry, it wouldn't be tacky at all. I'll keep using this cream because I think given time I will see results. I can feel a slight heating sensation after application. (Means it's working right?)<br />I received this product for free in exchange for my honest and unbiased review.",P000046,Elizabeth Arden Green Tea,ACC-0022,ACC-0039,ACC-0022|ACC-0039|ACC-0008|ACC-0033|ACC-0032,155,real
301072,"The packaging is cute, the smell is not. I really wanted to like this. The name, packaging and labeling is cute. “The 91%” organic label on the front was odd, yet reassuring that they are a transparent and honest brand (I mean, where else have you seen such a random percentage?) Yet, when I smelled it, I did not like it. At all. I can’t describe it really; it’s a faint, cheap perfumey sunflower smell. I didn’t like it for our toddler and couldn’t even tolerate it for me. I wouldn’t say I’m really that picky of a person, but I just didn’t jive with the smell. I even offered it to my husband because he likes organic lotions for the back of his arms where he has some KP but even he didn’t like it! I guess in a pinch we could use it, but it will not be preferred over other scents.",P000046,Elizabeth Arden Green Tea,ACC-0022,ACC-0039,ACC-0022|ACC-0039|ACC-0008|ACC-0033|ACC-0032,154,real
357177,"Lovely hard-milled scented soap, but not green in color. Roger & Gallet is a premier soap and toiletry company which can be counted on to provide a quality product.  This lovely green tea-scented soap is no exception.  The beautiful sturdy cardboard box comes with three individually-wrapped soaps. It would make an excellent hostess gift.<br /><br />Although the scent is subtle and lovely, I was a bit disappointed that the soap itself is yellow.  It's a pretty soft yellow, but I was rather hoping that it would be green to match my decor.  That said, I would purchase this soap again in a heartbeat.  Another reviewer mentioned that the green tea scent is particularly nice for both men and women and I would agree.  I will also try the lily of the valley as mentioned by another reviewer.  It was my mother's favorite flower.<br /><br />You cannot go wrong with these lovely soaps.<br /><br />Recommended.",P000046,Elizabeth Arden Green Tea,ACC-0022,ACC-0039,ACC-0022|ACC-0039|ACC-0008|ACC-0033|ACC-0032,154,real
133425,"Only wish there was more!. I absolutely love everything about this face wash, except the size of the bottle.  It smells so fresh, and feels wonderful on my skin. You can see the pieces of green tea in every drop you apply to your face. It goes on so smoothly with a jelly-like consistency. It does lather slightly with water. I didn’t want to wash it off, I just wanted to keep massaging it into my skin. With every step you take after washing it off, you can feel the air hitting your open pores. My face feels so smooth. Neither dry or overly hydrated, it feels just right. I don’t even want to apply any of my other skin products after washing it off because it feels perfect. I only wish it came in a bigger bottle because I will go through this one in no time!",P000046,Elizabeth Arden Green Tea,ACC-0022,ACC-0039,ACC-0022|ACC-0039|ACC-0008|ACC-0033|ACC-0032,148,real
254374,Whew... AMAZING!!‼️‼️‼️. This is one cologne you want in your collection....great scent and it lasts!!,P000231,Givenchy Gentleman,ACC-0046,ACC-0092,ACC-0046|ACC-0092|ACC-0087|ACC-0095|ACC-0004,15,real
663550,Nice scent but doesn’t last. Although I ordered the wrong sent. I was supposed to order Gocce di flori bloom. But still a nice scent. It doesn’t last very long. Kind of disappointed that I spent $90 on the wrong one,P000053,Gucci Bloom,ACC-0094,ACC-0086,ACC-0094|ACC-0086|ACC-0031|ACC-0005|ACC-0039,41,real
478038,Nice to have a fresh smell. I'm in love with this smell it is so nice and fresh,P000053,Gucci Bloom,ACC-0094,ACC-0086,ACC-0094|ACC-0086|ACC-0031|ACC-0005|ACC-0039,18,real
434796,Love Gucci Bloom!. BEAUTIFUL scent br Gucci & Awesome gift set at a great price!,P000053,Gucci Bloom,ACC-0094,ACC-0086,ACC-0094|ACC-0086|ACC-0031|ACC-0005|ACC-0039,15,real
361202,Everyone needs to try this. I'm in love with this scent,P000074,Gucci Flora Gorgeous Gardenia,ACC-0094,ACC-0031,ACC-0094|ACC-0031|ACC-0082|ACC-0036|ACC-0064|ACC-0048|ACC-0022|ACC-0032,11,real
115026,Won't purchase again. Color and smell was off...,P000074,Gucci Flora Gorgeous Gardenia,ACC-0094,ACC-0031,ACC-0094|ACC-0031|ACC-0082|ACC-0036|ACC-0064|ACC-0048|ACC-0022|ACC-0032,8,real
481970,Gucci for my son!. This smells great! My son loves it! 💙,P000131,Gucci Guilty Absolute,ACC-0095,ACC-0050,ACC-0095|ACC-0050|ACC-0008|ACC-0005|ACC-0028|ACC-0064|ACC-0075,12,real
626933,Love this!. Love this scent! It’s powdery but not too mature!,P000131,Gucci Guilty Absolute,ACC-0095,ACC-0050,ACC-0095|ACC-0050|ACC-0008|ACC-0005|ACC-0028|ACC-0064|ACC-0075,11,real
203670,"Obsessed!. I try this fragrance from Hermes in Ocean Club Resort in Bahamas, they used it as their room toiletries. I bought it from Hermes.com as soon as I came back home.<br />The perfume smell strong first, but in 5/10 minutes the fragrance unleashes, totally different and captivating. I had used the shower gel on the bath tub and I don't need perfume after, it is subtle but persistent.  Worth the price!",P000049,Hermès Un Jardin sur le Nil,ACC-0022,ACC-0008,ACC-0022|ACC-0008|ACC-0031|ACC-0033|ACC-0039|ACC-0036|ACC-0085|ACC-0066|ACC-0040|ACC-0082,72,real
422108,Reminds me of a shoe store. When I smell this it reminds me of a shoe store. This smells reminds me of Versace oud noir but not as good in my opinion. I think if you let the scent age it might not be as bad. But I found that each of the oud scents that you buy smell different based on the chemistry of your skin. This is my personal experience it may differ based on your body!,P000151,Hugo Boss Bottled Oud,ACC-0092,ACC-0062,ACC-0092|ACC-0062|ACC-0095|ACC-0036|ACC-0032|ACC-0021|ACC-0033|ACC-0039|ACC-0022,79,real
276936,"French Soap: It will Forever Change Your Definition of the Word ""Soap"". About twenty years ago, I made my first trip to France. Since we were there for a few weeks, I had to purchase some bar soap, and picked up, at random, some Provencal soap at our local supermarket (soap is soap, right? who cares what brand it is?).<br /><br />When I first used it, the shock I experienced was something that made me realize that the soap I had been using all my life wasn't really ""soap,"" at all, but was rather a chemical concoction. Of course, it works. It's just that when I tried my first bar of milled soap from the Provence in France I immediately could see all the differences: the silky smooth lather, the smell that was real, not chemical; the cleaning power; the feeling after drying off. An absolutely different experience.<br /><br />Since that time, my wife and I regularly bring back as much real Provencal soap as we can when we visit France. It's actually not that expensive in France, at least for the standard brands. But the difficulty is the weight: putting all this soap in your suitcase pushes against airline luggage weight limits, and it has become a standard challenge we deal with each trip. But that how much we like this REAL soap.<br /><br />Now, here's the thing. You can go to shops in the United States, and find soaps that say ""Made in France,"" and so you just believe it. Do a little digging, however, and you'll find that there are companies that market soap in the US with the words ""Made in France"" emboldened across the front are not actually selling something made in France: it's that they are getting one small component of their blend from France, and then manufacture it here very much like any other US soap is made. I feel this is fraudulent, yet it is such an arcance subject that no one cares to look into it. But anyone who has tried the real thing knows the difference.<br /><br />This soap here is actually made in France. It is very good soap, not as good as t",P000079,Jean Paul Gaultier La Belle,ACC-0087,ACC-0036,ACC-0087|ACC-0036|ACC-0082|ACC-0066|ACC-0007|ACC-0008|ACC-0004|ACC-0095|ACC-0032|ACC-0030,365,real
608614,"This product works!!. I bought this product even though I was a little hesitant because it did not have many reviews.  I am surprised, the product works very well!!  do not put it too close to the scalp because it burns a little. I thought it would have a stronger smell for having formaldehyde. Other then that, it smells good ! The only reason I am not giving it 5 stars is because it doesn't leave my hair totally straight between washes, but I blow dry and is easy to iron.  the conditioner leaves my hair very soft. The product lightens the color of your hair about 3 tone shades, which I like!!",P000079,Jean Paul Gaultier La Belle,ACC-0087,ACC-0036,ACC-0087|ACC-0036|ACC-0082|ACC-0066|ACC-0007|ACC-0008|ACC-0004|ACC-0095|ACC-0032|ACC-0030,113,real
326486,"Looks and smells nice . . . It's a gift, so hard to tell what it is really like :-). Hard to tell what it is really like, as it's a gift.<br />However, it looks and smells nice.  Maybe if I hear from the recipient, I will post more.",P000079,Jean Paul Gaultier La Belle,ACC-0087,ACC-0036,ACC-0087|ACC-0036|ACC-0082|ACC-0066|ACC-0007|ACC-0008|ACC-0004|ACC-0095|ACC-0032|ACC-0030,49,real
283256,Love the scent. My boyfriend got this for me as a gift and I absolutely love the fragrance.,P000079,Jean Paul Gaultier La Belle,ACC-0087,ACC-0036,ACC-0087|ACC-0036|ACC-0082|ACC-0066|ACC-0007|ACC-0008|ACC-0004|ACC-0095|ACC-0032|ACC-0030,18,real
374226,My new favorite perfume. Heads turn when I wear this. I love it!,P000079,Jean Paul Gaultier La Belle,ACC-0087,ACC-0036,ACC-0087|ACC-0036|ACC-0082|ACC-0066|ACC-0007|ACC-0008|ACC-0004|ACC-0095|ACC-0032|ACC-0030,13,real
455030,One Star. Death by perfume! Made me choke and my eyes water.,P000079,Jean Paul Gaultier La Belle,ACC-0087,ACC-0036,ACC-0087|ACC-0036|ACC-0082|ACC-0066|ACC-0007|ACC-0008|ACC-0004|ACC-0095|ACC-0032|ACC-0030,12,real
599211,"Smells great but package and handling is awful. After months on my cart I decided to buy ultra male. So excited when it got delivered, so disappoint to find out that a 3rd of the cologne was all over the box and insidbe the cologne can. The bottom which holds the cologne was soaked of cologne and left the red material on the bottle of the cologne. So heartbroken since I wanted this cologne for the longest and had it in my cart for months. The cologne smells wonderful but I would think twice buying it because of how it was handle.",P000104,Jean Paul Gaultier Ultra Male,ACC-0087,ACC-0036,ACC-0087|ACC-0036|ACC-0082|ACC-0008|ACC-0021|ACC-0092|ACC-0033|ACC-0049|ACC-0066|ACC-0039,102,real
59626,"Leaking on arrival.. Most people are saying there’s came leaking as well, my theory is they diluted the cologne. It seems a tiny bit different in smell? Obviously this is a great deal but 2 years ago I bought a expensive 3.4oz bottle from the store and was sealed and smelt great 🤷🏽‍♂️ This one seems a tiny bit off but still smells great",P000104,Jean Paul Gaultier Ultra Male,ACC-0087,ACC-0036,ACC-0087|ACC-0036|ACC-0082|ACC-0008|ACC-0021|ACC-0092|ACC-0033|ACC-0049|ACC-0066|ACC-0039,64,real
633883,If you buy this you'll end up with 2 wives. This really smelled so good.,P000104,Jean Paul Gaultier Ultra Male,ACC-0087,ACC-0036,ACC-0087|ACC-0036|ACC-0082|ACC-0008|ACC-0021|ACC-0092|ACC-0033|ACC-0049|ACC-0066|ACC-0039,15,real
138529,"Gentle scent, gentle soap. This is not a knock-your-socks-off smelling soap - the pine scent of gentle, not overpowering.  I love it!  The soap doesn't product huge mounds of suds, but it lathers up nicely, and smells great.  My skin feels nice after using it.  I've just ordered another bar in pine for my son, and a lavender scented one to try for myself.  These will definitely be on the list of to buy for holiday gifting.  Also nice to know that my purchases are supporting artisans, rather than a huge corporation.  Definitely recommend.",P000018,John Varvatos Artisan Pure,ACC-0022,ACC-0008,ACC-0022|ACC-0008|ACC-0033|ACC-0040|ACC-0095,94,real
98979,Love the way this soap smells. The soap has a very pine forest smell. I really like it,P000018,John Varvatos Artisan Pure,ACC-0022,ACC-0008,ACC-0022|ACC-0008|ACC-0033|ACC-0040|ACC-0095,18,real
431457,Unpleasant. Left a sticky residue on my skin. Unpleasant scent.,P000018,John Varvatos Artisan Pure,ACC-0022,ACC-0008,ACC-0022|ACC-0008|ACC-0033|ACC-0040|ACC-0095,10,real
437489,"Thought this was amazing, but now only like it..read UPDATE at bottom of review. I’d been using the Sol De Janeiro Bum Bum Body Scrub. I looooove that scrub. It smells AMAZING and the smell stays with you. You know how most body scrubs smell nice but as soon as you’re done using it, you can’t really smell it on you? Well, the Bum Bum Body Scrub isn’t like that! You can smell it on you after, heck, my whole apartment smells like coconut after using it! BUUUUT it’s $42 and it’s a sugar scrub so it goes FAST. I also hate the container it comes in. It’s cute, but it’s a pain to open in the shower, get your hand in there and get some scrub out, and it dissolves pretty quick as water hits it since it’s a sugar scrub. So, I wanted a sugar scrub that was more affordable, but still smelled great, that wasn’t such a pain to get out in the shower, and that possibly didn’t dissolve so quick when water hit it. THIS SCRUB CHECKS ALL THOSE BOXES!<br /><br />It’s way more affordable than the Bum Bum scrub. It comes in a jar, so you have to screw the top off, similar to the Bum Bum scrub. But, a lot easier. It smells amazing, like vanilla. It isn’t as strong smelling as the Bum Bum scrub, but I still feel like I can smell it on me after my shower. The BEST part....this is a “Sugar Balm Body Scrub.” The balm makes it kind of like a thicker, kind of paste. It is easier to pick up with your hands, spread on your body, and it doesn’t dissolve anywhere close to as quick as most sugar scrubs.<br /><br />Overall, I LOVE this scrub! I will definitely replace it when I run out, and definitely recommend it!<br /><br />UPDATE - The first few times I used this, I don’t know how I didn’t notice. But, when I was using it again, I saw a loose hair from my head on my arm, I went to pick it up and as I did, my nails kind of scraped against my skin. I felt gunk go under my nails. I looked and saw all this gunk under the 2 nails that scraped against my skin! I was like, “WHAT THE HECK?!” So, then I to",P000120,Juliette Has a Gun Vanilla Vibes,ACC-0087,ACC-0071,ACC-0087|ACC-0071|ACC-0066|ACC-0082|ACC-0004|ACC-0052|ACC-0059|ACC-0095|ACC-0092|ACC-0009,398,real
614980,"An average Body Butter.... It's not the best, but it's certainly not the worst body butter that I've ever tried. Currently trying to find the perfect #cleanbeauty BODY BUTTER and seriously having a tough time finding it...<br /><br />For this particular one, I applaud C'est Moi for cutting out those bad ingredients - particularly NO PARABENS, PHTHALATES,  FORMALDEHYDE, etc...For a vanilla scented BB, the scent is fairly suddle, but in all honesty as soon as I opened the tub I thought to myself ""why does this smell like baby?"" More of that so-called ""baby scent"" then actual vanilla...I noticed that when the product was put onto my skin it did need to be rubbed in quite a bit as it doesn't absorb quickly. I did notice that I did need to go over certain parts of my skin again with more of the product so if you're looking for a thick and hydrating Body Butter - this one is probably not it. Also, felt like the texture was a bit weird in comparison to other body butters that I've tried.<br /><br />Like I said before - it's not the best, but it's certainly not the worst Body Butter that I've ever tried. It's just okay. I personally won't be buying it again, but because it wasn't the right one for me does not mean it won't work for some else. So give it a try and see for yourself.",P000120,Juliette Has a Gun Vanilla Vibes,ACC-0087,ACC-0071,ACC-0087|ACC-0071|ACC-0066|ACC-0082|ACC-0004|ACC-0052|ACC-0059|ACC-0095|ACC-0092|ACC-0009,239,real
509040,"Greasy Residue and Scent is Odd. Let me start by saying that I love body scrubs that leave my skin softened rather than feeling like it's been scrubbed to death and stripped of all moisture. My favorite has been Kiehl's Creme de Corps Soy Milk & Honey Body Polish, and I haven't really found anything that I like as much as that. I wanted to try this because I like the brand C'est Moi, and also because this product comes in a handy jar, which makes it so easy to scoop out and apply to skin.<br /><br />Unfortunately, this product didn't live up to my expectations. It does have excellent exfoliators and feels like a good scrub for the skin all over my body, but the residue it leaves on my skin is icky. It's just too much - kind of feels like a coating of Crisco on my skin.<br /><br />Also, the scent is odd. It doesn't smell like vanilla. It smells like... well, it's hard to explain. It's just off, and I had an aversion to it.",P000120,Juliette Has a Gun Vanilla Vibes,ACC-0087,ACC-0071,ACC-0087|ACC-0071|ACC-0066|ACC-0082|ACC-0004|ACC-0052|ACC-0059|ACC-0095|ACC-0092|ACC-0009,179,real
44781,"Smelled like rancid oil. Oh boy. This didn't remotely pass the sniff test. There was no way I was going to want to smell like it. I know what you're thinking. How could they mess up vanilla? Well, when they use old soybean oil as one of the main ingredients, you end up with a scrub that smells more like rancid soybean oil with a hint of coconut oil more than anything else. I thought I was being persnickety. But when my daughter (who doesn't have the strongest sense of smell) picked it up saying she wanted to use it, she had the same reaction. I hated throwing it in the trash, but I didn't want to use it and smell like trash.",P000120,Juliette Has a Gun Vanilla Vibes,ACC-0087,ACC-0071,ACC-0087|ACC-0071|ACC-0066|ACC-0082|ACC-0004|ACC-0052|ACC-0059|ACC-0095|ACC-0092|ACC-0009,123,real
66651,"Not the best. First off, I love that this puts an emphasis on natural and non-controversial ingredients. I have started looking for that in all my products now.<br /><br />However, I think this misses the mark. It’s quite thick and definitely exfoliating, but it left a weird residue on my skin? I put it on at the beginning of my shower and just rinsed like I would any normal body wash - but my skin almost feels waxy now. Overall I would not order this again because of that residue feeling. Also, there is not a strong smell, which may be appealing to some but not to others.",P000120,Juliette Has a Gun Vanilla Vibes,ACC-0087,ACC-0071,ACC-0087|ACC-0071|ACC-0066|ACC-0082|ACC-0004|ACC-0052|ACC-0059|ACC-0095|ACC-0092|ACC-0009,108,real
1054,"Works well if used correctly (sparingly). This sugar body scrub is amazing. It has an amazing fragrance which is what you will notice first when you open the jar. The scrub is a gentle exfoliator and works very well. It moisturizes as you go along and makes your skin feel soft and smooth. It does have oil in it so that is what makes your skin feel moisturized and you may feel greasy, my recommendation, don't use a ton of it when you use it and start with just a little bit which goes a long way.",P000120,Juliette Has a Gun Vanilla Vibes,ACC-0087,ACC-0071,ACC-0087|ACC-0071|ACC-0066|ACC-0082|ACC-0004|ACC-0052|ACC-0059|ACC-0095|ACC-0092|ACC-0009,97,real
350711,Tacky/sticky. I so badly wanted to love this. The smell is amazing. However the consistency is awful. There is little to no sugar to give it the exfoliating effect and when it comes in contact with water it turns white and more solid like. It leaves your skin feeling oily yet sticky at the same time. I even tried washing with soap after using it and it would not come off. It also left my shower super slippery and that isn’t washing out easily either. :/,P000120,Juliette Has a Gun Vanilla Vibes,ACC-0087,ACC-0071,ACC-0087|ACC-0071|ACC-0066|ACC-0082|ACC-0004|ACC-0052|ACC-0059|ACC-0095|ACC-0092|ACC-0009,86,real
44730,"Very nice cream. Very light nice scent...a little sweet smell but not the usual vanilla scent...the cream is very nice texture and isn't super heavy like Nivea cream or eucerin...probably like a cerave cream heaviness...it gives the skin a nice glow and feel. I didn't give it five stars because I prefer sticky creams that you can still feel on your skin later in the day. If you hate that, you'll like this.  But if you like sticky heavier creams, you could find heavier creams elsewhere.",P000120,Juliette Has a Gun Vanilla Vibes,ACC-0087,ACC-0071,ACC-0087|ACC-0071|ACC-0066|ACC-0082|ACC-0004|ACC-0052|ACC-0059|ACC-0095|ACC-0092|ACC-0009,86,real
622038,Slimy residue. I’m not one to usually write reviews but was unfortunately really disappointed with this product. I’ve been struggling to find a “clean” scrub and thought I hit the jackpot with this but when I went to use it it didn’t smell super great. I was willing to overlook that but after I used it and rinsed it it left this gross slimy residue that would not come off. It literally felt like I had slime all over my legs despite repeatedly rinsing.,P000120,Juliette Has a Gun Vanilla Vibes,ACC-0087,ACC-0071,ACC-0087|ACC-0071|ACC-0066|ACC-0082|ACC-0004|ACC-0052|ACC-0059|ACC-0095|ACC-0092|ACC-0009,84,real
68271,"Vanilla Sugar Scrub. Scrubbing away dead cell skin with this sugar balm scrub felt good! It is formulated with organic sugar, shea butter, coconut and avocado oils to gentle slough away body built up. It’s a wet sugary consistency that is easy to scrub all over. The rinsing does take a little bit of time to fully get all the residue off. Unlike dry scrub, it does not make a mess in the shower. It smells good and leaves my skin looking glowy!",P000120,Juliette Has a Gun Vanilla Vibes,ACC-0087,ACC-0071,ACC-0087|ACC-0071|ACC-0066|ACC-0082|ACC-0004|ACC-0052|ACC-0059|ACC-0095|ACC-0092|ACC-0009,83,real
281229,"Good Ingredients. I tried this product out because I liked all the ingredients. However, I'm not a fan of ""lightweight"" body lotions. So if you're looking for something thick or perfumey, this is not it. The scent is veryyy light, and the lotion itself dries almost instantly upon applying. So it doesn't leave a residue or sheerness on your skin after applying. I wouldn't really call it a ""body butter"" just because it's not that thick.",P000120,Juliette Has a Gun Vanilla Vibes,ACC-0087,ACC-0071,ACC-0087|ACC-0071|ACC-0066|ACC-0082|ACC-0004|ACC-0052|ACC-0059|ACC-0095|ACC-0092|ACC-0009,76,real
637219,"Amazing cream but could be more vanilla-y. I LOVE the texture of this body butter and it makes my skin feel incredible. It's thick but blends in easily, which is what I prefer. The smell is clean but I was hoping for more vanilla, but overall I'd definitely buy it again simply for how great it feels on my skin. I put it on every day after a shower and before getting into bed.",P000120,Juliette Has a Gun Vanilla Vibes,ACC-0087,ACC-0071,ACC-0087|ACC-0071|ACC-0066|ACC-0082|ACC-0004|ACC-0052|ACC-0059|ACC-0095|ACC-0092|ACC-0009,74,real
398576,"Balmy, not too ""scrubby"". I really enjoyed the scent of this product and the texture was lovely. It is more similar to a body butter than a scrub. I will alternate this with some other sugar scrubs that I have as I do enjoy the exfoliating nature of a scrub from time to time, but this is a nice alternative that softens the skin as well.",P000120,Juliette Has a Gun Vanilla Vibes,ACC-0087,ACC-0071,ACC-0087|ACC-0071|ACC-0066|ACC-0082|ACC-0004|ACC-0052|ACC-0059|ACC-0095|ACC-0092|ACC-0009,66,real
25510,"Weird texture. When you open the little (very pretty) canister this comes in, the smell is outstanding.  Nice sweet vanilla.  However, it's not really a scrub, but more of a... gooey cream?  It's very weird.  I've never had a scrub with this texture before.  It also doesn't rinse off cleanly.  It's not a scrub I would buy again.",P000120,Juliette Has a Gun Vanilla Vibes,ACC-0087,ACC-0071,ACC-0087|ACC-0071|ACC-0066|ACC-0082|ACC-0004|ACC-0052|ACC-0059|ACC-0095|ACC-0092|ACC-0009,58,real
622034,Smells like play dough/melted crayon.. I just opened yesterday to use for first time and instantly regretted. The scrub flavor is misleading as it smelt nothing like vanilla but rather play dough/melted crayon. I tried to return but I couldn’t because I’m outside the 30 day window. Now I’m stuck with a useless product and less $10.,P000120,Juliette Has a Gun Vanilla Vibes,ACC-0087,ACC-0071,ACC-0087|ACC-0071|ACC-0066|ACC-0082|ACC-0004|ACC-0052|ACC-0059|ACC-0095|ACC-0092|ACC-0009,57,real
16262,"Rip Off. The product is good and smells good. It’s more like a lotion than a butter though.<br />On the other hand, I paid $11.49 for it. When it just arrived, it had a tag of $3.99. I understand making a profit but ripping off people is just another level and not right!!",P000120,Juliette Has a Gun Vanilla Vibes,ACC-0087,ACC-0071,ACC-0087|ACC-0071|ACC-0066|ACC-0082|ACC-0004|ACC-0052|ACC-0059|ACC-0095|ACC-0092|ACC-0009,53,real
663474,"butter on your skin. I bought four jars of C'est Moi body cream.  It is delicious.  I was introduced to it when in Indonesia on an island.  now I buy it for my friends as gifts.  It is creamy but not greasy, smells wonderful.  It goes on easily and helps with dry skin.",P000120,Juliette Has a Gun Vanilla Vibes,ACC-0087,ACC-0071,ACC-0087|ACC-0071|ACC-0066|ACC-0082|ACC-0004|ACC-0052|ACC-0059|ACC-0095|ACC-0092|ACC-0009,53,real
343861,...the smell. I gave this product two stars because the smell was absolutely awful. It made me nauseous. I had to throw the product out after first use. It wasn’t an overpowering vanilla smell but an intense oil smell. Like rancid oil.,P000120,Juliette Has a Gun Vanilla Vibes,ACC-0087,ACC-0071,ACC-0087|ACC-0071|ACC-0066|ACC-0082|ACC-0004|ACC-0052|ACC-0059|ACC-0095|ACC-0092|ACC-0009,42,real
350800,"Smells sooo good. Smells like real vanilla. Super thick texture, a little bit goes along the way. Love love the clean ingredients, the way it hydrates my skin perfectly and the smell! Will buy again",P000120,Juliette Has a Gun Vanilla Vibes,ACC-0087,ACC-0071,ACC-0087|ACC-0071|ACC-0066|ACC-0082|ACC-0004|ACC-0052|ACC-0059|ACC-0095|ACC-0092|ACC-0009,35,real
49024,"Amazing. Love this body butter! Hope they put out a body lotion for summer without the shimmer! I’m hooked, smells great and even works with all my allergies and sensitivities!",P000120,Juliette Has a Gun Vanilla Vibes,ACC-0087,ACC-0071,ACC-0087|ACC-0071|ACC-0066|ACC-0082|ACC-0004|ACC-0052|ACC-0059|ACC-0095|ACC-0092|ACC-0009,30,real
276969,"Smells great, a bit sticky. Smells really good. It's a sticker style of exfoliating body product. Feels good in your hands. Works well on legs, arms, feet and knees.",P000120,Juliette Has a Gun Vanilla Vibes,ACC-0087,ACC-0071,ACC-0087|ACC-0071|ACC-0066|ACC-0082|ACC-0004|ACC-0052|ACC-0059|ACC-0095|ACC-0092|ACC-0009,29,real
321418,"Expired product. I regularly use this exact body butter and I love it, but this vendor is using an expired product that smells rotten.",P000120,Juliette Has a Gun Vanilla Vibes,ACC-0087,ACC-0071,ACC-0087|ACC-0071|ACC-0066|ACC-0082|ACC-0004|ACC-0052|ACC-0059|ACC-0095|ACC-0092|ACC-0009,24,real
163954,"Non greasy body butter. I love this soft , silky body butter. It is not greasy after you apply. It smells so good!",P000120,Juliette Has a Gun Vanilla Vibes,ACC-0087,ACC-0071,ACC-0087|ACC-0071|ACC-0066|ACC-0082|ACC-0004|ACC-0052|ACC-0059|ACC-0095|ACC-0092|ACC-0009,23,real
171990,Natural smell and made my skin so soft. Loved this scrub.  Perfect before self tanner and mades skin oh so soft and touchable.,P000120,Juliette Has a Gun Vanilla Vibes,ACC-0087,ACC-0071,ACC-0087|ACC-0071|ACC-0066|ACC-0082|ACC-0004|ACC-0052|ACC-0059|ACC-0095|ACC-0092|ACC-0009,23,real
232023,"Good scent but large grit. Love the smell of this, but it isn’t a super fine grit. Also not a very big container.",P000120,Juliette Has a Gun Vanilla Vibes,ACC-0087,ACC-0071,ACC-0087|ACC-0071|ACC-0066|ACC-0082|ACC-0004|ACC-0052|ACC-0059|ACC-0095|ACC-0092|ACC-0009,23,real
117130,Vanilla every day.. I’m a vanilla scent. So this cream is perfect for me.  Smells great,P000120,Juliette Has a Gun Vanilla Vibes,ACC-0087,ACC-0071,ACC-0087|ACC-0071|ACC-0066|ACC-0082|ACC-0004|ACC-0052|ACC-0059|ACC-0095|ACC-0092|ACC-0009,16,real
26712,Yum. This smells so good and leaves my skin feeling silky and soft. Highly recommended!,P000120,Juliette Has a Gun Vanilla Vibes,ACC-0087,ACC-0071,ACC-0087|ACC-0071|ACC-0066|ACC-0082|ACC-0004|ACC-0052|ACC-0059|ACC-0095|ACC-0092|ACC-0009,15,real
23533,Smells good. It has a good scent and texture. Definitely my new favorite scrub,P000120,Juliette Has a Gun Vanilla Vibes,ACC-0087,ACC-0071,ACC-0087|ACC-0071|ACC-0066|ACC-0082|ACC-0004|ACC-0052|ACC-0059|ACC-0095|ACC-0092|ACC-0009,14,real
325698,"good product. A good body cream, scent is mild, soaks in well.",P000120,Juliette Has a Gun Vanilla Vibes,ACC-0087,ACC-0071,ACC-0087|ACC-0071|ACC-0066|ACC-0082|ACC-0004|ACC-0052|ACC-0059|ACC-0095|ACC-0092|ACC-0009,12,real
453889,"Smells nice. Smooth and creamy, with a nice scent.  Not not greasy",P000120,Juliette Has a Gun Vanilla Vibes,ACC-0087,ACC-0071,ACC-0087|ACC-0071|ACC-0066|ACC-0082|ACC-0004|ACC-0052|ACC-0059|ACC-0095|ACC-0092|ACC-0009,12,real
129604,Good buy. Light and not greasy. Subtle vanilla scent. Great purchase.,P000120,Juliette Has a Gun Vanilla Vibes,ACC-0087,ACC-0071,ACC-0087|ACC-0071|ACC-0066|ACC-0082|ACC-0004|ACC-0052|ACC-0059|ACC-0095|ACC-0092|ACC-0009,11,real
427665,"Lives up to expectations.. Smells amazing, it’s hydrating and healthy!",P000120,Juliette Has a Gun Vanilla Vibes,ACC-0087,ACC-0071,ACC-0087|ACC-0071|ACC-0066|ACC-0082|ACC-0004|ACC-0052|ACC-0059|ACC-0095|ACC-0092|ACC-0009,10,real
430694,Smells great. Nice scent and moist on the skin,P000120,Juliette Has a Gun Vanilla Vibes,ACC-0087,ACC-0071,ACC-0087|ACC-0071|ACC-0066|ACC-0082|ACC-0004|ACC-0052|ACC-0059|ACC-0095|ACC-0092|ACC-0009,9,real
408883,Very long lasting scent!. I can see why this fragrance wouldn't be for everybody but I love it. It is very intense when you first spray it on. It is very woody and the incense is great. This fragrance is so long lasting and the dry down is where it really shines.,P000330,Lattafa Raghba Wood,ACC-0062,ACC-0075,ACC-0062|ACC-0075|ACC-0082|ACC-0067,52,real
699742,"Burned Skin. Smell is amazing, but totally burned my skin. Never had this happen before with any conditioner ever lol. Not sure if I’d recommend.",P000057,Le Labo e Labo Rose 31,ACC-0095,ACC-0068,ACC-0095|ACC-0068|ACC-0033|ACC-0008|ACC-0059|ACC-0004|ACC-0028|ACC-0066|ACC-0062,25,real
444135,Strange powerful scent!. Item smelled really strongly of aftershave really off putting powerful smell! Returned as think it’s fake!! Beware!,P000057,Le Labo e Labo Rose 31,ACC-0095,ACC-0068,ACC-0095|ACC-0068|ACC-0033|ACC-0008|ACC-0059|ACC-0004|ACC-0028|ACC-0066|ACC-0062,20,real
401132,Le Labo charges $6 inc s&h. The scent is amazing,P000057,Le Labo e Labo Rose 31,ACC-0095,ACC-0068,ACC-0095|ACC-0068|ACC-0033|ACC-0008|ACC-0059|ACC-0004|ACC-0028|ACC-0066|ACC-0062,10,real
405864,"left black streaks. the smell is strong but natural, more masculine than uni sex, and product left charcoal stains on my skin.  I could not rinse them even with high pressure  shower. had to use soap after moisturizing scrub so smell is now half my soap half the scrub. areas that are not stained are super smooth.",P000280,Lorenzo Pazzaglia Black Sea,ACC-0052,ACC-0032,ACC-0052|ACC-0032|ACC-0004|ACC-0031,57,real
79947,"Madison Francis Kurkdjian Aqua. The scent is very light, and did not last long.  The cologne sample I received is something one would get for free from a department store.  This product did not come close to what I’m use to, so glad I tried the sample first…..",P000047,MFK Maison Francis Kurkdjian Aqua Celestia,ACC-0039,ACC-0022,ACC-0039|ACC-0022|ACC-0059|ACC-0008|ACC-0066|ACC-0033|ACC-0036|ACC-0031|ACC-0096|ACC-0082,48,real
195156,Overpower smell. Some people call things holy grail but to me this smell so strong  be careful when spraying a dot goes along way. One kind smell okay but it was so overpowering that didn’t leave for 2-3 days and it was annoying,P000116,Mancera Roses Vanille,ACC-0068,ACC-0087,ACC-0068|ACC-0087|ACC-0066|ACC-0059|ACC-0031|ACC-0095|ACC-0082|ACC-0022,43,real
128764,"Buyer Beware👀. I ordered the Mugler Alien Goddess Intense Parfum and I was ecstatic to finally receive it. The shipping box was in great condition. Well, my joy turned to dismay once I opened the package and immediately realized that the unique code for Mugler Circle members had been removed from the upper flap of the product packaging - RED FLAG #1!! In my disbelief, I removed the bottle from its box and immediately realized that this was a used bottle of fragrance - RED FLAG #2!! The bottle was not full and was covered in oily/greasy fingerprints. I’m absolutely appalled that this was sent to me!! I will not order from this seller again.",P000196,Mugler Alien,ACC-0004,ACC-0094,ACC-0004|ACC-0094|ACC-0095,115,real
260526,"Having a very particular wife, she is only using .... Having a very particular wife, she is only using the Alien cream and perfume.  She is always complimented and often asked what she is scent she is wearing",P000196,Mugler Alien,ACC-0004,ACC-0094,ACC-0004|ACC-0094|ACC-0095,38,real
676881,"Alien Goddess. This perfume is one of my favorites and it was delivered the next day, which beats the heck out of going to the mall! Fast and efficient service.",P000196,Mugler Alien,ACC-0004,ACC-0094,ACC-0004|ACC-0094|ACC-0095,30,real
169421,"It was okay but..... As always I love the smell. The lotion, perfume and body wash was/ is amazing but the body butter turned into this clay like clump.",P000196,Mugler Alien,ACC-0004,ACC-0094,ACC-0004|ACC-0094|ACC-0095,29,real
329287,Great fragrance!. Loved this item!! Smells great and shipped quickly!,P000196,Mugler Alien,ACC-0004,ACC-0094,ACC-0004|ACC-0094|ACC-0095,10,real
218690,Great. Beautiful perfume.. recieved quickly from the seller,P000196,Mugler Alien,ACC-0004,ACC-0094,ACC-0004|ACC-0094|ACC-0095,8,real
269102,"Real Deal at a much better price than the expensive department stores!. I was really afraid to order this on Amazon. I was afraid it would not be the real deal as one time I ordered some Angel perfume from ebay and clearly it was a knock off product. This is the same stuff you get in the expensive department stores only at a better price. Every time I wear it a stranger compliments me. If you wear the perfume, you need this shower gel also. It is a large bottle and a little goes a long way, so it lasts forever. Make sure to try the body creme not the lotion also.",P000093,Mugler Angel,ACC-0082,ACC-0064,ACC-0082|ACC-0064|ACC-0036|ACC-0092|ACC-0017|ACC-0087|ACC-0095|ACC-0041|ACC-0066|ACC-0019,113,real
155056,"If you can only pick one scent, grab this one!. One of my favorites. I love all Chanel products and own many, but I often choose this. I have added the body cream and lotion to my collection. Next will be the fragrance to spray on you hair. Try it and you too will fall in love with this heavenly scent!",P000093,Mugler Angel,ACC-0082,ACC-0064,ACC-0082|ACC-0064|ACC-0036|ACC-0092|ACC-0017|ACC-0087|ACC-0095|ACC-0041|ACC-0066|ACC-0019,61,real
564543,"She is very pleased with the scent and I like it too. Bought this particular cologne for my wife as a gift at her request.  She is very pleased with the scent and I like it too.  It's a soft fragrance and goes well with her chemistry.  Not overbearing, it's a light and feminine scent.  She and I both recommend it.",P000093,Mugler Angel,ACC-0082,ACC-0064,ACC-0082|ACC-0064|ACC-0036|ACC-0092|ACC-0017|ACC-0087|ACC-0095|ACC-0041|ACC-0066|ACC-0019,61,real
228105,Bought as a gift for a friend. She loves .... Bought as a gift for a friend. She loves scent. Her husband gave her the perfume a few years back. She savors that. She said she uses the gel because  the scents seems to last longer. She enjoys using it daily.,P000093,Mugler Angel,ACC-0082,ACC-0064,ACC-0082|ACC-0064|ACC-0036|ACC-0092|ACC-0017|ACC-0087|ACC-0095|ACC-0041|ACC-0066|ACC-0019,51,real
225717,Best smell!. I've been wearing Angel for almost 30 yrs. this is a wonderful gift also as I guess I didn't read it but it also came with a cute raindrop look purse spray... great buy!,P000093,Mugler Angel,ACC-0082,ACC-0064,ACC-0082|ACC-0064|ACC-0036|ACC-0092|ACC-0017|ACC-0087|ACC-0095|ACC-0041|ACC-0066|ACC-0019,36,real
181439,Long lasting scent. Love the smell of course I could buy olay cheaper at Meijer but it wouldn't be angel so its expensive but worth it if you want to treat yourself or your wife/girlfriend,P000093,Mugler Angel,ACC-0082,ACC-0064,ACC-0082|ACC-0064|ACC-0036|ACC-0092|ACC-0017|ACC-0087|ACC-0095|ACC-0041|ACC-0066|ACC-0019,35,real
640917,Love this scent. I love the scent of Angel.  That is why I buy it.  I always get asked about it whenever I have it on - especially Angel lotion combined with Innocent spray perfume.,P000093,Mugler Angel,ACC-0082,ACC-0064,ACC-0082|ACC-0064|ACC-0036|ACC-0092|ACC-0017|ACC-0087|ACC-0095|ACC-0041|ACC-0066|ACC-0019,35,real
4334,"love it and have been wearing this scent for years. love it and have been wearing this scent for years, but it's hard to get out of the bottle when you're in the shower.",P000093,Mugler Angel,ACC-0082,ACC-0064,ACC-0082|ACC-0064|ACC-0036|ACC-0092|ACC-0017|ACC-0087|ACC-0095|ACC-0041|ACC-0066|ACC-0019,34,real
114917,Wonderful!. Wonderful ! This body wash has a long lasting scent that is true to the Angel perfume. Layering with lotion after the shower makes the scent stay with you all day!,P000093,Mugler Angel,ACC-0082,ACC-0064,ACC-0082|ACC-0064|ACC-0036|ACC-0092|ACC-0017|ACC-0087|ACC-0095|ACC-0041|ACC-0066|ACC-0019,32,real
194793,She likes it. Wifey loves it...uses it all the time as she showers...she smells great...will purchase in the future...<br />There is nothing like a Happy Wifey...When she is...you get a Happy Lifey....,P000093,Mugler Angel,ACC-0082,ACC-0064,ACC-0082|ACC-0064|ACC-0036|ACC-0092|ACC-0017|ACC-0087|ACC-0095|ACC-0041|ACC-0066|ACC-0019,32,real
610338,"layers and layers. I love Angel. I use the bath gel, the body cream and of course the perfume. Many people, men and woman have stopped me to ask what I'm wearing.",P000093,Mugler Angel,ACC-0082,ACC-0064,ACC-0082|ACC-0064|ACC-0036|ACC-0092|ACC-0017|ACC-0087|ACC-0095|ACC-0041|ACC-0066|ACC-0019,32,real
77233,"Have purchased this before - very clean, spicy scent .... Have purchased this before - very clean, spicy scent that lasts for some time - takes very little to produce adequate lather.",P000093,Mugler Angel,ACC-0082,ACC-0064,ACC-0082|ACC-0064|ACC-0036|ACC-0092|ACC-0017|ACC-0087|ACC-0095|ACC-0041|ACC-0066|ACC-0019,32,real
207590,Love This Product. You don’t have to use a lot. The shower gel feels smooth on my skin and the scent is very powerful and refreshing and leaves me feeling clean.,P000093,Mugler Angel,ACC-0082,ACC-0064,ACC-0082|ACC-0064|ACC-0036|ACC-0092|ACC-0017|ACC-0087|ACC-0095|ACC-0041|ACC-0066|ACC-0019,31,real
590075,Awesome!. This product works well with the shower gel and helps to prolong the fresh scent. I get compliments everywhere I go when I wear this fragrance. It's awesome.,P000093,Mugler Angel,ACC-0082,ACC-0064,ACC-0082|ACC-0064|ACC-0036|ACC-0092|ACC-0017|ACC-0087|ACC-0095|ACC-0041|ACC-0066|ACC-0019,29,real
272574,The smell stay very long. I get so many compliments after shower the smell stays hours after it’s amazing it’s my second bottle and definitely buying more,P000093,Mugler Angel,ACC-0082,ACC-0064,ACC-0082|ACC-0064|ACC-0036|ACC-0092|ACC-0017|ACC-0087|ACC-0095|ACC-0041|ACC-0066|ACC-0019,27,real
21183,Very disappointed. The fragrance does not last long at all. Before I'm dressed and out of my house the fragrance is gone. I wasted my money.,P000093,Mugler Angel,ACC-0082,ACC-0064,ACC-0082|ACC-0064|ACC-0036|ACC-0092|ACC-0017|ACC-0087|ACC-0095|ACC-0041|ACC-0066|ACC-0019,26,real
496686,Wonderful angel perfume. I love this perfume and it is a lot easier to buy it from Amazon than Nordstrom because it gets here much faster!!,P000093,Mugler Angel,ACC-0082,ACC-0064,ACC-0082|ACC-0064|ACC-0036|ACC-0092|ACC-0017|ACC-0087|ACC-0095|ACC-0041|ACC-0066|ACC-0019,26,real
277414,A great gift!. My wife loves this perfume and this is a pleasant gift. She loves it so much and I enjoyed the packaging!,P000093,Mugler Angel,ACC-0082,ACC-0064,ACC-0082|ACC-0064|ACC-0036|ACC-0092|ACC-0017|ACC-0087|ACC-0095|ACC-0041|ACC-0066|ACC-0019,24,real
275954,"Smells beautiful always feel soft and clean. I love the product it makes me feel soft , clean and smells great",P000093,Mugler Angel,ACC-0082,ACC-0064,ACC-0082|ACC-0064|ACC-0036|ACC-0092|ACC-0017|ACC-0087|ACC-0095|ACC-0041|ACC-0066|ACC-0019,21,real
659110,Fragrance. I have been using this product for years! Love the new design of the bottle. Easier to use.,P000093,Mugler Angel,ACC-0082,ACC-0064,ACC-0082|ACC-0064|ACC-0036|ACC-0092|ACC-0017|ACC-0087|ACC-0095|ACC-0041|ACC-0066|ACC-0019,19,real
263313,Just what I needed in a shower gel!. I love the smell and it is not over powering!,P000093,Mugler Angel,ACC-0082,ACC-0064,ACC-0082|ACC-0064|ACC-0036|ACC-0092|ACC-0017|ACC-0087|ACC-0095|ACC-0041|ACC-0066|ACC-0019,18,real
450003,She has loved this fragrance for years. Gift for our Memaw.  She has loved this fragrance for years.,P000093,Mugler Angel,ACC-0082,ACC-0064,ACC-0082|ACC-0064|ACC-0036|ACC-0092|ACC-0017|ACC-0087|ACC-0095|ACC-0041|ACC-0066|ACC-0019,18,real
337911,"Excellent product !!. Great, authentic scent at excellent price ....people always compliment me on the scent",P000093,Mugler Angel,ACC-0082,ACC-0064,ACC-0082|ACC-0064|ACC-0036|ACC-0092|ACC-0017|ACC-0087|ACC-0095|ACC-0041|ACC-0066|ACC-0019,16,real
143096,Clean. The only scent I’ve used since 1996. It’s clean and light but lingers.,P000093,Mugler Angel,ACC-0082,ACC-0064,ACC-0082|ACC-0064|ACC-0036|ACC-0092|ACC-0017|ACC-0087|ACC-0095|ACC-0041|ACC-0066|ACC-0019,14,real
374607,Five Stars. this is the greatest shower gel ever! it sudsy and smells amazing!,P000093,Mugler Angel,ACC-0082,ACC-0064,ACC-0082|ACC-0064|ACC-0036|ACC-0092|ACC-0017|ACC-0087|ACC-0095|ACC-0041|ACC-0066|ACC-0019,14,real
402882,the delivery was super fast!. I loveee this fragrance! the delivery was super fast!,P000093,Mugler Angel,ACC-0082,ACC-0064,ACC-0082|ACC-0064|ACC-0036|ACC-0092|ACC-0017|ACC-0087|ACC-0095|ACC-0041|ACC-0066|ACC-0019,14,real
666035,Four Stars. I really like it! just like I imagine the scent. Thank you!!!,P000093,Mugler Angel,ACC-0082,ACC-0064,ACC-0082|ACC-0064|ACC-0036|ACC-0092|ACC-0017|ACC-0087|ACC-0095|ACC-0041|ACC-0066|ACC-0019,14,real
376653,No residue on skin.. Perfume gel not easy to find. Love this scent.,P000093,Mugler Angel,ACC-0082,ACC-0064,ACC-0082|ACC-0064|ACC-0036|ACC-0092|ACC-0017|ACC-0087|ACC-0095|ACC-0041|ACC-0066|ACC-0019,13,real
230598,perfume. love this!  Only need a little to go a long ways!,P000093,Mugler Angel,ACC-0082,ACC-0064,ACC-0082|ACC-0064|ACC-0036|ACC-0092|ACC-0017|ACC-0087|ACC-0095|ACC-0041|ACC-0066|ACC-0019,12,real
666034,Scent. I like the fragrance.  And use the Angel shower gel daily.,P000093,Mugler Angel,ACC-0082,ACC-0064,ACC-0082|ACC-0064|ACC-0036|ACC-0092|ACC-0017|ACC-0087|ACC-0095|ACC-0041|ACC-0066|ACC-0019,12,real
66790,Great perfume. I am very pleased with this perfume. It is great.,P000093,Mugler Angel,ACC-0082,ACC-0064,ACC-0082|ACC-0064|ACC-0036|ACC-0092|ACC-0017|ACC-0087|ACC-0095|ACC-0041|ACC-0066|ACC-0019,12,real
193238,Not a good smell. I dislike the smell. Smells spicy almost.,P000093,Mugler Angel,ACC-0082,ACC-0064,ACC-0082|ACC-0064|ACC-0036|ACC-0092|ACC-0017|ACC-0087|ACC-0095|ACC-0041|ACC-0066|ACC-0019,11,real
581839,Lightly scented. Great shower gel  and it goes a long way.,P000093,Mugler Angel,ACC-0082,ACC-0064,ACC-0082|ACC-0064|ACC-0036|ACC-0092|ACC-0017|ACC-0087|ACC-0095|ACC-0041|ACC-0066|ACC-0019,11,real
102616,Three Stars. It smells so nice but fragrance didn't last,P000093,Mugler Angel,ACC-0082,ACC-0064,ACC-0082|ACC-0064|ACC-0036|ACC-0092|ACC-0017|ACC-0087|ACC-0095|ACC-0041|ACC-0066|ACC-0019,10,real
327748,Show Gel. Love the smell. Stays with me all day.,P000093,Mugler Angel,ACC-0082,ACC-0064,ACC-0082|ACC-0064|ACC-0036|ACC-0092|ACC-0017|ACC-0087|ACC-0095|ACC-0041|ACC-0066|ACC-0019,10,real
230448,"Nice Presentation For A Gift; Quality Matches Price Point. Product: Bath Bombs Gift Set, Bath Bomb Gifts for Women with Rose & Lavender Scent, 5pc Handmade Bubble Bath Gift Box Includes Bath Bombs, Soap Bar & Bath Petals<br /><br />The box is nicely wrapped in good quality paper and the presentation is giftable. The box itself is just a white generic box. The wrappings for the soap and rose petals match the outer wrapping giving a coordinated look. The bath bombs spelling MOM with a heart for the O is nice, but does limit who you give this to as a gift.<br /><br />The fragrance when you open the box is very nice, I would guess coming from the bath bombs. I didn’t get any fragrance from the rose petals or from the hand soap.<br /><br />The bath bombs are medium/large in size. The pink and white color is definitely femenime. They are decent bath bombs, although not very frangrant once in the bath tub. They do fizz nicely and left my skin feeling soft and hydrated.<br /><br />The hand soap has a rough texture giving it a somewhat artisan look. I personally wasn’t overly fond of the texture, but that is a personal preference. While not really fragrant, the soap does lather well and cleans my hands without leaving them feeling dried out.<br /><br />I didn’t use the rose petals, because that’s just not my thing. I find the clean up of using them in the tub not worth it. I will use them as a satchel in drawers if they have a good fragrance. These didn’t, so I ended up just tossing them.<br /><br />This is a cute little gift set for the price point. It was actually better than I was expecting for the price point ($7.99 when I got it, currently $9.09). I can see these as a gift for a child to give their mom with some elements in the gift box that she would enjoy.",P000062,Narciso Rodriguez For Her,ACC-0059,ACC-0068,ACC-0059|ACC-0068|ACC-0066|ACC-0095|ACC-0064|ACC-0092|ACC-0036|ACC-0004|ACC-0031|ACC-0082,331,real
205,"Cute MOM gift but not as fragrant or impressive as I expected. [[VIDEOID:f77804a8088c40dfbef6fdcfacf8b15a]] There are three individually wrapped bath bombs in this set along with one bar of hand soap and a package of dried rose petals. In total there are five items. The bath bombs spell MOM with the heart substituting for the letter O.<br /><br />The outside packaging looks giftable but the inside is just an ordinary uninspiring throw-away box. The fragrance of the bombs and soap is hardly noticeable. It has a whisper of rose aroma and I detect no lavender at all. I did try the letter M bomb in a hand bath and it dissolved in 5 minutes in lukewarm water and a nice foam of suds lasted about 10 minutes. The results initially felt moisturizing because my hands felt a little oily after the hand bath; however, eventually I needed to moisturize my hands with lotion.<br /><br />With regard to the dried petals, one has to like something like that in their bath because it requires straining the water so that they don't go down the drain. For me, I would never use petals in a bath, so keep the recipient in mind when ordering this.<br /><br />The bar of soap is the only item that would be used by most people.<br /><br />One thing I love is that the color of the dissolved bomb did not adhere to my skin, my hand bath, or my towel. That is not always the case with bath bombs today.<br /><br />The current price of $9.74 ($12.99 minus 25%) comes to $1.95 per item which is reasonable.",P000062,Narciso Rodriguez For Her,ACC-0059,ACC-0068,ACC-0059|ACC-0068|ACC-0066|ACC-0095|ACC-0064|ACC-0092|ACC-0036|ACC-0004|ACC-0031|ACC-0082,270,real
758,"surprisingly very nice gift assortment, well packaged, definitely gift worthy. Smells SO Good!!!  I'll add in some pics as the product pictures shown here dont do this justice. The contents are in a sturdy flip top box makes it look like a gift (and was shipped in a regular box, maintaining integrity of the product box). Almost reminds me of a subscription box as the deign on the outside gives it a special look. It kinda threw me off because I nearly expected more of a generic look. I thought, ooh did someone send me something? lol. But no, I ordered this lol<br /> Once I opened the box, a colorful, glossy card stock card with the phrase, ""Happy Birthday to You"" on one side, and totally blank on the other. This sits on top of dense, well packed brown paper grass. Each product is carefully nestled underneath. The products look good and they smell good. Really good-- not cloying and cheap. Just pleasant. The entire unboxing experience was pleasant, and I would totally buy this for someone. You know how some gift compilations look cheap? This has a classy, artsy look that I would be proud to give to someone.<br /><br />This will probably be my go to gift item for anyone who enjoys these sorts of products. Set comes with lip balm, a bath bomb, a scrub, a cream, a bar of soap, and a soy candle. I'll use everything. Personally, I use bath bombs in my shower as I dont take baths, or I use as a foot soak.",P000062,Narciso Rodriguez For Her,ACC-0059,ACC-0068,ACC-0059|ACC-0068|ACC-0066|ACC-0095|ACC-0064|ACC-0092|ACC-0036|ACC-0004|ACC-0031|ACC-0082,262,real
437354,"Very Nice Pre-Wrapped Gift Set for Moms of All Ages. This is an absolutely wonderful gift set that is even nicely pre-wrapped with colorful paper and a beige ribbon and bow. The back of the box has a label explaining what's inside, but because of the type of adhesive and the type of glossy wrapping used, this label can be easily peeled off with no sticky adhesive remnant on the wrapping paper (see my before and after photos). Inside the wrapper, is a plain white sturdy cardboard box. Inside, there is a wrapped square bar of scented soap, a box of dried rose petals that look and smell pretty, and three rose and lavender scented bath bombs that spell out the word ""MOM."" The ""O"" in ""MOM"" is shaped like a pink heart. All these items are resting on a bed of white nesting paper. Both the wrapping paper for the soap and the cardboard of the box containing the rose petals have the same pattern as the outer wrapping paper. Among other ingredients, each bath bomb contains coconut oil, sea salt, and shea butter. For the dried rose petals, it says to place them in still, warm bath water. It also says to drain the bath as usual as the dried florals are biodegradable. This gift is not just for Mother's Day, it's for any mom, any day, who would enjoy a thoughtful gift and a relaxing bath with these lovely scented bath bombs.",P000062,Narciso Rodriguez For Her,ACC-0059,ACC-0068,ACC-0059|ACC-0068|ACC-0066|ACC-0095|ACC-0064|ACC-0092|ACC-0036|ACC-0004|ACC-0031|ACC-0082,245,real
54116,"This set smells amazing and is obviously home crafted. I am impressed, this brand puts out quality stuff.  This set smells amazing and is obviously home crafted. I should not that this is not giftable as is, the four pieces come in a plain white box, I mean yes you can gift it that way but I'd take them out an make a basket or put them in a gift bag personally.<br /><br />So I'm going to talk a little about each piece:<br /><br />The pillow is a super nice foam bath pillow.  The suction cups are super powered (I'd recommend sliding to an edge to remove!) It is solid, easy to clean, and comfortable.<br /><br />The bath scrub is probably my FAVORITE piece,  It feels like kinetic sand and smells absolutely amazing.  The smell lingers long after use and isn't super strong and overwhelming but subtle and clean smelling.<br /><br />The bubble bath creates lavish bubbles with just a little bit.  Again the smell is amazing and does linger on the skin.<br /><br />The bar soap is nice, it isn't drying and lathers well.  It smells good and doesn't wear away.<br /><br />Overall I am impressed with the entire set and I highly recommend it for any women who likes fruity, berry scents! I did receive this product at a discounted price in exchange for my honest unbiased review.",P000062,Narciso Rodriguez For Her,ACC-0059,ACC-0068,ACC-0059|ACC-0068|ACC-0066|ACC-0095|ACC-0064|ACC-0092|ACC-0036|ACC-0004|ACC-0031|ACC-0082,230,real
477016,"Love this scent!!!!. My co-worker introduced me to this scent, and it has quickly become a favorite, so obviously I had to get the whole set. It's a soft scent, clean and uplifting, yet comforting, exactly what I like.  Its not harsh at all or offensive, it's not too sweet or young, or sugary like so many scents are these days and the lower notes are soft and subtle enough to be in perfect balance with the uplifting top notes. Avon has been around for decades, and some of their scents are just alcohol smelling to me, but they hit this one correctly. If you are like me, when you find a scent you like, that works well with your chemistry, you tend to stick with what works. I have my signature scent favorites and always keep them on hand, but sometimes I just need to change it up, venture out of my comfort zone and explore new things, and I am so glad I did with Luck.  I have since purchased two bottles of the spray perfume and a lotion.  They layer perfectly, each with a different focal scent to keep it interesting, and it is the perfect combination, Great job on this one Avon.  I am a fan!",P000062,Narciso Rodriguez For Her,ACC-0059,ACC-0068,ACC-0059|ACC-0068|ACC-0066|ACC-0095|ACC-0064|ACC-0092|ACC-0036|ACC-0004|ACC-0031|ACC-0082,210,real
936,"This has two of my favorite things, blackberries and organic ingredients. [[VIDEOID:f7eef1e0d6ac999bf9c0518a71064d21]] This has two of my favorite things, blackberries and organic ingredients!<br /><br />I'm going to review each product in the set:<br /><br />Bubble bath: very thin like water. Produced little to no bubbles and what it did produce dissipated quickly. It does smell amazing.<br />3/5<br />Sugar scrub: Very moisturizing. Not to oily and not to dry. It has the right amount of oils. It left my skin silky smooth but my bathtub slippery.<br />4/5<br />Bath pillow: Very comfortable, had a bit of a strange smell at first I wiped it down with a cleansing wipe. The suction cups do come out but they are easy to reinsert.<br />4/5<br />Soap: Medium lathering it does clean well with no yucky residue.<br />4/5<br /><br />In all this is a decent set. I would like to see the bubble bath revamped. Then I could justify the price. As is I would not pay asking price as I could buy a better quality set for the same price.<br /><br />I was offered a discount to review this item. I paid 10$ out of pocket for this item. My reviews are based on quality and preformance and are never manipulated in any way.",P000062,Narciso Rodriguez For Her,ACC-0059,ACC-0068,ACC-0059|ACC-0068|ACC-0066|ACC-0095|ACC-0064|ACC-0092|ACC-0036|ACC-0004|ACC-0031|ACC-0082,209,real
134674,"Weak scent. Pro’s: Good packaging, pretty colours, good size.<br />Pro/Con: they take a LONG time to dissolve, they were still fizzing after I wanted to get out of the bath...like 20-30 minutes after I put them in, so now I add them as soon as I start the bath running. Pro or Con depending on how long you are prepared to soak before they completely dissolve.<br />Con’s: Scent appears to be almost the same across all 12 bombs.  Scent is very weak.  I could get a teeny tiny occasional whiff of ‘strawberry’ or ‘rose’ or ‘lavender’ but it could equally have been my imagination/wishful thinking, all basically have the same scent.  I was also mildly allergic to all of them...just some slight tingling, which didn’t spoil my bathing experience too much, and it won’t stop me using them up...but yeah.  They produce slight bubbles, but not much and any bubbles go away really quickly.  I ended up adding a squirt of bubble bath and sometimes a few drops of my own essential oils to increase the bubbles and scent.<br />I wouldn’t purchase them again.  They were disappointing.  But I guess you get what you pay for, and these were cheap.  Will try another brand next time.",P000062,Narciso Rodriguez For Her,ACC-0059,ACC-0068,ACC-0059|ACC-0068|ACC-0066|ACC-0095|ACC-0064|ACC-0092|ACC-0036|ACC-0004|ACC-0031|ACC-0082,206,real
304603,"Perfume is complicated!. When I buy perfume, I either conjure a story behind its scent or there is an attached emotion along with the concoction.  In this case, this particular perfume is very sad and nostalgic to me.  While it's fresh, clean and dream-like in nature, I have the original body mist of ""Pink"" from Victoria's Secret that I bought as a high school student many years ago.  And having had expensive perfume, there is something about this scent that is translucent and light- which is what I prefer over anything else.  One more thing to mention, the perfume is overall more potent than the mist and better when you are hot (not cold and clammy so that your hands and feet are perfectly warm and dry). An appetite is important along with being comfortable either resting or moving! Body chemistry explained, yes?<br />Thank you, Amazon.",P000062,Narciso Rodriguez For Her,ACC-0059,ACC-0068,ACC-0059|ACC-0068|ACC-0066|ACC-0095|ACC-0064|ACC-0092|ACC-0036|ACC-0004|ACC-0031|ACC-0082,146,real
13459,"A lovely gift set. This would make a lovely gift set for all those people you don't know 'that ' well. But since the 3 enclosed bath bombs spell MOM, then the box is limited... The gift box wrapping is lovely. Take off the mocha silk ribbon which matches well with the paper, and underneath is a plain cardboard box.<br />I love these combo boxes: inside: 3 bath bombs which are very lightly scented, a box of dried rose petals (yeah potpourri bags) and an adorable, square bar of soap. I put the soap in my shower near the shower head as the water drips release some of the scent over time as the soap melts.<br />Anyway, a very nice, gentle set. I wish the bombs didn't spell MOM as then this would be very giftable to something other than MOM.",P000062,Narciso Rodriguez For Her,ACC-0059,ACC-0068,ACC-0059|ACC-0068|ACC-0066|ACC-0095|ACC-0064|ACC-0092|ACC-0036|ACC-0004|ACC-0031|ACC-0082,141,real
554338,"This bath set is amazing!! It arrived quickly and offered so many .... This bath set is amazing!! It arrived quickly and offered so many things to make bath time relaxing for me.  With a baby and toddler, ANY &#34;me&#34; time needs to be covered in relaxation.  This set does the trick. The pillow has a deep shape, not like the cheap ones, and is very comfortable to use for long baths.  The scent of the soap, bubble bath, and scrub are divine. It's pleasant without being overwhelming.  My favorite is the bubbles (look at the photo)! :-) This would be a perfect gift for a friend, girl friend or wife who needs some TLC.<br /><br />I received this product for a discount in exchange for my honest and unbiased review.",P000062,Narciso Rodriguez For Her,ACC-0059,ACC-0068,ACC-0059|ACC-0068|ACC-0066|ACC-0095|ACC-0064|ACC-0092|ACC-0036|ACC-0004|ACC-0031|ACC-0082,131,real
125430,"nice gift set with various items. [[VIDEOID:d9b745d7c2810ac319e3bd7f10de25e6]] it's a cute boxed set with various items ranging from bath bombs, to a necklace, to a wine tumbler. if you don't have time or thought to get a special gift, then this a decent backup. Not sure if all the items are worth $49, but again, if you need it quick and don't want to put much thought into a personal gift, then this is for you. the rose gold necklace is pretty, and I like that the tumbler is blank with no branding or decorations on it. the bath bombs are mediocre and the candle and body scrub have a light vanilla scent to them. the gift box itself is nice and well packaged. definitely giftable.",P000062,Narciso Rodriguez For Her,ACC-0059,ACC-0068,ACC-0059|ACC-0068|ACC-0066|ACC-0095|ACC-0064|ACC-0092|ACC-0036|ACC-0004|ACC-0031|ACC-0082,125,real
130474,"Chic Birthday Gift. The package is adorable. It comes in a beautiful blue and white 'happy birthday' box. Inside, there is black and white filler paper and all the goodies are neatly placed and organized. All the little tricks inside are adorable and high-quality. Honestly, this is a perfect gift box for someone's birthday. It has some perfect self-care gifts. The candle and bath bomb smells amazing. I love how this box sticks to the black and white theme, it adds a chic look to the gift. You don't even need to wrap this, the box comes perfectly giftable. If you need a gift to order and send directly to someone, this is it. I would definitely recommend and think it's worth the price.",P000062,Narciso Rodriguez For Her,ACC-0059,ACC-0068,ACC-0059|ACC-0068|ACC-0066|ACC-0095|ACC-0064|ACC-0092|ACC-0036|ACC-0004|ACC-0031|ACC-0082,124,real
286481,"Definitely worthy your money ladies!!!. This SPA BOX is so worth buying. It has everything to make such a great SPA day right in your bathtub! Everything smells wonderful, the candle smells so delicious that it makes you really want to eat it 😬 my kids absolutely love the smell. The bath bomb is really delightful, the coconut lip balm is lovely and leaves my lips soft, the body butter leaves my skin sooo soft. Just give it a go and you won’t regret it!!! The bath salts are great for when you need relaxing after a long day at work or for us stay at home mommas that work all day without a break! Love this!",P000062,Narciso Rodriguez For Her,ACC-0059,ACC-0068,ACC-0059|ACC-0068|ACC-0066|ACC-0095|ACC-0064|ACC-0092|ACC-0036|ACC-0004|ACC-0031|ACC-0082,117,real
575842,"Silky Smooth. The Maywood Creek Essentials gift set is absolutely amazing. I have tried many Maywood Creek products and have never been disappointed. This set comes with a bath pillow, handmade soap, bubble bath and body scub in blackberry sage.  The headrest that is icluded is a nice and comfortable piece, not cheaply made as I had expected. The bubble bath give a wonderful foam while the body scrub leaves me feeling silky smooth. For me, the scent is a bit more of the sage notes than I would prefer it doesn't smell bad. I would definitely give this as a gift.<br /><br />I received this product in exchange for my honest and unbiased opinion.",P000062,Narciso Rodriguez For Her,ACC-0059,ACC-0068,ACC-0059|ACC-0068|ACC-0066|ACC-0095|ACC-0064|ACC-0092|ACC-0036|ACC-0004|ACC-0031|ACC-0082,115,real
461671,"Love the scent and special design.. The scent of lavender escapes the box before it is opened and the box itself has a nice appeal. I like the design and ribbon on the box. It is a throwaway box  and not a keepsake. The 5 piece is nice, especially for moms. It can be gifted to women in general, but most appealing to mothers because of the design of included bath bombs. The bombs and the hand soap has aromatic fragrance that I like in a relaxed bath. The dried rose pedals are a plus for those who like the added touch. Relative to the price, I give it a 5 star rating.",P000062,Narciso Rodriguez For Her,ACC-0059,ACC-0068,ACC-0059|ACC-0068|ACC-0066|ACC-0095|ACC-0064|ACC-0092|ACC-0036|ACC-0004|ACC-0031|ACC-0082,113,real
174880,"Lovely rose fragrance with the sweetness of raspberries added. I like this scent very much. It’s a true rose fragrance. Doesn’t smell like moldy old roses, but like fresh blooming roses. That’s a good thing. There is a sweetness added to the fragrance with the addition of the raspberries. While I like the fragrance very much, I am only giving it a 4 because so much of the perfume leaked out. The interior of the box was badly stained purple from the fragrance leaking out and I think the dye from the ribbon. I think 1/5-1/4 of the product was lost. Nevertheless I am really glad to have this fragrance to use.",P000062,Narciso Rodriguez For Her,ACC-0059,ACC-0068,ACC-0059|ACC-0068|ACC-0066|ACC-0095|ACC-0064|ACC-0092|ACC-0036|ACC-0004|ACC-0031|ACC-0082,112,real
370806,Beautiful packaging and delicious fragrance. I received this Bath Gift set as a gift. The bright beautiful color of the products and packaging were very appealing. The products smell delicious and I love that they don't have harsh chemicals. My two and four year old have stolen the bubble bath (and bath pillow) and think it's a special treat for them. The body scrub leaves my skin soft and smooth. The soap does not have that drying feeling that most soaps have. Overall I am really impressed with this gift set and will be buying it as a gift for others.,P000062,Narciso Rodriguez For Her,ACC-0059,ACC-0068,ACC-0059|ACC-0068|ACC-0066|ACC-0095|ACC-0064|ACC-0092|ACC-0036|ACC-0004|ACC-0031|ACC-0082,101,real
28678,Soo Luxurious!!. [[VIDEOID:b06f63dba609cea38b299ba88f1d0231]] These products are hand poured and made with organic ingredients. They smell fantastic and work very well! It was an awesome gift to recieve!! The plumeria bath salts have an amazing scent helped relax my sore muscles. The bath bomb fizzed for almost 2 whole mintes and left the water silky smooth. The candle has sothing scent and 50hr burn time. The almond coconut soap smells divine! The body butter leaves my skin soft and smooth all day. The lip balm keeps my lips soft and moisturized. These spa boxes are such a beautiful gift!,P000062,Narciso Rodriguez For Her,ACC-0059,ACC-0068,ACC-0059|ACC-0068|ACC-0066|ACC-0095|ACC-0064|ACC-0092|ACC-0036|ACC-0004|ACC-0031|ACC-0082,98,real
11236,Great body wash if you have dry skin. I really like this body wash.  I tend to have dry skin especially in the summer after long days in the pool. This body wash is creamy and it moisturizes my skin perfectly. It foams just the right amount and the scent is light and neutral. It says it has Dead Sea minerals and vitamins which I really like. There are also a few oils. It leaves my skin feeling soft and moisturized which is great because I don’t have to use lotion after the shower.,P000062,Narciso Rodriguez For Her,ACC-0059,ACC-0068,ACC-0059|ACC-0068|ACC-0066|ACC-0095|ACC-0064|ACC-0092|ACC-0036|ACC-0004|ACC-0031|ACC-0082,94,real
612771,Love It!. I love this bath set!!!  The pillow is wonderful. It makes taking a bath so much more relaxing.  My favorite is the bar of soap. I have used a lot of natural soaps but really like this one. It is very smooth going on and hydrates well but it also washes off nicely. We have very soft water and so you are often left with a film. Not with this soap. Last note- the scent is awesome. It smells very natural and light and not too sweet- which is my preference.,P000062,Narciso Rodriguez For Her,ACC-0059,ACC-0068,ACC-0059|ACC-0068|ACC-0066|ACC-0095|ACC-0064|ACC-0092|ACC-0036|ACC-0004|ACC-0031|ACC-0082,93,real
568910,"not quite what I expected. The smell is a little to baby powder-ish  smelling but if you don't use a lot it doesn't smell bad, it gives you a light, fresh scent. It's not that grandma perfume smell which I'm glad! I was pretty pleased with it. The spray bottle was a little smaller than I expected but it's alright since I won't be using a lot of it it'll last a while. The bottle does leak though when you spray it but I can get over that",P000062,Narciso Rodriguez For Her,ACC-0059,ACC-0068,ACC-0059|ACC-0068|ACC-0066|ACC-0095|ACC-0064|ACC-0092|ACC-0036|ACC-0004|ACC-0031|ACC-0082,88,real
253191,"It's a childs perfume. The smell is a very light vanilla.  It's so light, that no one noticed I had perfume on.  They would have had to put their nose right up to my neck to smell it.<br /><br /> It did not attract any added attention my way.  Worse yet, I have had a headache every day that I wore it.<br /><br />I do not recomend this perfume for either the Pheremone purpose or just as an every day perfume.  It's more of a child's perfume.",P000062,Narciso Rodriguez For Her,ACC-0059,ACC-0068,ACC-0059|ACC-0068|ACC-0066|ACC-0095|ACC-0064|ACC-0092|ACC-0036|ACC-0004|ACC-0031|ACC-0082,87,real
122703,Doesn't smell like the description. Husband thought he would try to get me a new perfume as one of my 40th bday gifts.<br /> It is what I feel like an older lady would like. Not anything like what I'd wear. I don't get hints of raspberry tones like description said either. I am pretty upset that most amazon scents have refunds but this one doesn't. I would NOT recommend blind buying a perfume they won't let you return. Now I have an overpriced paper weight.,P000062,Narciso Rodriguez For Her,ACC-0059,ACC-0068,ACC-0059|ACC-0068|ACC-0066|ACC-0095|ACC-0064|ACC-0092|ACC-0036|ACC-0004|ACC-0031|ACC-0082,86,real
487740,"Treat yourself or a friend!. I’ve gotten some of Wax & Wit’s spa boxes for friends as gifts and they’ve always been big hits. Finally decided to treat myself and I’m so glad I did with this box! The Plumeria bath salts smell incredible and the candle is sweet enough to eat! Really love the body butter, it doesn’t leave a sticky film behind and absorbs really nicely. The fragrance is subtle and sweet. Their products never disappoint and I think the value is great too.",P000062,Narciso Rodriguez For Her,ACC-0059,ACC-0068,ACC-0059|ACC-0068|ACC-0066|ACC-0095|ACC-0064|ACC-0092|ACC-0036|ACC-0004|ACC-0031|ACC-0082,86,real
484596,"Leaking out of bottle BEFORE opening the package. Half the bottle was empty. VERY DISAPPOINTED. Discovered that the bottle had leaked all over and half the bottle was empty. This was discovered BEFORE I even opened the package. Huge disappointment because I was really looking forward to wearing and enjoying the scent. BUT.. I contacted the seller and they said they'd replace it, so.. I guess I'll see how it goes. I gave 3 stars because of the issue, but the perfume does smell amazing.",P000062,Narciso Rodriguez For Her,ACC-0059,ACC-0068,ACC-0059|ACC-0068|ACC-0066|ACC-0095|ACC-0064|ACC-0092|ACC-0036|ACC-0004|ACC-0031|ACC-0082,85,real
10072,"Not really worth the money.. Okay, so the box itself and how it's all packaged together makes it very cute and giftable... however I'm not very pleased how small the products inside are considering the price.  Specifically, the soaps are rather thin but smell okay.  The ""card"" is disappointing... it's just a piece of paper and not actually a card.  Bath bomb is a decent size, but that's just a one-time use.  Overall, I wouldn't buy this again for how much it costs.",P000062,Narciso Rodriguez For Her,ACC-0059,ACC-0068,ACC-0059|ACC-0068|ACC-0066|ACC-0095|ACC-0064|ACC-0092|ACC-0036|ACC-0004|ACC-0031|ACC-0082,83,real
175428,"Well compact for a long last.. When this arrived the box had packing in it to keep the bath bombs from hitting into one another. The box was a little overwhelming to open scent wise but each bath bomb has been beautiful. They have lasted about 15-20 minutes of fizz time, and the scent is strong on each one. I loved the colors were not all pink and purple! Super compact and rich, will he ordering again.",P000062,Narciso Rodriguez For Her,ACC-0059,ACC-0068,ACC-0059|ACC-0068|ACC-0066|ACC-0095|ACC-0064|ACC-0092|ACC-0036|ACC-0004|ACC-0031|ACC-0082,77,real
229366,"Not as good as I thought it would be. This is one I bought unsniffed, but, I'm looking to swap it away! It's not a bad scent at all, but it's not my cup of tea. On my skin I get mostly a very aquatic woody base, with a very musky & shampooish freesia. The lasting power is pretty good for an Avon fragrance. For some reason, I think I'd like this scent better in lotion form.",P000062,Narciso Rodriguez For Her,ACC-0059,ACC-0068,ACC-0059|ACC-0068|ACC-0066|ACC-0095|ACC-0064|ACC-0092|ACC-0036|ACC-0004|ACC-0031|ACC-0082,77,real
405321,"30 & Over Club. Tried out on at 6pm it’s 10pm and i can still smell her.<br /><br />Initial spray - this is definitely for the older crowd.  While I do have more cleaner scents I’ve been looking to tap into the “ouds” and middle eastern scents.  Very much warm, you get the caramel, vanilla ….  You won’t smell the raspberry initially, it’s in the dry down.  Definitely meant for night and cooler months in my opinion.",P000062,Narciso Rodriguez For Her,ACC-0059,ACC-0068,ACC-0059|ACC-0068|ACC-0066|ACC-0095|ACC-0064|ACC-0092|ACC-0036|ACC-0004|ACC-0031|ACC-0082,77,real
382209,"Just didn't like the smell.. I bought it based on good reviews without actually smelling the perfume. I thought it would be a good daily perfume. I didn't like the smell. It reminds me of Pink from Victoria secret. In one review I read that one spray lasts all day, this is not true in my case. I am basically using it so that it didn't go to waste but I won't be buying it again.",P000062,Narciso Rodriguez For Her,ACC-0059,ACC-0068,ACC-0059|ACC-0068|ACC-0066|ACC-0095|ACC-0064|ACC-0092|ACC-0036|ACC-0004|ACC-0031|ACC-0082,76,real
123988,"super strong smells. these bath bombs are awesome because you can actually smell the aroma!! I have been disappointed with other ones because you can hardly smell them once they are opened or dropped into the water. These are strong enough that it lasts for a while. I also love the way these come wrapped and presented. Makes for such a cute gift. Could be a birthday, bridal shower, or new mom gift.",P000062,Narciso Rodriguez For Her,ACC-0059,ACC-0068,ACC-0059|ACC-0068|ACC-0066|ACC-0095|ACC-0064|ACC-0092|ACC-0036|ACC-0004|ACC-0031|ACC-0082,73,real
9228,"Husband complimented. I love perfume, my husband said this one smelled good on me, it is a pretty almost amber, nutty, slight vanilla there as well. My bottle came with a leak, that was the only negative. Maybe the seller will reach out. If not I'd recommend this one if you enjoy a mild amber, nutty, vanilla perfume. I would say it is moderate sillage, longevity lasts on clothes longer than on skin.",P000062,Narciso Rodriguez For Her,ACC-0059,ACC-0068,ACC-0059|ACC-0068|ACC-0066|ACC-0095|ACC-0064|ACC-0092|ACC-0036|ACC-0004|ACC-0031|ACC-0082,73,real
130863,"Beautiful box, awesome candle. The box / package is very nice and very giftable, it wows me. The card in it is very reusable unless you write somebody’s name. The  candle in it is by far my favorite candle because it makes the washroom smell so good. The soap and bathbomed are okay to use, the cream is too strong for my sensitive skin. I recommend the candle is so worth it.",P000062,Narciso Rodriguez For Her,ACC-0059,ACC-0068,ACC-0059|ACC-0068|ACC-0066|ACC-0095|ACC-0064|ACC-0092|ACC-0036|ACC-0004|ACC-0031|ACC-0082,72,real
283119,"Did not work for me.. I have pretty think hair that falls out a lot in the shower or when I brush it. I was hoping this would help prevent as much hair from falling out or cause new hair to grow in. It didn't help with either of those things. I like the scent and it makes my scalp all tingly right after applying, but it didn't do much else.",P000062,Narciso Rodriguez For Her,ACC-0059,ACC-0068,ACC-0059|ACC-0068|ACC-0066|ACC-0095|ACC-0064|ACC-0092|ACC-0036|ACC-0004|ACC-0031|ACC-0082,71,real
125776,I Love it.. I sent this as a birthday gift and my friend loved it. They did such a good job with the whole presentation. I think it's awesome how they wrapped it to give it a real present feeling and experience. This is such a nice gift. I would highly recommend buying it. The cup is sweet and everything else smells great. This here was a great choice.,P000062,Narciso Rodriguez For Her,ACC-0059,ACC-0068,ACC-0059|ACC-0068|ACC-0066|ACC-0095|ACC-0064|ACC-0092|ACC-0036|ACC-0004|ACC-0031|ACC-0082,69,real
133552,"It's ok but won't get it again.. I have always loved Axe Anarchy and now I can't seem to find it in my local stores, so I ordered it. Unfortunately, the scent doesn't last all day like it used to when they first made it. It maybe lasts 2 hours and you have to respray and I even spray a decent amount without going overboard. Just a little disappointed.",P000062,Narciso Rodriguez For Her,ACC-0059,ACC-0068,ACC-0059|ACC-0068|ACC-0066|ACC-0095|ACC-0064|ACC-0092|ACC-0036|ACC-0004|ACC-0031|ACC-0082,69,real
2930,"Everything smells amazing. This is fabulous box full of everything you need to relax in the tub and after you get out! Everything that comes in this set smells amazing and is made with good quality ingredients! The box would make a perfect gift for a loved one, or even yourself. Have a self care spa day at home and treat yourself with this lovely bath and body set.",P000062,Narciso Rodriguez For Her,ACC-0059,ACC-0068,ACC-0059|ACC-0068|ACC-0066|ACC-0095|ACC-0064|ACC-0092|ACC-0036|ACC-0004|ACC-0031|ACC-0082,69,real
605613,"Broken Container - no way to get a refund. Products seem great, and smell amazing BUT bath salts container was completely shattered with the salts spilled all over the box...not the best birthday present for my mom.<br /><br />Can’t see a way to get a refund without sending back the WHOLE package which feels stupid.<br /><br />So now we’re just keeping everything but the bath salts. Very disappointing",P000062,Narciso Rodriguez For Her,ACC-0059,ACC-0068,ACC-0059|ACC-0068|ACC-0066|ACC-0095|ACC-0064|ACC-0092|ACC-0036|ACC-0004|ACC-0031|ACC-0082,68,real
425301,"Sweet & Sexy Skin!!. I absolutely love love love this fragrance! 10/10, very sweet very sexy and long lasting. I can’t describe the scent but it’s very intoxicating like sweet skin. Although this would be a set for a cooler months or a sexy date I wear this daily and I love it. I will definitely be ordering this again and as a gift.",P000062,Narciso Rodriguez For Her,ACC-0059,ACC-0068,ACC-0059|ACC-0068|ACC-0066|ACC-0095|ACC-0064|ACC-0092|ACC-0036|ACC-0004|ACC-0031|ACC-0082,64,real
13995,"A low priced perfect gift especially for a teacher!. A low priced perfect gift especially for a teacher!  Beautifully gift box this is an adorable, very girly gift set of rose scented bath bombs, soap and rose petals to put in the water. I found the price to be an excellent value and this would make a perfect gift for a teacher!",P000062,Narciso Rodriguez For Her,ACC-0059,ACC-0068,ACC-0059|ACC-0068|ACC-0066|ACC-0095|ACC-0064|ACC-0092|ACC-0036|ACC-0004|ACC-0031|ACC-0082,62,real
170259,"Great service.. Great service.....packaged neatly. arrived on time. I didn't care too much for the fragrance, but that was my choice to order with out knowing how it would smell. It smelled good, just didn't like the way it smelled on me. I gave to my sister, it smells great on her and she loves it.",P000062,Narciso Rodriguez For Her,ACC-0059,ACC-0068,ACC-0059|ACC-0068|ACC-0066|ACC-0095|ACC-0064|ACC-0092|ACC-0036|ACC-0004|ACC-0031|ACC-0082,56,real
367095,Sister loves it…but…. I ordered this box and sent it to my sister.  She loves it and said it smells fantastic…and then realized that the body butter had leaked and we she opened it realized pet of the seal was missing!  I can’t figure out how to just contact the company to ask for a replacement.,P000062,Narciso Rodriguez For Her,ACC-0059,ACC-0068,ACC-0059|ACC-0068|ACC-0066|ACC-0095|ACC-0064|ACC-0092|ACC-0036|ACC-0004|ACC-0031|ACC-0082,56,real
624684,"My daughter-in-law loved the gift!. I purchased this as a gift for my daughter-in-law, and even before she opened it she could smell the wonderful aroma of lavender! the eye mask was super-soft, but thick and just heavy enough to help you sleep; and she loved the all natural soap! All in all a great gift!",P000062,Narciso Rodriguez For Her,ACC-0059,ACC-0068,ACC-0059|ACC-0068|ACC-0066|ACC-0095|ACC-0064|ACC-0092|ACC-0036|ACC-0004|ACC-0031|ACC-0082,56,real
300312,"Smells wonderful!. I love the names and scents of these. I wish they were a bit bigger, but they still smell nice and make me feel “special”. I think I am just used to the oversized bath bombs when I take an oversized bath. It is nicely packaged for gift material, or even for yourself.",P000062,Narciso Rodriguez For Her,ACC-0059,ACC-0068,ACC-0059|ACC-0068|ACC-0066|ACC-0095|ACC-0064|ACC-0092|ACC-0036|ACC-0004|ACC-0031|ACC-0082,55,real
316235,"SILKY SOFT!. Purchased this bath set as a gift for my best friend, who enjoys a good soak.  She was absolutely amazed at the scent it emitted and it also left her skin dewy soft!!  Thank you for stocking an exceptionally good product line.  I would highly recommend this to other bath lovers!!!",P000062,Narciso Rodriguez For Her,ACC-0059,ACC-0068,ACC-0059|ACC-0068|ACC-0066|ACC-0095|ACC-0064|ACC-0092|ACC-0036|ACC-0004|ACC-0031|ACC-0082,53,real
520122,"Best Friend Birthday Gift. I purchased this as part of a birthday gift for my best friend in Texas. It arrived well ahead of her birthday, which is always a good thing. She said she loves it and found the scent very enjoyable. I would definitely order from this supplier again.",P000062,Narciso Rodriguez For Her,ACC-0059,ACC-0068,ACC-0059|ACC-0068|ACC-0066|ACC-0095|ACC-0064|ACC-0092|ACC-0036|ACC-0004|ACC-0031|ACC-0082,51,real
150847,"Nice scent. Beautiful bottle of u want to gift it,  scent is awsome.  It lasts about 2 to 3 hours on my skin but then again most scents do.  My skin drinks scent up.  Royal crown Sultan  is only one that last a long time on my skin and clothes.",P000062,Narciso Rodriguez For Her,ACC-0059,ACC-0068,ACC-0059|ACC-0068|ACC-0066|ACC-0095|ACC-0064|ACC-0092|ACC-0036|ACC-0004|ACC-0031|ACC-0082,50,real
410378,It's a good copy. It's a good copy of a very popular perfume that came out about maybe 15 years ago if you look at the bottle you should recognize what it's duking it's okay the last I have no complaints it does not smell bad b u y it,P000062,Narciso Rodriguez For Her,ACC-0059,ACC-0068,ACC-0059|ACC-0068|ACC-0066|ACC-0095|ACC-0064|ACC-0092|ACC-0036|ACC-0004|ACC-0031|ACC-0082,50,real
698990,"I love it !!! So beautiful 😍 perfect for Mother’s Day !!! Thank you 😊.  We love it 🥰. OMG I LOVE IT!! so beautiful, smells so natural the soaps have real fruit and herbs. I highly recommend it. I will buy one for my mom for mother’s day.",P000062,Narciso Rodriguez For Her,ACC-0059,ACC-0068,ACC-0059|ACC-0068|ACC-0066|ACC-0095|ACC-0064|ACC-0092|ACC-0036|ACC-0004|ACC-0031|ACC-0082,49,real
26262,"1970s Disco Lesbian. This is not a perfume for the faint at heart.  My friend says it smells like a 1970s disco lesbian, but that isn't a bad thing in either of our books. It's dusky and musky with notes of vanilla and rose.  One of my favorites.",P000062,Narciso Rodriguez For Her,ACC-0059,ACC-0068,ACC-0059|ACC-0068|ACC-0066|ACC-0095|ACC-0064|ACC-0092|ACC-0036|ACC-0004|ACC-0031|ACC-0082,48,real
602471,Smells so good. I’m so glad I bought this. It smells so good and is nostalgic for me. The cardboard filler scrapped the logo a little bit but that’s okay. They wrapped the box in layers of bubble wrap and around it. No spills/leaks and no damage.,P000062,Narciso Rodriguez For Her,ACC-0059,ACC-0068,ACC-0059|ACC-0068|ACC-0066|ACC-0095|ACC-0064|ACC-0092|ACC-0036|ACC-0004|ACC-0031|ACC-0082,47,real
58549,"Five Stars. Love this fragrance on my girlfriend. The gift set is really nice and worth purchasing. This time I was able to buy it for $76, usually it's $95. The gift set does include the 3.4oz bottle of perfume, not the smaller one. Great purchase!!",P000062,Narciso Rodriguez For Her,ACC-0059,ACC-0068,ACC-0059|ACC-0068|ACC-0066|ACC-0095|ACC-0064|ACC-0092|ACC-0036|ACC-0004|ACC-0031|ACC-0082,46,real
66409,Saved the day.. My bestoe absolutely loved everything! She said the box smelled so good and used her cup immediately. She had a hard day and had to bring work home with her. She said that this box was the perfect way to brighten her day.,P000062,Narciso Rodriguez For Her,ACC-0059,ACC-0068,ACC-0059|ACC-0068|ACC-0066|ACC-0095|ACC-0064|ACC-0092|ACC-0036|ACC-0004|ACC-0031|ACC-0082,46,real
152646,"Must buy. This perfume will definitely get you compliments from strangers and perfume haters alike. It lasts really long even when you are out doors on a hot summer day. It's a  great value for money and fragrance. Blind buyers, do not hesitate to buy",P000062,Narciso Rodriguez For Her,ACC-0059,ACC-0068,ACC-0059|ACC-0068|ACC-0066|ACC-0095|ACC-0064|ACC-0092|ACC-0036|ACC-0004|ACC-0031|ACC-0082,45,real
174151,Smells wonderful and excited for floral notes. Not overpowering and fresh.. An everyday scent I can use for work and not worry about too powerful. Original and perfect packaging of it. Seller did great getting it packaged and shipped with no crushing from postal service.,P000062,Narciso Rodriguez For Her,ACC-0059,ACC-0068,ACC-0059|ACC-0068|ACC-0066|ACC-0095|ACC-0064|ACC-0092|ACC-0036|ACC-0004|ACC-0031|ACC-0082,45,real
391540,"Sign effects. Not to crazy about the smell, you spray it on and there is nothing, I even ask my son and he said he couldn't smell it, the worst thing is this caused a rash on my arms. In the trash it goes.",P000062,Narciso Rodriguez For Her,ACC-0059,ACC-0068,ACC-0059|ACC-0068|ACC-0066|ACC-0095|ACC-0064|ACC-0092|ACC-0036|ACC-0004|ACC-0031|ACC-0082,44,real
679652,"Smells good but does not last. I’ve had this before and it lasted way longer. I spray it on before going out and by the time I get to where I’m going, the scent is gone… not sure if I got a fake?",P000062,Narciso Rodriguez For Her,ACC-0059,ACC-0068,ACC-0059|ACC-0068|ACC-0066|ACC-0095|ACC-0064|ACC-0092|ACC-0036|ACC-0004|ACC-0031|ACC-0082,43,real
343946,"It is not a soap and it doesn't smell. I am very disappointed. I was expected to get a scented soaps in a form of roses.<br />I've got a bunch of  plastic cheap roses , that doesn't smell and are not soaps.",P000062,Narciso Rodriguez For Her,ACC-0059,ACC-0068,ACC-0059|ACC-0068|ACC-0066|ACC-0095|ACC-0064|ACC-0092|ACC-0036|ACC-0004|ACC-0031|ACC-0082,42,real
14103,"Generic drugstore perfume. Absolutely nothing special about this scent. One can say it smells cheap. Reading the few reviews below I was expecting something sweet and exquisite. Go to your local department store, you'll find much nicer and unique scents there.",P000062,Narciso Rodriguez For Her,ACC-0059,ACC-0068,ACC-0059|ACC-0068|ACC-0066|ACC-0095|ACC-0064|ACC-0092|ACC-0036|ACC-0004|ACC-0031|ACC-0082,41,real
543155,"Long legs. 19 days shipping was dissapointing, other than that its a pleasant scent and has almost a whole day of staying power.",P000114,Paco Rabanne Pure XS,ACC-0087,ACC-0082,ACC-0087|ACC-0082|ACC-0092|ACC-0004|ACC-0095|ACC-0033|ACC-0001|ACC-0022|ACC-0008|ACC-0021,23,real
619978,"My fave! there’s a dupe called First Kiss by Be Layered that’s 90% identical and more affordable!!. This was my first Niche perfume and it did NOT disappoint! It’s certainly worth the money however if it’s not in your budget or you haven’t tried it and don’t want to blind but, there a dupe that about 90% identical to Delina. I watched several YouTube reviews on this because my sister smelled it on me one day and said “I need to get that!! I absolutely love it!”. She didn’t care for the price of it so I did my research to find something as close to it as I could. I found First Kiss by Be layered. It’s a Delina dupe and some people actually love First Kiss more!!<br />This is a very high end, sophisticated fragrance and just absolutely beautiful",P000076,Parfums de Marly Delina,ACC-0068,ACC-0031,ACC-0068|ACC-0031|ACC-0036|ACC-0032|ACC-0059|ACC-0039|ACC-0008|ACC-0066|ACC-0085|ACC-0095,141,real
686188,"expensive but worth it!!. I purchased this perfume for myself, I smelled it on someone at of all places a pet hospital, not the best place for scents.  This woman walked in and smelled beautiful.<br /><br />It was pricy but well worth it!!!  I used to wear KL back in the day, since discontinued have not had a scent that I receive compliments, and with my senior parents, everything I wear they say I stink, lol.  I have been wearing Jo Malone, peony and suede, or Modern Muse Rouge, I do not have a heavy hand, always say I stink, However, with this they both complimented me and said I smelled great!!! Soft, floral not overpowering!!  Very Happy with my purchase for me!!!!",P000076,Parfums de Marly Delina,ACC-0068,ACC-0031,ACC-0068|ACC-0031|ACC-0036|ACC-0032|ACC-0059|ACC-0039|ACC-0008|ACC-0066|ACC-0085|ACC-0095,123,real
239160,"Not the Real Delina?. 1- the sprayer keeps getting stuck inside the cap 😞, with a pointing object I can manage to get out . Real perfumes don’t do that they go through quality control.<br />2- the scent is amazing, but it only lasts for 1 hour. Real French fragrance will last all day and your clothes will smell delicious too.<br />Just be careful.<br />I believe I got ripped off. I’ll wait for the seller to contact me.",P000076,Parfums de Marly Delina,ACC-0068,ACC-0031,ACC-0068|ACC-0031|ACC-0036|ACC-0032|ACC-0059|ACC-0039|ACC-0008|ACC-0066|ACC-0085|ACC-0095,78,real
262323,"It’s not worth all the hype. I don’t know what all the fuss is about with this perfume. It smells like black pepper and cleaning fluids. It dries down to a Powdery old lady smell. If that’s what you like, go for it. Unfortunately, it’s not returnable, so please spend your hard earned $$ on a different high end perfume. One positive thing: The bottle and packaging is beautiful & very classy.",P000076,Parfums de Marly Delina,ACC-0068,ACC-0031,ACC-0068|ACC-0031|ACC-0036|ACC-0032|ACC-0059|ACC-0039|ACC-0008|ACC-0066|ACC-0085|ACC-0095,72,real
658198,"Complex, sweet, delicious, sophisticated floral. The best floral perfume I have owned in many years. Smells divine! Mostly florals with a hint of spice and fruit. It is a complex and sophisticated floral. To me this is a spring /summer perfume. My favorite cold weather perfume is Safanad by the same perfume house I.e Parfums de Marly. Congratulations to the perfumer. Your creations are just wonderful!",P000076,Parfums de Marly Delina,ACC-0068,ACC-0031,ACC-0068|ACC-0031|ACC-0036|ACC-0032|ACC-0059|ACC-0039|ACC-0008|ACC-0066|ACC-0085|ACC-0095,66,real
293626,FALSE Product. This is not the same product sold at Nordtroms as claimed by the seller... This has a completely different scent than the Nordstrom's product. As well it was not long lasting like the real Parfum. Oh as well this product in NON-returnable per Amazon policy.....,P000076,Parfums de Marly Delina,ACC-0068,ACC-0031,ACC-0068|ACC-0031|ACC-0036|ACC-0032|ACC-0059|ACC-0039|ACC-0008|ACC-0066|ACC-0085|ACC-0095,47,real
325927,"Que yo lo compre con muchas carino ,y ya cuando lo tengo no huele a nada no se porque. Este perfume no se lo que paso  pero no huele casi nada y me costo mucho para que no huela a nada y no entiendo ,muchas gracias",P000076,Parfums de Marly Delina,ACC-0068,ACC-0031,ACC-0068|ACC-0031|ACC-0036|ACC-0032|ACC-0059|ACC-0039|ACC-0008|ACC-0066|ACC-0085|ACC-0095,46,real
144275,So luxurious. Heard it on instagram bought a small sample it was 8 $ my gosh this perfume smells amazing i feel so rich when i have it on..lets see who will but it for me or ill buy it my self.,P000076,Parfums de Marly Delina,ACC-0068,ACC-0031,ACC-0068|ACC-0031|ACC-0036|ACC-0032|ACC-0059|ACC-0039|ACC-0008|ACC-0066|ACC-0085|ACC-0095,42,real
189292,"Worth it!. Absolutely in love with this scent! I was nervous paying so much, but it’s definitely worth it. I get compliments constantly and it lasts all day!",P000076,Parfums de Marly Delina,ACC-0068,ACC-0031,ACC-0068|ACC-0031|ACC-0036|ACC-0032|ACC-0059|ACC-0039|ACC-0008|ACC-0066|ACC-0085|ACC-0095,28,real
626206,Scent. Smells amazing. Only 3 sprays does the job. Definitely for colder weather's and maybe spring time but for hotter weather's get the la rosee,P000076,Parfums de Marly Delina,ACC-0068,ACC-0031,ACC-0068|ACC-0031|ACC-0036|ACC-0032|ACC-0059|ACC-0039|ACC-0008|ACC-0066|ACC-0085|ACC-0095,25,real
113331,I loved the delina a so I decided to get the exclusive as well. It smells amazing. Not fake at all. I love it,P000076,Parfums de Marly Delina,ACC-0068,ACC-0031,ACC-0068|ACC-0031|ACC-0036|ACC-0032|ACC-0059|ACC-0039|ACC-0008|ACC-0066|ACC-0085|ACC-0095,24,real
177007,must have. it's such a wonderful fragrance that I get compliments all the time for it. it's very feminine and flowery,P000076,Parfums de Marly Delina,ACC-0068,ACC-0031,ACC-0068|ACC-0031|ACC-0036|ACC-0032|ACC-0059|ACC-0039|ACC-0008|ACC-0066|ACC-0085|ACC-0095,21,real
145681,I love the scent. The scent last all day and people always comment how nice it smells,P000076,Parfums de Marly Delina,ACC-0068,ACC-0031,ACC-0068|ACC-0031|ACC-0036|ACC-0032|ACC-0059|ACC-0039|ACC-0008|ACC-0066|ACC-0085|ACC-0095,17,real
492692,Amazing. Great perfume makes you smell like a lady.,P000076,Parfums de Marly Delina,ACC-0068,ACC-0031,ACC-0068|ACC-0031|ACC-0036|ACC-0032|ACC-0059|ACC-0039|ACC-0008|ACC-0066|ACC-0085|ACC-0095,9,real
413849,"Sweaty church woman. smells like old lady pungent perfume. I though it would smell young and fresh, but it smells like bad BO. Im 19, I dont want to smell like a sweaty 68 year old woman doused in cheap perfume! Returned!",P000096,Prada Candy,ACC-0017,ACC-0066,ACC-0017|ACC-0066|ACC-0004|ACC-0082|ACC-0087|ACC-0059|ACC-0092|ACC-0009,42,real
373437,"The best perfume ever!!!. This is one of the most wonderful smelling perfumes on the market.These samples are great for purse,extra bathrooms,stocking stuffers,and anytime! Thank you again!",P000096,Prada Candy,ACC-0017,ACC-0066,ACC-0017|ACC-0066|ACC-0004|ACC-0082|ACC-0087|ACC-0059|ACC-0092|ACC-0009,27,real
51582,nice smell. the samples I received were about 1/2 fill .They were small to begin with /received  only half.Little disappointed .,P000096,Prada Candy,ACC-0017,ACC-0066,ACC-0017|ACC-0066|ACC-0004|ACC-0082|ACC-0087|ACC-0059|ACC-0092|ACC-0009,21,real
551350,Four Stars. The spouse smells so good when she leaves for work....is that a bad thing?,P000096,Prada Candy,ACC-0017,ACC-0066,ACC-0017|ACC-0066|ACC-0004|ACC-0082|ACC-0087|ACC-0059|ACC-0092|ACC-0009,16,real
352457,Prada Candy. We love the  smell wish you got more for your $$$,P000096,Prada Candy,ACC-0017,ACC-0066,ACC-0017|ACC-0066|ACC-0004|ACC-0082|ACC-0087|ACC-0059|ACC-0092|ACC-0009,13,real
543063,Love it. Love the way it smells.  Not overwhelming!,P000096,Prada Candy,ACC-0017,ACC-0066,ACC-0017|ACC-0066|ACC-0004|ACC-0082|ACC-0087|ACC-0059|ACC-0092|ACC-0009,9,real
151876,Perfume. Does not smell the way i taght,P000096,Prada Candy,ACC-0017,ACC-0066,ACC-0017|ACC-0066|ACC-0004|ACC-0082|ACC-0087|ACC-0059|ACC-0092|ACC-0009,8,real
420998,Five Stars. A very sweet and sexy smell.,P000096,Prada Candy,ACC-0017,ACC-0066,ACC-0017|ACC-0066|ACC-0004|ACC-0082|ACC-0087|ACC-0059|ACC-0092|ACC-0009,8,real
29629,Nice fragrance. This fragrance is a fav of mine,P000169,Tom Ford Amber Absolute,ACC-0004,ACC-0095,ACC-0004|ACC-0095|ACC-0075|ACC-0009|ACC-0087,9,real
692980,"Snozzle with Xtava Black Orchid and Conair Infinity Pro. Similar to some of the other reviewers experiences, I find that the SnozzlePro works pretty well for me, but I do have to be very careful and make frequent adjustments -- it sort of exploits design problems with the tools you are using. I used it with a Conair Infinity ProPro and an Xtava Black Orchid.<br /><br />Pros:<br />-It definitely fits my Conair Infinity Pro and probably won't have any trouble fitting other hair dryers.<br />-It's thick enough to be sturdy, but thin enough that I can stretch it onto the hair dryer.<br />- I don't experience any leaking or weird smells.<br />-I can use it (carefully) with the Xtava.<br /><br />Cons:<br />-It is made of rubber, so when it heats up the rubber becomes more pliable and loose around the diffuser. I would recommend using this with cold air if possible. Unfortunately, my Conair Infinity Pro has a setting for ""Cool"" that isn't cold enough. So, I find that this works best if I keep my finger on the blue ""Cold Shot"" button the whole time.<br />-The Xtava has a very short connection point, so even though the SnozzlePro works pretty well, there's not a ton of space for it to hold on. That's a problem with the Xtava though, not the SnozzlePro. In particular, it seems to detach most at the top of the connection point and it will fall off while I'm using it. I just sort of use it gently and keep an eye on that top part to make sure it isn't slipping out.<br /><br />Overall, I think the SnozzlePro is a great product that would probably work best with a diffuser with a longer connection point than the Xtava and potentially a hair dryer that has a truly cold setting.",P000061,Tom Ford Black Orchid,ACC-0031,ACC-0028,ACC-0031|ACC-0028|ACC-0037,305,real
220597,"Fits a Conair dryer, but has a horrendous chemical smell. This product works as advertised to hold the black orchid diffuser onto a hairdryer of my choice, however, it has a noxious smell emanating from it and I'm not sure it's usable because I don't want to heat up those chemicals and inhale them as I'm drying my hair.",P000061,Tom Ford Black Orchid,ACC-0031,ACC-0028,ACC-0031|ACC-0028|ACC-0037,59,real
436686,"BLACKORCHID. I HAPPEN TO PURCHACED THIS PRODUCT MAINLY FOR ITS NAME AND AM VERY FOND OF VANILLA FRAGRANCE ,ESPRCIALLY IN SCENTS OF CANDLES .THIS ACTUALLY  WAS BOUGHT FOR A GIFT WHO WAS GOING TO COLLEGE  AND SHE LOVED IT AND SO DID I. I WOULD LIKE TO KNOW IF THIS PRODUCT WAS GEARED FOR YOUNG ADULTS?",P000061,Tom Ford Black Orchid,ACC-0031,ACC-0028,ACC-0031|ACC-0028|ACC-0037,56,real
200063,"Unisex scent by Tom Ford. Very nice warm scent, good for evening, but you could probably get this tiny size sample for the asking in a department store such as Bloomingdale’s or Nordstrom by asking at the Tom Ford counter.",P000061,Tom Ford Black Orchid,ACC-0031,ACC-0028,ACC-0031|ACC-0028|ACC-0037,40,real
658066,"Anticipate an Intriguing fragrance. I really wasnt thrilled with the smell when I first put it on however after about 10 minutes it smelled wonderful..it has deep,rich and exotic undertones that seem subtle but pleasantly alluring!!Purchasing a large bottle!",P000061,Tom Ford Black Orchid,ACC-0031,ACC-0028,ACC-0031|ACC-0028|ACC-0037,39,real
290998,They smell GREAT and make your skin feel so smooth. Have purchased these before. They smell GREAT and make your skin feel so smooth. My Mom and sister love them too. Purchased three-one for each of us!,P000061,Tom Ford Black Orchid,ACC-0031,ACC-0028,ACC-0031|ACC-0028|ACC-0037,37,real
236545,"nice fragrance. This has a nice, light fragrance, and feels good when applied. Leaves skin feeling smooth. I like it. Recommended",P000061,Tom Ford Black Orchid,ACC-0031,ACC-0028,ACC-0031|ACC-0028|ACC-0037,21,real
311064,"Amazing scent. Unbelievable! Love the scent. Deep smell for fall, winter, early spring, or everyday. Will buy again, for sure.",P000061,Tom Ford Black Orchid,ACC-0031,ACC-0028,ACC-0031|ACC-0028|ACC-0037,20,real
452713,It makes your skin so soft.. The lotion smells really nice not too strong.,P000061,Tom Ford Black Orchid,ACC-0031,ACC-0028,ACC-0031|ACC-0028|ACC-0037,14,real
126220,Smells great. Smells great with a convenient way of applying to my skin,P000061,Tom Ford Black Orchid,ACC-0031,ACC-0028,ACC-0031|ACC-0028|ACC-0037,13,real
112743,Love it.. Love this perfume.  This is my second purchase.,P000061,Tom Ford Black Orchid,ACC-0031,ACC-0028,ACC-0031|ACC-0028|ACC-0037,10,real
327545,"perfume. Its perfume for my wife , she loves it.",P000061,Tom Ford Black Orchid,ACC-0031,ACC-0028,ACC-0031|ACC-0028|ACC-0037,10,real
434235,"Disappointed in a trusted and tried line.... Having purchased ""Paris, She Met Him In Secret"" when the scent was being sold in Anthropologie - which is also where I bought the fragrance, I did not doubt that the scent of ""Istanbul: She Listened..."" would appeal to me. And it does, at that!<br />However, I've never purchased fragrances as packaged by Fictions and others in similar fashion that were partially filled when bought at an Anthropologie. This one that arrived today via Amazon is depicted right after opening; the glass vial [without including the cap] is 3.5 inches in height and the fragrance measures at the 2.5 inch mark.<br />It pains me to write this review - as a line as affordable and pure as fragrances go. I hope Fictions will do better from here on...",P000132,Tom Ford Oud Wood,ACC-0095,ACC-0092,ACC-0095|ACC-0092|ACC-0062|ACC-0008|ACC-0087|ACC-0009|ACC-0033|ACC-0004|ACC-0066|ACC-0082,135,real
279707,"Received used/half empty bottle. This small bottle costs a bit more than $20. When I received it, I noticed that the bottle is almost half empty. This means I paid $20 for .25 fl oz of perfume. I looked back at the comments for this product, and others complained about this similar problem. The perfume has a very strong pepper, incense, peach, and wood smell. As someone who's been to Istanbul twice, I'm not really sure what the connection of this perfume to the very complex smells of the city. I honestly hoped it would have more rose smell than it does. But, the scent is ok and is the only reason for the two stars I'm giving it.",P000132,Tom Ford Oud Wood,ACC-0095,ACC-0092,ACC-0095|ACC-0092|ACC-0062|ACC-0008|ACC-0087|ACC-0009|ACC-0033|ACC-0004|ACC-0066|ACC-0082,119,real
12715,"Smells Sporty, Not Like Oud or Vanilla. Smells like a cheap ""Sporty"" deodorant.  I really don't think the product in the container is the product that is being advertised.  Either the seller is screwing people or the seller got screwed by Unilever for letting a bum product out the door.",P000132,Tom Ford Oud Wood,ACC-0095,ACC-0092,ACC-0095|ACC-0092|ACC-0062|ACC-0008|ACC-0087|ACC-0009|ACC-0033|ACC-0004|ACC-0066|ACC-0082,50,real
558873,Scent life of about 30 mins.. This product had either previously soured at the start or has a fragrance life of about 30 mins. After the aforementioned time of skin application the scent went from something pleasant to malodorous and was most disheartening.,P000132,Tom Ford Oud Wood,ACC-0095,ACC-0092,ACC-0095|ACC-0092|ACC-0062|ACC-0008|ACC-0087|ACC-0009|ACC-0033|ACC-0004|ACC-0066|ACC-0082,43,real
470823,My husband said this is one of the best deodorant sticks on the market. My husband said this is one of the best deodorant sticks on the market. Just hope they don't stop this scent.,P000132,Tom Ford Oud Wood,ACC-0095,ACC-0092,ACC-0095|ACC-0092|ACC-0062|ACC-0008|ACC-0087|ACC-0009|ACC-0033|ACC-0004|ACC-0066|ACC-0082,35,real
295936,"Missing a half inch of product.. It smells amazing, but the top half inch of the vial is empty. Because it's flammable, it's non returnable. But for $22, it should be full. Very unhappy.",P000132,Tom Ford Oud Wood,ACC-0095,ACC-0092,ACC-0095|ACC-0092|ACC-0062|ACC-0008|ACC-0087|ACC-0009|ACC-0033|ACC-0004|ACC-0066|ACC-0082,34,real
545819,"smells good. I like this deodorant, though it can be hard to find for a reasonable price. It smells good and lasts about 8 hours.",P000132,Tom Ford Oud Wood,ACC-0095,ACC-0092,ACC-0095|ACC-0092|ACC-0062|ACC-0008|ACC-0087|ACC-0009|ACC-0033|ACC-0004|ACC-0066|ACC-0082,25,real
495154,"Smell good, not what expect, I give it to my son. I rally not was what I expected, but my son like it!",P000132,Tom Ford Oud Wood,ACC-0095,ACC-0092,ACC-0095|ACC-0092|ACC-0062|ACC-0008|ACC-0087|ACC-0009|ACC-0033|ACC-0004|ACC-0066|ACC-0082,23,real
119772,I love this fragrance. Intense & long lasting. My coworkers love it as much as I do.,P000132,Tom Ford Oud Wood,ACC-0095,ACC-0092,ACC-0095|ACC-0092|ACC-0062|ACC-0008|ACC-0087|ACC-0009|ACC-0033|ACC-0004|ACC-0066|ACC-0082,17,real
311822,I will be buying this again and again. Very pretty packaging. The smell makes you go ahhhhhhhh.,P000132,Tom Ford Oud Wood,ACC-0095,ACC-0092,ACC-0095|ACC-0092|ACC-0062|ACC-0008|ACC-0087|ACC-0009|ACC-0033|ACC-0004|ACC-0066|ACC-0082,17,real
534355,Five Stars. Love the scent will buy this for a while.,P000132,Tom Ford Oud Wood,ACC-0095,ACC-0092,ACC-0095|ACC-0092|ACC-0062|ACC-0008|ACC-0087|ACC-0009|ACC-0033|ACC-0004|ACC-0066|ACC-0082,11,real
261920,DONT WASTE YOUR MONEY!. I absolutely would not recommend purchasing this. It took nearly 2 months to arrive and when it did arrive it it leaked all over and there was about a half of it left in the bottle. When I put it on it was mostly alcohol very little cologne and once I put on it would last about three hours.  I would recommend going to a certain department store where they have The real stuff and a body spray that cost about $60 and last all day and it's the real stuff it's not the cologne but it's the body spray and it's great.  And if you ask they will give you a small sampler bottle of the real stuff cologne for free. DO NOT WASTE YOUR MONEY ON THIS STUFF!  If I  were able to give it zero stars I would have,P000118,Tom Ford Tobacco Vanille,ACC-0087,ACC-0082,ACC-0087|ACC-0082|ACC-0084|ACC-0092|ACC-0036|ACC-0095|ACC-0014|ACC-0066,146,real
521713,Didn't like it to much tobaco not enough vanilla. Cheap container spray  perfume not what I expected. Taking my clothes off I didn't understand why they smelt of ciggarets. I don't smoke and neither do anyone I know. I realised it was the perfume remnant. It is by far the most prominent smell. By a pack of ciggarets with tax still cheaper,P000118,Tom Ford Tobacco Vanille,ACC-0087,ACC-0082,ACC-0087|ACC-0082|ACC-0084|ACC-0092|ACC-0036|ACC-0095|ACC-0014|ACC-0066,62,real
346107,This stuff is great! Accidentally ordered two bottles and not upset at .... This stuff is great! Accidentally ordered two bottles and not upset at all! The real stuff is oil based I don't think this is but regardless still smell almost identical and for $50 as opposed to $300 totally worth it!!,P000118,Tom Ford Tobacco Vanille,ACC-0087,ACC-0082,ACC-0087|ACC-0082|ACC-0084|ACC-0092|ACC-0036|ACC-0095|ACC-0014|ACC-0066,53,real
679062,"Almost like the original. Almost like the original, lasts way less though. It also can get a bitter smell if mixed with a lightly scented body lotion, unlike the original. Otherwise great!",P000118,Tom Ford Tobacco Vanille,ACC-0087,ACC-0082,ACC-0087|ACC-0082|ACC-0084|ACC-0092|ACC-0036|ACC-0095|ACC-0014|ACC-0066,32,real
380966,"Best in show. This fragrance is pretty nice in the opening, but the dry down to me is what rocks. This is an 9 hour fragrance.",P000118,Tom Ford Tobacco Vanille,ACC-0087,ACC-0082,ACC-0087|ACC-0082|ACC-0084|ACC-0092|ACC-0036|ACC-0095|ACC-0014|ACC-0066,26,real
173422,Lasts all day easy with a good and attractive smell. Reccomend this product. Lasts all day easy with a good and attractive smell<br />Thanx,P000118,Tom Ford Tobacco Vanille,ACC-0087,ACC-0082,ACC-0087|ACC-0082|ACC-0084|ACC-0092|ACC-0036|ACC-0095|ACC-0014|ACC-0066,24,real
10502,One Star. Smells NOTHING like it. I can’t stand people writing these misleading reviews. It smells nothing like it,P000118,Tom Ford Tobacco Vanille,ACC-0087,ACC-0082,ACC-0087|ACC-0082|ACC-0084|ACC-0092|ACC-0036|ACC-0095|ACC-0014|ACC-0066,19,real
123599,Soda perfume. Smelt Strong  good sweet scent  at the beginning . Ater The scent evaporated.,P000118,Tom Ford Tobacco Vanille,ACC-0087,ACC-0082,ACC-0087|ACC-0082|ACC-0084|ACC-0092|ACC-0036|ACC-0095|ACC-0014|ACC-0066,15,real
268234,Three Stars. Scent is fantastic - but I wish it stayed on longer,P000118,Tom Ford Tobacco Vanille,ACC-0087,ACC-0082,ACC-0087|ACC-0082|ACC-0084|ACC-0092|ACC-0036|ACC-0095|ACC-0014|ACC-0066,13,real
116066,Very intense fragrance. Amazing stuff. Very intense fragrance but sexy as hell.,P000118,Tom Ford Tobacco Vanille,ACC-0087,ACC-0082,ACC-0087|ACC-0082|ACC-0084|ACC-0092|ACC-0036|ACC-0095|ACC-0014|ACC-0066,12,real
279712,Not same as Tom Ford!!. Doesn’t smell like  Tom Ford tobacco vanillie!!,P000118,Tom Ford Tobacco Vanille,ACC-0087,ACC-0082,ACC-0087|ACC-0082|ACC-0084|ACC-0092|ACC-0036|ACC-0095|ACC-0014|ACC-0066,12,real
628658,"Excelente aroma. Este perfume es exquisito, es fuerte y duradero. Definitivamente único.",P000118,Tom Ford Tobacco Vanille,ACC-0087,ACC-0082,ACC-0087|ACC-0082|ACC-0084|ACC-0092|ACC-0036|ACC-0095|ACC-0014|ACC-0066,12,real
638301,Five Stars. Very Similar to Original and Great Smell.,P000118,Tom Ford Tobacco Vanille,ACC-0087,ACC-0082,ACC-0087|ACC-0082|ACC-0084|ACC-0092|ACC-0036|ACC-0095|ACC-0014|ACC-0066,9,real
491732,no. doesnt smell good try the red rush by same seller its good,P000004,Versace Dylan Blue,ACC-0004,ACC-0022,ACC-0004|ACC-0022|ACC-0033|ACC-0059|ACC-0007|ACC-0092|ACC-0095|ACC-0032|ACC-0008|ACC-0075,13,real
610877,Fresh. Good fresh smell. Will test longevity this week.,P000004,Versace Dylan Blue,ACC-0004,ACC-0022,ACC-0004|ACC-0022|ACC-0033|ACC-0059|ACC-0007|ACC-0092|ACC-0095|ACC-0032|ACC-0008|ACC-0075,9,real
445739,"Smells good. Girlfriend loved it, smells great, but did not come in the little bow container, came in a cylindrical shape container. She loves it nonetheless",P000105,Viktor & Rolf Bonbon,ACC-0022,ACC-0082,ACC-0022|ACC-0082|ACC-0036|ACC-0017|ACC-0094|ACC-0095,26,real
5396,"Viktor & Rolf Does it Again!. Viktor & Rolf .... wonderful as usually!  Can't say how light, and airy and beautiful this scent is!!",P000105,Viktor & Rolf Bonbon,ACC-0022,ACC-0082,ACC-0022|ACC-0082|ACC-0036|ACC-0017|ACC-0094|ACC-0095,24,real
142801,I loved it. I found I liked the lotion better .... I loved it. I found I liked the lotion better than the perfume. Great turn around time on this transaction,P000055,Viktor & Rolf Flowerbomb,ACC-0031,ACC-0064,ACC-0031|ACC-0064|ACC-0094|ACC-0095|ACC-0066|ACC-0022|ACC-0082|ACC-0059|ACC-0092|ACC-0068,31,real
380729,Smell lasts a while. I liked the spicy scent. I found the price reasonable and the scent's longevity to be better than expected.,P000055,Viktor & Rolf Flowerbomb,ACC-0031,ACC-0064,ACC-0031|ACC-0064|ACC-0094|ACC-0095|ACC-0066|ACC-0022|ACC-0082|ACC-0059|ACC-0092|ACC-0068,23,real
298191,Favorite perfume ever!. This is the most amazing long lasting delightful scent! Absolutely love it worth every penny!😃😃😃,P000055,Viktor & Rolf Flowerbomb,ACC-0031,ACC-0064,ACC-0031|ACC-0064|ACC-0094|ACC-0095|ACC-0066|ACC-0022|ACC-0082|ACC-0059|ACC-0092|ACC-0068,18,real
