review_id,perfume,n_words,scent_words,off_topic,mentions_fragrance,no_label,agrees_primary,agrees_any,read,label_primary,label_all,trainable
82,Elizabeth Arden Green Tea,95,3,False,True,False,False,False,inky|metallic|musky,citrus,aromatic|citrus|fresh spicy|green,True
135,Elizabeth Arden Green Tea,32,4,True,False,False,False,False,clean|fresh|fruity|soapy,citrus,aromatic|citrus|fresh spicy|green,False
205,Narciso Rodriguez For Her,270,3,False,True,True,False,True,clean|rose|soapy,,amber|fruity|powdery|rose|warm spicy|woody,False
226,Coach for Men,76,2,False,True,False,False,False,lactonic|milky,citrus,amber|animalic|aromatic|citrus|fresh spicy|fruity|warm spicy|woody,True
256,Elizabeth Arden Green Tea,86,6,False,True,False,True,True,aquatic|citrus|fresh|lactonic|milky|musky,citrus,aromatic|citrus|fresh spicy|green,True
295,Coach for Men,63,2,False,True,False,False,False,clean|fresh,citrus,amber|animalic|aromatic|citrus|fresh spicy|fruity|warm spicy|woody,True
453,Elizabeth Arden Green Tea,111,4,False,True,False,False,False,clean|fresh|fruity|soapy,citrus,aromatic|citrus|fresh spicy|green,True
462,Coach for Men,143,3,False,True,False,False,False,lactonic|milky|musky,citrus,amber|animalic|aromatic|citrus|fresh spicy|fruity|warm spicy|woody,True
557,Coach for Men,41,5,False,True,False,False,True,amber|clean|iris|oud|soapy,citrus,amber|animalic|aromatic|citrus|fresh spicy|fruity|warm spicy|woody,True
633,Coach for Men,16,1,False,True,False,False,False,clean,citrus,amber|animalic|aromatic|citrus|fresh spicy|fruity|warm spicy|woody,False
634,Coach for Men,26,1,False,False,False,False,False,clean,citrus,amber|animalic|aromatic|citrus|fresh spicy|fruity|warm spicy|woody,False
635,Coach for Men,10,2,False,False,False,False,False,clean|fresh,citrus,amber|animalic|aromatic|citrus|fresh spicy|fruity|warm spicy|woody,True
662,Coach for Men,37,3,False,True,False,False,False,aquatic|fresh|minty,citrus,amber|animalic|aromatic|citrus|fresh spicy|fruity|warm spicy|woody,True
664,Coach for Men,62,0,False,True,False,False,False,,citrus,amber|animalic|aromatic|citrus|fresh spicy|fruity|warm spicy|woody,False
758,Narciso Rodriguez For Her,262,9,False,True,True,False,True,clean|fresh|grassy|green|inky|lactonic|milky|powdery|soapy,,amber|fruity|powdery|rose|warm spicy|woody,False
784,Coach for Men,194,7,False,True,False,False,True,amber|coconut|musky|oud|powdery|sweet|tropical,citrus,amber|animalic|aromatic|citrus|fresh spicy|fruity|warm spicy|woody,True
799,Coach for Men,372,6,False,True,False,False,True,aquatic|clean|fruity|marine|ozonic|soapy,citrus,amber|animalic|aromatic|citrus|fresh spicy|fruity|warm spicy|woody,True
933,Elizabeth Arden Green Tea,182,6,False,True,False,False,False,clean|inky|iris|metallic|powdery|violet,citrus,aromatic|citrus|fresh spicy|green,True
936,Narciso Rodriguez For Her,209,3,False,True,True,False,False,clean|musky|soapy,,amber|fruity|powdery|rose|warm spicy|woody,False
986,Elizabeth Arden Green Tea,99,3,False,True,False,False,True,fresh|green|tea,citrus,aromatic|citrus|fresh spicy|green,True
1006,Coach for Men,99,0,False,True,False,False,False,,citrus,amber|animalic|aromatic|citrus|fresh spicy|fruity|warm spicy|woody,False
1054,Juliette Has a Gun Vanilla Vibes,97,3,False,True,False,False,False,clean|fresh|musky,vanilla,amber|powdery|vanilla|warm spicy|woody,True
1073,Elizabeth Arden Green Tea,240,6,False,True,False,False,False,amber|clean|fresh|iris|mineral|tropical,citrus,aromatic|citrus|fresh spicy|green,True
1083,Coach for Men,279,4,False,True,False,False,True,amber|musky|oud|sweet,citrus,amber|animalic|aromatic|citrus|fresh spicy|fruity|warm spicy|woody,True
1090,Elizabeth Arden Green Tea,142,6,True,False,False,False,False,aldehydic|chypre|floral|lactonic|milky|musky,citrus,aromatic|citrus|fresh spicy|green,False
1094,Coach for Men,92,3,False,True,False,False,False,aldehydic|chypre|floral,citrus,amber|animalic|aromatic|citrus|fresh spicy|fruity|warm spicy|woody,True
1147,Coach for Men,148,3,False,True,False,False,True,clean|fruity|soapy,citrus,amber|animalic|aromatic|citrus|fresh spicy|fruity|warm spicy|woody,True
1148,Coach for Men,153,2,False,True,False,False,True,clean|fruity,citrus,amber|animalic|aromatic|citrus|fresh spicy|fruity|warm spicy|woody,True
1206,Coach for Men,62,9,False,True,False,False,True,aromatic|clean|fresh|fruity|herbal|minty|musky|soapy|spicy,citrus,amber|animalic|aromatic|citrus|fresh spicy|fruity|warm spicy|woody,True
1228,Coach for Men,59,6,False,False,False,False,True,aromatic|clean|fresh|fresh spicy|musky|woody,citrus,amber|animalic|aromatic|citrus|fresh spicy|fruity|warm spicy|woody,True
1240,Coach for Men,86,8,False,True,False,False,True,aromatic|clean|fruity|herbal|lavender|minty|soapy|spicy,citrus,amber|animalic|aromatic|citrus|fresh spicy|fruity|warm spicy|woody,True
1451,Coach for Men,32,0,False,True,False,False,False,,citrus,amber|animalic|aromatic|citrus|fresh spicy|fruity|warm spicy|woody,False
1455,Coach for Men,36,1,False,False,False,False,False,musky,citrus,amber|animalic|aromatic|citrus|fresh spicy|fruity|warm spicy|woody,False
1760,Coach for Men,85,4,False,True,False,False,False,clean|fresh|incense|musky,citrus,amber|animalic|aromatic|citrus|fresh spicy|fruity|warm spicy|woody,True
1875,Coach for Men,35,1,False,True,False,False,False,clean,citrus,amber|animalic|aromatic|citrus|fresh spicy|fruity|warm spicy|woody,False
1928,Coach for Men,57,0,False,True,False,False,False,,citrus,amber|animalic|aromatic|citrus|fresh spicy|fruity|warm spicy|woody,False
2086,Elizabeth Arden Green Tea,40,1,False,True,False,False,False,herbal,citrus,aromatic|citrus|fresh spicy|green,False
2113,Coach for Men,189,0,False,True,False,False,False,,citrus,amber|animalic|aromatic|citrus|fresh spicy|fruity|warm spicy|woody,False
2125,Coach for Men,50,5,False,True,False,False,True,boozy|fresh spicy|leather|spicy|whisky,citrus,amber|animalic|aromatic|citrus|fresh spicy|fruity|warm spicy|woody,True
2177,Coach for Men,65,2,False,True,False,False,False,clean|soapy,citrus,amber|animalic|aromatic|citrus|fresh spicy|fruity|warm spicy|woody,True
2207,Elizabeth Arden Green Tea,161,3,False,True,False,False,False,iris|musky|powdery,citrus,aromatic|citrus|fresh spicy|green,True
2296,Elizabeth Arden Green Tea,50,4,False,True,False,False,False,aquatic|clean|fresh|soapy,citrus,aromatic|citrus|fresh spicy|green,True
2399,Coach for Men,109,3,False,True,False,False,False,fresh|minty|soapy,citrus,amber|animalic|aromatic|citrus|fresh spicy|fruity|warm spicy|woody,True
2487,Coach for Men,36,1,False,True,False,False,False,musky,citrus,amber|animalic|aromatic|citrus|fresh spicy|fruity|warm spicy|woody,False
2503,Azzaro Pour Homme,64,4,False,True,False,True,True,aromatic|herbal|lavender|musky,aromatic,aromatic|citrus|earthy|fresh spicy|leather|mossy|powdery|warm spicy|woody,True
2654,Coach for Men,385,8,False,True,False,False,True,amber|clean|fresh|fruity|iris|lactonic|oud|soapy,citrus,amber|animalic|aromatic|citrus|fresh spicy|fruity|warm spicy|woody,True
2659,Coach for Men,204,10,False,False,False,False,True,amber|clean|fresh|lactonic|milky|musky|soapy|vanilla|warm|warm spicy,citrus,amber|animalic|aromatic|citrus|fresh spicy|fruity|warm spicy|woody,True
2708,Elizabeth Arden Green Tea,175,9,False,True,False,False,True,animalic|clean|coconut|fresh|green|musky|powdery|tea|tropical,citrus,aromatic|citrus|fresh spicy|green,True
2784,Coach for Men,96,11,False,True,False,False,True,aldehydic|amber|animalic|floral|incense|iris|musky|oud|sensual|sweet|woody,citrus,amber|animalic|aromatic|citrus|fresh spicy|fruity|warm spicy|woody,True
2836,Coach for Men,36,1,False,True,False,False,False,clean,citrus,amber|animalic|aromatic|citrus|fresh spicy|fruity|warm spicy|woody,False
2847,Coach for Men,120,12,False,True,False,True,True,aquatic|aromatic|citrus|clean|fresh|fruity|herbal|minty|musky|soapy|spicy|woody,citrus,amber|animalic|aromatic|citrus|fresh spicy|fruity|warm spicy|woody,True
2868,Elizabeth Arden Green Tea,76,3,False,True,False,False,True,fresh|green|tea,citrus,aromatic|citrus|fresh spicy|green,True
2897,Coach for Men,62,3,False,True,False,False,False,clean|fresh|musky,citrus,amber|animalic|aromatic|citrus|fresh spicy|fruity|warm spicy|woody,True
2930,Narciso Rodriguez For Her,69,0,False,False,True,False,False,,,amber|fruity|powdery|rose|warm spicy|woody,False
2944,Coach for Men,33,0,False,False,False,False,False,,citrus,amber|animalic|aromatic|citrus|fresh spicy|fruity|warm spicy|woody,False
2976,Coach for Men,36,4,False,True,False,False,True,clean|fresh|fruity|soapy,citrus,amber|animalic|aromatic|citrus|fresh spicy|fruity|warm spicy|woody,True
3039,Elizabeth Arden Green Tea,46,0,False,True,False,False,False,,citrus,aromatic|citrus|fresh spicy|green,False
3394,Elizabeth Arden Green Tea,25,5,False,True,False,False,False,clean|fresh|lactonic|milky|soapy,citrus,aromatic|citrus|fresh spicy|green,True
3744,Coach for Men,94,0,False,True,False,False,False,,citrus,amber|animalic|aromatic|citrus|fresh spicy|fruity|warm spicy|woody,False
3755,Coach for Men,155,3,False,True,False,False,True,clean|fresh|woody,citrus,amber|animalic|aromatic|citrus|fresh spicy|fruity|warm spicy|woody,True
3756,Coach for Men,119,5,False,True,False,False,True,aromatic|camphor|herbal|lactonic|milky,citrus,amber|animalic|aromatic|citrus|fresh spicy|fruity|warm spicy|woody,True
3757,Coach for Men,189,6,False,True,False,True,True,aquatic|aromatic|camphor|citrus|fresh|herbal,citrus,amber|animalic|aromatic|citrus|fresh spicy|fruity|warm spicy|woody,True
3827,Coach for Men,49,2,False,True,False,False,False,lactonic|milky,citrus,amber|animalic|aromatic|citrus|fresh spicy|fruity|warm spicy|woody,True
3894,Elizabeth Arden Green Tea,91,4,False,True,False,False,True,fresh|green|sweet|tea,citrus,aromatic|citrus|fresh spicy|green,True
4047,Coach for Men,16,0,False,False,False,False,False,,citrus,amber|animalic|aromatic|citrus|fresh spicy|fruity|warm spicy|woody,False
4075,Coach for Men,43,3,False,True,False,False,True,animalic|clean|musky,citrus,amber|animalic|aromatic|citrus|fresh spicy|fruity|warm spicy|woody,True
4078,Coach for Men,15,0,False,True,False,False,False,,citrus,amber|animalic|aromatic|citrus|fresh spicy|fruity|warm spicy|woody,False
4303,Coach for Men,69,3,True,False,False,False,False,clean|fresh|soapy,citrus,amber|animalic|aromatic|citrus|fresh spicy|fruity|warm spicy|woody,False
4334,Mugler Angel,34,3,False,True,True,False,False,clean|fresh|soapy,,caramel|fruity|honey|powdery|vanilla|warm spicy|woody,False
4416,Coach for Men,396,7,False,True,False,True,True,citrus|clean|coconut|fresh|fruity|soapy|tropical,citrus,amber|animalic|aromatic|citrus|fresh spicy|fruity|warm spicy|woody,True
4417,Coach for Men,328,2,False,True,False,False,False,clean|fresh,citrus,amber|animalic|aromatic|citrus|fresh spicy|fruity|warm spicy|woody,True
4418,Coach for Men,323,2,False,True,False,False,False,clean|fresh,citrus,amber|animalic|aromatic|citrus|fresh spicy|fruity|warm spicy|woody,True
4439,Coach for Men,153,5,False,True,False,False,True,earthy|spicy|sweet|warm spicy|woody,citrus,amber|animalic|aromatic|citrus|fresh spicy|fruity|warm spicy|woody,True
4494,Coach for Men,34,2,False,True,False,False,False,clean|fresh,citrus,amber|animalic|aromatic|citrus|fresh spicy|fruity|warm spicy|woody,True
4526,Coach for Men,93,2,False,True,False,False,True,clean|fruity,citrus,amber|animalic|aromatic|citrus|fresh spicy|fruity|warm spicy|woody,True
4654,Coach for Men,48,2,False,True,False,False,False,clean|fresh,citrus,amber|animalic|aromatic|citrus|fresh spicy|fruity|warm spicy|woody,True
4811,Coach for Men,50,5,False,True,False,False,True,aromatic|clean|fresh spicy|soapy|woody,citrus,amber|animalic|aromatic|citrus|fresh spicy|fruity|warm spicy|woody,True
4849,Coach for Men,316,1,False,True,False,False,False,coffee,citrus,amber|animalic|aromatic|citrus|fresh spicy|fruity|warm spicy|woody,False
4872,Coach for Men,64,4,False,True,False,True,True,aquatic|citrus|clean|fresh,citrus,amber|animalic|aromatic|citrus|fresh spicy|fruity|warm spicy|woody,True
4881,Coach for Men,34,0,False,True,False,False,False,,citrus,amber|animalic|aromatic|citrus|fresh spicy|fruity|warm spicy|woody,False
4923,Coach for Men,32,0,False,True,False,False,False,,citrus,amber|animalic|aromatic|citrus|fresh spicy|fruity|warm spicy|woody,False
5223,Coach for Men,56,2,False,False,False,False,False,inky|powdery,citrus,amber|animalic|aromatic|citrus|fresh spicy|fruity|warm spicy|woody,True
5396,Viktor & Rolf Bonbon,24,3,False,True,False,False,False,clean|fresh|ozonic,citrus,caramel|citrus|fruity|white floral|woody,True
5504,Elizabeth Arden Green Tea,197,2,False,True,False,False,False,fresh|musky,citrus,aromatic|citrus|fresh spicy|green,True
5787,Coach for Men,58,0,False,False,False,False,False,,citrus,amber|animalic|aromatic|citrus|fresh spicy|fruity|warm spicy|woody,False
6028,Coach for Men,13,1,False,True,False,False,False,musky,citrus,amber|animalic|aromatic|citrus|fresh spicy|fruity|warm spicy|woody,False
6031,Coach for Men,347,16,False,True,False,True,True,amber|anis|aromatic|cardamom|citrus|fresh spicy|fruity|herbal|iris|oud|sensual|spicy|tobacco|warm spicy|white floral|woody,citrus,amber|animalic|aromatic|citrus|fresh spicy|fruity|warm spicy|woody,True
6335,Coach for Men,24,0,False,True,False,False,False,,citrus,amber|animalic|aromatic|citrus|fresh spicy|fruity|warm spicy|woody,False
6430,Coach for Men,28,3,False,True,False,False,True,clean|fruity|soapy,citrus,amber|animalic|aromatic|citrus|fresh spicy|fruity|warm spicy|woody,True
6452,Coach for Men,139,2,False,True,False,False,False,clean|fresh,citrus,amber|animalic|aromatic|citrus|fresh spicy|fruity|warm spicy|woody,True
6503,Coach for Men,51,0,False,True,False,False,False,,citrus,amber|animalic|aromatic|citrus|fresh spicy|fruity|warm spicy|woody,False
6665,Coach for Men,16,2,False,True,False,False,False,clean|fresh,citrus,amber|animalic|aromatic|citrus|fresh spicy|fruity|warm spicy|woody,True
6780,Coach for Men,14,3,False,True,False,False,True,boozy|bourbon|woody,citrus,amber|animalic|aromatic|citrus|fresh spicy|fruity|warm spicy|woody,True
6807,Coach for Men,56,4,False,True,False,False,True,anis|aromatic|fresh|herbal,citrus,amber|animalic|aromatic|citrus|fresh spicy|fruity|warm spicy|woody,True
6820,Coach for Men,27,1,False,False,False,False,False,warm,citrus,amber|animalic|aromatic|citrus|fresh spicy|fruity|warm spicy|woody,False
6892,Coach for Men,150,3,False,True,False,False,False,clean|fresh|soft spicy,citrus,amber|animalic|aromatic|citrus|fresh spicy|fruity|warm spicy|woody,True
7010,Elizabeth Arden Green Tea,19,2,False,False,False,False,False,clean|fresh,citrus,aromatic|citrus|fresh spicy|green,True
7357,Coach for Men,80,3,False,False,False,False,False,incense|leather|oud,citrus,amber|animalic|aromatic|citrus|fresh spicy|fruity|warm spicy|woody,True
7360,Coach for Men,81,8,False,True,False,False,True,aromatic|clean|fruity|herbal|lavender|minty|soapy|spicy,citrus,amber|animalic|aromatic|citrus|fresh spicy|fruity|warm spicy|woody,True
7384,Coach for Men,14,0,False,True,False,False,False,,citrus,amber|animalic|aromatic|citrus|fresh spicy|fruity|warm spicy|woody,False
7410,Coach for Men,142,2,False,True,False,False,False,clean|fresh,citrus,amber|animalic|aromatic|citrus|fresh spicy|fruity|warm spicy|woody,True
7824,Coach for Men,19,0,False,True,False,False,False,,citrus,amber|animalic|aromatic|citrus|fresh spicy|fruity|warm spicy|woody,False
7916,Coach for Men,33,0,False,True,False,False,False,,citrus,amber|animalic|aromatic|citrus|fresh spicy|fruity|warm spicy|woody,False
7979,Coach for Men,224,0,False,True,False,False,False,,citrus,amber|animalic|aromatic|citrus|fresh spicy|fruity|warm spicy|woody,False
8128,Coach for Men,303,0,False,True,False,False,False,,citrus,amber|animalic|aromatic|citrus|fresh spicy|fruity|warm spicy|woody,False
8604,Coach for Men,242,4,True,False,False,False,True,clean|fresh|fruity|soapy,citrus,amber|animalic|aromatic|citrus|fresh spicy|fruity|warm spicy|woody,False
8652,Coach for Men,11,1,False,False,False,False,False,clean,citrus,amber|animalic|aromatic|citrus|fresh spicy|fruity|warm spicy|woody,False
8747,Coach for Men,36,0,False,True,False,False,False,,citrus,amber|animalic|aromatic|citrus|fresh spicy|fruity|warm spicy|woody,False
8766,Coach for Men,129,6,False,True,False,True,True,citrus|minty|sandalwood|sweet|tobacco|woody,citrus,amber|animalic|aromatic|citrus|fresh spicy|fruity|warm spicy|woody,True
9194,Coach for Men,17,0,False,False,False,False,False,,citrus,amber|animalic|aromatic|citrus|fresh spicy|fruity|warm spicy|woody,False
9228,Narciso Rodriguez For Her,73,6,False,True,True,False,True,balsamic|musky|nutty|powdery|sweet|vanilla,,amber|fruity|powdery|rose|warm spicy|woody,False
9371,Coach for Men,48,0,False,True,False,False,False,,citrus,amber|animalic|aromatic|citrus|fresh spicy|fruity|warm spicy|woody,False
9500,Coach for Men,143,13,False,True,False,False,True,amber|aromatic|earthy|herbal|iris|minty|musky|oud|spicy|sweet|vanilla|warm spicy|woody,citrus,amber|animalic|aromatic|citrus|fresh spicy|fruity|warm spicy|woody,True
9572,Coach for Men,79,3,False,True,False,False,True,clean|fresh|woody,citrus,amber|animalic|aromatic|citrus|fresh spicy|fruity|warm spicy|woody,True
9593,Coach for Men,37,3,False,True,False,False,False,aquatic|fresh|minty,citrus,amber|animalic|aromatic|citrus|fresh spicy|fruity|warm spicy|woody,True
9606,Coach for Men,64,6,False,True,False,False,True,amber|clean|iris|lactonic|milky|oud,citrus,amber|animalic|aromatic|citrus|fresh spicy|fruity|warm spicy|woody,True
10072,Narciso Rodriguez For Her,83,4,False,True,True,False,True,clean|inky|powdery|soapy,,amber|fruity|powdery|rose|warm spicy|woody,False
10243,Coach for Men,94,3,True,False,False,False,False,clean|fresh|musky,citrus,amber|animalic|aromatic|citrus|fresh spicy|fruity|warm spicy|woody,False
10502,Tom Ford Tobacco Vanille,19,0,False,False,False,False,False,,vanilla,fruity|powdery|tobacco|vanilla|warm spicy|woody,False
10549,Coach for Men,19,0,False,True,False,False,False,,citrus,amber|animalic|aromatic|citrus|fresh spicy|fruity|warm spicy|woody,False
10597,Coach for Men,62,5,False,True,False,False,True,clean|fresh|fruity|leather|soapy,citrus,amber|animalic|aromatic|citrus|fresh spicy|fruity|warm spicy|woody,True
10620,Coach for Men,40,2,False,True,False,False,False,clean|fresh,citrus,amber|animalic|aromatic|citrus|fresh spicy|fruity|warm spicy|woody,True
10747,Coach for Men,170,5,False,True,False,False,False,clean|fresh|lactonic|milky|soapy,citrus,amber|animalic|aromatic|citrus|fresh spicy|fruity|warm spicy|woody,True
11069,Coach for Men,34,0,False,True,False,False,False,,citrus,amber|animalic|aromatic|citrus|fresh spicy|fruity|warm spicy|woody,False
11236,Narciso Rodriguez For Her,94,11,False,True,True,False,False,aquatic|citrus|clean|fresh|lactonic|marine|milky|mineral|musky|salty|soapy,,amber|fruity|powdery|rose|warm spicy|woody,False
11250,Coach for Men,203,10,False,True,False,False,True,clean|earthy|fresh|green|inky|musky|powdery|soapy|warm spicy|woody,citrus,amber|animalic|aromatic|citrus|fresh spicy|fruity|warm spicy|woody,True
11326,Coach for Men,10,0,False,True,False,False,False,,citrus,amber|animalic|aromatic|citrus|fresh spicy|fruity|warm spicy|woody,False
11328,Coach for Men,11,0,False,True,False,False,False,,citrus,amber|animalic|aromatic|citrus|fresh spicy|fruity|warm spicy|woody,False
11477,Elizabeth Arden Green Tea,22,1,False,True,False,False,False,musky,citrus,aromatic|citrus|fresh spicy|green,False
11502,Elizabeth Arden Green Tea,73,1,False,True,False,False,False,musky,citrus,aromatic|citrus|fresh spicy|green,False
11559,Coach for Men,45,5,False,True,False,False,True,amber|clean|fresh|oud|sweet,citrus,amber|animalic|aromatic|citrus|fresh spicy|fruity|warm spicy|woody,True
11697,Coach for Men,9,0,False,True,False,False,False,,citrus,amber|animalic|aromatic|citrus|fresh spicy|fruity|warm spicy|woody,False
11888,Coach for Men,13,0,False,True,False,False,False,,citrus,amber|animalic|aromatic|citrus|fresh spicy|fruity|warm spicy|woody,False
11894,Coach for Men,135,0,False,True,False,False,False,,citrus,amber|animalic|aromatic|citrus|fresh spicy|fruity|warm spicy|woody,False
11931,Elizabeth Arden Green Tea,295,4,False,True,False,False,False,amber|musky|oud|sweet,citrus,aromatic|citrus|fresh spicy|green,True
11985,Coach for Men,25,0,False,False,False,False,False,,citrus,amber|animalic|aromatic|citrus|fresh spicy|fruity|warm spicy|woody,False
12229,Coach for Men,12,0,False,True,False,False,False,,citrus,amber|animalic|aromatic|citrus|fresh spicy|fruity|warm spicy|woody,False
12715,Tom Ford Oud Wood,50,3,False,False,False,False,False,aquatic|citrus|fresh,woody,amber|aromatic|fresh spicy|oud|powdery|vanilla|warm spicy|woody,True
13169,Coach for Men,11,0,False,True,False,False,False,,citrus,amber|animalic|aromatic|citrus|fresh spicy|fruity|warm spicy|woody,False
13459,Narciso Rodriguez For Her,141,9,False,True,True,False,True,chocolate|clean|coffee|floral|fresh|inky|powdery|rose|soapy,,amber|fruity|powdery|rose|warm spicy|woody,False
13580,Coach for Men,27,0,False,True,False,False,False,,citrus,amber|animalic|aromatic|citrus|fresh spicy|fruity|warm spicy|woody,False
13732,Coach for Men,150,3,False,True,False,False,False,clean|fresh|musky,citrus,amber|animalic|aromatic|citrus|fresh spicy|fruity|warm spicy|woody,True
13849,Coach for Men,36,2,False,True,False,False,False,clean|fresh,citrus,amber|animalic|aromatic|citrus|fresh spicy|fruity|warm spicy|woody,True
13894,Elizabeth Arden Green Tea,43,0,True,False,False,False,False,,citrus,aromatic|citrus|fresh spicy|green,False
13948,Coach for Men,30,0,False,False,False,False,False,,citrus,amber|animalic|aromatic|citrus|fresh spicy|fruity|warm spicy|woody,False
13962,Coach for Men,17,0,False,True,False,False,False,,citrus,amber|animalic|aromatic|citrus|fresh spicy|fruity|warm spicy|woody,False
13995,Narciso Rodriguez For Her,62,6,False,False,True,False,True,clean|floral|fruity|rose|soapy|sweet,,amber|fruity|powdery|rose|warm spicy|woody,False
14103,Narciso Rodriguez For Her,41,1,False,True,True,False,False,sweet,,amber|fruity|powdery|rose|warm spicy|woody,False
14305,Coach for Men,132,3,False,True,False,False,False,clean|fresh|soapy,citrus,amber|animalic|aromatic|citrus|fresh spicy|fruity|warm spicy|woody,True
14418,Elizabeth Arden Green Tea,52,1,False,True,False,False,False,fresh,citrus,aromatic|citrus|fresh spicy|green,False
14472,Coach for Men,45,0,False,True,False,False,False,,citrus,amber|animalic|aromatic|citrus|fresh spicy|fruity|warm spicy|woody,False
14473,Coach for Men,14,0,False,True,False,False,False,,citrus,amber|animalic|aromatic|citrus|fresh spicy|fruity|warm spicy|woody,False
14490,Coach for Men,48,0,False,True,False,False,False,,citrus,amber|animalic|aromatic|citrus|fresh spicy|fruity|warm spicy|woody,False
14681,Coach for Men,48,3,False,False,False,False,False,clean|fresh|soapy,citrus,amber|animalic|aromatic|citrus|fresh spicy|fruity|warm spicy|woody,True
14763,Coach for Men,57,5,False,True,False,False,True,amber|earthy|musky|oud|sweet,citrus,amber|animalic|aromatic|citrus|fresh spicy|fruity|warm spicy|woody,True
14769,Coach for Men,13,2,False,True,False,False,False,clean|fresh,citrus,amber|animalic|aromatic|citrus|fresh spicy|fruity|warm spicy|woody,True
14853,Elizabeth Arden Green Tea,47,3,False,True,False,False,False,clean|fruity|soapy,citrus,aromatic|citrus|fresh spicy|green,True
14887,Coach for Men,24,0,False,True,False,False,False,,citrus,amber|animalic|aromatic|citrus|fresh spicy|fruity|warm spicy|woody,False
15013,Coach for Men,28,2,False,True,False,False,False,lactonic|milky,citrus,amber|animalic|aromatic|citrus|fresh spicy|fruity|warm spicy|woody,True
15261,Coach for Men,30,3,True,False,False,False,True,aromatic|herbal|lavender,citrus,amber|animalic|aromatic|citrus|fresh spicy|fruity|warm spicy|woody,False
15271,Coach for Men,198,0,False,True,False,False,False,,citrus,amber|animalic|aromatic|citrus|fresh spicy|fruity|warm spicy|woody,False
15272,Coach for Men,177,11,False,True,False,False,True,amber|aromatic|fresh|fresh spicy|lactonic|milky|musky|oud|sensual|sweet|woody,citrus,amber|animalic|aromatic|citrus|fresh spicy|fruity|warm spicy|woody,True
15302,Elizabeth Arden Green Tea,136,13,False,True,False,False,True,aromatic|coconut|fresh|green|herbal|honey|lactonic|milky|minty|spicy|tea|tropical|warm spicy,citrus,aromatic|citrus|fresh spicy|green,True
15598,Coach for Men,26,1,False,True,False,False,False,clean,citrus,amber|animalic|aromatic|citrus|fresh spicy|fruity|warm spicy|woody,False
15656,Coach for Men,49,2,False,True,False,False,False,clean|fresh,citrus,amber|animalic|aromatic|citrus|fresh spicy|fruity|warm spicy|woody,True
15793,Coach for Men,35,2,False,False,False,False,False,clean|soapy,citrus,amber|animalic|aromatic|citrus|fresh spicy|fruity|warm spicy|woody,True
15860,Coach for Men,65,5,False,True,False,False,False,aquatic|fresh|lactonic|milky|minty,citrus,amber|animalic|aromatic|citrus|fresh spicy|fruity|warm spicy|woody,True
16108,Coach for Men,18,0,False,True,False,False,False,,citrus,amber|animalic|aromatic|citrus|fresh spicy|fruity|warm spicy|woody,False
16262,Juliette Has a Gun Vanilla Vibes,53,0,True,False,False,False,False,,vanilla,amber|powdery|vanilla|warm spicy|woody,False
16497,Coach for Men,23,0,False,False,False,False,False,,citrus,amber|animalic|aromatic|citrus|fresh spicy|fruity|warm spicy|woody,False
16547,Coach for Men,9,0,False,False,False,False,False,,citrus,amber|animalic|aromatic|citrus|fresh spicy|fruity|warm spicy|woody,False
16749,Elizabeth Arden Green Tea,42,1,False,True,False,False,False,musky,citrus,aromatic|citrus|fresh spicy|green,False
16757,Elizabeth Arden Green Tea,58,3,False,True,False,False,False,clean|fresh|musky,citrus,aromatic|citrus|fresh spicy|green,True
16887,Coach for Men,12,0,False,True,False,False,False,,citrus,amber|animalic|aromatic|citrus|fresh spicy|fruity|warm spicy|woody,False
16916,Coach for Men,184,6,False,True,False,False,False,clean|fresh|herbal|musky|sweet|warm,citrus,amber|animalic|aromatic|citrus|fresh spicy|fruity|warm spicy|woody,True
17073,Coach for Men,16,0,False,True,False,False,False,,citrus,amber|animalic|aromatic|citrus|fresh spicy|fruity|warm spicy|woody,False
17370,Coach for Men,17,0,False,True,False,False,False,,citrus,amber|animalic|aromatic|citrus|fresh spicy|fruity|warm spicy|woody,False
17371,Coach for Men,29,0,False,False,False,False,False,,citrus,amber|animalic|aromatic|citrus|fresh spicy|fruity|warm spicy|woody,False
17442,Coach for Men,15,0,False,False,False,False,False,,citrus,amber|animalic|aromatic|citrus|fresh spicy|fruity|warm spicy|woody,False
17502,Coach for Men,9,2,False,True,False,False,False,clean|soapy,citrus,amber|animalic|aromatic|citrus|fresh spicy|fruity|warm spicy|woody,True
17583,Coach for Men,10,0,False,True,False,False,False,,citrus,amber|animalic|aromatic|citrus|fresh spicy|fruity|warm spicy|woody,False
17791,Coach for Men,40,0,False,True,False,False,False,,citrus,amber|animalic|aromatic|citrus|fresh spicy|fruity|warm spicy|woody,False
17879,Coach for Men,29,0,False,True,False,False,False,,citrus,amber|animalic|aromatic|citrus|fresh spicy|fruity|warm spicy|woody,False
18020,Coach for Men,139,4,False,True,False,False,False,clean|fresh|musky|soapy,citrus,amber|animalic|aromatic|citrus|fresh spicy|fruity|warm spicy|woody,True
18120,Coach for Men,84,0,False,True,False,False,False,,citrus,amber|animalic|aromatic|citrus|fresh spicy|fruity|warm spicy|woody,False
18174,Coach for Men,40,3,False,False,False,False,False,clean|fresh|soapy,citrus,amber|animalic|aromatic|citrus|fresh spicy|fruity|warm spicy|woody,True
18261,Coach for Men,28,3,False,True,False,False,True,amber|musky|sensual,citrus,amber|animalic|aromatic|citrus|fresh spicy|fruity|warm spicy|woody,True
18442,Coach for Men,76,5,False,True,False,False,False,aquatic|fresh|minty|musky|rose,citrus,amber|animalic|aromatic|citrus|fresh spicy|fruity|warm spicy|woody,True
18502,Coach for Men,35,0,False,False,False,False,False,,citrus,amber|animalic|aromatic|citrus|fresh spicy|fruity|warm spicy|woody,False
18690,Coach for Men,24,6,False,True,False,False,True,amber|clean|fresh|sensual|sweet|woody,citrus,amber|animalic|aromatic|citrus|fresh spicy|fruity|warm spicy|woody,True
18874,Elizabeth Arden Green Tea,37,0,False,True,False,False,False,,citrus,aromatic|citrus|fresh spicy|green,False
18877,Coach for Men,13,0,False,False,False,False,False,,citrus,amber|animalic|aromatic|citrus|fresh spicy|fruity|warm spicy|woody,False
19044,Coach for Men,113,4,False,True,False,False,True,animalic|fruity|metallic|musky,citrus,amber|animalic|aromatic|citrus|fresh spicy|fruity|warm spicy|woody,True
19106,Coach for Men,24,3,False,True,False,False,False,clean|fresh|musky,citrus,amber|animalic|aromatic|citrus|fresh spicy|fruity|warm spicy|woody,True
19142,Coach for Men,12,0,False,False,False,False,False,,citrus,amber|animalic|aromatic|citrus|fresh spicy|fruity|warm spicy|woody,False
19486,Elizabeth Arden Green Tea,20,0,False,True,False,False,False,,citrus,aromatic|citrus|fresh spicy|green,False
19594,Coach for Men,294,6,False,True,False,False,True,aromatic|clean|herbal|minty|musky|spicy,citrus,amber|animalic|aromatic|citrus|fresh spicy|fruity|warm spicy|woody,True
19941,Coach for Men,32,2,False,True,False,False,False,clean|soapy,citrus,amber|animalic|aromatic|citrus|fresh spicy|fruity|warm spicy|woody,True
19978,Coach for Men,77,0,False,True,False,False,False,,citrus,amber|animalic|aromatic|citrus|fresh spicy|fruity|warm spicy|woody,False
20212,Coach for Men,57,1,False,True,False,False,False,musky,citrus,amber|animalic|aromatic|citrus|fresh spicy|fruity|warm spicy|woody,False
20250,Coach for Men,48,0,False,False,False,False,False,,citrus,amber|animalic|aromatic|citrus|fresh spicy|fruity|warm spicy|woody,False
20547,Coach for Men,74,2,False,True,False,False,False,clean|fresh,citrus,amber|animalic|aromatic|citrus|fresh spicy|fruity|warm spicy|woody,True
20621,Elizabeth Arden Green Tea,188,7,False,True,False,False,True,aquatic|clean|fresh|green|minty|musky|tea,citrus,aromatic|citrus|fresh spicy|green,True
20679,Elizabeth Arden Green Tea,135,10,False,True,False,True,True,amber|aquatic|citrus|fresh|musky|oud|soapy|sweet|warm|warm spicy,citrus,aromatic|citrus|fresh spicy|green,True
21057,Coach for Men,48,5,False,False,False,False,False,clean|floral|fresh|green|soapy,citrus,amber|animalic|aromatic|citrus|fresh spicy|fruity|warm spicy|woody,True
21176,Coach for Men,211,5,False,True,False,False,True,amber|animalic|beeswax|oud|sweet,citrus,amber|animalic|aromatic|citrus|fresh spicy|fruity|warm spicy|woody,True
21183,Mugler Angel,26,0,False,True,True,False,False,,,caramel|fruity|honey|powdery|vanilla|warm spicy|woody,False
21374,Coach for Men,8,0,False,True,False,False,False,,citrus,amber|animalic|aromatic|citrus|fresh spicy|fruity|warm spicy|woody,False
21438,Coach for Men,50,0,False,True,False,False,False,,citrus,amber|animalic|aromatic|citrus|fresh spicy|fruity|warm spicy|woody,False
21484,Coach for Men,37,0,False,True,False,False,False,,citrus,amber|animalic|aromatic|citrus|fresh spicy|fruity|warm spicy|woody,False
21504,Coach for Men,21,2,True,False,False,False,False,clean|soapy,citrus,amber|animalic|aromatic|citrus|fresh spicy|fruity|warm spicy|woody,False
21621,Coach for Men,11,0,False,True,False,False,False,,citrus,amber|animalic|aromatic|citrus|fresh spicy|fruity|warm spicy|woody,False
21659,Coach for Men,22,0,False,True,False,False,False,,citrus,amber|animalic|aromatic|citrus|fresh spicy|fruity|warm spicy|woody,False
21732,Coach for Men,64,5,False,True,False,False,False,aldehydic|chypre|clean|floral|nutty,citrus,amber|animalic|aromatic|citrus|fresh spicy|fruity|warm spicy|woody,True
22060,Coach for Men,30,1,False,True,False,False,True,woody,citrus,amber|animalic|aromatic|citrus|fresh spicy|fruity|warm spicy|woody,False
22080,Elizabeth Arden Green Tea,97,0,False,False,False,False,False,,citrus,aromatic|citrus|fresh spicy|green,False
22204,Coach for Men,281,7,False,True,False,False,False,clean|fresh|incense|leather|oud|smoky|soapy,citrus,amber|animalic|aromatic|citrus|fresh spicy|fruity|warm spicy|woody,True
22585,Coach for Men,111,5,False,True,False,True,True,citrus|clean|fresh|musky|woody,citrus,amber|animalic|aromatic|citrus|fresh spicy|fruity|warm spicy|woody,True
22602,Coach for Men,40,1,False,True,False,False,False,musky,citrus,amber|animalic|aromatic|citrus|fresh spicy|fruity|warm spicy|woody,False
22659,Coach for Men,61,0,False,True,False,False,False,,citrus,amber|animalic|aromatic|citrus|fresh spicy|fruity|warm spicy|woody,False
22713,Elizabeth Arden Green Tea,126,3,True,False,False,False,False,clean|fruity|soapy,citrus,aromatic|citrus|fresh spicy|green,False
22781,Coach for Men,10,0,False,False,False,False,False,,citrus,amber|animalic|aromatic|citrus|fresh spicy|fruity|warm spicy|woody,False
22999,Coach for Men,22,2,False,True,False,False,False,clean|fresh,citrus,amber|animalic|aromatic|citrus|fresh spicy|fruity|warm spicy|woody,True
23317,Coach for Men,43,0,False,True,False,False,False,,citrus,amber|animalic|aromatic|citrus|fresh spicy|fruity|warm spicy|woody,False
23396,Coach for Men,347,2,True,False,False,False,True,musky|warm spicy,citrus,amber|animalic|aromatic|citrus|fresh spicy|fruity|warm spicy|woody,False
23479,Coach for Men,23,0,False,True,False,False,False,,citrus,amber|animalic|aromatic|citrus|fresh spicy|fruity|warm spicy|woody,False
23508,Narciso Rodriguez For Her,21,0,False,False,True,False,False,,,amber|fruity|powdery|rose|warm spicy|woody,False
23522,Narciso Rodriguez For Her,20,1,False,False,True,False,False,musky,,amber|fruity|powdery|rose|warm spicy|woody,False
23526,Elizabeth Arden Green Tea,15,0,False,True,False,False,False,,citrus,aromatic|citrus|fresh spicy|green,False
23533,Juliette Has a Gun Vanilla Vibes,14,0,False,True,False,False,False,,vanilla,amber|powdery|vanilla|warm spicy|woody,False
23539,Coach for Men,18,0,False,True,False,False,False,,citrus,amber|animalic|aromatic|citrus|fresh spicy|fruity|warm spicy|woody,False
23705,Coach for Men,23,5,False,False,False,False,True,aromatic|clean|fresh spicy|soapy|woody,citrus,amber|animalic|aromatic|citrus|fresh spicy|fruity|warm spicy|woody,True
23855,Coach for Men,14,0,False,False,False,False,False,,citrus,amber|animalic|aromatic|citrus|fresh spicy|fruity|warm spicy|woody,False
23859,Elizabeth Arden Green Tea,197,4,False,True,False,False,False,damp|earthy|fruity|musky,citrus,aromatic|citrus|fresh spicy|green,True
23937,Coach for Men,28,4,False,True,False,False,False,clean|fresh|musky|soapy,citrus,amber|animalic|aromatic|citrus|fresh spicy|fruity|warm spicy|woody,True
23951,Coach for Men,74,0,False,True,False,False,False,,citrus,amber|animalic|aromatic|citrus|fresh spicy|fruity|warm spicy|woody,False
24023,Coach for Men,191,0,False,True,False,False,False,,citrus,amber|animalic|aromatic|citrus|fresh spicy|fruity|warm spicy|woody,False
24038,Coach for Men,21,0,False,False,False,False,False,,citrus,amber|animalic|aromatic|citrus|fresh spicy|fruity|warm spicy|woody,False
24156,Coach for Men,76,11,False,True,False,False,True,animalic|balsamic|clean|coniferous|fresh|minty|musky|patchouli|powdery|resinous|woody,citrus,amber|animalic|aromatic|citrus|fresh spicy|fruity|warm spicy|woody,True
24224,Coach for Men,19,0,False,False,False,False,False,,citrus,amber|animalic|aromatic|citrus|fresh spicy|fruity|warm spicy|woody,False
24425,Elizabeth Arden Green Tea,47,0,False,False,False,False,False,,citrus,aromatic|citrus|fresh spicy|green,False
24471,Coach for Men,34,0,False,False,False,False,False,,citrus,amber|animalic|aromatic|citrus|fresh spicy|fruity|warm spicy|woody,False
24824,Coach for Men,316,14,True,False,False,False,True,aromatic|clean|damp|earthy|floral|fresh|green|herbal|lactonic|milky|minty|musky|soapy|spicy,citrus,amber|animalic|aromatic|citrus|fresh spicy|fruity|warm spicy|woody,False
25152,Coach for Men,49,1,False,False,False,False,False,tea,citrus,amber|animalic|aromatic|citrus|fresh spicy|fruity|warm spicy|woody,False
25283,Coach for Men,110,7,False,True,False,False,True,aromatic|clean|herbal|minty|musky|soapy|spicy,citrus,amber|animalic|aromatic|citrus|fresh spicy|fruity|warm spicy|woody,True
25510,Juliette Has a Gun Vanilla Vibes,58,6,False,True,False,True,True,balsamic|lactonic|milky|powdery|sweet|vanilla,vanilla,amber|powdery|vanilla|warm spicy|woody,True
25648,Coach for Men,8,0,False,True,False,False,False,,citrus,amber|animalic|aromatic|citrus|fresh spicy|fruity|warm spicy|woody,False
25691,Coach for Men,30,5,False,True,False,False,True,aromatic|clean|fresh spicy|soapy|woody,citrus,amber|animalic|aromatic|citrus|fresh spicy|fruity|warm spicy|woody,True
26162,Coach for Men,303,7,False,True,False,False,True,aromatic|clean|fresh|fresh spicy|musky|tea|woody,citrus,amber|animalic|aromatic|citrus|fresh spicy|fruity|warm spicy|woody,True
26213,Coach for Men,16,1,False,True,False,False,False,clean,citrus,amber|animalic|aromatic|citrus|fresh spicy|fruity|warm spicy|woody,False
26255,Coach for Men,147,6,False,True,False,False,True,aromatic|clean|fresh spicy|grassy|green|woody,citrus,amber|animalic|aromatic|citrus|fresh spicy|fruity|warm spicy|woody,True
26262,Narciso Rodriguez For Her,48,7,False,True,True,False,True,balsamic|floral|musky|powdery|rose|sweet|vanilla,,amber|fruity|powdery|rose|warm spicy|woody,False
26268,Coach for Men,15,0,False,True,False,False,False,,citrus,amber|animalic|aromatic|citrus|fresh spicy|fruity|warm spicy|woody,False
26289,Elizabeth Arden Green Tea,194,8,False,True,False,False,False,clean|damp|earthy|iris|minty|powdery|violet|warm,citrus,aromatic|citrus|fresh spicy|green,True
26423,Coach for Men,16,4,False,True,False,False,False,aldehydic|chypre|clean|floral,citrus,amber|animalic|aromatic|citrus|fresh spicy|fruity|warm spicy|woody,True
26446,Coach for Men,21,0,False,True,False,False,False,,citrus,amber|animalic|aromatic|citrus|fresh spicy|fruity|warm spicy|woody,False
26712,Juliette Has a Gun Vanilla Vibes,15,1,False,False,False,False,False,musky,vanilla,amber|powdery|vanilla|warm spicy|woody,False
26720,Coach for Men,18,2,False,True,False,False,False,clean|fresh,citrus,amber|animalic|aromatic|citrus|fresh spicy|fruity|warm spicy|woody,True
26806,Elizabeth Arden Green Tea,116,7,False,True,False,False,True,clean|fresh|green|musky|powdery|soapy|tea,citrus,aromatic|citrus|fresh spicy|green,True
26862,Coach for Men,12,0,False,False,False,False,False,,citrus,amber|animalic|aromatic|citrus|fresh spicy|fruity|warm spicy|woody,False
26886,Coach for Men,24,0,False,True,False,False,False,,citrus,amber|animalic|aromatic|citrus|fresh spicy|fruity|warm spicy|woody,False
27131,Coach for Men,32,0,False,True,False,False,False,,citrus,amber|animalic|aromatic|citrus|fresh spicy|fruity|warm spicy|woody,False
27156,Coach for Men,47,2,False,True,False,False,False,clean|fresh,citrus,amber|animalic|aromatic|citrus|fresh spicy|fruity|warm spicy|woody,True
27234,Coach for Men,384,8,False,False,False,False,True,amber|clean|floral|fresh|fruity|musky|oud|sweet,citrus,amber|animalic|aromatic|citrus|fresh spicy|fruity|warm spicy|woody,True
27335,Elizabeth Arden Green Tea,24,2,False,True,False,False,False,clean|soapy,citrus,aromatic|citrus|fresh spicy|green,True
27336,Coach for Men,33,5,False,True,False,False,False,aquatic|coconut|ozonic|salty|tropical,citrus,amber|animalic|aromatic|citrus|fresh spicy|fruity|warm spicy|woody,True
27357,Coach for Men,60,0,False,True,False,False,False,,citrus,amber|animalic|aromatic|citrus|fresh spicy|fruity|warm spicy|woody,False
27660,Coach for Men,98,0,False,True,False,False,False,,citrus,amber|animalic|aromatic|citrus|fresh spicy|fruity|warm spicy|woody,False
27805,Coach for Men,55,5,False,True,False,True,True,citrus|lactonic|milky|musky|white floral,citrus,amber|animalic|aromatic|citrus|fresh spicy|fruity|warm spicy|woody,True
27857,Coach for Men,17,0,False,True,False,False,False,,citrus,amber|animalic|aromatic|citrus|fresh spicy|fruity|warm spicy|woody,False
27866,Coach for Men,67,0,False,True,False,False,False,,citrus,amber|animalic|aromatic|citrus|fresh spicy|fruity|warm spicy|woody,False
27868,Coach for Men,67,0,False,True,False,False,False,,citrus,amber|animalic|aromatic|citrus|fresh spicy|fruity|warm spicy|woody,False
27876,Elizabeth Arden Green Tea,162,3,False,True,False,False,False,minty|musky|warm,citrus,aromatic|citrus|fresh spicy|green,True
27914,Coach for Men,57,4,False,True,False,True,True,citrus|clean|fruity|soapy,citrus,amber|animalic|aromatic|citrus|fresh spicy|fruity|warm spicy|woody,True
27915,Elizabeth Arden Green Tea,89,10,False,True,False,False,True,amber|coconut|fruity|green|resinous|tea|tropical|vanilla|warm|warm spicy,citrus,aromatic|citrus|fresh spicy|green,True
27963,Coach for Men,17,1,False,True,False,False,False,coffee,citrus,amber|animalic|aromatic|citrus|fresh spicy|fruity|warm spicy|woody,False
28279,Coach for Men,20,2,False,True,False,False,False,clean|fresh,citrus,amber|animalic|aromatic|citrus|fresh spicy|fruity|warm spicy|woody,True
28303,Calvin Klein CK One,25,0,False,True,False,False,False,,citrus,aromatic|citrus|green,False
28444,Coach for Men,41,0,False,True,False,False,False,,citrus,amber|animalic|aromatic|citrus|fresh spicy|fruity|warm spicy|woody,False
28550,Elizabeth Arden Green Tea,84,0,False,True,False,False,False,,citrus,aromatic|citrus|fresh spicy|green,False
28579,Coach for Men,118,9,False,True,False,True,True,aromatic|citrus|clean|herbal|iris|lavender|musky|powdery|violet,citrus,amber|animalic|aromatic|citrus|fresh spicy|fruity|warm spicy|woody,True
28655,Elizabeth Arden Green Tea,9,2,True,False,False,False,False,camphor|herbal,citrus,aromatic|citrus|fresh spicy|green,False
28678,Narciso Rodriguez For Her,98,11,False,True,True,False,True,almond|amber|clean|coconut|fresh|iris|minty|musky|oud|soapy|tropical,,amber|fruity|powdery|rose|warm spicy|woody,False
28705,Coach for Men,46,0,False,True,False,False,False,,citrus,amber|animalic|aromatic|citrus|fresh spicy|fruity|warm spicy|woody,False
28791,Coach for Men,12,1,False,False,False,False,False,clean,citrus,amber|animalic|aromatic|citrus|fresh spicy|fruity|warm spicy|woody,False
28864,Azzaro Pour Homme,69,0,False,True,False,False,False,,aromatic,aromatic|citrus|earthy|fresh spicy|leather|mossy|powdery|warm spicy|woody,False
29076,Coach for Men,12,2,False,False,False,True,True,citrus|white floral,citrus,amber|animalic|aromatic|citrus|fresh spicy|fruity|warm spicy|woody,True
29079,Coach for Men,127,3,False,True,False,False,False,aquatic|fresh|minty,citrus,amber|animalic|aromatic|citrus|fresh spicy|fruity|warm spicy|woody,True
29324,Elizabeth Arden Green Tea,22,0,True,False,False,False,False,,citrus,aromatic|citrus|fresh spicy|green,False
29629,Tom Ford Amber Absolute,9,0,False,True,False,False,False,,amber,amber|smoky|vanilla|woody,False
29643,Elizabeth Arden Green Tea,10,2,False,True,False,False,False,clean|musky,citrus,aromatic|citrus|fresh spicy|green,True
29701,Elizabeth Arden Green Tea,15,0,False,True,False,False,False,,citrus,aromatic|citrus|fresh spicy|green,False
30116,Coach for Men,41,0,True,False,False,False,False,,citrus,amber|animalic|aromatic|citrus|fresh spicy|fruity|warm spicy|woody,False
30384,Coach for Men,53,8,False,True,False,False,True,aromatic|clean|floral|fresh|fresh spicy|powdery|sweet|woody,citrus,amber|animalic|aromatic|citrus|fresh spicy|fruity|warm spicy|woody,True
30385,Coach for Men,53,8,False,True,False,False,True,aromatic|clean|floral|fresh|fresh spicy|powdery|sweet|woody,citrus,amber|animalic|aromatic|citrus|fresh spicy|fruity|warm spicy|woody,True
30515,Coach for Men,98,8,False,True,False,False,False,aquatic|floral|fresh|green|marine|minty|musky|salty,citrus,amber|animalic|aromatic|citrus|fresh spicy|fruity|warm spicy|woody,True
30524,Coach for Men,51,2,False,True,False,False,False,leather|tobacco,citrus,amber|animalic|aromatic|citrus|fresh spicy|fruity|warm spicy|woody,True
30560,Coach for Men,183,5,False,True,False,True,True,animalic|aquatic|citrus|clean|fresh,citrus,amber|animalic|aromatic|citrus|fresh spicy|fruity|warm spicy|woody,True
30632,Coach for Men,114,9,False,True,False,False,True,aromatic|clean|fresh|herbal|lavender|minty|pear|soapy|tobacco,citrus,amber|animalic|aromatic|citrus|fresh spicy|fruity|warm spicy|woody,True
30724,Coach for Men,16,2,False,False,False,False,False,clean|fresh,citrus,amber|animalic|aromatic|citrus|fresh spicy|fruity|warm spicy|woody,True
30905,Elizabeth Arden Green Tea,63,7,False,True,False,False,False,aquatic|coconut|marine|musky|ozonic|salty|tropical,citrus,aromatic|citrus|fresh spicy|green,True
30908,Elizabeth Arden Green Tea,87,4,False,True,False,False,False,amber|musky|oud|sweet,citrus,aromatic|citrus|fresh spicy|green,True
31000,Coach for Men,115,0,False,True,False,False,False,,citrus,amber|animalic|aromatic|citrus|fresh spicy|fruity|warm spicy|woody,False
31062,Coach for Men,27,0,False,True,False,False,False,,citrus,amber|animalic|aromatic|citrus|fresh spicy|fruity|warm spicy|woody,False
31401,Coach for Men,46,0,False,True,False,False,False,,citrus,amber|animalic|aromatic|citrus|fresh spicy|fruity|warm spicy|woody,False
31870,Coach for Men,36,1,False,True,False,False,True,animalic,citrus,amber|animalic|aromatic|citrus|fresh spicy|fruity|warm spicy|woody,False
31879,Coach for Men,40,0,False,True,False,False,False,,citrus,amber|animalic|aromatic|citrus|fresh spicy|fruity|warm spicy|woody,False
31920,Coach for Men,82,4,False,True,False,False,False,clean|fresh|musky|soapy,citrus,amber|animalic|aromatic|citrus|fresh spicy|fruity|warm spicy|woody,True
31986,Coach for Men,13,0,False,True,False,False,False,,citrus,amber|animalic|aromatic|citrus|fresh spicy|fruity|warm spicy|woody,False
32171,Coach for Men,40,3,False,True,False,False,True,aromatic|camphor|herbal,citrus,amber|animalic|aromatic|citrus|fresh spicy|fruity|warm spicy|woody,True
32233,Coach for Men,38,11,False,False,False,True,True,aromatic|citrus|coconut|coniferous|green|herbal|minty|mossy|spicy|tropical|woody,citrus,amber|animalic|aromatic|citrus|fresh spicy|fruity|warm spicy|woody,True
32251,Coach for Men,60,4,False,False,False,False,False,aquatic|fresh|minty|powdery,citrus,amber|animalic|aromatic|citrus|fresh spicy|fruity|warm spicy|woody,True
32252,Coach for Men,82,0,False,False,False,False,False,,citrus,amber|animalic|aromatic|citrus|fresh spicy|fruity|warm spicy|woody,False
32408,Coach for Men,33,0,False,True,False,False,False,,citrus,amber|animalic|aromatic|citrus|fresh spicy|fruity|warm spicy|woody,False
32526,Coach for Men,27,0,False,True,False,False,False,,citrus,amber|animalic|aromatic|citrus|fresh spicy|fruity|warm spicy|woody,False
32603,Elizabeth Arden Green Tea,35,1,False,True,False,False,False,musky,citrus,aromatic|citrus|fresh spicy|green,False
32738,Elizabeth Arden Green Tea,61,3,False,True,False,False,False,amber|oud|sweet,citrus,aromatic|citrus|fresh spicy|green,True
32747,Elizabeth Arden Green Tea,11,0,False,False,False,False,False,,citrus,aromatic|citrus|fresh spicy|green,False
32844,Coach for Men,35,0,False,True,False,False,False,,citrus,amber|animalic|aromatic|citrus|fresh spicy|fruity|warm spicy|woody,False
33203,Creed Silver Mountain Water,15,0,False,True,False,False,False,,citrus,aromatic|citrus|fresh spicy|fruity|green|powdery|woody,False
33296,Coach for Men,44,10,True,False,False,False,True,amber|clean|coniferous|fresh|green|mossy|musky|sensual|soapy|woody,citrus,amber|animalic|aromatic|citrus|fresh spicy|fruity|warm spicy|woody,False
33442,Coach for Men,19,0,False,False,False,False,False,,citrus,amber|animalic|aromatic|citrus|fresh spicy|fruity|warm spicy|woody,False
33738,Coach for Men,207,7,False,True,False,False,False,clean|fresh|inky|lactonic|metallic|milky|musky,citrus,amber|animalic|aromatic|citrus|fresh spicy|fruity|warm spicy|woody,True
33739,Coach for Men,134,2,False,True,False,False,False,clean|fresh,citrus,amber|animalic|aromatic|citrus|fresh spicy|fruity|warm spicy|woody,True
33832,Elizabeth Arden Green Tea,54,0,False,True,False,False,False,,citrus,aromatic|citrus|fresh spicy|green,False
34024,Coach for Men,13,0,False,True,False,False,False,,citrus,amber|animalic|aromatic|citrus|fresh spicy|fruity|warm spicy|woody,False
34108,Narciso Rodriguez For Her,40,0,False,True,True,False,False,,,amber|fruity|powdery|rose|warm spicy|woody,False
34274,Coach for Men,12,2,False,True,False,False,False,clean|fresh,citrus,amber|animalic|aromatic|citrus|fresh spicy|fruity|warm spicy|woody,True
34314,Coach for Men,62,0,False,False,False,False,False,,citrus,amber|animalic|aromatic|citrus|fresh spicy|fruity|warm spicy|woody,False
34632,Coach for Men,87,2,False,True,False,False,False,lactonic|milky,citrus,amber|animalic|aromatic|citrus|fresh spicy|fruity|warm spicy|woody,True
34670,Coach for Men,13,0,False,True,False,False,False,,citrus,amber|animalic|aromatic|citrus|fresh spicy|fruity|warm spicy|woody,False
34682,Coach for Men,37,2,False,True,False,False,False,clean|fresh,citrus,amber|animalic|aromatic|citrus|fresh spicy|fruity|warm spicy|woody,True
34914,Coach for Men,16,0,False,True,False,False,False,,citrus,amber|animalic|aromatic|citrus|fresh spicy|fruity|warm spicy|woody,False
35183,Elizabeth Arden Green Tea,48,1,False,True,False,False,True,green,citrus,aromatic|citrus|fresh spicy|green,False
35301,Coach for Men,17,0,False,True,False,False,False,,citrus,amber|animalic|aromatic|citrus|fresh spicy|fruity|warm spicy|woody,False
35489,Coach for Men,46,3,False,True,False,False,False,clean|fresh|musky,citrus,amber|animalic|aromatic|citrus|fresh spicy|fruity|warm spicy|woody,True
35495,Coach for Men,11,0,False,True,False,False,False,,citrus,amber|animalic|aromatic|citrus|fresh spicy|fruity|warm spicy|woody,False
35669,Coach for Men,32,0,False,False,False,False,False,,citrus,amber|animalic|aromatic|citrus|fresh spicy|fruity|warm spicy|woody,False
35753,Coach for Men,45,0,False,True,False,False,False,,citrus,amber|animalic|aromatic|citrus|fresh spicy|fruity|warm spicy|woody,False
35802,Coach for Men,206,11,False,True,False,True,True,balsamic|citrus|clean|fresh|fruity|gourmand|musky|powdery|soapy|sweet|vanilla,citrus,amber|animalic|aromatic|citrus|fresh spicy|fruity|warm spicy|woody,True
36120,Coach for Men,66,4,False,False,False,False,True,balsamic|coniferous|resinous|woody,citrus,amber|animalic|aromatic|citrus|fresh spicy|fruity|warm spicy|woody,True
36236,Coach for Men,8,0,False,False,False,False,False,,citrus,amber|animalic|aromatic|citrus|fresh spicy|fruity|warm spicy|woody,False
36493,Coach for Men,116,4,False,True,False,True,True,citrus|clean|fresh|musky,citrus,amber|animalic|aromatic|citrus|fresh spicy|fruity|warm spicy|woody,True
36500,Coach for Men,70,0,False,True,False,False,False,,citrus,amber|animalic|aromatic|citrus|fresh spicy|fruity|warm spicy|woody,False
36769,Coach for Men,23,0,False,True,False,False,False,,citrus,amber|animalic|aromatic|citrus|fresh spicy|fruity|warm spicy|woody,False
37292,Coach for Men,61,3,False,True,False,True,True,citrus|fresh|fruity,citrus,amber|animalic|aromatic|citrus|fresh spicy|fruity|warm spicy|woody,True
37495,Coach for Men,25,0,False,False,False,False,False,,citrus,amber|animalic|aromatic|citrus|fresh spicy|fruity|warm spicy|woody,False
37496,Coach for Men,44,0,False,True,False,False,False,,citrus,amber|animalic|aromatic|citrus|fresh spicy|fruity|warm spicy|woody,False
37925,Elizabeth Arden Green Tea,47,0,False,True,False,False,False,,citrus,aromatic|citrus|fresh spicy|green,False
38096,Coach for Men,74,6,False,True,False,False,False,clean|lactonic|milky|musky|powdery|soapy,citrus,amber|animalic|aromatic|citrus|fresh spicy|fruity|warm spicy|woody,True
38197,Coach for Men,103,5,False,True,False,False,False,clean|fresh|musky|soapy|tea,citrus,amber|animalic|aromatic|citrus|fresh spicy|fruity|warm spicy|woody,True
38386,Coach for Men,11,0,False,False,False,False,False,,citrus,amber|animalic|aromatic|citrus|fresh spicy|fruity|warm spicy|woody,False
38413,Coach for Men,195,6,False,True,False,True,True,citrus|clean|fruity|musky|soapy|sweet,citrus,amber|animalic|aromatic|citrus|fresh spicy|fruity|warm spicy|woody,True
38546,Coach for Men,43,0,False,True,False,False,False,,citrus,amber|animalic|aromatic|citrus|fresh spicy|fruity|warm spicy|woody,False
38571,Coach for Men,9,4,True,False,False,False,True,clean|fresh|fruity|soapy,citrus,amber|animalic|aromatic|citrus|fresh spicy|fruity|warm spicy|woody,False
38917,Elizabeth Arden Green Tea,38,0,False,False,False,False,False,,citrus,aromatic|citrus|fresh spicy|green,False
38960,Elizabeth Arden Green Tea,14,1,False,True,False,False,False,clean,citrus,aromatic|citrus|fresh spicy|green,False
39209,Coach for Men,27,0,False,True,False,False,False,,citrus,amber|animalic|aromatic|citrus|fresh spicy|fruity|warm spicy|woody,False
39250,Elizabeth Arden Green Tea,18,0,False,True,False,False,False,,citrus,aromatic|citrus|fresh spicy|green,False
39256,Coach for Men,73,0,False,True,False,False,False,,citrus,amber|animalic|aromatic|citrus|fresh spicy|fruity|warm spicy|woody,False
39275,Coach for Men,36,1,False,True,False,False,False,warm,citrus,amber|animalic|aromatic|citrus|fresh spicy|fruity|warm spicy|woody,False
39307,Coach for Men,54,0,False,False,False,False,False,,citrus,amber|animalic|aromatic|citrus|fresh spicy|fruity|warm spicy|woody,False
39683,Elizabeth Arden Green Tea,44,4,False,True,False,True,True,citrus|clean|fruity|soapy,citrus,aromatic|citrus|fresh spicy|green,True
39786,Coach for Men,32,0,False,False,False,False,False,,citrus,amber|animalic|aromatic|citrus|fresh spicy|fruity|warm spicy|woody,False
40257,Coach for Men,19,0,False,True,False,False,False,,citrus,amber|animalic|aromatic|citrus|fresh spicy|fruity|warm spicy|woody,False
40279,Coach for Men,24,0,False,False,False,False,False,,citrus,amber|animalic|aromatic|citrus|fresh spicy|fruity|warm spicy|woody,False
40828,Coach for Men,27,3,False,True,False,False,True,clean|fresh|woody,citrus,amber|animalic|aromatic|citrus|fresh spicy|fruity|warm spicy|woody,True
40835,Coach for Men,57,1,False,True,False,True,True,citrus,citrus,amber|animalic|aromatic|citrus|fresh spicy|fruity|warm spicy|woody,False
40903,Coach for Men,18,4,False,True,False,False,True,aromatic|fresh spicy|sweet|woody,citrus,amber|animalic|aromatic|citrus|fresh spicy|fruity|warm spicy|woody,True
41064,Coach for Men,56,0,False,True,False,False,False,,citrus,amber|animalic|aromatic|citrus|fresh spicy|fruity|warm spicy|woody,False
41210,Coach for Men,73,0,False,True,False,False,False,,citrus,amber|animalic|aromatic|citrus|fresh spicy|fruity|warm spicy|woody,False
41477,Elizabeth Arden Green Tea,91,3,False,True,False,False,True,fresh|green|tea,citrus,aromatic|citrus|fresh spicy|green,True
41484,Coach for Men,55,1,False,True,False,False,False,musky,citrus,amber|animalic|aromatic|citrus|fresh spicy|fruity|warm spicy|woody,False
41677,Coach for Men,38,6,False,True,False,False,True,balsamic|clean|coniferous|resinous|soapy|woody,citrus,amber|animalic|aromatic|citrus|fresh spicy|fruity|warm spicy|woody,True
41708,Coach for Men,220,10,False,True,False,True,True,amber|citrus|clean|fresh|fruity|lactonic|milky|oud|sweet|warm,citrus,amber|animalic|aromatic|citrus|fresh spicy|fruity|warm spicy|woody,True
41709,Coach for Men,25,2,False,True,False,False,False,aldehydic|powdery,citrus,amber|animalic|aromatic|citrus|fresh spicy|fruity|warm spicy|woody,True
41765,Coach for Men,117,7,False,True,False,False,True,aromatic|floral|herbal|lactonic|lavender|musky|sweet,citrus,amber|animalic|aromatic|citrus|fresh spicy|fruity|warm spicy|woody,True
41833,Coach for Men,45,0,False,True,False,False,False,,citrus,amber|animalic|aromatic|citrus|fresh spicy|fruity|warm spicy|woody,False
42029,Coach for Men,52,6,False,True,False,False,True,amber|aromatic|fresh spicy|sweet|warm spicy|woody,citrus,amber|animalic|aromatic|citrus|fresh spicy|fruity|warm spicy|woody,True
42073,Coach for Men,14,0,False,True,False,False,False,,citrus,amber|animalic|aromatic|citrus|fresh spicy|fruity|warm spicy|woody,False
42079,Coach for Men,14,0,False,True,False,False,False,,citrus,amber|animalic|aromatic|citrus|fresh spicy|fruity|warm spicy|woody,False
42111,Coach for Men,10,1,False,True,False,False,False,musky,citrus,amber|animalic|aromatic|citrus|fresh spicy|fruity|warm spicy|woody,False
42416,Coach for Men,8,0,False,False,False,False,False,,citrus,amber|animalic|aromatic|citrus|fresh spicy|fruity|warm spicy|woody,False
42658,Coach for Men,17,2,False,True,False,False,False,alcohol|fresh,citrus,amber|animalic|aromatic|citrus|fresh spicy|fruity|warm spicy|woody,True
42902,Coach for Men,8,0,False,False,False,False,False,,citrus,amber|animalic|aromatic|citrus|fresh spicy|fruity|warm spicy|woody,False
43144,Coach for Men,18,4,True,False,False,False,True,aromatic|fresh spicy|musky|woody,citrus,amber|animalic|aromatic|citrus|fresh spicy|fruity|warm spicy|woody,False
43163,Coach for Men,37,7,False,True,False,False,True,amber|earthy|leather|resinous|tobacco|warm spicy|woody,citrus,amber|animalic|aromatic|citrus|fresh spicy|fruity|warm spicy|woody,True
43546,Narciso Rodriguez For Her,16,0,False,False,True,False,False,,,amber|fruity|powdery|rose|warm spicy|woody,False
43563,Coach for Men,12,0,False,False,False,False,False,,citrus,amber|animalic|aromatic|citrus|fresh spicy|fruity|warm spicy|woody,False
43845,Coach for Men,24,0,False,True,False,False,False,,citrus,amber|animalic|aromatic|citrus|fresh spicy|fruity|warm spicy|woody,False
44117,Coach for Men,38,4,False,True,False,False,True,animalic|oud|spicy|woody,citrus,amber|animalic|aromatic|citrus|fresh spicy|fruity|warm spicy|woody,True
44118,Coach for Men,77,0,False,True,False,False,False,,citrus,amber|animalic|aromatic|citrus|fresh spicy|fruity|warm spicy|woody,False
44196,Coach for Men,95,0,False,True,False,False,False,,citrus,amber|animalic|aromatic|citrus|fresh spicy|fruity|warm spicy|woody,False
44730,Juliette Has a Gun Vanilla Vibes,86,4,False,True,False,False,False,lactonic|milky|musky|sweet,vanilla,amber|powdery|vanilla|warm spicy|woody,True
44781,Juliette Has a Gun Vanilla Vibes,123,6,False,True,False,True,True,balsamic|coconut|powdery|sweet|tropical|vanilla,vanilla,amber|powdery|vanilla|warm spicy|woody,True
44804,Coach for Men,51,2,False,False,False,False,False,clean|musky,citrus,amber|animalic|aromatic|citrus|fresh spicy|fruity|warm spicy|woody,True
45056,Coach for Men,11,2,False,True,False,False,False,floral|fresh,citrus,amber|animalic|aromatic|citrus|fresh spicy|fruity|warm spicy|woody,True
45176,Coach for Men,18,0,False,False,False,False,False,,citrus,amber|animalic|aromatic|citrus|fresh spicy|fruity|warm spicy|woody,False
45610,Coach for Men,37,0,False,False,False,False,False,,citrus,amber|animalic|aromatic|citrus|fresh spicy|fruity|warm spicy|woody,False
45619,Elizabeth Arden Green Tea,20,0,False,True,False,False,False,,citrus,aromatic|citrus|fresh spicy|green,False
45728,Coach for Men,14,2,False,True,False,True,True,citrus|fruity,citrus,amber|animalic|aromatic|citrus|fresh spicy|fruity|warm spicy|woody,True
45969,Coach for Men,23,2,False,True,False,False,False,clean|fresh,citrus,amber|animalic|aromatic|citrus|fresh spicy|fruity|warm spicy|woody,True
46032,Coach for Men,9,0,False,True,False,False,False,,citrus,amber|animalic|aromatic|citrus|fresh spicy|fruity|warm spicy|woody,False
46174,Coach for Men,136,7,False,True,False,False,True,aldehydic|clean|floral|fresh|fruity|powdery|soapy,citrus,amber|animalic|aromatic|citrus|fresh spicy|fruity|warm spicy|woody,True
46680,Coach for Men,97,4,False,True,False,False,False,clean|fresh|musky|soapy,citrus,amber|animalic|aromatic|citrus|fresh spicy|fruity|warm spicy|woody,True
46861,Coach for Men,21,0,False,True,False,False,False,,citrus,amber|animalic|aromatic|citrus|fresh spicy|fruity|warm spicy|woody,False
46887,Coach for Men,90,3,False,True,False,False,True,animalic|musky|oud,citrus,amber|animalic|aromatic|citrus|fresh spicy|fruity|warm spicy|woody,True
47305,Coach for Men,32,3,False,True,False,False,True,aromatic|fresh spicy|woody,citrus,amber|animalic|aromatic|citrus|fresh spicy|fruity|warm spicy|woody,True
47378,Coach for Men,18,0,False,True,False,False,False,,citrus,amber|animalic|aromatic|citrus|fresh spicy|fruity|warm spicy|woody,False
47433,Coach for Men,47,2,True,False,False,False,False,clean|fresh,citrus,amber|animalic|aromatic|citrus|fresh spicy|fruity|warm spicy|woody,False
47478,Coach for Men,69,1,False,False,False,False,False,fresh,citrus,amber|animalic|aromatic|citrus|fresh spicy|fruity|warm spicy|woody,False
47853,Coach for Men,20,2,False,True,False,False,False,fresh|musky,citrus,amber|animalic|aromatic|citrus|fresh spicy|fruity|warm spicy|woody,True
48060,Coach for Men,14,0,False,True,False,False,False,,citrus,amber|animalic|aromatic|citrus|fresh spicy|fruity|warm spicy|woody,False
48310,Coach for Men,35,9,False,True,False,False,True,amber|aromatic|clean|fresh|fresh spicy|musky|sensual|soapy|woody,citrus,amber|animalic|aromatic|citrus|fresh spicy|fruity|warm spicy|woody,True
48374,Elizabeth Arden Green Tea,32,0,False,True,False,False,False,,citrus,aromatic|citrus|fresh spicy|green,False
48379,Coach for Men,22,2,False,False,False,False,False,clean|fresh,citrus,amber|animalic|aromatic|citrus|fresh spicy|fruity|warm spicy|woody,True
48679,Coach for Men,45,6,False,True,False,False,True,aldehydic|amber|chypre|floral|sweet|warm spicy,citrus,amber|animalic|aromatic|citrus|fresh spicy|fruity|warm spicy|woody,True
48758,Coach for Men,152,4,True,False,False,False,True,aromatic|camphor|herbal|musky,citrus,amber|animalic|aromatic|citrus|fresh spicy|fruity|warm spicy|woody,False
48911,Coach for Men,35,2,False,True,False,False,False,clean|fresh,citrus,amber|animalic|aromatic|citrus|fresh spicy|fruity|warm spicy|woody,True
49024,Juliette Has a Gun Vanilla Vibes,30,4,True,False,False,False,False,aquatic|citrus|clean|fresh,vanilla,amber|powdery|vanilla|warm spicy|woody,False
49058,Elizabeth Arden Green Tea,74,3,False,True,False,False,False,lactonic|milky|musky,citrus,aromatic|citrus|fresh spicy|green,True
49157,Coach for Men,43,2,False,True,False,False,True,almond|fruity,citrus,amber|animalic|aromatic|citrus|fresh spicy|fruity|warm spicy|woody,True
49176,Coach for Men,39,2,False,True,False,True,True,citrus|fruity,citrus,amber|animalic|aromatic|citrus|fresh spicy|fruity|warm spicy|woody,True
49206,Elizabeth Arden Green Tea,347,8,False,True,False,False,True,alcohol|clean|fresh|green|inky|metallic|musky|tea,citrus,aromatic|citrus|fresh spicy|green,True
49370,Coach for Men,97,4,False,True,False,False,False,clean|fresh|musky|soapy,citrus,amber|animalic|aromatic|citrus|fresh spicy|fruity|warm spicy|woody,True
49372,Coach for Men,180,7,False,True,False,False,True,balsamic|coffee|fruity|powdery|sweet|tea|vanilla,citrus,amber|animalic|aromatic|citrus|fresh spicy|fruity|warm spicy|woody,True
49539,Elizabeth Arden Green Tea,15,3,True,False,False,False,False,clean|fruity|soapy,citrus,aromatic|citrus|fresh spicy|green,False
49950,Elizabeth Arden Green Tea,20,3,False,True,False,False,False,clean|musky|soapy,citrus,aromatic|citrus|fresh spicy|green,True
49957,Coach for Men,56,4,False,True,False,False,False,aquatic|marine|musky|salty,citrus,amber|animalic|aromatic|citrus|fresh spicy|fruity|warm spicy|woody,True
50124,Coach for Men,128,5,False,True,False,True,True,aldehydic|citrus|floral|powdery|woody,citrus,amber|animalic|aromatic|citrus|fresh spicy|fruity|warm spicy|woody,True
50201,Coach for Men,41,2,False,False,False,False,False,lactonic|milky,citrus,amber|animalic|aromatic|citrus|fresh spicy|fruity|warm spicy|woody,True
50288,Coach for Men,26,3,False,False,False,True,True,aquatic|citrus|fresh,citrus,amber|animalic|aromatic|citrus|fresh spicy|fruity|warm spicy|woody,True
50355,Elizabeth Arden Green Tea,10,0,False,False,False,False,False,,citrus,aromatic|citrus|fresh spicy|green,False
50442,Coach for Men,48,1,False,True,False,False,False,musky,citrus,amber|animalic|aromatic|citrus|fresh spicy|fruity|warm spicy|woody,False
50664,Coach for Men,65,5,False,True,False,False,True,aromatic|clean|herbal|musky|soapy,citrus,amber|animalic|aromatic|citrus|fresh spicy|fruity|warm spicy|woody,True
50755,Coach for Men,13,0,False,False,False,False,False,,citrus,amber|animalic|aromatic|citrus|fresh spicy|fruity|warm spicy|woody,False
50903,Coach for Men,79,6,False,True,False,False,False,aldehydic|floral|incense|musk|musky|resinous,citrus,amber|animalic|aromatic|citrus|fresh spicy|fruity|warm spicy|woody,True
51220,Coach for Men,199,5,False,True,False,False,True,aromatic|clean|fresh spicy|musky|woody,citrus,amber|animalic|aromatic|citrus|fresh spicy|fruity|warm spicy|woody,True
51237,Coach for Men,206,10,False,True,False,False,True,cacao|chocolate|coconut|earthy|lactonic|milky|tropical|vanilla|warm spicy|woody,citrus,amber|animalic|aromatic|citrus|fresh spicy|fruity|warm spicy|woody,True
51262,Coach for Men,140,0,False,True,False,False,False,,citrus,amber|animalic|aromatic|citrus|fresh spicy|fruity|warm spicy|woody,False
51306,Coach for Men,58,3,False,True,False,False,False,clean|fresh|musky,citrus,amber|animalic|aromatic|citrus|fresh spicy|fruity|warm spicy|woody,True
51451,Coach for Men,156,6,False,True,False,False,False,clean|fresh|inky|metallic|musky|soapy,citrus,amber|animalic|aromatic|citrus|fresh spicy|fruity|warm spicy|woody,True
51490,Coach for Men,150,13,False,True,False,True,True,aquatic|aromatic|boozy|citrus|clean|fresh|fruity|herbal|minty|rum|sandalwood|soapy|woody,citrus,amber|animalic|aromatic|citrus|fresh spicy|fruity|warm spicy|woody,True
51558,Coach for Men,69,4,False,True,False,False,True,floral|powdery|sweet|woody,citrus,amber|animalic|aromatic|citrus|fresh spicy|fruity|warm spicy|woody,True
51582,Prada Candy,21,0,False,True,False,False,False,,caramel,amber|caramel|powdery|vanilla|warm spicy,False
51792,Coach for Men,38,3,False,True,False,False,True,amber|resinous|warm spicy,citrus,amber|animalic|aromatic|citrus|fresh spicy|fruity|warm spicy|woody,True
51813,Coach for Men,42,3,False,True,False,False,True,clean|fruity|soapy,citrus,amber|animalic|aromatic|citrus|fresh spicy|fruity|warm spicy|woody,True
51852,Elizabeth Arden Green Tea,49,1,False,True,False,False,False,musky,citrus,aromatic|citrus|fresh spicy|green,False
52056,Coach for Men,22,4,False,True,False,False,False,aquatic|fresh|green|musky,citrus,amber|animalic|aromatic|citrus|fresh spicy|fruity|warm spicy|woody,True
52089,Coach for Men,82,4,False,True,False,False,True,clean|fresh|fruity|sweet,citrus,amber|animalic|aromatic|citrus|fresh spicy|fruity|warm spicy|woody,True
52144,Coach for Men,92,8,False,True,False,False,True,amber|aromatic|clean|fresh|fruity|oud|soapy|sweet,citrus,amber|animalic|aromatic|citrus|fresh spicy|fruity|warm spicy|woody,True
52272,Coach for Men,12,2,False,True,False,False,False,clean|fresh,citrus,amber|animalic|aromatic|citrus|fresh spicy|fruity|warm spicy|woody,True
52412,Coach for Men,31,0,False,True,False,False,False,,citrus,amber|animalic|aromatic|citrus|fresh spicy|fruity|warm spicy|woody,False
52625,Coach for Men,41,0,False,True,False,False,False,,citrus,amber|animalic|aromatic|citrus|fresh spicy|fruity|warm spicy|woody,False
52719,Elizabeth Arden Green Tea,10,0,False,True,False,False,False,,citrus,aromatic|citrus|fresh spicy|green,False
52853,Coach for Men,14,0,False,True,False,False,False,,citrus,amber|animalic|aromatic|citrus|fresh spicy|fruity|warm spicy|woody,False
52935,Elizabeth Arden Green Tea,96,4,False,True,False,False,False,lactonic|milky|minty|musky,citrus,aromatic|citrus|fresh spicy|green,True
53034,Coach for Men,98,2,False,True,False,False,False,fresh|musky,citrus,amber|animalic|aromatic|citrus|fresh spicy|fruity|warm spicy|woody,True
53327,Coach for Men,20,0,False,True,False,False,False,,citrus,amber|animalic|aromatic|citrus|fresh spicy|fruity|warm spicy|woody,False
53737,Coach for Men,17,2,False,True,False,False,False,clean|fresh,citrus,amber|animalic|aromatic|citrus|fresh spicy|fruity|warm spicy|woody,True
54116,Narciso Rodriguez For Her,230,4,False,True,True,False,True,clean|fruity|musky|soapy,,amber|fruity|powdery|rose|warm spicy|woody,False
54238,Coach for Men,29,0,False,True,False,False,False,,citrus,amber|animalic|aromatic|citrus|fresh spicy|fruity|warm spicy|woody,False
54399,Coach for Men,31,0,False,True,False,False,False,,citrus,amber|animalic|aromatic|citrus|fresh spicy|fruity|warm spicy|woody,False
54786,Coach for Men,14,0,False,False,False,False,False,,citrus,amber|animalic|aromatic|citrus|fresh spicy|fruity|warm spicy|woody,False
54850,Coach for Men,158,5,False,True,False,True,True,citrus|clean|fruity|musky|soapy,citrus,amber|animalic|aromatic|citrus|fresh spicy|fruity|warm spicy|woody,True
55039,Coach for Men,28,3,False,True,False,False,False,lactonic|milky|musky,citrus,amber|animalic|aromatic|citrus|fresh spicy|fruity|warm spicy|woody,True
55047,Coach for Men,12,0,False,True,False,False,False,,citrus,amber|animalic|aromatic|citrus|fresh spicy|fruity|warm spicy|woody,False
55491,Coach for Men,36,1,False,True,False,False,False,musky,citrus,amber|animalic|aromatic|citrus|fresh spicy|fruity|warm spicy|woody,False
55604,Coach for Men,29,0,False,True,False,False,False,,citrus,amber|animalic|aromatic|citrus|fresh spicy|fruity|warm spicy|woody,False
55623,Coach for Men,44,3,False,True,False,False,False,clean|fresh|soapy,citrus,amber|animalic|aromatic|citrus|fresh spicy|fruity|warm spicy|woody,True
55670,Coach for Men,46,0,False,True,False,False,False,,citrus,amber|animalic|aromatic|citrus|fresh spicy|fruity|warm spicy|woody,False
55805,Coach for Men,36,3,False,True,False,False,True,amber|oud|sweet,citrus,amber|animalic|aromatic|citrus|fresh spicy|fruity|warm spicy|woody,True
55988,Coach for Men,8,0,False,False,False,False,False,,citrus,amber|animalic|aromatic|citrus|fresh spicy|fruity|warm spicy|woody,False
55999,Elizabeth Arden Green Tea,17,2,False,False,False,False,False,clean|soapy,citrus,aromatic|citrus|fresh spicy|green,True
56011,Elizabeth Arden Green Tea,307,6,True,False,False,False,True,amber|fruity|green|sweet|vanilla|warm,citrus,aromatic|citrus|fresh spicy|green,False
56308,Coach for Men,74,9,False,True,False,True,True,aquatic|aromatic|citrus|floral|fresh|green|herbal|minty|pear,citrus,amber|animalic|aromatic|citrus|fresh spicy|fruity|warm spicy|woody,True
56520,Coach for Men,146,3,False,True,False,True,True,citrus|musky|woody,citrus,amber|animalic|aromatic|citrus|fresh spicy|fruity|warm spicy|woody,True
56536,Elizabeth Arden Green Tea,51,2,False,True,False,False,False,clean|musky,citrus,aromatic|citrus|fresh spicy|green,True
56666,Coach for Men,17,0,False,True,False,False,False,,citrus,amber|animalic|aromatic|citrus|fresh spicy|fruity|warm spicy|woody,False
56706,Coach for Men,34,1,False,False,False,True,True,citrus,citrus,amber|animalic|aromatic|citrus|fresh spicy|fruity|warm spicy|woody,False
56826,Coach for Men,23,0,False,True,False,False,False,,citrus,amber|animalic|aromatic|citrus|fresh spicy|fruity|warm spicy|woody,False
56873,Coach for Men,29,0,False,True,False,False,False,,citrus,amber|animalic|aromatic|citrus|fresh spicy|fruity|warm spicy|woody,False
57060,Coach for Men,51,0,False,True,False,False,False,,citrus,amber|animalic|aromatic|citrus|fresh spicy|fruity|warm spicy|woody,False
57392,Coach for Men,94,3,False,True,False,False,False,aldehydic|floral|powdery,citrus,amber|animalic|aromatic|citrus|fresh spicy|fruity|warm spicy|woody,True
57692,Coach for Men,17,0,False,False,False,False,False,,citrus,amber|animalic|aromatic|citrus|fresh spicy|fruity|warm spicy|woody,False
57782,Coach for Men,139,13,False,True,False,True,True,amber|balsamic|boozy|citrus|coniferous|musky|resinous|rum|sensual|spicy|sweet|warm spicy|woody,citrus,amber|animalic|aromatic|citrus|fresh spicy|fruity|warm spicy|woody,True
57875,Coach for Men,46,2,False,True,False,False,False,clean|fresh,citrus,amber|animalic|aromatic|citrus|fresh spicy|fruity|warm spicy|woody,True
58158,Coach for Men,11,0,False,True,False,False,False,,citrus,amber|animalic|aromatic|citrus|fresh spicy|fruity|warm spicy|woody,False
58286,Coach for Men,60,4,False,False,False,False,False,inky|leather|metallic|smoky,citrus,amber|animalic|aromatic|citrus|fresh spicy|fruity|warm spicy|woody,True
58431,Coach for Men,42,3,False,True,False,False,True,honey|leather|woody,citrus,amber|animalic|aromatic|citrus|fresh spicy|fruity|warm spicy|woody,True
58549,Narciso Rodriguez For Her,46,0,False,True,True,False,False,,,amber|fruity|powdery|rose|warm spicy|woody,False
58627,Coach for Men,54,3,False,False,False,False,False,clean|fresh|musky,citrus,amber|animalic|aromatic|citrus|fresh spicy|fruity|warm spicy|woody,True
58632,Coach for Men,95,4,False,True,False,False,False,alcohol|fresh|inky|metallic,citrus,amber|animalic|aromatic|citrus|fresh spicy|fruity|warm spicy|woody,True
58633,Coach for Men,77,4,False,True,False,False,True,clean|fruity|powdery|soapy,citrus,amber|animalic|aromatic|citrus|fresh spicy|fruity|warm spicy|woody,True
58697,Coach for Men,74,3,False,True,False,False,True,amber|musky|sensual,citrus,amber|animalic|aromatic|citrus|fresh spicy|fruity|warm spicy|woody,True
59346,Coach for Men,13,0,False,True,False,False,False,,citrus,amber|animalic|aromatic|citrus|fresh spicy|fruity|warm spicy|woody,False
59347,Coach for Men,14,0,False,True,False,False,False,,citrus,amber|animalic|aromatic|citrus|fresh spicy|fruity|warm spicy|woody,False
59420,Elizabeth Arden Green Tea,74,6,False,True,False,False,True,fresh|green|lactonic|milky|powdery|tea,citrus,aromatic|citrus|fresh spicy|green,True
59626,Jean Paul Gaultier Ultra Male,64,3,False,True,False,False,False,amber|iris|oud,vanilla,aromatic|fresh spicy|fruity|green|powdery|vanilla|warm spicy,True
59709,Coach for Men,213,3,False,True,False,False,False,lactonic|milky|musky,citrus,amber|animalic|aromatic|citrus|fresh spicy|fruity|warm spicy|woody,True
59896,Coach for Men,23,5,False,True,False,False,True,amber|clean|fresh|musky|sensual,citrus,amber|animalic|aromatic|citrus|fresh spicy|fruity|warm spicy|woody,True
59949,Coach for Men,131,2,False,True,False,False,False,alcohol|fresh,citrus,amber|animalic|aromatic|citrus|fresh spicy|fruity|warm spicy|woody,True
59956,Coach for Men,28,3,False,True,False,False,True,green|mossy|woody,citrus,amber|animalic|aromatic|citrus|fresh spicy|fruity|warm spicy|woody,True
60397,Elizabeth Arden Green Tea,71,4,False,True,False,False,False,clean|fresh|lactonic|milky,citrus,aromatic|citrus|fresh spicy|green,True
60637,Narciso Rodriguez For Her,31,6,False,True,True,False,True,amber|incense|iris|leather|oud|smoky,,amber|fruity|powdery|rose|warm spicy|woody,False
61476,Coach for Men,94,8,False,True,False,True,True,aquatic|aromatic|citrus|clean|fresh|fresh spicy|minty|woody,citrus,amber|animalic|aromatic|citrus|fresh spicy|fruity|warm spicy|woody,True
61509,Elizabeth Arden Green Tea,194,6,False,True,False,False,False,amber|inky|musky|oud|powdery|sweet,citrus,aromatic|citrus|fresh spicy|green,True
61533,Coach for Men,27,0,False,True,False,False,False,,citrus,amber|animalic|aromatic|citrus|fresh spicy|fruity|warm spicy|woody,False
61635,Elizabeth Arden Green Tea,18,4,False,False,False,False,False,clean|musky|soapy|tea,citrus,aromatic|citrus|fresh spicy|green,True
61649,Coach for Men,54,2,False,True,False,False,False,cacao|chocolate,citrus,amber|animalic|aromatic|citrus|fresh spicy|fruity|warm spicy|woody,True
61836,Coach for Men,35,1,False,True,False,False,False,clean,citrus,amber|animalic|aromatic|citrus|fresh spicy|fruity|warm spicy|woody,False
61852,Azzaro Pour Homme,36,0,False,True,False,False,False,,aromatic,aromatic|citrus|earthy|fresh spicy|leather|mossy|powdery|warm spicy|woody,False
61899,Coach for Men,16,3,False,True,False,False,False,clean|fresh|soapy,citrus,amber|animalic|aromatic|citrus|fresh spicy|fruity|warm spicy|woody,True
62060,Coach for Men,40,2,False,False,False,False,False,clean|soapy,citrus,amber|animalic|aromatic|citrus|fresh spicy|fruity|warm spicy|woody,True
62119,Azzaro Pour Homme,24,0,False,True,False,False,False,,aromatic,aromatic|citrus|earthy|fresh spicy|leather|mossy|powdery|warm spicy|woody,False
62129,Coach for Men,41,3,False,True,False,True,True,aquatic|citrus|fresh,citrus,amber|animalic|aromatic|citrus|fresh spicy|fruity|warm spicy|woody,True
62244,Coach for Men,20,1,False,True,False,False,False,musky,citrus,amber|animalic|aromatic|citrus|fresh spicy|fruity|warm spicy|woody,False
62313,Coach for Men,172,10,False,True,False,False,True,amber|inky|iris|lactonic|metallic|milky|musky|oud|powdery|sweet,citrus,amber|animalic|aromatic|citrus|fresh spicy|fruity|warm spicy|woody,True
62356,Coach for Men,10,0,False,True,False,False,False,,citrus,amber|animalic|aromatic|citrus|fresh spicy|fruity|warm spicy|woody,False
62360,Coach for Men,9,1,False,False,False,False,False,clean,citrus,amber|animalic|aromatic|citrus|fresh spicy|fruity|warm spicy|woody,False
62361,Coach for Men,32,0,False,True,False,False,False,,citrus,amber|animalic|aromatic|citrus|fresh spicy|fruity|warm spicy|woody,False
62474,Coach for Men,60,1,False,True,False,False,False,tea,citrus,amber|animalic|aromatic|citrus|fresh spicy|fruity|warm spicy|woody,False
62748,Coach for Men,105,2,False,True,False,False,False,lactonic|milky,citrus,amber|animalic|aromatic|citrus|fresh spicy|fruity|warm spicy|woody,True
62868,Coach for Men,33,0,False,True,False,False,False,,citrus,amber|animalic|aromatic|citrus|fresh spicy|fruity|warm spicy|woody,False
62874,Coach for Men,49,2,False,False,False,False,False,clean|fresh,citrus,amber|animalic|aromatic|citrus|fresh spicy|fruity|warm spicy|woody,True
62994,Coach for Men,51,2,False,True,False,False,False,gourmand|sweet,citrus,amber|animalic|aromatic|citrus|fresh spicy|fruity|warm spicy|woody,True
63172,Coach for Men,60,0,False,True,False,False,False,,citrus,amber|animalic|aromatic|citrus|fresh spicy|fruity|warm spicy|woody,False
63192,Coach for Men,86,0,False,True,False,False,False,,citrus,amber|animalic|aromatic|citrus|fresh spicy|fruity|warm spicy|woody,False
63207,Coach for Men,37,1,False,True,False,False,False,musky,citrus,amber|animalic|aromatic|citrus|fresh spicy|fruity|warm spicy|woody,False
63226,Coach for Men,49,1,False,True,False,False,True,animalic,citrus,amber|animalic|aromatic|citrus|fresh spicy|fruity|warm spicy|woody,False
63482,Coach for Men,57,0,False,True,False,False,False,,citrus,amber|animalic|aromatic|citrus|fresh spicy|fruity|warm spicy|woody,False
63600,Coach for Men,150,4,False,True,False,True,True,citrus|floral|tea|warm,citrus,amber|animalic|aromatic|citrus|fresh spicy|fruity|warm spicy|woody,True
63601,Coach for Men,36,1,False,True,False,False,False,tea,citrus,amber|animalic|aromatic|citrus|fresh spicy|fruity|warm spicy|woody,False
63736,Coach for Men,54,3,False,True,False,False,True,aromatic|fresh spicy|woody,citrus,amber|animalic|aromatic|citrus|fresh spicy|fruity|warm spicy|woody,True
63967,Narciso Rodriguez For Her,33,1,False,True,True,False,False,musky,,amber|fruity|powdery|rose|warm spicy|woody,False
64250,Coach for Men,10,2,False,True,False,False,False,clean|fresh,citrus,amber|animalic|aromatic|citrus|fresh spicy|fruity|warm spicy|woody,True
64277,Coach for Men,22,0,False,True,False,False,False,,citrus,amber|animalic|aromatic|citrus|fresh spicy|fruity|warm spicy|woody,False
64294,Coach for Men,374,6,False,True,False,False,True,aquatic|clean|fresh|minty|soapy|woody,citrus,amber|animalic|aromatic|citrus|fresh spicy|fruity|warm spicy|woody,True
64340,Coach for Men,10,0,False,True,False,False,False,,citrus,amber|animalic|aromatic|citrus|fresh spicy|fruity|warm spicy|woody,False
64473,Elizabeth Arden Green Tea,17,1,False,False,False,False,False,clean,citrus,aromatic|citrus|fresh spicy|green,False
64672,Coach for Men,38,0,False,False,False,False,False,,citrus,amber|animalic|aromatic|citrus|fresh spicy|fruity|warm spicy|woody,False
64800,Coach for Men,93,3,False,True,False,False,True,aromatic|herbal|lavender,citrus,amber|animalic|aromatic|citrus|fresh spicy|fruity|warm spicy|woody,True
64865,Coach for Men,63,4,True,False,False,False,True,clean|fresh|fruity|soapy,citrus,amber|animalic|aromatic|citrus|fresh spicy|fruity|warm spicy|woody,False
65071,Coach for Men,85,2,False,True,False,False,False,clean|fresh,citrus,amber|animalic|aromatic|citrus|fresh spicy|fruity|warm spicy|woody,True
65292,Coach for Men,16,0,False,True,False,False,False,,citrus,amber|animalic|aromatic|citrus|fresh spicy|fruity|warm spicy|woody,False
65376,Coach for Men,97,3,False,True,False,False,False,clean|fresh|musky,citrus,amber|animalic|aromatic|citrus|fresh spicy|fruity|warm spicy|woody,True
65911,Coach for Men,22,3,False,True,False,False,True,aromatic|fresh spicy|woody,citrus,amber|animalic|aromatic|citrus|fresh spicy|fruity|warm spicy|woody,True
65998,Coach for Men,23,0,False,True,False,False,False,,citrus,amber|animalic|aromatic|citrus|fresh spicy|fruity|warm spicy|woody,False
66054,Coach for Men,30,1,False,True,False,False,False,clean,citrus,amber|animalic|aromatic|citrus|fresh spicy|fruity|warm spicy|woody,False
66228,Coach for Men,13,0,False,False,False,False,False,,citrus,amber|animalic|aromatic|citrus|fresh spicy|fruity|warm spicy|woody,False
66409,Narciso Rodriguez For Her,46,2,False,False,True,False,False,clean|fresh,,amber|fruity|powdery|rose|warm spicy|woody,False
66493,Elizabeth Arden Green Tea,105,3,False,True,False,False,False,clean|fresh|soapy,citrus,aromatic|citrus|fresh spicy|green,True
66651,Juliette Has a Gun Vanilla Vibes,108,4,False,True,False,False,False,clean|fresh|musky|soapy,vanilla,amber|powdery|vanilla|warm spicy|woody,True
66719,Coach for Men,32,0,False,False,False,False,False,,citrus,amber|animalic|aromatic|citrus|fresh spicy|fruity|warm spicy|woody,False
66790,Mugler Angel,12,0,False,True,True,False,False,,,caramel|fruity|honey|powdery|vanilla|warm spicy|woody,False
66817,Coach for Men,69,1,False,True,False,False,False,musky,citrus,amber|animalic|aromatic|citrus|fresh spicy|fruity|warm spicy|woody,False
66920,Coach for Men,28,2,False,True,False,False,False,clean|soapy,citrus,amber|animalic|aromatic|citrus|fresh spicy|fruity|warm spicy|woody,True
66928,Coach for Men,23,2,False,True,False,False,False,clean|soapy,citrus,amber|animalic|aromatic|citrus|fresh spicy|fruity|warm spicy|woody,True
66973,Coach for Men,267,10,False,True,False,False,True,aquatic|aromatic|floral|fresh spicy|green|musky|powdery|violet|white floral|woody,citrus,amber|animalic|aromatic|citrus|fresh spicy|fruity|warm spicy|woody,True
67209,Coach for Men,51,0,False,True,False,False,False,,citrus,amber|animalic|aromatic|citrus|fresh spicy|fruity|warm spicy|woody,False
67307,Elizabeth Arden Green Tea,68,3,False,True,False,False,False,lactonic|milky|musky,citrus,aromatic|citrus|fresh spicy|green,True
67569,Coach for Men,64,0,False,False,False,False,False,,citrus,amber|animalic|aromatic|citrus|fresh spicy|fruity|warm spicy|woody,False
67590,Coach for Men,16,0,False,False,False,False,False,,citrus,amber|animalic|aromatic|citrus|fresh spicy|fruity|warm spicy|woody,False
67906,Chanel Coco Mademoiselle,48,0,False,True,False,False,False,,citrus,citrus|earthy|rose|vanilla|warm spicy|white floral|woody,False
67964,Coach for Men,29,0,False,True,False,False,False,,citrus,amber|animalic|aromatic|citrus|fresh spicy|fruity|warm spicy|woody,False
67966,Coach for Men,121,5,False,True,False,True,True,aromatic|citrus|herbal|leather|musky,citrus,amber|animalic|aromatic|citrus|fresh spicy|fruity|warm spicy|woody,True
67998,Coach for Men,59,4,True,False,False,False,True,clean|fresh|fruity|soapy,citrus,amber|animalic|aromatic|citrus|fresh spicy|fruity|warm spicy|woody,False
68014,Elizabeth Arden Green Tea,158,8,False,True,False,False,True,clean|fresh|green|iris|powdery|soapy|tea|violet,citrus,aromatic|citrus|fresh spicy|green,True
68085,Elizabeth Arden Green Tea,114,1,False,True,False,False,False,fresh,citrus,aromatic|citrus|fresh spicy|green,False
68165,Coach for Men,63,11,False,True,False,False,True,aldehydic|amber|aromatic|floral|herbal|iris|rose|sweet|tobacco|warm|warm spicy,citrus,amber|animalic|aromatic|citrus|fresh spicy|fruity|warm spicy|woody,True
68204,Coach for Men,11,0,False,True,False,False,False,,citrus,amber|animalic|aromatic|citrus|fresh spicy|fruity|warm spicy|woody,False
68271,Juliette Has a Gun Vanilla Vibes,83,8,False,False,False,True,True,balsamic|caramel|coconut|musky|powdery|sweet|tropical|vanilla,vanilla,amber|powdery|vanilla|warm spicy|woody,True
68499,Coach for Men,33,3,False,True,False,False,False,clean|fresh|musky,citrus,amber|animalic|aromatic|citrus|fresh spicy|fruity|warm spicy|woody,True
68617,Coach for Men,101,5,False,True,False,False,True,aromatic|clean|fresh|fresh spicy|woody,citrus,amber|animalic|aromatic|citrus|fresh spicy|fruity|warm spicy|woody,True
68665,Narciso Rodriguez For Her,40,3,False,True,True,False,False,aldehydic|floral|iris,,amber|fruity|powdery|rose|warm spicy|woody,False
68926,Chanel Coco Mademoiselle,8,0,False,True,False,False,False,,citrus,citrus|earthy|rose|vanilla|warm spicy|white floral|woody,False
69145,Coach for Men,98,7,False,True,False,True,True,aromatic|citrus|clean|fresh|fresh spicy|tea|woody,citrus,amber|animalic|aromatic|citrus|fresh spicy|fruity|warm spicy|woody,True
69146,Coach for Men,116,2,False,True,False,False,False,musky|tea,citrus,amber|animalic|aromatic|citrus|fresh spicy|fruity|warm spicy|woody,True
69230,Coach for Men,34,3,False,True,False,False,False,clean|musky|soapy,citrus,amber|animalic|aromatic|citrus|fresh spicy|fruity|warm spicy|woody,True
69402,Coach for Men,24,7,False,True,False,False,False,aldehydic|chypre|clean|floral|green|powdery|violet,citrus,amber|animalic|aromatic|citrus|fresh spicy|fruity|warm spicy|woody,True
69455,Coach for Men,21,3,False,True,False,False,True,aromatic|herbal|lavender,citrus,amber|animalic|aromatic|citrus|fresh spicy|fruity|warm spicy|woody,True
69500,Coach for Men,20,0,False,True,False,False,False,,citrus,amber|animalic|aromatic|citrus|fresh spicy|fruity|warm spicy|woody,False
69558,Coach for Men,44,0,False,True,False,False,False,,citrus,amber|animalic|aromatic|citrus|fresh spicy|fruity|warm spicy|woody,False
69800,Coach for Men,11,0,False,True,False,False,False,,citrus,amber|animalic|aromatic|citrus|fresh spicy|fruity|warm spicy|woody,False
70082,Elizabeth Arden Green Tea,60,0,False,True,False,False,False,,citrus,aromatic|citrus|fresh spicy|green,False
70362,Coach for Men,13,1,False,True,False,False,False,fresh,citrus,amber|animalic|aromatic|citrus|fresh spicy|fruity|warm spicy|woody,False
70384,Elizabeth Arden Green Tea,38,2,False,True,False,False,False,clean|fresh,citrus,aromatic|citrus|fresh spicy|green,True
70408,Coach for Men,28,0,False,True,False,False,False,,citrus,amber|animalic|aromatic|citrus|fresh spicy|fruity|warm spicy|woody,False
70468,Elizabeth Arden Green Tea,46,2,False,True,False,False,False,clean|soapy,citrus,aromatic|citrus|fresh spicy|green,True
70612,Coach for Men,49,3,True,False,False,False,False,clean|fresh|musky,citrus,amber|animalic|aromatic|citrus|fresh spicy|fruity|warm spicy|woody,False
71220,Coach for Men,76,4,False,True,False,False,True,aromatic|fresh|fresh spicy|woody,citrus,amber|animalic|aromatic|citrus|fresh spicy|fruity|warm spicy|woody,True
71537,Coach for Men,8,0,False,True,False,False,False,,citrus,amber|animalic|aromatic|citrus|fresh spicy|fruity|warm spicy|woody,False
71995,Coach for Men,32,1,False,True,False,False,False,musky,citrus,amber|animalic|aromatic|citrus|fresh spicy|fruity|warm spicy|woody,False
72013,Coach for Men,97,0,False,True,False,False,False,,citrus,amber|animalic|aromatic|citrus|fresh spicy|fruity|warm spicy|woody,False
72040,Coach for Men,33,0,False,True,False,False,False,,citrus,amber|animalic|aromatic|citrus|fresh spicy|fruity|warm spicy|woody,False
72100,Coach for Men,32,0,False,True,False,False,False,,citrus,amber|animalic|aromatic|citrus|fresh spicy|fruity|warm spicy|woody,False
72120,Coach for Men,93,2,False,True,False,False,False,coconut|tropical,citrus,amber|animalic|aromatic|citrus|fresh spicy|fruity|warm spicy|woody,True
72572,Coach for Men,26,2,False,True,False,False,False,clean|soapy,citrus,amber|animalic|aromatic|citrus|fresh spicy|fruity|warm spicy|woody,True
72646,Coach for Men,126,2,True,False,False,False,False,musky|rose,citrus,amber|animalic|aromatic|citrus|fresh spicy|fruity|warm spicy|woody,False
72823,Coach for Men,11,0,False,True,False,False,False,,citrus,amber|animalic|aromatic|citrus|fresh spicy|fruity|warm spicy|woody,False
72848,Coach for Men,16,0,False,True,False,False,False,,citrus,amber|animalic|aromatic|citrus|fresh spicy|fruity|warm spicy|woody,False
73011,Coach for Men,32,3,False,True,False,False,False,clean|fresh|musky,citrus,amber|animalic|aromatic|citrus|fresh spicy|fruity|warm spicy|woody,True
73221,Coach for Men,108,3,False,False,False,False,False,clean|musky|soapy,citrus,amber|animalic|aromatic|citrus|fresh spicy|fruity|warm spicy|woody,True
73337,Coach for Men,114,3,False,True,False,False,True,aromatic|fresh spicy|woody,citrus,amber|animalic|aromatic|citrus|fresh spicy|fruity|warm spicy|woody,True
73737,Coach for Men,62,2,False,True,False,False,False,clean|fresh,citrus,amber|animalic|aromatic|citrus|fresh spicy|fruity|warm spicy|woody,True
73738,Coach for Men,62,2,False,True,False,False,False,clean|fresh,citrus,amber|animalic|aromatic|citrus|fresh spicy|fruity|warm spicy|woody,True
73894,Coach for Men,12,2,False,True,False,False,True,aromatic|herbal,citrus,amber|animalic|aromatic|citrus|fresh spicy|fruity|warm spicy|woody,True
74201,Coach for Men,90,0,False,True,False,False,False,,citrus,amber|animalic|aromatic|citrus|fresh spicy|fruity|warm spicy|woody,False
74230,Coach for Men,18,0,False,True,False,False,False,,citrus,amber|animalic|aromatic|citrus|fresh spicy|fruity|warm spicy|woody,False
74236,Elizabeth Arden Green Tea,8,0,False,False,False,False,False,,citrus,aromatic|citrus|fresh spicy|green,False
74241,Coach for Men,60,1,False,True,False,False,False,clean,citrus,amber|animalic|aromatic|citrus|fresh spicy|fruity|warm spicy|woody,False
74272,Coach for Men,66,2,False,True,False,False,False,clean|fresh,citrus,amber|animalic|aromatic|citrus|fresh spicy|fruity|warm spicy|woody,True
74496,Coach for Men,30,0,False,True,False,False,False,,citrus,amber|animalic|aromatic|citrus|fresh spicy|fruity|warm spicy|woody,False
74776,Creed Silver Mountain Water,30,0,False,True,False,False,False,,citrus,aromatic|citrus|fresh spicy|fruity|green|powdery|woody,False
75139,Coach for Men,52,2,False,True,False,False,False,inky|metallic,citrus,amber|animalic|aromatic|citrus|fresh spicy|fruity|warm spicy|woody,True
75538,Elizabeth Arden Green Tea,78,5,False,True,False,False,True,clean|fresh|green|soapy|tea,citrus,aromatic|citrus|fresh spicy|green,True
75594,Coach for Men,135,4,False,True,False,True,True,citrus|clean|musky|woody,citrus,amber|animalic|aromatic|citrus|fresh spicy|fruity|warm spicy|woody,True
75714,Coach for Men,26,0,False,True,False,False,False,,citrus,amber|animalic|aromatic|citrus|fresh spicy|fruity|warm spicy|woody,False
75740,Coach for Men,60,3,False,True,False,False,False,clean|musky|soapy,citrus,amber|animalic|aromatic|citrus|fresh spicy|fruity|warm spicy|woody,True
75784,Coach for Men,89,10,False,True,False,False,True,aquatic|aromatic|coconut|floral|fresh spicy|powdery|salty|sweet|tropical|woody,citrus,amber|animalic|aromatic|citrus|fresh spicy|fruity|warm spicy|woody,True
75889,Coach for Men,29,0,False,False,False,False,False,,citrus,amber|animalic|aromatic|citrus|fresh spicy|fruity|warm spicy|woody,False
75921,Coach for Men,162,4,False,True,False,True,True,aquatic|citrus|clean|fresh,citrus,amber|animalic|aromatic|citrus|fresh spicy|fruity|warm spicy|woody,True
76167,Coach for Men,61,4,False,True,False,False,False,aldehydic|chypre|floral|spicy,citrus,amber|animalic|aromatic|citrus|fresh spicy|fruity|warm spicy|woody,True
76171,Coach for Men,28,1,False,True,False,True,True,citrus,citrus,amber|animalic|aromatic|citrus|fresh spicy|fruity|warm spicy|woody,False
76299,Coach for Men,34,0,False,True,False,False,False,,citrus,amber|animalic|aromatic|citrus|fresh spicy|fruity|warm spicy|woody,False
76497,Coach for Men,84,4,False,True,False,False,True,earthy|inky|warm spicy|woody,citrus,amber|animalic|aromatic|citrus|fresh spicy|fruity|warm spicy|woody,True
77146,Coach for Men,49,4,False,True,False,False,True,animalic|clean|fresh|oud,citrus,amber|animalic|aromatic|citrus|fresh spicy|fruity|warm spicy|woody,True
77233,Mugler Angel,32,2,False,True,True,False,False,clean|spicy,,caramel|fruity|honey|powdery|vanilla|warm spicy|woody,False
77325,Coach for Men,63,3,False,True,False,False,False,clean|fresh|soapy,citrus,amber|animalic|aromatic|citrus|fresh spicy|fruity|warm spicy|woody,True
77463,Coach for Men,16,0,False,True,False,False,False,,citrus,amber|animalic|aromatic|citrus|fresh spicy|fruity|warm spicy|woody,False
77507,Coach for Men,28,5,False,True,False,False,True,balsamic|fruity|powdery|sweet|vanilla,citrus,amber|animalic|aromatic|citrus|fresh spicy|fruity|warm spicy|woody,True
77829,Elizabeth Arden Green Tea,95,4,False,True,False,False,True,fresh|green|musky|tea,citrus,aromatic|citrus|fresh spicy|green,True
77843,Coach for Men,12,0,False,False,False,False,False,,citrus,amber|animalic|aromatic|citrus|fresh spicy|fruity|warm spicy|woody,False
77887,Coach for Men,82,0,False,True,False,False,False,,citrus,amber|animalic|aromatic|citrus|fresh spicy|fruity|warm spicy|woody,False
78096,Elizabeth Arden Green Tea,12,0,False,False,False,False,False,,citrus,aromatic|citrus|fresh spicy|green,False
78372,Coach for Men,55,0,False,True,False,False,False,,citrus,amber|animalic|aromatic|citrus|fresh spicy|fruity|warm spicy|woody,False
78433,Coach for Men,75,4,False,False,False,False,False,incense|leather|oud|smoky,citrus,amber|animalic|aromatic|citrus|fresh spicy|fruity|warm spicy|woody,True
78534,Coach for Men,35,1,False,True,False,False,False,leather,citrus,amber|animalic|aromatic|citrus|fresh spicy|fruity|warm spicy|woody,False
78598,Coach for Men,9,0,False,True,False,False,False,,citrus,amber|animalic|aromatic|citrus|fresh spicy|fruity|warm spicy|woody,False
78747,Coach for Men,53,0,False,True,False,False,False,,citrus,amber|animalic|aromatic|citrus|fresh spicy|fruity|warm spicy|woody,False
78874,Coach for Men,27,0,False,True,False,False,False,,citrus,amber|animalic|aromatic|citrus|fresh spicy|fruity|warm spicy|woody,False
79497,Coach for Men,36,0,False,False,False,False,False,,citrus,amber|animalic|aromatic|citrus|fresh spicy|fruity|warm spicy|woody,False
79503,Narciso Rodriguez For Her,29,0,False,False,True,False,False,,,amber|fruity|powdery|rose|warm spicy|woody,False
79596,Carolina Herrera Good Girl,18,0,False,False,True,False,False,,,almond|amber|powdery|vanilla|warm spicy|white floral|woody,False
79776,Elizabeth Arden Green Tea,55,3,False,True,False,False,False,clean|fresh|soapy,citrus,aromatic|citrus|fresh spicy|green,True
79947,MFK Maison Francis Kurkdjian Aqua Celestia,48,0,False,True,False,False,False,,green,aromatic|citrus|fresh spicy|fruity|green|powdery,False
80069,Coach for Men,16,0,False,True,False,False,False,,citrus,amber|animalic|aromatic|citrus|fresh spicy|fruity|warm spicy|woody,False
80263,Coach for Men,225,2,False,True,False,False,False,clean|fresh,citrus,amber|animalic|aromatic|citrus|fresh spicy|fruity|warm spicy|woody,True
80278,Coach for Men,31,1,False,True,False,False,False,fresh,citrus,amber|animalic|aromatic|citrus|fresh spicy|fruity|warm spicy|woody,False
80282,Coach for Men,37,0,False,True,False,False,False,,citrus,amber|animalic|aromatic|citrus|fresh spicy|fruity|warm spicy|woody,False
80481,Coach for Men,123,9,False,True,False,True,True,aquatic|citrus|clean|earthy|fresh|fruity|minty|musky|soapy,citrus,amber|animalic|aromatic|citrus|fresh spicy|fruity|warm spicy|woody,True
80568,Coach for Men,79,0,False,True,False,False,False,,citrus,amber|animalic|aromatic|citrus|fresh spicy|fruity|warm spicy|woody,False
80608,Coach for Men,15,0,False,True,False,False,False,,citrus,amber|animalic|aromatic|citrus|fresh spicy|fruity|warm spicy|woody,False
80641,Elizabeth Arden Green Tea,213,7,False,True,False,False,False,clean|damp|earthy|fresh|lactonic|milky|musky,citrus,aromatic|citrus|fresh spicy|green,True
80713,Coach for Men,82,3,False,False,False,False,False,aldehydic|floral|iris,citrus,amber|animalic|aromatic|citrus|fresh spicy|fruity|warm spicy|woody,True
80824,Coach for Men,59,2,False,True,False,False,False,clean|fresh,citrus,amber|animalic|aromatic|citrus|fresh spicy|fruity|warm spicy|woody,True
80934,Coach for Men,12,4,True,False,False,False,True,clean|fruity|soapy|tea,citrus,amber|animalic|aromatic|citrus|fresh spicy|fruity|warm spicy|woody,False
81060,Elizabeth Arden Green Tea,68,3,False,True,False,False,False,clean|fruity|soapy,citrus,aromatic|citrus|fresh spicy|green,True
81139,Coach for Men,214,4,False,True,False,False,False,clean|inky|metallic|soapy,citrus,amber|animalic|aromatic|citrus|fresh spicy|fruity|warm spicy|woody,True
81303,Elizabeth Arden Green Tea,48,3,False,True,False,False,False,amber|oud|sweet,citrus,aromatic|citrus|fresh spicy|green,True
81731,Coach for Men,19,0,False,False,False,False,False,,citrus,amber|animalic|aromatic|citrus|fresh spicy|fruity|warm spicy|woody,False
81866,Coach for Men,37,2,False,True,False,False,False,clean|nutty,citrus,amber|animalic|aromatic|citrus|fresh spicy|fruity|warm spicy|woody,True
81896,Coach for Men,8,1,False,True,False,False,False,clean,citrus,amber|animalic|aromatic|citrus|fresh spicy|fruity|warm spicy|woody,False
81910,Coach for Men,15,0,False,True,False,False,False,,citrus,amber|animalic|aromatic|citrus|fresh spicy|fruity|warm spicy|woody,False
81967,Coach for Men,23,0,False,False,False,False,False,,citrus,amber|animalic|aromatic|citrus|fresh spicy|fruity|warm spicy|woody,False
82351,Coach for Men,34,0,False,True,False,False,False,,citrus,amber|animalic|aromatic|citrus|fresh spicy|fruity|warm spicy|woody,False
82481,Elizabeth Arden Green Tea,32,2,False,False,False,False,False,clean|fresh,citrus,aromatic|citrus|fresh spicy|green,True
82572,Coach for Men,113,7,False,True,False,False,True,amber|clean|fresh|musky|oud|sweet|warm,citrus,amber|animalic|aromatic|citrus|fresh spicy|fruity|warm spicy|woody,True
82688,Elizabeth Arden Green Tea,12,1,False,False,False,False,False,sweet,citrus,aromatic|citrus|fresh spicy|green,False
83132,Coach for Men,41,3,False,False,False,False,False,clean|musky|soapy,citrus,amber|animalic|aromatic|citrus|fresh spicy|fruity|warm spicy|woody,True
83626,Coach for Men,20,0,False,False,False,False,False,,citrus,amber|animalic|aromatic|citrus|fresh spicy|fruity|warm spicy|woody,False
83810,Elizabeth Arden Green Tea,28,2,False,True,False,False,False,clean|fresh,citrus,aromatic|citrus|fresh spicy|green,True
83883,Coach for Men,137,2,True,False,False,False,False,clean|fresh,citrus,amber|animalic|aromatic|citrus|fresh spicy|fruity|warm spicy|woody,False
84212,Coach for Men,29,0,True,False,False,False,False,,citrus,amber|animalic|aromatic|citrus|fresh spicy|fruity|warm spicy|woody,False
84399,Coach for Men,8,0,False,True,False,False,False,,citrus,amber|animalic|aromatic|citrus|fresh spicy|fruity|warm spicy|woody,False
84687,Coach for Men,28,4,True,False,False,False,True,clean|fresh|fruity|soapy,citrus,amber|animalic|aromatic|citrus|fresh spicy|fruity|warm spicy|woody,False
84818,Coach for Men,30,2,False,True,False,False,True,spicy|warm spicy,citrus,amber|animalic|aromatic|citrus|fresh spicy|fruity|warm spicy|woody,True
84896,Coach for Men,152,3,False,True,False,False,False,herbal|minty|musky,citrus,amber|animalic|aromatic|citrus|fresh spicy|fruity|warm spicy|woody,True
85063,Coach for Men,66,1,False,True,False,False,False,tropical,citrus,amber|animalic|aromatic|citrus|fresh spicy|fruity|warm spicy|woody,False
85169,Coach for Men,17,0,False,True,False,False,False,,citrus,amber|animalic|aromatic|citrus|fresh spicy|fruity|warm spicy|woody,False
85187,Azzaro Pour Homme,241,6,False,True,False,False,False,aldehydic|amber|floral|inky|iris|oud,aromatic,aromatic|citrus|earthy|fresh spicy|leather|mossy|powdery|warm spicy|woody,True
85208,Coach for Men,77,0,False,True,False,False,False,,citrus,amber|animalic|aromatic|citrus|fresh spicy|fruity|warm spicy|woody,False
85494,Elizabeth Arden Green Tea,50,1,False,True,False,False,False,tea,citrus,aromatic|citrus|fresh spicy|green,False
85627,Coach for Men,25,1,False,True,False,False,False,tobacco,citrus,amber|animalic|aromatic|citrus|fresh spicy|fruity|warm spicy|woody,False
85981,Bvlgari Man Wood Essence,29,0,False,True,False,False,False,,woody,amber|aromatic|citrus|fresh spicy|woody,False
86060,Coach for Men,15,2,True,False,False,False,False,lactonic|milky,citrus,amber|animalic|aromatic|citrus|fresh spicy|fruity|warm spicy|woody,False
86073,Coach for Men,88,2,False,True,False,False,False,musky|powdery,citrus,amber|animalic|aromatic|citrus|fresh spicy|fruity|warm spicy|woody,True
86257,Coach for Men,9,0,False,False,False,False,False,,citrus,amber|animalic|aromatic|citrus|fresh spicy|fruity|warm spicy|woody,False
86442,Coach for Men,30,0,False,False,False,False,False,,citrus,amber|animalic|aromatic|citrus|fresh spicy|fruity|warm spicy|woody,False
86448,Coach for Men,70,2,False,True,False,False,True,animalic|earthy,citrus,amber|animalic|aromatic|citrus|fresh spicy|fruity|warm spicy|woody,True
87137,Calvin Klein CK One,85,2,False,True,False,False,False,inky|metallic,citrus,aromatic|citrus|green,True
87172,Elizabeth Arden Green Tea,26,5,False,True,False,False,True,clean|fresh|green|soapy|tea,citrus,aromatic|citrus|fresh spicy|green,True
87328,Coach for Men,26,0,False,True,False,False,False,,citrus,amber|animalic|aromatic|citrus|fresh spicy|fruity|warm spicy|woody,False
87329,Coach for Men,54,1,False,False,False,False,False,musky,citrus,amber|animalic|aromatic|citrus|fresh spicy|fruity|warm spicy|woody,False
87452,Coach for Men,34,0,False,True,False,False,False,,citrus,amber|animalic|aromatic|citrus|fresh spicy|fruity|warm spicy|woody,False
87454,Coach for Men,233,2,False,True,False,False,False,clean|fresh,citrus,amber|animalic|aromatic|citrus|fresh spicy|fruity|warm spicy|woody,True
87503,Coach for Men,29,2,False,True,False,False,False,clean|fresh,citrus,amber|animalic|aromatic|citrus|fresh spicy|fruity|warm spicy|woody,True
87641,Coach for Men,10,2,False,False,False,False,False,clean|fresh,citrus,amber|animalic|aromatic|citrus|fresh spicy|fruity|warm spicy|woody,True
87796,Coach for Men,41,3,False,True,False,False,False,clean|musky|soapy,citrus,amber|animalic|aromatic|citrus|fresh spicy|fruity|warm spicy|woody,True
88462,Coach for Men,32,3,False,True,False,False,False,aldehydic|floral|iris,citrus,amber|animalic|aromatic|citrus|fresh spicy|fruity|warm spicy|woody,True
88806,Coach for Men,134,3,False,True,False,False,True,amber|iris|oud,citrus,amber|animalic|aromatic|citrus|fresh spicy|fruity|warm spicy|woody,True
88854,Coach for Men,85,9,False,True,False,False,True,amber|aquatic|clean|floral|fresh|iris|minty|oud|spicy,citrus,amber|animalic|aromatic|citrus|fresh spicy|fruity|warm spicy|woody,True
88987,Coach for Men,10,1,False,True,False,False,True,woody,citrus,amber|animalic|aromatic|citrus|fresh spicy|fruity|warm spicy|woody,False
88988,Coach for Men,11,0,False,True,False,False,False,,citrus,amber|animalic|aromatic|citrus|fresh spicy|fruity|warm spicy|woody,False
89045,Coach for Men,76,8,False,True,False,False,True,aromatic|clean|fruity|herbal|minty|soapy|spicy|tea,citrus,amber|animalic|aromatic|citrus|fresh spicy|fruity|warm spicy|woody,True
89047,Coach for Men,172,5,True,False,False,False,True,clean|fruity|inky|metallic|soapy,citrus,amber|animalic|aromatic|citrus|fresh spicy|fruity|warm spicy|woody,False
89274,Coach for Men,16,0,False,True,False,False,False,,citrus,amber|animalic|aromatic|citrus|fresh spicy|fruity|warm spicy|woody,False
89315,Coach for Men,36,3,False,True,False,False,True,aromatic|fresh spicy|woody,citrus,amber|animalic|aromatic|citrus|fresh spicy|fruity|warm spicy|woody,True
89387,Elizabeth Arden Green Tea,10,0,False,True,False,False,False,,citrus,aromatic|citrus|fresh spicy|green,False
89756,Coach for Men,130,6,False,True,False,False,True,amber|coconut|musky|tropical|vanilla|warm spicy,citrus,amber|animalic|aromatic|citrus|fresh spicy|fruity|warm spicy|woody,True
90130,Coach for Men,57,2,False,True,False,False,False,clean|soapy,citrus,amber|animalic|aromatic|citrus|fresh spicy|fruity|warm spicy|woody,True
90170,Coach for Men,330,8,False,True,False,False,True,amber|iris|lactonic|milky|musky|oud|resinous|warm spicy,citrus,amber|animalic|aromatic|citrus|fresh spicy|fruity|warm spicy|woody,True
90236,Coach for Men,19,4,False,True,False,False,True,amber|musky|oud|sweet,citrus,amber|animalic|aromatic|citrus|fresh spicy|fruity|warm spicy|woody,True
90532,Coach for Men,58,2,False,True,False,False,False,inky|metallic,citrus,amber|animalic|aromatic|citrus|fresh spicy|fruity|warm spicy|woody,True
90764,Elizabeth Arden Green Tea,96,2,False,True,False,False,False,chocolate|tea,citrus,aromatic|citrus|fresh spicy|green,True
90833,Coach for Men,14,0,False,False,False,False,False,,citrus,amber|animalic|aromatic|citrus|fresh spicy|fruity|warm spicy|woody,False
90935,Coach for Men,11,3,False,True,False,False,True,clean|fruity|soapy,citrus,amber|animalic|aromatic|citrus|fresh spicy|fruity|warm spicy|woody,True
91682,Coach for Men,97,2,True,False,False,False,True,aquatic|fruity,citrus,amber|animalic|aromatic|citrus|fresh spicy|fruity|warm spicy|woody,False
91806,Coach for Men,45,4,False,True,False,False,False,clean|fresh|soapy|tropical,citrus,amber|animalic|aromatic|citrus|fresh spicy|fruity|warm spicy|woody,True
92007,Coach for Men,17,0,False,True,False,False,False,,citrus,amber|animalic|aromatic|citrus|fresh spicy|fruity|warm spicy|woody,False
93555,Coach for Men,243,7,False,True,False,False,True,amber|clean|fresh|musky|resinous|sweet|warm spicy,citrus,amber|animalic|aromatic|citrus|fresh spicy|fruity|warm spicy|woody,True
93563,Elizabeth Arden Green Tea,184,13,False,True,False,False,True,amber|anis|clean|fresh|green|inky|lactonic|metallic|milky|oud|soapy|sweet|tea,citrus,aromatic|citrus|fresh spicy|green,True
93929,Coach for Men,32,0,False,True,False,False,False,,citrus,amber|animalic|aromatic|citrus|fresh spicy|fruity|warm spicy|woody,False
94131,Coach for Men,201,7,False,True,False,False,True,aromatic|camphor|clean|fresh|herbal|musky|soapy,citrus,amber|animalic|aromatic|citrus|fresh spicy|fruity|warm spicy|woody,True
94269,Coach for Men,33,0,False,True,False,False,False,,citrus,amber|animalic|aromatic|citrus|fresh spicy|fruity|warm spicy|woody,False
94436,Bvlgari Rose Goldea,34,0,False,False,False,False,False,,rose,fresh spicy|powdery|rose|white floral|woody,False
94515,Coach for Men,115,3,False,True,False,False,False,inky|metallic|musky,citrus,amber|animalic|aromatic|citrus|fresh spicy|fruity|warm spicy|woody,True
94606,Narciso Rodriguez For Her,18,0,False,True,True,False,False,,,amber|fruity|powdery|rose|warm spicy|woody,False
94662,Coach for Men,43,2,False,True,False,False,False,clean|fresh,citrus,amber|animalic|aromatic|citrus|fresh spicy|fruity|warm spicy|woody,True
95040,Coach for Men,10,0,False,False,False,False,False,,citrus,amber|animalic|aromatic|citrus|fresh spicy|fruity|warm spicy|woody,False
95090,Coach for Men,236,4,False,True,False,False,True,clean|fresh|fruity|soapy,citrus,amber|animalic|aromatic|citrus|fresh spicy|fruity|warm spicy|woody,True
95195,Coach for Men,38,1,False,True,False,False,False,coniferous,citrus,amber|animalic|aromatic|citrus|fresh spicy|fruity|warm spicy|woody,False
95292,Elizabeth Arden Green Tea,30,0,False,True,False,False,False,,citrus,aromatic|citrus|fresh spicy|green,False
95345,Coach for Men,74,3,False,True,False,False,True,amber|oud|sweet,citrus,amber|animalic|aromatic|citrus|fresh spicy|fruity|warm spicy|woody,True
95356,Coach for Men,38,0,False,True,False,False,False,,citrus,amber|animalic|aromatic|citrus|fresh spicy|fruity|warm spicy|woody,False
95370,Coach for Men,29,2,False,True,False,False,False,clean|soapy,citrus,amber|animalic|aromatic|citrus|fresh spicy|fruity|warm spicy|woody,True
95372,Coach for Men,15,2,False,False,False,False,False,clean|fresh,citrus,amber|animalic|aromatic|citrus|fresh spicy|fruity|warm spicy|woody,True
95375,Coach for Men,48,2,False,True,False,False,False,clean|soapy,citrus,amber|animalic|aromatic|citrus|fresh spicy|fruity|warm spicy|woody,True
95470,Coach for Men,34,4,False,False,False,True,True,citrus|clean|fresh|green,citrus,amber|animalic|aromatic|citrus|fresh spicy|fruity|warm spicy|woody,True
95655,Coach for Men,14,0,False,False,False,False,False,,citrus,amber|animalic|aromatic|citrus|fresh spicy|fruity|warm spicy|woody,False
95875,Narciso Rodriguez For Her,32,0,False,True,True,False,False,,,amber|fruity|powdery|rose|warm spicy|woody,False
96276,Coach for Men,32,1,False,False,False,False,False,honey,citrus,amber|animalic|aromatic|citrus|fresh spicy|fruity|warm spicy|woody,False
96364,Coach for Men,85,3,False,True,False,False,False,lactonic|milky|musky,citrus,amber|animalic|aromatic|citrus|fresh spicy|fruity|warm spicy|woody,True
96639,Coach for Men,356,9,False,True,False,False,True,amber|earthy|incense|leather|musky|oud|smoky|sweet|warm spicy,citrus,amber|animalic|aromatic|citrus|fresh spicy|fruity|warm spicy|woody,True
96652,Coach for Men,91,0,False,False,False,False,False,,citrus,amber|animalic|aromatic|citrus|fresh spicy|fruity|warm spicy|woody,False
96829,Coach for Men,41,2,False,True,False,False,True,animalic|earthy,citrus,amber|animalic|aromatic|citrus|fresh spicy|fruity|warm spicy|woody,True
96901,Coach for Men,53,7,False,True,False,False,True,amber|clean|fresh|oud|spicy|sweet|warm spicy,citrus,amber|animalic|aromatic|citrus|fresh spicy|fruity|warm spicy|woody,True
96954,Coach for Men,24,0,False,True,False,False,False,,citrus,amber|animalic|aromatic|citrus|fresh spicy|fruity|warm spicy|woody,False
96998,Coach for Men,76,2,False,True,False,False,False,clean|fresh,citrus,amber|animalic|aromatic|citrus|fresh spicy|fruity|warm spicy|woody,True
97041,Coach for Men,118,1,False,True,False,False,False,fresh,citrus,amber|animalic|aromatic|citrus|fresh spicy|fruity|warm spicy|woody,False
97094,Coach for Men,25,3,False,True,False,False,False,boozy|musky|rum,citrus,amber|animalic|aromatic|citrus|fresh spicy|fruity|warm spicy|woody,True
97289,Elizabeth Arden Green Tea,96,3,False,True,False,True,True,citrus|clean|fresh,citrus,aromatic|citrus|fresh spicy|green,True
97533,Coach for Men,101,5,False,True,False,False,True,amber|clean|fresh|oud|sweet,citrus,amber|animalic|aromatic|citrus|fresh spicy|fruity|warm spicy|woody,True
97792,Coach for Men,33,0,True,False,False,False,False,,citrus,amber|animalic|aromatic|citrus|fresh spicy|fruity|warm spicy|woody,False
97922,Coach for Men,43,0,False,False,False,False,False,,citrus,amber|animalic|aromatic|citrus|fresh spicy|fruity|warm spicy|woody,False
98355,Elizabeth Arden Green Tea,37,0,True,False,False,False,False,,citrus,aromatic|citrus|fresh spicy|green,False
98463,Chanel Coco Mademoiselle,10,0,False,True,False,False,False,,citrus,citrus|earthy|rose|vanilla|warm spicy|white floral|woody,False
98470,Coach for Men,74,1,False,True,False,False,False,musky,citrus,amber|animalic|aromatic|citrus|fresh spicy|fruity|warm spicy|woody,False
98770,Coach for Men,71,2,False,True,False,False,False,clean|fresh,citrus,amber|animalic|aromatic|citrus|fresh spicy|fruity|warm spicy|woody,True
98979,John Varvatos Artisan Pure,18,4,False,True,False,False,False,clean|coniferous|green|soapy,citrus,aromatic|citrus|fresh spicy|woody,True
98990,Coach for Men,55,0,False,True,False,False,False,,citrus,amber|animalic|aromatic|citrus|fresh spicy|fruity|warm spicy|woody,False
99137,Coach for Men,47,4,False,True,False,False,False,floral|musky|powdery|sweet,citrus,amber|animalic|aromatic|citrus|fresh spicy|fruity|warm spicy|woody,True
99181,Narciso Rodriguez For Her,36,0,False,True,True,False,False,,,amber|fruity|powdery|rose|warm spicy|woody,False
99294,Coach for Men,39,1,False,True,False,False,True,fruity,citrus,amber|animalic|aromatic|citrus|fresh spicy|fruity|warm spicy|woody,False
99587,Coach for Men,134,6,True,False,False,False,True,clean|fresh|fruity|musk|musky|soapy,citrus,amber|animalic|aromatic|citrus|fresh spicy|fruity|warm spicy|woody,False
99604,Coach for Men,99,2,False,True,False,False,False,camphor|minty,citrus,amber|animalic|aromatic|citrus|fresh spicy|fruity|warm spicy|woody,True
99621,Coach for Men,18,0,False,False,False,False,False,,citrus,amber|animalic|aromatic|citrus|fresh spicy|fruity|warm spicy|woody,False
99785,Elizabeth Arden Green Tea,22,0,False,False,False,False,False,,citrus,aromatic|citrus|fresh spicy|green,False
99834,Coach for Men,18,2,False,True,False,False,False,clean|fresh,citrus,amber|animalic|aromatic|citrus|fresh spicy|fruity|warm spicy|woody,True
100025,Coach for Men,118,7,False,True,False,True,True,citrus|clean|earthy|musky|soapy|warm spicy|woody,citrus,amber|animalic|aromatic|citrus|fresh spicy|fruity|warm spicy|woody,True
100085,Coach for Men,9,4,True,False,False,False,True,clean|fresh|fruity|soapy,citrus,amber|animalic|aromatic|citrus|fresh spicy|fruity|warm spicy|woody,False
100132,Coach for Men,45,0,False,True,False,False,False,,citrus,amber|animalic|aromatic|citrus|fresh spicy|fruity|warm spicy|woody,False
100322,Coach for Men,167,2,False,True,False,False,False,clean|fresh,citrus,amber|animalic|aromatic|citrus|fresh spicy|fruity|warm spicy|woody,True
100345,Coach for Men,43,0,False,False,False,False,False,,citrus,amber|animalic|aromatic|citrus|fresh spicy|fruity|warm spicy|woody,False
100507,Coach for Men,67,0,False,True,False,False,False,,citrus,amber|animalic|aromatic|citrus|fresh spicy|fruity|warm spicy|woody,False
100534,Elizabeth Arden Green Tea,131,4,False,True,False,False,False,clean|fresh|fruity|soapy,citrus,aromatic|citrus|fresh spicy|green,True
100626,Coach for Men,42,2,False,True,False,False,False,clean|fresh,citrus,amber|animalic|aromatic|citrus|fresh spicy|fruity|warm spicy|woody,True
100714,Coach for Men,17,4,False,True,False,False,True,clean|fruity|minty|soapy,citrus,amber|animalic|aromatic|citrus|fresh spicy|fruity|warm spicy|woody,True
100930,Coach for Men,103,0,False,True,False,False,False,,citrus,amber|animalic|aromatic|citrus|fresh spicy|fruity|warm spicy|woody,False
101128,Coach for Men,19,0,False,True,False,False,False,,citrus,amber|animalic|aromatic|citrus|fresh spicy|fruity|warm spicy|woody,False
101159,Coach for Men,24,2,False,True,False,False,False,clean|soapy,citrus,amber|animalic|aromatic|citrus|fresh spicy|fruity|warm spicy|woody,True
101308,Elizabeth Arden Green Tea,21,1,False,True,False,False,False,musky,citrus,aromatic|citrus|fresh spicy|green,False
101723,Coach for Men,27,0,False,True,False,False,False,,citrus,amber|animalic|aromatic|citrus|fresh spicy|fruity|warm spicy|woody,False
101921,Coach for Men,17,3,False,True,False,True,True,citrus|musky|woody,citrus,amber|animalic|aromatic|citrus|fresh spicy|fruity|warm spicy|woody,True
101992,Coach for Men,28,5,False,False,False,True,True,aquatic|citrus|clean|fresh|soapy,citrus,amber|animalic|aromatic|citrus|fresh spicy|fruity|warm spicy|woody,True
102166,Elizabeth Arden Green Tea,34,6,False,True,False,False,True,floral|fresh|fruity|green|sweet|tea,citrus,aromatic|citrus|fresh spicy|green,True
102488,Elizabeth Arden Green Tea,189,7,True,False,False,False,True,amber|fresh|green|musky|oud|sweet|tea,citrus,aromatic|citrus|fresh spicy|green,False
102555,Coach for Men,393,5,False,True,False,True,True,animalic|aquatic|citrus|clean|fresh,citrus,amber|animalic|aromatic|citrus|fresh spicy|fruity|warm spicy|woody,True
102601,Coach for Men,106,0,False,True,False,False,False,,citrus,amber|animalic|aromatic|citrus|fresh spicy|fruity|warm spicy|woody,False
102616,Mugler Angel,10,0,False,True,True,False,False,,,caramel|fruity|honey|powdery|vanilla|warm spicy|woody,False
102811,Coach for Men,66,0,False,True,False,False,False,,citrus,amber|animalic|aromatic|citrus|fresh spicy|fruity|warm spicy|woody,False
102878,Coach for Men,364,2,False,False,False,False,False,clean|musky,citrus,amber|animalic|aromatic|citrus|fresh spicy|fruity|warm spicy|woody,True
103297,Coach for Men,19,0,False,False,False,False,False,,citrus,amber|animalic|aromatic|citrus|fresh spicy|fruity|warm spicy|woody,False
103952,Coach for Men,32,1,False,False,False,False,False,fresh,citrus,amber|animalic|aromatic|citrus|fresh spicy|fruity|warm spicy|woody,False
104057,Coach for Men,168,5,False,True,False,False,False,balsamic|fresh|powdery|sweet|vanilla,citrus,amber|animalic|aromatic|citrus|fresh spicy|fruity|warm spicy|woody,True
104058,Coach for Men,150,3,False,True,False,False,False,clean|fresh|soapy,citrus,amber|animalic|aromatic|citrus|fresh spicy|fruity|warm spicy|woody,True
104282,Elizabeth Arden Green Tea,275,3,False,True,False,False,False,clean|fruity|soapy,citrus,aromatic|citrus|fresh spicy|green,True
104422,Coach for Men,20,0,False,True,False,False,False,,citrus,amber|animalic|aromatic|citrus|fresh spicy|fruity|warm spicy|woody,False
104670,Coach for Men,42,0,False,True,False,False,False,,citrus,amber|animalic|aromatic|citrus|fresh spicy|fruity|warm spicy|woody,False
104834,Coach for Men,121,0,False,False,False,False,False,,citrus,amber|animalic|aromatic|citrus|fresh spicy|fruity|warm spicy|woody,False
105173,Coach for Men,115,3,False,True,False,False,False,fresh|inky|powdery,citrus,amber|animalic|aromatic|citrus|fresh spicy|fruity|warm spicy|woody,True
105227,Narciso Rodriguez For Her,8,0,False,True,True,False,False,,,amber|fruity|powdery|rose|warm spicy|woody,False
105842,Coach for Men,14,2,False,False,False,False,False,clean|fresh,citrus,amber|animalic|aromatic|citrus|fresh spicy|fruity|warm spicy|woody,True
105862,Coach for Men,79,3,False,False,False,False,False,clean|fresh|musky,citrus,amber|animalic|aromatic|citrus|fresh spicy|fruity|warm spicy|woody,True
105916,Creed Silver Mountain Water,8,0,False,False,False,False,False,,citrus,aromatic|citrus|fresh spicy|fruity|green|powdery|woody,False
106363,Coach for Men,42,1,False,True,False,False,False,fresh,citrus,amber|animalic|aromatic|citrus|fresh spicy|fruity|warm spicy|woody,False
106408,Coach for Men,370,3,False,True,False,False,False,clean|fresh|sweet,citrus,amber|animalic|aromatic|citrus|fresh spicy|fruity|warm spicy|woody,True
106608,Coach for Men,25,5,False,True,False,False,True,clean|fresh|patchouli|tobacco|woody,citrus,amber|animalic|aromatic|citrus|fresh spicy|fruity|warm spicy|woody,True
106620,Coach for Men,90,1,False,True,False,False,False,musky,citrus,amber|animalic|aromatic|citrus|fresh spicy|fruity|warm spicy|woody,False
106626,Coach for Men,26,2,False,True,False,False,False,clean|soapy,citrus,amber|animalic|aromatic|citrus|fresh spicy|fruity|warm spicy|woody,True
106635,Coach for Men,143,2,False,True,False,False,False,clean|soapy,citrus,amber|animalic|aromatic|citrus|fresh spicy|fruity|warm spicy|woody,True
106834,Coach for Men,48,0,False,True,False,False,False,,citrus,amber|animalic|aromatic|citrus|fresh spicy|fruity|warm spicy|woody,False
106895,Coach for Men,47,6,False,True,False,False,True,alcohol|amber|clean|fresh|iris|oud,citrus,amber|animalic|aromatic|citrus|fresh spicy|fruity|warm spicy|woody,True
106924,Coach for Men,256,1,False,True,False,False,False,coffee,citrus,amber|animalic|aromatic|citrus|fresh spicy|fruity|warm spicy|woody,False
106958,Coach for Men,25,1,False,True,False,False,False,musky,citrus,amber|animalic|aromatic|citrus|fresh spicy|fruity|warm spicy|woody,False
107146,Coach for Men,8,0,False,True,False,False,False,,citrus,amber|animalic|aromatic|citrus|fresh spicy|fruity|warm spicy|woody,False
107198,Coach for Men,63,0,False,False,False,False,False,,citrus,amber|animalic|aromatic|citrus|fresh spicy|fruity|warm spicy|woody,False
107264,Coach for Men,73,3,False,True,False,False,False,inky|metallic|musky,citrus,amber|animalic|aromatic|citrus|fresh spicy|fruity|warm spicy|woody,True
107534,Coach for Men,197,8,False,True,False,False,True,amber|clean|fresh|gourmand|oud|soapy|sweet|vanilla,citrus,amber|animalic|aromatic|citrus|fresh spicy|fruity|warm spicy|woody,True
107560,Coach for Men,10,0,False,False,False,False,False,,citrus,amber|animalic|aromatic|citrus|fresh spicy|fruity|warm spicy|woody,False
107582,Coach for Men,23,0,False,True,False,False,False,,citrus,amber|animalic|aromatic|citrus|fresh spicy|fruity|warm spicy|woody,False
107866,Coach for Men,11,3,False,True,False,False,False,aquatic|fresh|minty,citrus,amber|animalic|aromatic|citrus|fresh spicy|fruity|warm spicy|woody,True
108102,Coach for Men,29,0,False,True,False,False,False,,citrus,amber|animalic|aromatic|citrus|fresh spicy|fruity|warm spicy|woody,False
108161,Coach for Men,19,0,False,True,False,False,False,,citrus,amber|animalic|aromatic|citrus|fresh spicy|fruity|warm spicy|woody,False
108300,Coach for Men,49,0,False,True,False,False,False,,citrus,amber|animalic|aromatic|citrus|fresh spicy|fruity|warm spicy|woody,False
108397,Coach for Men,17,0,False,True,False,False,False,,citrus,amber|animalic|aromatic|citrus|fresh spicy|fruity|warm spicy|woody,False
108455,Coach for Men,34,1,False,True,False,True,True,citrus,citrus,amber|animalic|aromatic|citrus|fresh spicy|fruity|warm spicy|woody,False
108479,Coach for Men,9,2,False,True,False,False,False,clean|fresh,citrus,amber|animalic|aromatic|citrus|fresh spicy|fruity|warm spicy|woody,True
108708,Elizabeth Arden Green Tea,93,6,False,False,False,False,False,aquatic|fresh|gourmand|milky|minty|sweet,citrus,aromatic|citrus|fresh spicy|green,True
108904,Coach for Men,44,2,False,True,False,False,False,clean|soapy,citrus,amber|animalic|aromatic|citrus|fresh spicy|fruity|warm spicy|woody,True
108982,Coach for Men,35,3,False,True,False,False,False,aquatic|fresh|minty,citrus,amber|animalic|aromatic|citrus|fresh spicy|fruity|warm spicy|woody,True
109049,Coach for Men,72,2,False,True,False,True,True,citrus|clean,citrus,amber|animalic|aromatic|citrus|fresh spicy|fruity|warm spicy|woody,True
109162,Coach for Men,28,3,False,True,False,False,False,inky|metallic|sweet,citrus,amber|animalic|aromatic|citrus|fresh spicy|fruity|warm spicy|woody,True
109208,Coach for Men,374,0,True,False,False,False,False,,citrus,amber|animalic|aromatic|citrus|fresh spicy|fruity|warm spicy|woody,False
109657,Coach for Men,102,0,False,True,False,False,False,,citrus,amber|animalic|aromatic|citrus|fresh spicy|fruity|warm spicy|woody,False
109702,Coach for Men,109,5,False,True,False,True,True,citrus|floral|fresh|green|musky,citrus,amber|animalic|aromatic|citrus|fresh spicy|fruity|warm spicy|woody,True
109771,Coach for Men,23,0,False,False,False,False,False,,citrus,amber|animalic|aromatic|citrus|fresh spicy|fruity|warm spicy|woody,False
109823,Coach for Men,61,3,False,True,False,False,False,almond|clean|soapy,citrus,amber|animalic|aromatic|citrus|fresh spicy|fruity|warm spicy|woody,True
109899,Coach for Men,57,0,False,True,False,False,False,,citrus,amber|animalic|aromatic|citrus|fresh spicy|fruity|warm spicy|woody,False
109925,Coach for Men,36,2,False,True,False,False,False,aquatic|fresh,citrus,amber|animalic|aromatic|citrus|fresh spicy|fruity|warm spicy|woody,True
109995,Coach for Men,38,0,False,True,False,False,False,,citrus,amber|animalic|aromatic|citrus|fresh spicy|fruity|warm spicy|woody,False
110219,Coach for Men,32,3,True,False,False,False,True,clean|fruity|soapy,citrus,amber|animalic|aromatic|citrus|fresh spicy|fruity|warm spicy|woody,False
110255,Coach for Men,21,0,False,False,False,False,False,,citrus,amber|animalic|aromatic|citrus|fresh spicy|fruity|warm spicy|woody,False
110580,Coach for Men,17,0,False,True,False,False,False,,citrus,amber|animalic|aromatic|citrus|fresh spicy|fruity|warm spicy|woody,False
110777,Coach for Men,14,3,False,True,False,False,False,clean|fresh|musky,citrus,amber|animalic|aromatic|citrus|fresh spicy|fruity|warm spicy|woody,True
110939,Coach for Men,19,0,False,True,False,False,False,,citrus,amber|animalic|aromatic|citrus|fresh spicy|fruity|warm spicy|woody,False
111049,Coach for Men,56,0,False,True,False,False,False,,citrus,amber|animalic|aromatic|citrus|fresh spicy|fruity|warm spicy|woody,False
111052,Coach for Men,13,0,False,True,False,False,False,,citrus,amber|animalic|aromatic|citrus|fresh spicy|fruity|warm spicy|woody,False
111079,Coach for Men,330,3,False,True,False,False,False,jasmine|tea|white floral,citrus,amber|animalic|aromatic|citrus|fresh spicy|fruity|warm spicy|woody,True
111120,Coach for Men,83,7,False,True,False,True,True,cinnamon|citrus|earthy|spicy|sweet|warm spicy|woody,citrus,amber|animalic|aromatic|citrus|fresh spicy|fruity|warm spicy|woody,True
111210,Elizabeth Arden Green Tea,32,1,False,True,False,False,False,musky,citrus,aromatic|citrus|fresh spicy|green,False
111275,Coach for Men,58,6,True,False,False,False,True,amber|clean|iris|musky|oud|soapy,citrus,amber|animalic|aromatic|citrus|fresh spicy|fruity|warm spicy|woody,False
111283,Coach for Men,196,0,False,True,False,False,False,,citrus,amber|animalic|aromatic|citrus|fresh spicy|fruity|warm spicy|woody,False
111443,Coach for Men,34,2,False,True,False,False,False,inky|metallic,citrus,amber|animalic|aromatic|citrus|fresh spicy|fruity|warm spicy|woody,True
111496,Coach for Men,38,0,False,False,False,False,False,,citrus,amber|animalic|aromatic|citrus|fresh spicy|fruity|warm spicy|woody,False
111795,Coach for Men,70,0,False,True,False,False,False,,citrus,amber|animalic|aromatic|citrus|fresh spicy|fruity|warm spicy|woody,False
112103,Coach for Men,186,3,False,True,False,True,True,citrus|fruity|warm spicy,citrus,amber|animalic|aromatic|citrus|fresh spicy|fruity|warm spicy|woody,True
112105,Coach for Men,236,5,False,True,False,False,True,clean|fresh|inky|metallic|woody,citrus,amber|animalic|aromatic|citrus|fresh spicy|fruity|warm spicy|woody,True
112136,Coach for Men,34,4,False,True,False,False,False,clean|musky|soapy|tea,citrus,amber|animalic|aromatic|citrus|fresh spicy|fruity|warm spicy|woody,True
112145,Elizabeth Arden Green Tea,128,3,False,True,False,False,False,clean|damp|fresh,citrus,aromatic|citrus|fresh spicy|green,True
112177,Coach for Men,47,4,False,True,False,False,True,clean|floral|fruity|soapy,citrus,amber|animalic|aromatic|citrus|fresh spicy|fruity|warm spicy|woody,True
112340,Coach for Men,89,4,False,True,False,False,True,amber|musky|sweet|warm spicy,citrus,amber|animalic|aromatic|citrus|fresh spicy|fruity|warm spicy|woody,True
112381,Coach for Men,10,0,False,True,False,False,False,,citrus,amber|animalic|aromatic|citrus|fresh spicy|fruity|warm spicy|woody,False
112743,Tom Ford Black Orchid,10,0,False,True,True,False,False,,,earthy|gourmand,False
112785,Coach for Men,187,9,False,True,False,True,True,amber|citrus|clean|fresh|fresh spicy|oud|spicy|sweet|woody,citrus,amber|animalic|aromatic|citrus|fresh spicy|fruity|warm spicy|woody,True
112802,Coach for Men,22,0,False,True,False,False,False,,citrus,amber|animalic|aromatic|citrus|fresh spicy|fruity|warm spicy|woody,False
113007,Coach for Men,56,5,False,True,False,True,True,aromatic|citrus|fresh spicy|musky|woody,citrus,amber|animalic|aromatic|citrus|fresh spicy|fruity|warm spicy|woody,True
113045,Coach for Men,39,0,False,True,False,False,False,,citrus,amber|animalic|aromatic|citrus|fresh spicy|fruity|warm spicy|woody,False
113078,Coach for Men,70,2,False,True,False,False,False,clean|fresh,citrus,amber|animalic|aromatic|citrus|fresh spicy|fruity|warm spicy|woody,True
113151,Elizabeth Arden Green Tea,287,4,True,False,False,False,False,amber|fruity|oud|sweet,citrus,aromatic|citrus|fresh spicy|green,False
113331,Parfums de Marly Delina,24,0,False,False,False,False,False,,rose,aromatic|fruity|green|powdery|rose|woody,False
113474,Coach for Men,22,1,False,True,False,False,False,clean,citrus,amber|animalic|aromatic|citrus|fresh spicy|fruity|warm spicy|woody,False
113522,Coach for Men,80,2,False,True,False,False,False,alcohol|fresh,citrus,amber|animalic|aromatic|citrus|fresh spicy|fruity|warm spicy|woody,True
113581,Elizabeth Arden Green Tea,106,9,False,True,False,False,True,camphor|fresh|grassy|green|herbal|lactonic|milky|musky|tea,citrus,aromatic|citrus|fresh spicy|green,True
113741,Coach for Men,50,3,False,True,False,True,True,aquatic|citrus|fresh,citrus,amber|animalic|aromatic|citrus|fresh spicy|fruity|warm spicy|woody,True
113828,Coach for Men,40,0,False,True,False,False,False,,citrus,amber|animalic|aromatic|citrus|fresh spicy|fruity|warm spicy|woody,False
113954,Coach for Men,26,0,False,True,False,False,False,,citrus,amber|animalic|aromatic|citrus|fresh spicy|fruity|warm spicy|woody,False
114800,Coach for Men,87,3,True,False,False,False,True,clean|fruity|soapy,citrus,amber|animalic|aromatic|citrus|fresh spicy|fruity|warm spicy|woody,False
114917,Mugler Angel,32,3,False,True,True,False,False,clean|fresh|soapy,,caramel|fruity|honey|powdery|vanilla|warm spicy|woody,False
115026,Gucci Flora Gorgeous Gardenia,8,0,False,True,False,False,False,,white floral,citrus|fruity|white floral,False
115166,Coach for Men,18,0,False,True,False,False,False,,citrus,amber|animalic|aromatic|citrus|fresh spicy|fruity|warm spicy|woody,False
115428,Coach for Men,205,2,False,True,False,False,False,clean|fresh,citrus,amber|animalic|aromatic|citrus|fresh spicy|fruity|warm spicy|woody,True
115508,Coach for Men,213,6,False,True,False,False,True,aromatic|clean|herbal|minty|musky|spicy,citrus,amber|animalic|aromatic|citrus|fresh spicy|fruity|warm spicy|woody,True
115525,Elizabeth Arden Green Tea,139,0,False,True,False,False,False,,citrus,aromatic|citrus|fresh spicy|green,False
115528,Coach for Men,80,0,False,False,False,False,False,,citrus,amber|animalic|aromatic|citrus|fresh spicy|fruity|warm spicy|woody,False
115699,Coach for Men,170,2,False,False,False,False,False,inky|metallic,citrus,amber|animalic|aromatic|citrus|fresh spicy|fruity|warm spicy|woody,True
115757,Coach for Men,20,0,False,True,False,False,False,,citrus,amber|animalic|aromatic|citrus|fresh spicy|fruity|warm spicy|woody,False
115911,Coach for Men,32,2,False,True,False,False,False,clean|soapy,citrus,amber|animalic|aromatic|citrus|fresh spicy|fruity|warm spicy|woody,True
116030,Elizabeth Arden Green Tea,53,1,False,True,False,False,False,musky,citrus,aromatic|citrus|fresh spicy|green,False
116066,Tom Ford Tobacco Vanille,12,3,False,True,False,False,False,amber|musky|sensual,vanilla,fruity|powdery|tobacco|vanilla|warm spicy|woody,True
116078,Coach for Men,26,0,False,True,False,False,False,,citrus,amber|animalic|aromatic|citrus|fresh spicy|fruity|warm spicy|woody,False
116155,Coach for Men,100,0,False,True,False,False,False,,citrus,amber|animalic|aromatic|citrus|fresh spicy|fruity|warm spicy|woody,False
116316,Coach for Men,132,8,False,True,False,False,True,amber|clean|fresh|lactonic|milky|musky|resinous|warm spicy,citrus,amber|animalic|aromatic|citrus|fresh spicy|fruity|warm spicy|woody,True
116591,Coach for Men,31,1,False,True,False,False,True,fruity,citrus,amber|animalic|aromatic|citrus|fresh spicy|fruity|warm spicy|woody,False
116593,Coach for Men,110,7,False,False,False,False,False,clean|inky|iris|metallic|powdery|soapy|violet,citrus,amber|animalic|aromatic|citrus|fresh spicy|fruity|warm spicy|woody,True
116747,Coach for Men,14,0,False,True,False,False,False,,citrus,amber|animalic|aromatic|citrus|fresh spicy|fruity|warm spicy|woody,False
116823,Coach for Men,18,0,False,True,False,False,False,,citrus,amber|animalic|aromatic|citrus|fresh spicy|fruity|warm spicy|woody,False
117073,Coach for Men,25,3,False,True,False,False,False,minty|musk|musky,citrus,amber|animalic|aromatic|citrus|fresh spicy|fruity|warm spicy|woody,True
117130,Juliette Has a Gun Vanilla Vibes,16,6,False,True,False,True,True,balsamic|lactonic|milky|powdery|sweet|vanilla,vanilla,amber|powdery|vanilla|warm spicy|woody,True
117252,Coach for Men,60,1,False,True,False,False,False,sweet,citrus,amber|animalic|aromatic|citrus|fresh spicy|fruity|warm spicy|woody,False
118049,Coach for Men,127,12,False,True,False,False,True,aldehydic|amber|aromatic|chypre|floral|fresh spicy|inky|metallic|musky|resinous|warm spicy|woody,citrus,amber|animalic|aromatic|citrus|fresh spicy|fruity|warm spicy|woody,True
118053,Coach for Men,8,0,False,True,False,False,False,,citrus,amber|animalic|aromatic|citrus|fresh spicy|fruity|warm spicy|woody,False
118247,Coach for Men,37,0,False,True,False,False,False,,citrus,amber|animalic|aromatic|citrus|fresh spicy|fruity|warm spicy|woody,False
118288,Coach for Men,107,4,False,True,False,False,False,clean|fresh|incense|powdery,citrus,amber|animalic|aromatic|citrus|fresh spicy|fruity|warm spicy|woody,True
118306,Coach for Men,36,0,False,True,False,False,False,,citrus,amber|animalic|aromatic|citrus|fresh spicy|fruity|warm spicy|woody,False
118504,Coach for Men,30,1,False,True,False,False,False,musky,citrus,amber|animalic|aromatic|citrus|fresh spicy|fruity|warm spicy|woody,False
118819,Coach for Men,47,2,False,False,False,False,False,clean|fresh,citrus,amber|animalic|aromatic|citrus|fresh spicy|fruity|warm spicy|woody,True
118902,Elizabeth Arden Green Tea,44,0,False,True,False,False,False,,citrus,aromatic|citrus|fresh spicy|green,False
118916,Coach for Men,13,2,False,True,False,False,False,clean|soapy,citrus,amber|animalic|aromatic|citrus|fresh spicy|fruity|warm spicy|woody,True
118976,Coach for Men,54,2,False,False,False,True,True,citrus|warm spicy,citrus,amber|animalic|aromatic|citrus|fresh spicy|fruity|warm spicy|woody,True
119077,Coach for Men,168,4,False,True,False,False,False,clean|fresh|soapy|tea,citrus,amber|animalic|aromatic|citrus|fresh spicy|fruity|warm spicy|woody,True
119105,Coach for Men,19,0,False,True,False,False,False,,citrus,amber|animalic|aromatic|citrus|fresh spicy|fruity|warm spicy|woody,False
119165,Coach for Men,99,2,False,True,False,False,False,clean|fresh,citrus,amber|animalic|aromatic|citrus|fresh spicy|fruity|warm spicy|woody,True
119185,Coach for Men,199,3,False,True,False,False,False,clean|fresh|musky,citrus,amber|animalic|aromatic|citrus|fresh spicy|fruity|warm spicy|woody,True
119193,Coach for Men,8,0,False,False,False,False,False,,citrus,amber|animalic|aromatic|citrus|fresh spicy|fruity|warm spicy|woody,False
119250,Coach for Men,81,0,False,False,False,False,False,,citrus,amber|animalic|aromatic|citrus|fresh spicy|fruity|warm spicy|woody,False
119621,Coach for Men,24,0,False,True,False,False,False,,citrus,amber|animalic|aromatic|citrus|fresh spicy|fruity|warm spicy|woody,False
119772,Tom Ford Oud Wood,17,0,False,True,False,False,False,,woody,amber|aromatic|fresh spicy|oud|powdery|vanilla|warm spicy|woody,False
120165,Narciso Rodriguez For Her,16,2,False,True,True,False,False,clean|fresh,,amber|fruity|powdery|rose|warm spicy|woody,False
120671,Coach for Men,82,0,False,True,False,False,False,,citrus,amber|animalic|aromatic|citrus|fresh spicy|fruity|warm spicy|woody,False
121270,Elizabeth Arden Green Tea,119,5,False,True,False,False,False,amber|musky|oud|sweet|tea,citrus,aromatic|citrus|fresh spicy|green,True
121734,Elizabeth Arden Green Tea,87,0,False,False,False,False,False,,citrus,aromatic|citrus|fresh spicy|green,False
121757,Elizabeth Arden Green Tea,14,0,False,True,False,False,False,,citrus,aromatic|citrus|fresh spicy|green,False
121990,Coach for Men,68,6,False,True,False,False,True,amber|aromatic|herbal|oud|rose|sweet,citrus,amber|animalic|aromatic|citrus|fresh spicy|fruity|warm spicy|woody,True
122010,Elizabeth Arden Green Tea,178,6,True,False,False,False,False,amber|lactonic|milky|musky|oud|sweet,citrus,aromatic|citrus|fresh spicy|green,False
122036,Coach for Men,10,0,False,False,False,False,False,,citrus,amber|animalic|aromatic|citrus|fresh spicy|fruity|warm spicy|woody,False
122425,Coach for Men,73,2,False,True,False,False,True,patchouli|woody,citrus,amber|animalic|aromatic|citrus|fresh spicy|fruity|warm spicy|woody,True
122703,Narciso Rodriguez For Her,86,3,False,True,True,False,True,fruity|inky|powdery,,amber|fruity|powdery|rose|warm spicy|woody,False
123044,Coach for Men,38,1,False,True,False,False,False,leather,citrus,amber|animalic|aromatic|citrus|fresh spicy|fruity|warm spicy|woody,False
123248,Coach for Men,63,1,False,True,False,False,False,musky,citrus,amber|animalic|aromatic|citrus|fresh spicy|fruity|warm spicy|woody,False
123344,Coach for Men,16,0,False,True,False,False,False,,citrus,amber|animalic|aromatic|citrus|fresh spicy|fruity|warm spicy|woody,False
123355,Elizabeth Arden Green Tea,127,7,False,True,False,False,True,aromatic|camphor|clean|fresh|herbal|minty|soapy,citrus,aromatic|citrus|fresh spicy|green,True
123599,Tom Ford Tobacco Vanille,15,1,False,True,False,False,False,sweet,vanilla,fruity|powdery|tobacco|vanilla|warm spicy|woody,False
123690,Coach for Men,21,0,False,True,False,False,False,,citrus,amber|animalic|aromatic|citrus|fresh spicy|fruity|warm spicy|woody,False
123748,Coach for Men,20,2,False,True,False,False,False,clean|fresh,citrus,amber|animalic|aromatic|citrus|fresh spicy|fruity|warm spicy|woody,True
123908,Coach for Men,198,7,False,True,False,False,False,herbal|incense|lactonic|leather|milky|oud|smoky,citrus,amber|animalic|aromatic|citrus|fresh spicy|fruity|warm spicy|woody,True
123947,Coach for Men,90,4,False,True,False,False,False,aquatic|fresh|minty|musky,citrus,amber|animalic|aromatic|citrus|fresh spicy|fruity|warm spicy|woody,True
123988,Narciso Rodriguez For Her,73,3,False,True,True,False,False,clean|fresh|soapy,,amber|fruity|powdery|rose|warm spicy|woody,False
124274,Elizabeth Arden Green Tea,60,9,False,True,False,False,True,amber|aquatic|fresh|green|iris|minty|musky|oud|tea,citrus,aromatic|citrus|fresh spicy|green,True
124306,Elizabeth Arden Green Tea,12,0,False,True,False,False,False,,citrus,aromatic|citrus|fresh spicy|green,False
124585,Coach for Men,95,6,False,True,False,False,True,clean|fresh|patchouli|sandalwood|sweet|woody,citrus,amber|animalic|aromatic|citrus|fresh spicy|fruity|warm spicy|woody,True
124586,Coach for Men,59,0,False,True,False,False,False,,citrus,amber|animalic|aromatic|citrus|fresh spicy|fruity|warm spicy|woody,False
124737,Coach for Men,64,2,False,True,False,False,False,clean|fresh,citrus,amber|animalic|aromatic|citrus|fresh spicy|fruity|warm spicy|woody,True
125015,Coach for Men,37,0,True,False,False,False,False,,citrus,amber|animalic|aromatic|citrus|fresh spicy|fruity|warm spicy|woody,False
125081,Elizabeth Arden Green Tea,100,2,False,True,False,False,False,lactonic|milky,citrus,aromatic|citrus|fresh spicy|green,True
125410,Coach for Men,32,0,False,True,False,False,False,,citrus,amber|animalic|aromatic|citrus|fresh spicy|fruity|warm spicy|woody,False
125430,Narciso Rodriguez For Her,125,8,False,True,True,False,True,balsamic|boozy|floral|fruity|powdery|rose|sweet|vanilla,,amber|fruity|powdery|rose|warm spicy|woody,False
125510,Coach for Men,14,0,False,True,False,False,False,,citrus,amber|animalic|aromatic|citrus|fresh spicy|fruity|warm spicy|woody,False
125615,Coach for Men,87,2,False,True,False,False,False,clean|fresh,citrus,amber|animalic|aromatic|citrus|fresh spicy|fruity|warm spicy|woody,True
125647,Coach for Men,147,10,False,True,False,True,True,citrus|clean|fresh|fruity|green|musky|soapy|spicy|warm|woody,citrus,amber|animalic|aromatic|citrus|fresh spicy|fruity|warm spicy|woody,True
125655,Elizabeth Arden Green Tea,59,5,False,True,False,False,True,clean|fresh|green|musky|tea,citrus,aromatic|citrus|fresh spicy|green,True
125669,Elizabeth Arden Green Tea,276,10,False,True,False,False,False,amber|clean|coconut|fresh|lactonic|milky|resinous|tropical|warm|warm spicy,citrus,aromatic|citrus|fresh spicy|green,True
125776,Narciso Rodriguez For Her,69,1,False,False,True,False,False,sweet,,amber|fruity|powdery|rose|warm spicy|woody,False
125938,Elizabeth Arden Green Tea,52,5,False,True,False,False,True,clean|fresh|green|soapy|tea,citrus,aromatic|citrus|fresh spicy|green,True
126073,Coach for Men,43,3,True,False,False,False,False,lactonic|milky|musky,citrus,amber|animalic|aromatic|citrus|fresh spicy|fruity|warm spicy|woody,False
126135,Coach for Men,26,0,False,False,False,False,False,,citrus,amber|animalic|aromatic|citrus|fresh spicy|fruity|warm spicy|woody,False
126220,Tom Ford Black Orchid,13,1,False,False,True,False,False,musky,,earthy|gourmand,False
126224,Coach for Men,10,0,False,False,False,False,False,,citrus,amber|animalic|aromatic|citrus|fresh spicy|fruity|warm spicy|woody,False
126341,Coach for Men,46,1,False,True,False,False,True,woody,citrus,amber|animalic|aromatic|citrus|fresh spicy|fruity|warm spicy|woody,False
126480,Coach for Men,27,0,False,False,False,False,False,,citrus,amber|animalic|aromatic|citrus|fresh spicy|fruity|warm spicy|woody,False
126787,Coach for Men,53,0,False,False,False,False,False,,citrus,amber|animalic|aromatic|citrus|fresh spicy|fruity|warm spicy|woody,False
126811,Coach for Men,92,3,False,False,False,False,False,clean|musky|soapy,citrus,amber|animalic|aromatic|citrus|fresh spicy|fruity|warm spicy|woody,True
126873,Coach for Men,199,4,False,True,False,False,False,clean|fresh|musky|soapy,citrus,amber|animalic|aromatic|citrus|fresh spicy|fruity|warm spicy|woody,True
127018,Coach for Men,27,1,False,True,False,False,False,musky,citrus,amber|animalic|aromatic|citrus|fresh spicy|fruity|warm spicy|woody,False
127066,Coach for Men,93,3,False,True,False,False,True,aromatic|herbal|lavender,citrus,amber|animalic|aromatic|citrus|fresh spicy|fruity|warm spicy|woody,True
127238,Coach for Men,12,1,True,False,False,False,False,sweet,citrus,amber|animalic|aromatic|citrus|fresh spicy|fruity|warm spicy|woody,False
127464,Coach for Men,127,7,False,True,False,False,False,clean|fresh|inky|metallic|musky|powdery|soapy,citrus,amber|animalic|aromatic|citrus|fresh spicy|fruity|warm spicy|woody,True
127468,Coach for Men,32,2,False,True,False,False,False,clean|fresh,citrus,amber|animalic|aromatic|citrus|fresh spicy|fruity|warm spicy|woody,True
127510,Elizabeth Arden Green Tea,368,2,False,False,False,False,False,minty|musky,citrus,aromatic|citrus|fresh spicy|green,True
127982,Coach for Men,332,16,False,True,False,True,True,amber|cacao|chocolate|citrus|clean|coconut|floral|fresh|fruity|iris|lactonic|milky|oud|powdery|sweet|tropical,citrus,amber|animalic|aromatic|citrus|fresh spicy|fruity|warm spicy|woody,True
128284,Narciso Rodriguez For Her,10,0,False,True,True,False,False,,,amber|fruity|powdery|rose|warm spicy|woody,False
128348,Coach for Men,16,3,False,False,False,True,True,citrus|musky|woody,citrus,amber|animalic|aromatic|citrus|fresh spicy|fruity|warm spicy|woody,True
128496,Coach for Men,370,5,False,True,False,False,True,aromatic|camphor|earthy|fresh|herbal,citrus,amber|animalic|aromatic|citrus|fresh spicy|fruity|warm spicy|woody,True
128499,Elizabeth Arden Green Tea,208,5,False,True,False,False,True,fresh|green|inky|metallic|tea,citrus,aromatic|citrus|fresh spicy|green,True
128528,Coach for Men,9,0,False,True,False,False,False,,citrus,amber|animalic|aromatic|citrus|fresh spicy|fruity|warm spicy|woody,False
128764,Mugler Alien,115,0,False,True,False,False,False,,amber,amber|white floral|woody,False
128784,Coach for Men,32,1,False,True,False,False,False,musky,citrus,amber|animalic|aromatic|citrus|fresh spicy|fruity|warm spicy|woody,False
128797,Coach for Men,50,4,False,True,False,False,True,clean|fruity|musky|soapy,citrus,amber|animalic|aromatic|citrus|fresh spicy|fruity|warm spicy|woody,True
129064,Elizabeth Arden Green Tea,75,5,False,True,False,False,True,aromatic|clean|herbal|lavender|musky,citrus,aromatic|citrus|fresh spicy|green,True
129290,Coach for Men,34,3,False,True,False,False,True,cardamom|tea|warm spicy,citrus,amber|animalic|aromatic|citrus|fresh spicy|fruity|warm spicy|woody,True
129302,Coach for Men,64,5,False,True,False,True,True,aquatic|citrus|clean|fresh|woody,citrus,amber|animalic|aromatic|citrus|fresh spicy|fruity|warm spicy|woody,True
129567,Coach for Men,81,1,False,True,False,True,True,citrus,citrus,amber|animalic|aromatic|citrus|fresh spicy|fruity|warm spicy|woody,False
129604,Juliette Has a Gun Vanilla Vibes,11,4,False,True,False,True,True,balsamic|powdery|sweet|vanilla,vanilla,amber|powdery|vanilla|warm spicy|woody,True
129617,Coach for Men,100,5,True,False,False,True,True,aquatic|citrus|clean|fresh|musky,citrus,amber|animalic|aromatic|citrus|fresh spicy|fruity|warm spicy|woody,False
129622,Elizabeth Arden Green Tea,99,5,False,True,False,False,True,clean|fresh|green|musky|tea,citrus,aromatic|citrus|fresh spicy|green,True
129952,Coach for Men,21,0,False,True,False,False,False,,citrus,amber|animalic|aromatic|citrus|fresh spicy|fruity|warm spicy|woody,False
129989,Coach for Men,21,3,False,True,False,False,False,clean|musky|soapy,citrus,amber|animalic|aromatic|citrus|fresh spicy|fruity|warm spicy|woody,True
130037,Elizabeth Arden Green Tea,39,0,False,True,False,False,False,,citrus,aromatic|citrus|fresh spicy|green,False
130323,Elizabeth Arden Green Tea,30,4,False,True,False,True,True,citrus|fresh|green|tea,citrus,aromatic|citrus|fresh spicy|green,True
130374,Coach for Men,19,0,False,True,False,False,False,,citrus,amber|animalic|aromatic|citrus|fresh spicy|fruity|warm spicy|woody,False
130430,Coach for Men,309,5,False,True,False,False,False,clean|fresh|lactonic|milky|musky,citrus,amber|animalic|aromatic|citrus|fresh spicy|fruity|warm spicy|woody,True
130474,Narciso Rodriguez For Her,124,2,True,False,True,False,True,inky|powdery,,amber|fruity|powdery|rose|warm spicy|woody,False
130489,Coach for Men,211,12,False,True,False,False,True,aromatic|camphor|clean|fresh spicy|fruity|herbal|minty|musky|soapy|spicy|tea|woody,citrus,amber|animalic|aromatic|citrus|fresh spicy|fruity|warm spicy|woody,True
130573,Coach for Men,104,2,False,True,False,False,False,inky|metallic,citrus,amber|animalic|aromatic|citrus|fresh spicy|fruity|warm spicy|woody,True
130634,Coach for Men,129,11,True,False,False,False,True,aromatic|clean|coconut|coffee|fresh|honey|inky|minty|musky|powdery|tropical,citrus,amber|animalic|aromatic|citrus|fresh spicy|fruity|warm spicy|woody,False
130740,Coach for Men,64,0,False,True,False,False,False,,citrus,amber|animalic|aromatic|citrus|fresh spicy|fruity|warm spicy|woody,False
130766,Elizabeth Arden Green Tea,11,3,False,True,False,False,False,iris|powdery|violet,citrus,aromatic|citrus|fresh spicy|green,True
130863,Narciso Rodriguez For Her,72,5,False,True,True,False,False,clean|lactonic|milky|musky|soapy,,amber|fruity|powdery|rose|warm spicy|woody,False
131011,Elizabeth Arden Green Tea,26,1,False,True,False,False,False,clean,citrus,aromatic|citrus|fresh spicy|green,False
131289,Coach for Men,74,8,False,True,False,False,True,balsamic|floral|lactonic|milky|powdery|sweet|vanilla|woody,citrus,amber|animalic|aromatic|citrus|fresh spicy|fruity|warm spicy|woody,True
131451,Coach for Men,32,2,False,True,False,False,False,fresh|musky,citrus,amber|animalic|aromatic|citrus|fresh spicy|fruity|warm spicy|woody,True
131611,Coach for Men,85,0,False,False,False,False,False,,citrus,amber|animalic|aromatic|citrus|fresh spicy|fruity|warm spicy|woody,False
132160,Coach for Men,76,6,False,True,False,False,True,amber|aromatic|fresh spicy|oud|sweet|woody,citrus,amber|animalic|aromatic|citrus|fresh spicy|fruity|warm spicy|woody,True
132161,Coach for Men,30,3,False,True,False,False,True,aromatic|fresh spicy|woody,citrus,amber|animalic|aromatic|citrus|fresh spicy|fruity|warm spicy|woody,True
132163,Coach for Men,100,4,False,True,False,False,True,aromatic|clean|fresh spicy|woody,citrus,amber|animalic|aromatic|citrus|fresh spicy|fruity|warm spicy|woody,True
132172,Coach for Men,17,0,False,True,False,False,False,,citrus,amber|animalic|aromatic|citrus|fresh spicy|fruity|warm spicy|woody,False
132191,Coach for Men,139,2,False,True,False,False,False,clean|fresh,citrus,amber|animalic|aromatic|citrus|fresh spicy|fruity|warm spicy|woody,True
132246,Coach for Men,10,1,False,True,False,True,True,citrus,citrus,amber|animalic|aromatic|citrus|fresh spicy|fruity|warm spicy|woody,False
132562,Coach for Men,24,0,False,True,False,False,False,,citrus,amber|animalic|aromatic|citrus|fresh spicy|fruity|warm spicy|woody,False
132563,Elizabeth Arden Green Tea,98,1,False,True,False,False,False,musky,citrus,aromatic|citrus|fresh spicy|green,False
132600,Coach for Men,12,0,False,False,False,False,False,,citrus,amber|animalic|aromatic|citrus|fresh spicy|fruity|warm spicy|woody,False
132723,Elizabeth Arden Green Tea,78,8,False,True,False,False,False,amber|clean|fresh|lactonic|milky|musky|oud|sweet,citrus,aromatic|citrus|fresh spicy|green,True
132908,Coach for Men,23,3,False,False,False,False,True,amber|iris|oud,citrus,amber|animalic|aromatic|citrus|fresh spicy|fruity|warm spicy|woody,True
132915,Coach for Men,33,2,False,False,False,False,False,clean|fresh,citrus,amber|animalic|aromatic|citrus|fresh spicy|fruity|warm spicy|woody,True
132916,Coach for Men,30,2,False,True,False,False,False,clean|fresh,citrus,amber|animalic|aromatic|citrus|fresh spicy|fruity|warm spicy|woody,True
133127,Elizabeth Arden Green Tea,87,8,False,True,False,False,True,alcohol|camphor|clean|fresh|grassy|green|herbal|musky,citrus,aromatic|citrus|fresh spicy|green,True
133186,Coach for Men,45,3,False,True,False,False,True,clean|fruity|soapy,citrus,amber|animalic|aromatic|citrus|fresh spicy|fruity|warm spicy|woody,True
133242,Coach for Men,11,0,False,False,False,False,False,,citrus,amber|animalic|aromatic|citrus|fresh spicy|fruity|warm spicy|woody,False
133300,Coach for Men,15,2,False,True,False,False,False,clean|fresh,citrus,amber|animalic|aromatic|citrus|fresh spicy|fruity|warm spicy|woody,True
133425,Elizabeth Arden Green Tea,148,4,False,False,False,False,True,fresh|green|musky|tea,citrus,aromatic|citrus|fresh spicy|green,True
133427,Coach for Men,136,4,False,True,False,False,False,inky|metallic|musky|powdery,citrus,amber|animalic|aromatic|citrus|fresh spicy|fruity|warm spicy|woody,True
133552,Narciso Rodriguez For Her,69,0,False,True,True,False,False,,,amber|fruity|powdery|rose|warm spicy|woody,False
133584,Coach for Men,38,0,False,True,False,False,False,,citrus,amber|animalic|aromatic|citrus|fresh spicy|fruity|warm spicy|woody,False
133677,Coach for Men,26,0,False,True,False,False,False,,citrus,amber|animalic|aromatic|citrus|fresh spicy|fruity|warm spicy|woody,False
133995,Coach for Men,262,7,False,True,False,False,True,clean|fresh|fruity|inky|metallic|powdery|soapy,citrus,amber|animalic|aromatic|citrus|fresh spicy|fruity|warm spicy|woody,True
134031,Elizabeth Arden Green Tea,31,6,False,True,False,False,False,amber|clean|iris|musky|oud|soapy,citrus,aromatic|citrus|fresh spicy|green,True
134262,Coach for Men,33,2,False,False,False,False,False,clean|fresh,citrus,amber|animalic|aromatic|citrus|fresh spicy|fruity|warm spicy|woody,True
134327,Coach for Men,84,9,False,True,False,False,True,clean|earthy|fresh|fruity|musky|sandalwood|soapy|warm spicy|woody,citrus,amber|animalic|aromatic|citrus|fresh spicy|fruity|warm spicy|woody,True
134339,Coach for Men,93,2,False,True,False,False,False,musky|powdery,citrus,amber|animalic|aromatic|citrus|fresh spicy|fruity|warm spicy|woody,True
134417,Coach for Men,86,3,False,True,False,False,True,animalic|clean|fresh,citrus,amber|animalic|aromatic|citrus|fresh spicy|fruity|warm spicy|woody,True
134674,Narciso Rodriguez For Her,206,0,False,True,True,False,False,,,amber|fruity|powdery|rose|warm spicy|woody,False
134726,Coach for Men,41,3,False,True,False,False,False,fresh|musky|powdery,citrus,amber|animalic|aromatic|citrus|fresh spicy|fruity|warm spicy|woody,True
134742,Elizabeth Arden Green Tea,24,0,False,True,False,False,False,,citrus,aromatic|citrus|fresh spicy|green,False
134944,Coach for Men,22,2,False,True,False,False,False,clean|soapy,citrus,amber|animalic|aromatic|citrus|fresh spicy|fruity|warm spicy|woody,True
135024,Coach for Men,9,0,False,True,False,False,False,,citrus,amber|animalic|aromatic|citrus|fresh spicy|fruity|warm spicy|woody,False
135259,Elizabeth Arden Green Tea,77,1,True,False,False,False,False,tea,citrus,aromatic|citrus|fresh spicy|green,False
135302,Coach for Men,59,1,False,True,False,False,False,musky,citrus,amber|animalic|aromatic|citrus|fresh spicy|fruity|warm spicy|woody,False
135466,Coach for Men,34,2,False,True,False,False,False,musky|powdery,citrus,amber|animalic|aromatic|citrus|fresh spicy|fruity|warm spicy|woody,True
135597,Coach for Men,12,2,False,False,False,False,False,clean|fresh,citrus,amber|animalic|aromatic|citrus|fresh spicy|fruity|warm spicy|woody,True
135725,Coach for Men,267,8,False,True,False,False,True,amber|animalic|clean|fresh|iris|musky|oud|woody,citrus,amber|animalic|aromatic|citrus|fresh spicy|fruity|warm spicy|woody,True
135790,Coach for Men,119,3,False,True,False,False,False,minty|musky|warm,citrus,amber|animalic|aromatic|citrus|fresh spicy|fruity|warm spicy|woody,True
135829,Coach for Men,117,0,False,False,False,False,False,,citrus,amber|animalic|aromatic|citrus|fresh spicy|fruity|warm spicy|woody,False
135833,Coach for Men,49,3,False,False,False,False,True,animalic|oud|woody,citrus,amber|animalic|aromatic|citrus|fresh spicy|fruity|warm spicy|woody,True
135960,Coach for Men,23,2,False,True,False,False,False,clean|soapy,citrus,amber|animalic|aromatic|citrus|fresh spicy|fruity|warm spicy|woody,True
136082,Coach for Men,88,4,False,True,False,False,False,clean|inky|metallic|soapy,citrus,amber|animalic|aromatic|citrus|fresh spicy|fruity|warm spicy|woody,True
136298,Narciso Rodriguez For Her,23,1,False,False,True,False,False,fresh,,amber|fruity|powdery|rose|warm spicy|woody,False
136332,Elizabeth Arden Green Tea,43,3,False,True,False,False,False,clean|fresh|musky,citrus,aromatic|citrus|fresh spicy|green,True
136390,Elizabeth Arden Green Tea,49,2,True,False,False,False,False,coconut|tropical,citrus,aromatic|citrus|fresh spicy|green,False
136494,Coach for Men,166,1,False,True,False,False,False,green,citrus,amber|animalic|aromatic|citrus|fresh spicy|fruity|warm spicy|woody,False
136537,Coach for Men,38,0,False,True,False,False,False,,citrus,amber|animalic|aromatic|citrus|fresh spicy|fruity|warm spicy|woody,False
136779,Elizabeth Arden Green Tea,141,6,False,True,False,False,False,clean|fruity|inky|metallic|musky|soapy,citrus,aromatic|citrus|fresh spicy|green,True
136915,Coach for Men,76,5,False,True,False,False,True,amber|clean|fresh|oud|sweet,citrus,amber|animalic|aromatic|citrus|fresh spicy|fruity|warm spicy|woody,True
137056,Coach for Men,50,0,False,True,False,False,False,,citrus,amber|animalic|aromatic|citrus|fresh spicy|fruity|warm spicy|woody,False
137336,Coach for Men,54,3,True,False,False,False,True,clean|fruity|soapy,citrus,amber|animalic|aromatic|citrus|fresh spicy|fruity|warm spicy|woody,False
137529,Coach for Men,115,3,False,True,False,False,True,amber|sweet|warm spicy,citrus,amber|animalic|aromatic|citrus|fresh spicy|fruity|warm spicy|woody,True
137543,Coach for Men,18,3,False,True,False,True,True,aquatic|citrus|fresh,citrus,amber|animalic|aromatic|citrus|fresh spicy|fruity|warm spicy|woody,True
137701,Coach for Men,53,1,False,True,False,False,False,smoky,citrus,amber|animalic|aromatic|citrus|fresh spicy|fruity|warm spicy|woody,False
137780,Coach for Men,40,0,False,True,False,False,False,,citrus,amber|animalic|aromatic|citrus|fresh spicy|fruity|warm spicy|woody,False
137812,Coach for Men,22,0,False,True,False,False,False,,citrus,amber|animalic|aromatic|citrus|fresh spicy|fruity|warm spicy|woody,False
138072,Coach for Men,70,1,True,False,False,False,False,musky,citrus,amber|animalic|aromatic|citrus|fresh spicy|fruity|warm spicy|woody,False
138100,Coach for Men,17,1,False,True,False,True,True,citrus,citrus,amber|animalic|aromatic|citrus|fresh spicy|fruity|warm spicy|woody,False
138140,Coach for Men,81,2,False,True,False,False,False,minty|musky,citrus,amber|animalic|aromatic|citrus|fresh spicy|fruity|warm spicy|woody,True
138244,Elizabeth Arden Green Tea,141,5,False,True,False,False,False,clean|fresh|lactonic|musky|tea,citrus,aromatic|citrus|fresh spicy|green,True
138424,Coach for Men,70,2,False,True,False,False,False,clean|fresh,citrus,amber|animalic|aromatic|citrus|fresh spicy|fruity|warm spicy|woody,True
138431,Coach for Men,55,4,False,True,False,False,True,amber|iris|musky|oud,citrus,amber|animalic|aromatic|citrus|fresh spicy|fruity|warm spicy|woody,True
138510,Coach for Men,11,0,False,True,False,False,False,,citrus,amber|animalic|aromatic|citrus|fresh spicy|fruity|warm spicy|woody,False
138529,John Varvatos Artisan Pure,94,10,False,True,False,True,True,aromatic|balsamic|citrus|coconut|herbal|lavender|musky|resinous|tropical|woody,citrus,aromatic|citrus|fresh spicy|woody,True
138685,Elizabeth Arden Green Tea,95,1,False,False,False,False,False,musky,citrus,aromatic|citrus|fresh spicy|green,False
138919,Coach for Men,11,3,False,True,False,True,True,aquatic|citrus|fresh,citrus,amber|animalic|aromatic|citrus|fresh spicy|fruity|warm spicy|woody,True
139007,Elizabeth Arden Green Tea,45,3,True,False,False,False,False,fresh|musky|soapy,citrus,aromatic|citrus|fresh spicy|green,False
139041,Coach for Men,16,0,False,False,False,False,False,,citrus,amber|animalic|aromatic|citrus|fresh spicy|fruity|warm spicy|woody,False
139119,Elizabeth Arden Green Tea,28,5,False,True,False,False,False,clean|fruity|inky|metallic|soapy,citrus,aromatic|citrus|fresh spicy|green,True
139192,Coach for Men,49,1,False,True,False,False,False,clean,citrus,amber|animalic|aromatic|citrus|fresh spicy|fruity|warm spicy|woody,False
139550,Elizabeth Arden Green Tea,40,1,False,True,False,False,False,musky,citrus,aromatic|citrus|fresh spicy|green,False
139626,Elizabeth Arden Green Tea,32,2,False,True,False,False,False,clean|soapy,citrus,aromatic|citrus|fresh spicy|green,True
139695,Coach for Men,44,3,True,False,False,False,True,clean|fruity|soapy,citrus,amber|animalic|aromatic|citrus|fresh spicy|fruity|warm spicy|woody,False
140125,Narciso Rodriguez For Her,28,4,False,True,True,False,True,clean|fresh|musky|powdery,,amber|fruity|powdery|rose|warm spicy|woody,False
140228,Coach for Men,35,2,False,True,False,False,False,clean|fresh,citrus,amber|animalic|aromatic|citrus|fresh spicy|fruity|warm spicy|woody,True
140848,Coach for Men,47,1,False,False,False,False,False,fresh,citrus,amber|animalic|aromatic|citrus|fresh spicy|fruity|warm spicy|woody,False
140918,Elizabeth Arden Green Tea,26,2,True,False,False,False,False,clean|fresh,citrus,aromatic|citrus|fresh spicy|green,False
141098,Coach for Men,29,2,False,True,False,False,False,marine|minty,citrus,amber|animalic|aromatic|citrus|fresh spicy|fruity|warm spicy|woody,True
141159,Coach for Men,54,0,False,True,False,False,False,,citrus,amber|animalic|aromatic|citrus|fresh spicy|fruity|warm spicy|woody,False
141160,Coach for Men,21,2,False,True,False,False,False,clean|fresh,citrus,amber|animalic|aromatic|citrus|fresh spicy|fruity|warm spicy|woody,True
141575,Coach for Men,18,0,False,True,False,False,False,,citrus,amber|animalic|aromatic|citrus|fresh spicy|fruity|warm spicy|woody,False
141653,Coach for Men,135,0,False,True,False,False,False,,citrus,amber|animalic|aromatic|citrus|fresh spicy|fruity|warm spicy|woody,False
142006,Coach for Men,24,0,False,True,False,False,False,,citrus,amber|animalic|aromatic|citrus|fresh spicy|fruity|warm spicy|woody,False
142260,Coach for Men,10,0,False,True,False,False,False,,citrus,amber|animalic|aromatic|citrus|fresh spicy|fruity|warm spicy|woody,False
142578,Coach for Men,99,5,False,True,False,False,True,amber|clean|fresh|vanilla|warm spicy,citrus,amber|animalic|aromatic|citrus|fresh spicy|fruity|warm spicy|woody,True
142801,Viktor & Rolf Flowerbomb,31,0,False,True,True,False,False,,,citrus|powdery|rose|warm spicy|white floral|woody,False
142933,Coach for Men,29,0,False,True,False,False,False,,citrus,amber|animalic|aromatic|citrus|fresh spicy|fruity|warm spicy|woody,False
142953,Coach for Men,26,3,False,False,False,False,False,aldehydic|floral|powdery,citrus,amber|animalic|aromatic|citrus|fresh spicy|fruity|warm spicy|woody,True
143096,Mugler Angel,14,1,False,True,True,False,False,clean,,caramel|fruity|honey|powdery|vanilla|warm spicy|woody,False
143338,Coach for Men,41,2,False,True,False,False,True,animalic|earthy,citrus,amber|animalic|aromatic|citrus|fresh spicy|fruity|warm spicy|woody,True
143556,Coach for Men,23,2,False,True,False,False,True,animalic|fresh,citrus,amber|animalic|aromatic|citrus|fresh spicy|fruity|warm spicy|woody,True
143561,Coach for Men,40,5,False,True,False,False,False,aquatic|fresh|marine|minty|salty,citrus,amber|animalic|aromatic|citrus|fresh spicy|fruity|warm spicy|woody,True
143766,Coach for Men,17,2,False,True,False,False,False,clean|fresh,citrus,amber|animalic|aromatic|citrus|fresh spicy|fruity|warm spicy|woody,True
143774,Coach for Men,10,3,True,False,False,False,True,clean|fruity|soapy,citrus,amber|animalic|aromatic|citrus|fresh spicy|fruity|warm spicy|woody,False
143915,Coach for Men,351,10,False,True,False,False,True,amber|clean|fresh|green|inky|sandalwood|soapy|sweet|warm spicy|woody,citrus,amber|animalic|aromatic|citrus|fresh spicy|fruity|warm spicy|woody,True
143916,Coach for Men,27,2,False,True,False,False,False,clean|soapy,citrus,amber|animalic|aromatic|citrus|fresh spicy|fruity|warm spicy|woody,True
144107,Coach for Men,67,0,False,False,False,False,False,,citrus,amber|animalic|aromatic|citrus|fresh spicy|fruity|warm spicy|woody,False
144275,Parfums de Marly Delina,42,5,False,True,False,False,False,amber|iris|oud|resinous|warm spicy,rose,aromatic|fruity|green|powdery|rose|woody,True
144476,Coach for Men,13,0,False,True,False,False,False,,citrus,amber|animalic|aromatic|citrus|fresh spicy|fruity|warm spicy|woody,False
144619,Coach for Men,56,1,False,True,False,False,False,musky,citrus,amber|animalic|aromatic|citrus|fresh spicy|fruity|warm spicy|woody,False
144657,Coach for Men,79,0,False,True,False,False,False,,citrus,amber|animalic|aromatic|citrus|fresh spicy|fruity|warm spicy|woody,False
145318,Coach for Men,11,0,False,True,False,False,False,,citrus,amber|animalic|aromatic|citrus|fresh spicy|fruity|warm spicy|woody,False
145557,Coach for Men,39,0,False,True,False,False,False,,citrus,amber|animalic|aromatic|citrus|fresh spicy|fruity|warm spicy|woody,False
145681,Parfums de Marly Delina,17,0,False,True,False,False,False,,rose,aromatic|fruity|green|powdery|rose|woody,False
145686,Coach for Men,47,0,False,True,False,False,False,,citrus,amber|animalic|aromatic|citrus|fresh spicy|fruity|warm spicy|woody,False
145725,Coach for Men,90,2,False,False,False,False,False,clean|fresh,citrus,amber|animalic|aromatic|citrus|fresh spicy|fruity|warm spicy|woody,True
145726,Coach for Men,111,4,False,True,False,False,False,clean|leather|musky|soapy,citrus,amber|animalic|aromatic|citrus|fresh spicy|fruity|warm spicy|woody,True
145880,Coach for Men,59,6,False,True,False,False,True,aromatic|clean|fresh|herbal|minty|spicy,citrus,amber|animalic|aromatic|citrus|fresh spicy|fruity|warm spicy|woody,True
145945,Coach for Men,45,3,False,True,False,False,False,clean|fresh|soapy,citrus,amber|animalic|aromatic|citrus|fresh spicy|fruity|warm spicy|woody,True
146184,Elizabeth Arden Green Tea,95,3,False,True,False,False,False,clean|fruity|soapy,citrus,aromatic|citrus|fresh spicy|green,True
146691,Coach for Men,22,0,False,False,False,False,False,,citrus,amber|animalic|aromatic|citrus|fresh spicy|fruity|warm spicy|woody,False
146702,Coach for Men,101,0,False,True,False,False,False,,citrus,amber|animalic|aromatic|citrus|fresh spicy|fruity|warm spicy|woody,False
146870,Coach for Men,36,3,False,False,False,False,False,clean|fresh|soapy,citrus,amber|animalic|aromatic|citrus|fresh spicy|fruity|warm spicy|woody,True
147107,Coach for Men,78,4,False,True,False,False,False,clean|fresh|musky|soapy,citrus,amber|animalic|aromatic|citrus|fresh spicy|fruity|warm spicy|woody,True
147116,Coach for Men,141,2,False,True,False,False,False,camphor|herbal,citrus,amber|animalic|aromatic|citrus|fresh spicy|fruity|warm spicy|woody,True
147190,Coach for Men,47,4,False,True,False,False,False,clean|fresh|musky|soapy,citrus,amber|animalic|aromatic|citrus|fresh spicy|fruity|warm spicy|woody,True
147651,Coach for Men,35,0,False,True,False,False,False,,citrus,amber|animalic|aromatic|citrus|fresh spicy|fruity|warm spicy|woody,False
147667,Coach for Men,11,0,False,True,False,False,False,,citrus,amber|animalic|aromatic|citrus|fresh spicy|fruity|warm spicy|woody,False
147790,Elizabeth Arden Green Tea,263,3,False,True,False,False,False,clean|inky|metallic,citrus,aromatic|citrus|fresh spicy|green,True
147881,Narciso Rodriguez For Her,10,0,False,True,True,False,False,,,amber|fruity|powdery|rose|warm spicy|woody,False
147885,Coach for Men,123,0,False,True,False,False,False,,citrus,amber|animalic|aromatic|citrus|fresh spicy|fruity|warm spicy|woody,False
147904,Coach for Men,19,0,False,True,False,False,False,,citrus,amber|animalic|aromatic|citrus|fresh spicy|fruity|warm spicy|woody,False
147908,Coach for Men,32,0,False,False,False,False,False,,citrus,amber|animalic|aromatic|citrus|fresh spicy|fruity|warm spicy|woody,False
148019,Coach for Men,78,6,False,True,False,False,True,aromatic|clean|floral|fresh spicy|soapy|woody,citrus,amber|animalic|aromatic|citrus|fresh spicy|fruity|warm spicy|woody,True
149421,Coach for Men,162,1,False,True,False,False,False,lactonic,citrus,amber|animalic|aromatic|citrus|fresh spicy|fruity|warm spicy|woody,False
149493,Coach for Men,30,0,False,True,False,False,False,,citrus,amber|animalic|aromatic|citrus|fresh spicy|fruity|warm spicy|woody,False
149776,Coach for Men,22,0,False,True,False,False,False,,citrus,amber|animalic|aromatic|citrus|fresh spicy|fruity|warm spicy|woody,False
149982,Coach for Men,66,1,False,True,False,False,False,musky,citrus,amber|animalic|aromatic|citrus|fresh spicy|fruity|warm spicy|woody,False
150434,Coach for Men,67,0,False,True,False,False,False,,citrus,amber|animalic|aromatic|citrus|fresh spicy|fruity|warm spicy|woody,False
150439,Coach for Men,28,1,False,True,False,False,False,clean,citrus,amber|animalic|aromatic|citrus|fresh spicy|fruity|warm spicy|woody,False
150662,Coach for Men,56,3,False,True,False,False,True,aromatic|fresh spicy|woody,citrus,amber|animalic|aromatic|citrus|fresh spicy|fruity|warm spicy|woody,True
150847,Narciso Rodriguez For Her,50,1,False,True,True,False,False,musky,,amber|fruity|powdery|rose|warm spicy|woody,False
150890,Coach for Men,20,2,False,True,False,False,False,clean|fresh,citrus,amber|animalic|aromatic|citrus|fresh spicy|fruity|warm spicy|woody,True
150993,Coach for Men,9,0,False,True,False,False,False,,citrus,amber|animalic|aromatic|citrus|fresh spicy|fruity|warm spicy|woody,False
151002,Coach for Men,13,0,False,True,False,False,False,,citrus,amber|animalic|aromatic|citrus|fresh spicy|fruity|warm spicy|woody,False
151116,Coach for Men,16,0,False,True,False,False,False,,citrus,amber|animalic|aromatic|citrus|fresh spicy|fruity|warm spicy|woody,False
151151,Coach for Men,11,3,False,True,False,False,True,aromatic|fresh spicy|woody,citrus,amber|animalic|aromatic|citrus|fresh spicy|fruity|warm spicy|woody,True
151381,Coach for Men,99,1,False,True,False,False,False,musky,citrus,amber|animalic|aromatic|citrus|fresh spicy|fruity|warm spicy|woody,False
151876,Prada Candy,8,0,False,True,False,False,False,,caramel,amber|caramel|powdery|vanilla|warm spicy,False
152033,Narciso Rodriguez For Her,30,2,False,True,True,False,False,musk|musky,,amber|fruity|powdery|rose|warm spicy|woody,False
152255,Coach for Men,12,0,False,True,False,False,False,,citrus,amber|animalic|aromatic|citrus|fresh spicy|fruity|warm spicy|woody,False
152342,Azzaro Pour Homme,35,1,False,True,False,False,False,aquatic,aromatic,aromatic|citrus|earthy|fresh spicy|leather|mossy|powdery|warm spicy|woody,False
152355,Coach for Men,68,0,False,True,False,False,False,,citrus,amber|animalic|aromatic|citrus|fresh spicy|fruity|warm spicy|woody,False
152613,Coach for Men,36,0,False,False,False,False,False,,citrus,amber|animalic|aromatic|citrus|fresh spicy|fruity|warm spicy|woody,False
152646,Narciso Rodriguez For Her,45,3,False,True,True,False,False,aquatic|citrus|fresh,,amber|fruity|powdery|rose|warm spicy|woody,False
152700,Elizabeth Arden Green Tea,134,8,True,False,False,True,True,aquatic|citrus|clean|fresh|lactonic|milky|musky|soapy,citrus,aromatic|citrus|fresh spicy|green,False
153406,Elizabeth Arden Green Tea,14,0,False,False,False,False,False,,citrus,aromatic|citrus|fresh spicy|green,False
153904,Coach for Men,36,3,False,True,False,False,True,clean|fruity|soapy,citrus,amber|animalic|aromatic|citrus|fresh spicy|fruity|warm spicy|woody,True
154102,Coach for Men,13,8,False,True,False,False,True,aromatic|clean|fruity|herbal|lavender|minty|soapy|spicy,citrus,amber|animalic|aromatic|citrus|fresh spicy|fruity|warm spicy|woody,True
154460,Coach for Men,22,0,False,True,False,False,False,,citrus,amber|animalic|aromatic|citrus|fresh spicy|fruity|warm spicy|woody,False
154461,Coach for Men,33,4,False,True,False,True,True,citrus|fresh|green|warm spicy,citrus,amber|animalic|aromatic|citrus|fresh spicy|fruity|warm spicy|woody,True
154625,Coach for Men,9,2,False,True,False,False,False,clean|fresh,citrus,amber|animalic|aromatic|citrus|fresh spicy|fruity|warm spicy|woody,True
154758,Coach for Men,394,10,False,True,False,False,True,aromatic|camphor|fresh spicy|herbal|lactonic|milky|minty|musky|spicy|woody,citrus,amber|animalic|aromatic|citrus|fresh spicy|fruity|warm spicy|woody,True
155056,Mugler Angel,61,5,False,True,True,False,True,earthy|lactonic|milky|warm spicy|woody,,caramel|fruity|honey|powdery|vanilla|warm spicy|woody,False
155294,Elizabeth Arden Green Tea,27,0,False,True,False,False,False,,citrus,aromatic|citrus|fresh spicy|green,False
156051,Coach for Men,354,12,False,True,False,True,True,balsamic|citrus|clean|fresh|fresh spicy|fruity|powdery|soft spicy|spicy|sweet|tobacco|vanilla,citrus,amber|animalic|aromatic|citrus|fresh spicy|fruity|warm spicy|woody,True
156207,Coach for Men,30,2,False,True,False,False,False,inky|metallic,citrus,amber|animalic|aromatic|citrus|fresh spicy|fruity|warm spicy|woody,True
156267,Elizabeth Arden Green Tea,38,0,False,True,False,False,False,,citrus,aromatic|citrus|fresh spicy|green,False
156674,Coach for Men,21,0,False,True,False,False,False,,citrus,amber|animalic|aromatic|citrus|fresh spicy|fruity|warm spicy|woody,False
156929,Coach for Men,136,3,False,True,False,True,True,citrus|clean|fresh,citrus,amber|animalic|aromatic|citrus|fresh spicy|fruity|warm spicy|woody,True
157071,Dior Poison,9,0,False,True,True,False,False,,,amber|fruity,False
157198,Coach for Men,19,0,False,True,False,False,False,,citrus,amber|animalic|aromatic|citrus|fresh spicy|fruity|warm spicy|woody,False
157267,Coach for Men,9,0,False,True,False,False,False,,citrus,amber|animalic|aromatic|citrus|fresh spicy|fruity|warm spicy|woody,False
157577,Elizabeth Arden Green Tea,260,4,False,False,False,False,False,amber|iris|musky|oud,citrus,aromatic|citrus|fresh spicy|green,True
157645,Coach for Men,284,8,False,True,False,True,True,citrus|clean|fresh|fruity|inky|metallic|musky|warm spicy,citrus,amber|animalic|aromatic|citrus|fresh spicy|fruity|warm spicy|woody,True
157646,Coach for Men,291,12,False,True,False,False,True,amber|aromatic|clean|fresh|fresh spicy|herbal|minty|oud|spicy|sweet|tea|woody,citrus,amber|animalic|aromatic|citrus|fresh spicy|fruity|warm spicy|woody,True
157933,Azzaro Pour Homme,20,3,False,True,False,False,False,amber|musky|sensual,aromatic,aromatic|citrus|earthy|fresh spicy|leather|mossy|powdery|warm spicy|woody,True
158325,Coach for Men,49,3,False,True,False,False,False,clean|musky|soapy,citrus,amber|animalic|aromatic|citrus|fresh spicy|fruity|warm spicy|woody,True
158366,Coach for Men,14,0,False,False,False,False,False,,citrus,amber|animalic|aromatic|citrus|fresh spicy|fruity|warm spicy|woody,False
158719,Coach for Men,36,1,False,True,False,False,False,clean,citrus,amber|animalic|aromatic|citrus|fresh spicy|fruity|warm spicy|woody,False
158833,Coach for Men,9,0,False,True,False,False,False,,citrus,amber|animalic|aromatic|citrus|fresh spicy|fruity|warm spicy|woody,False
158999,Coach for Men,71,0,False,True,False,False,False,,citrus,amber|animalic|aromatic|citrus|fresh spicy|fruity|warm spicy|woody,False
159164,Coach for Men,32,0,False,True,False,False,False,,citrus,amber|animalic|aromatic|citrus|fresh spicy|fruity|warm spicy|woody,False
159174,Dior Addict,8,0,False,True,False,False,False,,vanilla,amber|aromatic|citrus|fruity|powdery|vanilla|white floral,False
159395,Coach for Men,238,0,False,True,False,False,False,,citrus,amber|animalic|aromatic|citrus|fresh spicy|fruity|warm spicy|woody,False
159471,Coach for Men,25,8,False,True,False,False,True,aromatic|clean|fresh|fruity|herbal|lavender|minty|soapy,citrus,amber|animalic|aromatic|citrus|fresh spicy|fruity|warm spicy|woody,True
159474,Elizabeth Arden Green Tea,39,1,False,True,False,False,False,musky,citrus,aromatic|citrus|fresh spicy|green,False
159662,Coach for Men,130,7,False,True,False,True,True,aquatic|citrus|clean|fresh|inky|metallic|soapy,citrus,amber|animalic|aromatic|citrus|fresh spicy|fruity|warm spicy|woody,True
159689,Coach for Men,14,4,True,False,False,False,True,clean|fruity|soapy|tropical,citrus,amber|animalic|aromatic|citrus|fresh spicy|fruity|warm spicy|woody,False
159823,Narciso Rodriguez For Her,8,0,False,True,True,False,False,,,amber|fruity|powdery|rose|warm spicy|woody,False
159949,Elizabeth Arden Green Tea,47,1,False,False,False,False,False,musky,citrus,aromatic|citrus|fresh spicy|green,False
159983,Coach for Men,78,2,False,True,False,False,False,clean|soapy,citrus,amber|animalic|aromatic|citrus|fresh spicy|fruity|warm spicy|woody,True
159991,Coach for Men,41,0,False,False,False,False,False,,citrus,amber|animalic|aromatic|citrus|fresh spicy|fruity|warm spicy|woody,False
160127,Coach for Men,14,0,False,False,False,False,False,,citrus,amber|animalic|aromatic|citrus|fresh spicy|fruity|warm spicy|woody,False
160422,Coach for Men,152,12,False,True,False,True,True,aromatic|citrus|clean|earthy|fruity|herbal|incense|leather|oud|rose|smoky|soapy,citrus,amber|animalic|aromatic|citrus|fresh spicy|fruity|warm spicy|woody,True
160520,Coach for Men,33,2,False,True,False,False,False,clean|fresh,citrus,amber|animalic|aromatic|citrus|fresh spicy|fruity|warm spicy|woody,True
160613,Coach for Men,38,0,False,False,False,False,False,,citrus,amber|animalic|aromatic|citrus|fresh spicy|fruity|warm spicy|woody,False
160624,Coach for Men,119,2,False,True,False,False,False,clean|fresh,citrus,amber|animalic|aromatic|citrus|fresh spicy|fruity|warm spicy|woody,True
160814,Coach for Men,58,0,False,True,False,False,False,,citrus,amber|animalic|aromatic|citrus|fresh spicy|fruity|warm spicy|woody,False
161216,Coach for Men,59,2,False,True,False,False,False,clean|musky,citrus,amber|animalic|aromatic|citrus|fresh spicy|fruity|warm spicy|woody,True
161236,Coach for Men,58,3,False,True,False,False,True,amber|iris|oud,citrus,amber|animalic|aromatic|citrus|fresh spicy|fruity|warm spicy|woody,True
161307,Coach for Men,14,2,False,False,False,False,False,clean|fresh,citrus,amber|animalic|aromatic|citrus|fresh spicy|fruity|warm spicy|woody,True
161389,Coach for Men,156,1,False,True,False,False,False,musky,citrus,amber|animalic|aromatic|citrus|fresh spicy|fruity|warm spicy|woody,False
161534,Coach for Men,25,0,False,True,False,False,False,,citrus,amber|animalic|aromatic|citrus|fresh spicy|fruity|warm spicy|woody,False
161715,Coach for Men,33,0,False,True,False,False,False,,citrus,amber|animalic|aromatic|citrus|fresh spicy|fruity|warm spicy|woody,False
161866,Coach for Men,62,3,False,True,False,False,True,clean|fruity|soapy,citrus,amber|animalic|aromatic|citrus|fresh spicy|fruity|warm spicy|woody,True
161985,Coach for Men,57,1,False,True,False,False,False,musky,citrus,amber|animalic|aromatic|citrus|fresh spicy|fruity|warm spicy|woody,False
162017,Coach for Men,93,5,False,True,False,False,True,balsamic|clean|resinous|soapy|woody,citrus,amber|animalic|aromatic|citrus|fresh spicy|fruity|warm spicy|woody,True
162039,Coach for Men,44,2,False,True,False,False,False,musky|smoky,citrus,amber|animalic|aromatic|citrus|fresh spicy|fruity|warm spicy|woody,True
162061,Coach for Men,36,0,False,True,False,False,False,,citrus,amber|animalic|aromatic|citrus|fresh spicy|fruity|warm spicy|woody,False
162072,Coach for Men,67,1,False,True,False,False,False,musky,citrus,amber|animalic|aromatic|citrus|fresh spicy|fruity|warm spicy|woody,False
162083,Coach for Men,21,2,False,False,False,False,False,clean|fresh,citrus,amber|animalic|aromatic|citrus|fresh spicy|fruity|warm spicy|woody,True
162513,Coach for Men,11,0,False,False,False,False,False,,citrus,amber|animalic|aromatic|citrus|fresh spicy|fruity|warm spicy|woody,False
162514,Coach for Men,11,0,False,False,False,False,False,,citrus,amber|animalic|aromatic|citrus|fresh spicy|fruity|warm spicy|woody,False
162515,Coach for Men,13,0,False,True,False,False,False,,citrus,amber|animalic|aromatic|citrus|fresh spicy|fruity|warm spicy|woody,False
163028,Coach for Men,45,3,False,True,False,False,True,aromatic|fresh spicy|woody,citrus,amber|animalic|aromatic|citrus|fresh spicy|fruity|warm spicy|woody,True
163933,Coach for Men,26,0,False,True,False,False,False,,citrus,amber|animalic|aromatic|citrus|fresh spicy|fruity|warm spicy|woody,False
163954,Juliette Has a Gun Vanilla Vibes,23,0,False,False,False,False,False,,vanilla,amber|powdery|vanilla|warm spicy|woody,False
164102,Coach for Men,39,3,False,False,False,False,False,clean|fresh|musky,citrus,amber|animalic|aromatic|citrus|fresh spicy|fruity|warm spicy|woody,True
164249,Coach for Men,104,3,False,True,False,False,False,clean|fresh|soapy,citrus,amber|animalic|aromatic|citrus|fresh spicy|fruity|warm spicy|woody,True
164481,Coach for Men,100,6,False,True,False,False,True,clean|fruity|musky|soapy|sweet|tea,citrus,amber|animalic|aromatic|citrus|fresh spicy|fruity|warm spicy|woody,True
164595,Coach for Men,11,0,False,False,False,False,False,,citrus,amber|animalic|aromatic|citrus|fresh spicy|fruity|warm spicy|woody,False
164819,Narciso Rodriguez For Her,15,0,False,True,True,False,False,,,amber|fruity|powdery|rose|warm spicy|woody,False
164901,Coach for Men,9,0,False,True,False,False,False,,citrus,amber|animalic|aromatic|citrus|fresh spicy|fruity|warm spicy|woody,False
164931,Azzaro Pour Homme,46,0,False,True,False,False,False,,aromatic,aromatic|citrus|earthy|fresh spicy|leather|mossy|powdery|warm spicy|woody,False
164977,Coach for Men,123,6,False,True,False,False,False,clean|fresh|minty|soapy|tea|warm,citrus,amber|animalic|aromatic|citrus|fresh spicy|fruity|warm spicy|woody,True
164984,Coach for Men,22,0,False,True,False,False,False,,citrus,amber|animalic|aromatic|citrus|fresh spicy|fruity|warm spicy|woody,False
164990,Coach for Men,45,0,False,True,False,False,False,,citrus,amber|animalic|aromatic|citrus|fresh spicy|fruity|warm spicy|woody,False
165032,Coach for Men,58,5,False,True,False,False,False,clean|coconut|musky|soapy|tropical,citrus,amber|animalic|aromatic|citrus|fresh spicy|fruity|warm spicy|woody,True
165585,Coach for Men,56,0,False,True,False,False,False,,citrus,amber|animalic|aromatic|citrus|fresh spicy|fruity|warm spicy|woody,False
165663,Coach for Men,27,3,False,True,False,False,True,clean|fruity|soapy,citrus,amber|animalic|aromatic|citrus|fresh spicy|fruity|warm spicy|woody,True
165824,Coach for Men,25,3,False,True,False,False,True,aromatic|fresh spicy|woody,citrus,amber|animalic|aromatic|citrus|fresh spicy|fruity|warm spicy|woody,True
165927,Coach for Men,136,7,False,True,False,False,True,amber|boozy|clean|rum|soapy|vanilla|warm spicy,citrus,amber|animalic|aromatic|citrus|fresh spicy|fruity|warm spicy|woody,True
165963,Coach for Men,15,3,False,False,False,False,False,clean|fresh|musky,citrus,amber|animalic|aromatic|citrus|fresh spicy|fruity|warm spicy|woody,True
165971,Coach for Men,10,0,False,True,False,False,False,,citrus,amber|animalic|aromatic|citrus|fresh spicy|fruity|warm spicy|woody,False
165995,Coach for Men,34,0,False,True,False,False,False,,citrus,amber|animalic|aromatic|citrus|fresh spicy|fruity|warm spicy|woody,False
166019,Coach for Men,12,0,False,True,False,False,False,,citrus,amber|animalic|aromatic|citrus|fresh spicy|fruity|warm spicy|woody,False
166282,Coach for Men,14,0,False,True,False,False,False,,citrus,amber|animalic|aromatic|citrus|fresh spicy|fruity|warm spicy|woody,False
166373,Coach for Men,66,2,False,True,False,False,False,clean|soapy,citrus,amber|animalic|aromatic|citrus|fresh spicy|fruity|warm spicy|woody,True
166643,Coach for Men,18,0,False,True,False,False,False,,citrus,amber|animalic|aromatic|citrus|fresh spicy|fruity|warm spicy|woody,False
166652,Coach for Men,55,0,False,False,False,False,False,,citrus,amber|animalic|aromatic|citrus|fresh spicy|fruity|warm spicy|woody,False
166656,Coach for Men,201,5,False,True,False,False,False,clean|fresh|inky|metallic|musky,citrus,amber|animalic|aromatic|citrus|fresh spicy|fruity|warm spicy|woody,True
167166,Elizabeth Arden Green Tea,21,2,False,True,False,False,False,fresh|musky,citrus,aromatic|citrus|fresh spicy|green,True
167308,Coach for Men,36,0,False,False,False,False,False,,citrus,amber|animalic|aromatic|citrus|fresh spicy|fruity|warm spicy|woody,False
167431,Coach for Men,33,0,False,True,False,False,False,,citrus,amber|animalic|aromatic|citrus|fresh spicy|fruity|warm spicy|woody,False
167534,Coach for Men,11,2,False,True,False,False,False,clean|fresh,citrus,amber|animalic|aromatic|citrus|fresh spicy|fruity|warm spicy|woody,True
167640,Azzaro Pour Homme,11,0,False,True,False,False,False,,aromatic,aromatic|citrus|earthy|fresh spicy|leather|mossy|powdery|warm spicy|woody,False
167656,Coach for Men,25,0,False,False,False,False,False,,citrus,amber|animalic|aromatic|citrus|fresh spicy|fruity|warm spicy|woody,False
167797,Coach for Men,97,8,False,True,False,False,True,aquatic|aromatic|earthy|herbal|lavender|marine|musky|salty,citrus,amber|animalic|aromatic|citrus|fresh spicy|fruity|warm spicy|woody,True
167917,Coach for Men,15,0,False,False,False,False,False,,citrus,amber|animalic|aromatic|citrus|fresh spicy|fruity|warm spicy|woody,False
167953,Coach for Men,110,4,False,True,False,False,True,amber|coconut|musky|tropical,citrus,amber|animalic|aromatic|citrus|fresh spicy|fruity|warm spicy|woody,True
167970,Coach for Men,47,2,False,True,False,False,False,clean|fresh,citrus,amber|animalic|aromatic|citrus|fresh spicy|fruity|warm spicy|woody,True
168022,Elizabeth Arden Green Tea,35,4,False,True,False,False,False,clean|fresh|lactonic|milky,citrus,aromatic|citrus|fresh spicy|green,True
168296,Coach for Men,74,4,False,True,False,False,True,clean|fresh|soapy|woody,citrus,amber|animalic|aromatic|citrus|fresh spicy|fruity|warm spicy|woody,True
168465,Coach for Men,68,3,False,True,False,False,True,aromatic|fresh spicy|woody,citrus,amber|animalic|aromatic|citrus|fresh spicy|fruity|warm spicy|woody,True
168598,Coach for Men,73,2,False,True,False,False,False,clean|soapy,citrus,amber|animalic|aromatic|citrus|fresh spicy|fruity|warm spicy|woody,True
168836,Coach for Men,58,6,False,True,False,False,False,clean|lactonic|milky|musk|musky|soapy,citrus,amber|animalic|aromatic|citrus|fresh spicy|fruity|warm spicy|woody,True
168914,Coach for Men,28,3,False,False,False,False,True,clean|soapy|woody,citrus,amber|animalic|aromatic|citrus|fresh spicy|fruity|warm spicy|woody,True
168949,Coach for Men,51,8,False,False,False,False,True,balsamic|coniferous|powdery|resinous|sweet|tobacco|vanilla|woody,citrus,amber|animalic|aromatic|citrus|fresh spicy|fruity|warm spicy|woody,True
169053,Coach for Men,26,0,False,False,False,False,False,,citrus,amber|animalic|aromatic|citrus|fresh spicy|fruity|warm spicy|woody,False
169058,Coach for Men,38,2,False,True,False,False,False,fresh|musky,citrus,amber|animalic|aromatic|citrus|fresh spicy|fruity|warm spicy|woody,True
169102,Coach for Men,44,0,False,True,False,False,False,,citrus,amber|animalic|aromatic|citrus|fresh spicy|fruity|warm spicy|woody,False
169106,Azzaro Pour Homme,23,0,False,True,False,False,False,,aromatic,aromatic|citrus|earthy|fresh spicy|leather|mossy|powdery|warm spicy|woody,False
169124,Coach for Men,72,1,False,True,False,False,False,fresh,citrus,amber|animalic|aromatic|citrus|fresh spicy|fruity|warm spicy|woody,False
169421,Mugler Alien,29,0,False,True,False,False,False,,amber,amber|white floral|woody,False
169523,Coach for Men,44,2,False,True,False,False,False,caramel|sweet,citrus,amber|animalic|aromatic|citrus|fresh spicy|fruity|warm spicy|woody,True
169699,Coach for Men,206,1,False,True,False,False,False,musky,citrus,amber|animalic|aromatic|citrus|fresh spicy|fruity|warm spicy|woody,False
169767,Elizabeth Arden Green Tea,325,6,False,True,False,False,True,clean|fresh|green|musky|soapy|tea,citrus,aromatic|citrus|fresh spicy|green,True
169850,Coach for Men,22,2,False,True,False,False,False,clean|soapy,citrus,amber|animalic|aromatic|citrus|fresh spicy|fruity|warm spicy|woody,True
169909,Coach for Men,45,1,False,True,False,False,False,clean,citrus,amber|animalic|aromatic|citrus|fresh spicy|fruity|warm spicy|woody,False
169948,Coach for Men,23,2,False,True,False,False,False,boozy|bourbon,citrus,amber|animalic|aromatic|citrus|fresh spicy|fruity|warm spicy|woody,True
169972,Creed Silver Mountain Water,8,0,False,True,False,False,False,,citrus,aromatic|citrus|fresh spicy|fruity|green|powdery|woody,False
169980,Coach for Men,27,0,False,False,False,False,False,,citrus,amber|animalic|aromatic|citrus|fresh spicy|fruity|warm spicy|woody,False
170115,Coach for Men,130,7,False,True,False,False,True,amber|aromatic|herbal|lavender|resinous|warm spicy|woody,citrus,amber|animalic|aromatic|citrus|fresh spicy|fruity|warm spicy|woody,True
170183,Coach for Men,62,5,False,True,False,False,True,aromatic|clean|fresh|fresh spicy|woody,citrus,amber|animalic|aromatic|citrus|fresh spicy|fruity|warm spicy|woody,True
170192,Coach for Men,8,0,False,True,False,False,False,,citrus,amber|animalic|aromatic|citrus|fresh spicy|fruity|warm spicy|woody,False
170201,Coach for Men,12,0,False,False,False,False,False,,citrus,amber|animalic|aromatic|citrus|fresh spicy|fruity|warm spicy|woody,False
170259,Narciso Rodriguez For Her,56,0,False,True,True,False,False,,,amber|fruity|powdery|rose|warm spicy|woody,False
170357,Coach for Men,49,0,False,True,False,False,False,,citrus,amber|animalic|aromatic|citrus|fresh spicy|fruity|warm spicy|woody,False
170548,Coach for Men,17,0,False,True,False,False,False,,citrus,amber|animalic|aromatic|citrus|fresh spicy|fruity|warm spicy|woody,False
170671,Coach for Men,35,5,False,False,False,True,True,aromatic|citrus|clean|fresh spicy|woody,citrus,amber|animalic|aromatic|citrus|fresh spicy|fruity|warm spicy|woody,True
170946,Coach for Men,97,0,False,True,False,False,False,,citrus,amber|animalic|aromatic|citrus|fresh spicy|fruity|warm spicy|woody,False
171451,Coach for Men,8,0,False,False,False,False,False,,citrus,amber|animalic|aromatic|citrus|fresh spicy|fruity|warm spicy|woody,False
171580,Coach for Men,46,0,False,True,False,False,False,,citrus,amber|animalic|aromatic|citrus|fresh spicy|fruity|warm spicy|woody,False
171840,Coach for Men,24,1,False,True,False,False,False,fresh,citrus,amber|animalic|aromatic|citrus|fresh spicy|fruity|warm spicy|woody,False
171921,Coach for Men,39,1,False,True,False,False,False,earthy,citrus,amber|animalic|aromatic|citrus|fresh spicy|fruity|warm spicy|woody,False
171975,Coach for Men,12,0,False,False,False,False,False,,citrus,amber|animalic|aromatic|citrus|fresh spicy|fruity|warm spicy|woody,False
171990,Juliette Has a Gun Vanilla Vibes,23,1,False,True,False,False,False,musky,vanilla,amber|powdery|vanilla|warm spicy|woody,False
172108,Coach for Men,36,1,True,False,False,False,False,musky,citrus,amber|animalic|aromatic|citrus|fresh spicy|fruity|warm spicy|woody,False
172612,Coach for Men,42,4,False,True,False,True,True,citrus|fruity|grassy|green,citrus,amber|animalic|aromatic|citrus|fresh spicy|fruity|warm spicy|woody,True
172677,Elizabeth Arden Green Tea,72,1,False,True,False,False,False,sweet,citrus,aromatic|citrus|fresh spicy|green,False
172711,Coach for Men,14,0,False,True,False,False,False,,citrus,amber|animalic|aromatic|citrus|fresh spicy|fruity|warm spicy|woody,False
172717,Coach for Men,94,3,False,True,False,False,True,aromatic|fresh spicy|woody,citrus,amber|animalic|aromatic|citrus|fresh spicy|fruity|warm spicy|woody,True
172746,Coach for Men,33,0,False,True,False,False,False,,citrus,amber|animalic|aromatic|citrus|fresh spicy|fruity|warm spicy|woody,False
172862,Coach for Men,90,0,False,True,False,False,False,,citrus,amber|animalic|aromatic|citrus|fresh spicy|fruity|warm spicy|woody,False
172906,Elizabeth Arden Green Tea,89,3,False,True,False,False,False,lactonic|milky|minty,citrus,aromatic|citrus|fresh spicy|green,True
172998,Elizabeth Arden Green Tea,263,8,True,False,False,False,True,clean|floral|fresh|green|musky|rose|tea|woody,citrus,aromatic|citrus|fresh spicy|green,False
173022,Elizabeth Arden Green Tea,10,2,False,True,False,False,False,clean|soapy,citrus,aromatic|citrus|fresh spicy|green,True
173045,Coach for Men,118,3,False,False,False,False,True,amber|oud|sweet,citrus,amber|animalic|aromatic|citrus|fresh spicy|fruity|warm spicy|woody,True
173266,Coach for Men,65,1,False,True,False,True,True,citrus,citrus,amber|animalic|aromatic|citrus|fresh spicy|fruity|warm spicy|woody,False
173422,Tom Ford Tobacco Vanille,24,0,False,True,False,False,False,,vanilla,fruity|powdery|tobacco|vanilla|warm spicy|woody,False
173874,Coach for Men,50,4,False,True,False,False,True,clean|fresh|fruity|soapy,citrus,amber|animalic|aromatic|citrus|fresh spicy|fruity|warm spicy|woody,True
173949,Coach for Men,36,0,False,True,False,False,False,,citrus,amber|animalic|aromatic|citrus|fresh spicy|fruity|warm spicy|woody,False
174151,Narciso Rodriguez For Her,45,3,False,True,True,False,False,clean|floral|fresh,,amber|fruity|powdery|rose|warm spicy|woody,False
174766,Coach for Men,18,0,False,True,False,False,False,,citrus,amber|animalic|aromatic|citrus|fresh spicy|fruity|warm spicy|woody,False
174880,Narciso Rodriguez For Her,112,4,False,True,True,False,True,floral|fresh|fruity|rose,,amber|fruity|powdery|rose|warm spicy|woody,False
175428,Narciso Rodriguez For Her,77,3,False,True,True,False,True,amber|resinous|warm spicy,,amber|fruity|powdery|rose|warm spicy|woody,False
175475,Coach for Men,36,2,False,False,False,False,False,clean|fresh,citrus,amber|animalic|aromatic|citrus|fresh spicy|fruity|warm spicy|woody,True
175476,Coach for Men,39,0,False,True,False,False,False,,citrus,amber|animalic|aromatic|citrus|fresh spicy|fruity|warm spicy|woody,False
175492,Coach for Men,17,1,False,True,False,False,False,coniferous,citrus,amber|animalic|aromatic|citrus|fresh spicy|fruity|warm spicy|woody,False
175607,Coach for Men,69,1,False,True,False,True,True,citrus,citrus,amber|animalic|aromatic|citrus|fresh spicy|fruity|warm spicy|woody,False
175661,Coach for Men,42,4,False,True,False,False,False,clean|fresh|inky|metallic,citrus,amber|animalic|aromatic|citrus|fresh spicy|fruity|warm spicy|woody,True
175704,Coach for Men,38,3,False,True,False,False,False,clean|fresh|herbal,citrus,amber|animalic|aromatic|citrus|fresh spicy|fruity|warm spicy|woody,True
175822,Coach for Men,73,3,False,True,False,False,False,camphor|herbal|musky,citrus,amber|animalic|aromatic|citrus|fresh spicy|fruity|warm spicy|woody,True
175962,Coach for Men,28,0,False,True,False,False,False,,citrus,amber|animalic|aromatic|citrus|fresh spicy|fruity|warm spicy|woody,False
176214,Coach for Men,123,0,False,True,False,False,False,,citrus,amber|animalic|aromatic|citrus|fresh spicy|fruity|warm spicy|woody,False
176241,Coach for Men,20,0,False,True,False,False,False,,citrus,amber|animalic|aromatic|citrus|fresh spicy|fruity|warm spicy|woody,False
176282,Coach for Men,17,0,False,False,False,False,False,,citrus,amber|animalic|aromatic|citrus|fresh spicy|fruity|warm spicy|woody,False
176316,Elizabeth Arden Green Tea,76,1,False,True,False,False,False,musky,citrus,aromatic|citrus|fresh spicy|green,False
176352,Narciso Rodriguez For Her,29,0,False,True,True,False,False,,,amber|fruity|powdery|rose|warm spicy|woody,False
176496,Coach for Men,15,3,False,True,False,True,True,citrus|musky|woody,citrus,amber|animalic|aromatic|citrus|fresh spicy|fruity|warm spicy|woody,True
176838,Elizabeth Arden Green Tea,115,4,False,True,False,True,True,citrus|clean|fresh|musky,citrus,aromatic|citrus|fresh spicy|green,True
177007,Parfums de Marly Delina,21,3,False,True,False,False,True,floral|powdery|sweet,rose,aromatic|fruity|green|powdery|rose|woody,True
177339,Elizabeth Arden Green Tea,15,0,False,True,False,False,False,,citrus,aromatic|citrus|fresh spicy|green,False
177687,Elizabeth Arden Green Tea,28,4,False,True,False,True,True,aquatic|citrus|fresh|musky,citrus,aromatic|citrus|fresh spicy|green,True
177738,Elizabeth Arden Green Tea,34,1,False,True,False,False,False,musky,citrus,aromatic|citrus|fresh spicy|green,False
178115,Coach for Men,77,3,False,True,False,False,False,clean|fresh|musky,citrus,amber|animalic|aromatic|citrus|fresh spicy|fruity|warm spicy|woody,True
178203,Elizabeth Arden Green Tea,130,4,False,True,False,False,False,camphor|damp|earthy|minty,citrus,aromatic|citrus|fresh spicy|green,True
178504,Elizabeth Arden Green Tea,80,1,False,True,False,False,False,lactonic,citrus,aromatic|citrus|fresh spicy|green,False
178516,Coach for Men,102,1,False,True,False,False,True,animalic,citrus,amber|animalic|aromatic|citrus|fresh spicy|fruity|warm spicy|woody,False
178559,Coach for Men,140,0,False,True,False,False,False,,citrus,amber|animalic|aromatic|citrus|fresh spicy|fruity|warm spicy|woody,False
178663,Coach for Men,15,0,False,True,False,False,False,,citrus,amber|animalic|aromatic|citrus|fresh spicy|fruity|warm spicy|woody,False
178679,Coach for Men,36,2,False,True,False,False,False,lactonic|milky,citrus,amber|animalic|aromatic|citrus|fresh spicy|fruity|warm spicy|woody,True
178728,Coach for Men,12,2,True,False,False,False,False,lactonic|milky,citrus,amber|animalic|aromatic|citrus|fresh spicy|fruity|warm spicy|woody,False
178873,Coach for Men,49,0,False,True,False,False,False,,citrus,amber|animalic|aromatic|citrus|fresh spicy|fruity|warm spicy|woody,False
178875,Narciso Rodriguez For Her,19,0,False,True,True,False,False,,,amber|fruity|powdery|rose|warm spicy|woody,False
179189,Coach for Men,19,2,False,True,False,False,False,clean|fresh,citrus,amber|animalic|aromatic|citrus|fresh spicy|fruity|warm spicy|woody,True
179671,Coach for Men,62,9,False,True,False,True,True,amber|aquatic|citrus|floral|fresh|green|musky|vanilla|warm spicy,citrus,amber|animalic|aromatic|citrus|fresh spicy|fruity|warm spicy|woody,True
179725,Coach for Men,10,0,False,False,False,False,False,,citrus,amber|animalic|aromatic|citrus|fresh spicy|fruity|warm spicy|woody,False
179984,Narciso Rodriguez For Her,36,1,False,True,True,False,True,fruity,,amber|fruity|powdery|rose|warm spicy|woody,False
180232,Coach for Men,119,0,False,True,False,False,False,,citrus,amber|animalic|aromatic|citrus|fresh spicy|fruity|warm spicy|woody,False
180241,Coach for Men,29,0,False,True,False,False,False,,citrus,amber|animalic|aromatic|citrus|fresh spicy|fruity|warm spicy|woody,False
180251,Coach for Men,142,8,False,True,False,True,True,aromatic|citrus|clean|earthy|fresh spicy|musky|soapy|woody,citrus,amber|animalic|aromatic|citrus|fresh spicy|fruity|warm spicy|woody,True
180335,Coach for Men,31,0,False,True,False,False,False,,citrus,amber|animalic|aromatic|citrus|fresh spicy|fruity|warm spicy|woody,False
180462,Coach for Men,12,0,False,True,False,False,False,,citrus,amber|animalic|aromatic|citrus|fresh spicy|fruity|warm spicy|woody,False
180724,Coach for Men,12,3,False,True,False,False,False,clean|fresh|ozonic,citrus,amber|animalic|aromatic|citrus|fresh spicy|fruity|warm spicy|woody,True
181381,Coach for Men,166,3,False,True,False,False,False,musky|powdery|sweet,citrus,amber|animalic|aromatic|citrus|fresh spicy|fruity|warm spicy|woody,True
181427,Elizabeth Arden Green Tea,35,1,False,True,False,False,False,clean,citrus,aromatic|citrus|fresh spicy|green,False
181439,Mugler Angel,35,3,False,True,True,False,False,amber|iris|oud,,caramel|fruity|honey|powdery|vanilla|warm spicy|woody,False
181449,Coach for Men,36,3,False,False,False,False,False,aquatic|fresh|minty,citrus,amber|animalic|aromatic|citrus|fresh spicy|fruity|warm spicy|woody,True
181472,Coach for Men,11,2,False,False,False,False,False,clean|fresh,citrus,amber|animalic|aromatic|citrus|fresh spicy|fruity|warm spicy|woody,True
181916,Coach for Men,72,8,False,True,False,False,True,amber|clean|fresh|musky|oud|powdery|sweet|warm,citrus,amber|animalic|aromatic|citrus|fresh spicy|fruity|warm spicy|woody,True
182194,Elizabeth Arden Green Tea,31,5,False,True,False,False,False,clean|floral|fresh|rose|soapy,citrus,aromatic|citrus|fresh spicy|green,True
182474,Coach for Men,33,0,False,True,False,False,False,,citrus,amber|animalic|aromatic|citrus|fresh spicy|fruity|warm spicy|woody,False
182475,Coach for Men,48,2,False,True,False,False,False,clean|fresh,citrus,amber|animalic|aromatic|citrus|fresh spicy|fruity|warm spicy|woody,True
182995,Coach for Men,53,0,False,True,False,False,False,,citrus,amber|animalic|aromatic|citrus|fresh spicy|fruity|warm spicy|woody,False
183206,Coach for Men,11,0,False,True,False,False,False,,citrus,amber|animalic|aromatic|citrus|fresh spicy|fruity|warm spicy|woody,False
183371,Coach for Men,8,0,False,True,False,False,False,,citrus,amber|animalic|aromatic|citrus|fresh spicy|fruity|warm spicy|woody,False
183753,Coach for Men,55,3,False,True,False,False,True,clean|fruity|soapy,citrus,amber|animalic|aromatic|citrus|fresh spicy|fruity|warm spicy|woody,True
183777,Coach for Men,28,0,False,False,False,False,False,,citrus,amber|animalic|aromatic|citrus|fresh spicy|fruity|warm spicy|woody,False
183897,Coach for Men,112,4,False,True,False,False,True,aromatic|herbal|minty|spicy,citrus,amber|animalic|aromatic|citrus|fresh spicy|fruity|warm spicy|woody,True
183917,Coach for Men,27,0,False,True,False,False,False,,citrus,amber|animalic|aromatic|citrus|fresh spicy|fruity|warm spicy|woody,False
184196,Coach for Men,48,0,False,True,False,False,False,,citrus,amber|animalic|aromatic|citrus|fresh spicy|fruity|warm spicy|woody,False
184303,Coach for Men,21,10,False,True,False,False,True,amber|aromatic|floral|fresh spicy|musky|rose|sensual|sweet|warm|woody,citrus,amber|animalic|aromatic|citrus|fresh spicy|fruity|warm spicy|woody,True
184335,Coach for Men,223,9,False,True,False,False,True,aromatic|coffee|fresh|fresh spicy|inky|metallic|musky|tea|woody,citrus,amber|animalic|aromatic|citrus|fresh spicy|fruity|warm spicy|woody,True
184388,Elizabeth Arden Green Tea,129,9,False,True,False,False,True,amber|clean|floral|fresh|green|iris|musky|oud|soapy,citrus,aromatic|citrus|fresh spicy|green,True
185183,Azzaro Pour Homme,31,0,False,True,False,False,False,,aromatic,aromatic|citrus|earthy|fresh spicy|leather|mossy|powdery|warm spicy|woody,False
185190,Coach for Men,20,1,False,False,False,False,False,green,citrus,amber|animalic|aromatic|citrus|fresh spicy|fruity|warm spicy|woody,False
185306,Coach for Men,60,0,False,False,False,False,False,,citrus,amber|animalic|aromatic|citrus|fresh spicy|fruity|warm spicy|woody,False
185696,Coach for Men,86,2,False,True,False,False,False,lactonic|milky,citrus,amber|animalic|aromatic|citrus|fresh spicy|fruity|warm spicy|woody,True
185954,Coach for Men,24,0,False,True,False,False,False,,citrus,amber|animalic|aromatic|citrus|fresh spicy|fruity|warm spicy|woody,False
186265,Coach for Men,35,0,False,True,False,False,False,,citrus,amber|animalic|aromatic|citrus|fresh spicy|fruity|warm spicy|woody,False
186299,Coach for Men,11,0,False,True,False,False,False,,citrus,amber|animalic|aromatic|citrus|fresh spicy|fruity|warm spicy|woody,False
186300,Coach for Men,75,0,False,True,False,False,False,,citrus,amber|animalic|aromatic|citrus|fresh spicy|fruity|warm spicy|woody,False
186395,Coach for Men,24,1,False,True,False,False,False,musky,citrus,amber|animalic|aromatic|citrus|fresh spicy|fruity|warm spicy|woody,False
186434,Coach for Men,31,0,False,True,False,False,False,,citrus,amber|animalic|aromatic|citrus|fresh spicy|fruity|warm spicy|woody,False
186470,Elizabeth Arden Green Tea,56,3,False,True,False,False,False,amber|iris|oud,citrus,aromatic|citrus|fresh spicy|green,True
186572,Coach for Men,16,2,False,False,False,False,False,coconut|tropical,citrus,amber|animalic|aromatic|citrus|fresh spicy|fruity|warm spicy|woody,True
186586,Narciso Rodriguez For Her,39,0,False,True,True,False,False,,,amber|fruity|powdery|rose|warm spicy|woody,False
186600,Coach for Men,33,2,False,False,False,False,False,camphor|herbal,citrus,amber|animalic|aromatic|citrus|fresh spicy|fruity|warm spicy|woody,True
186712,Coach for Men,131,0,False,False,False,False,False,,citrus,amber|animalic|aromatic|citrus|fresh spicy|fruity|warm spicy|woody,False
186876,Coach for Men,23,2,False,False,False,False,False,clean|fresh,citrus,amber|animalic|aromatic|citrus|fresh spicy|fruity|warm spicy|woody,True
186944,Coach for Men,8,2,False,False,False,False,False,clean|soapy,citrus,amber|animalic|aromatic|citrus|fresh spicy|fruity|warm spicy|woody,True
186951,Narciso Rodriguez For Her,39,0,False,True,True,False,False,,,amber|fruity|powdery|rose|warm spicy|woody,False
187063,Coach for Men,11,0,False,True,False,False,False,,citrus,amber|animalic|aromatic|citrus|fresh spicy|fruity|warm spicy|woody,False
187274,Coach for Men,41,3,False,False,False,False,False,clean|fresh|musky,citrus,amber|animalic|aromatic|citrus|fresh spicy|fruity|warm spicy|woody,True
187275,Coach for Men,56,0,False,False,False,False,False,,citrus,amber|animalic|aromatic|citrus|fresh spicy|fruity|warm spicy|woody,False
187277,Coach for Men,16,3,False,False,False,False,False,clean|fresh|soapy,citrus,amber|animalic|aromatic|citrus|fresh spicy|fruity|warm spicy|woody,True
187337,Coach for Men,32,0,False,True,False,False,False,,citrus,amber|animalic|aromatic|citrus|fresh spicy|fruity|warm spicy|woody,False
187339,Coach for Men,20,0,False,True,False,False,False,,citrus,amber|animalic|aromatic|citrus|fresh spicy|fruity|warm spicy|woody,False
188046,Coach for Men,56,0,False,True,False,False,False,,citrus,amber|animalic|aromatic|citrus|fresh spicy|fruity|warm spicy|woody,False
188111,Coach for Men,13,0,False,True,False,False,False,,citrus,amber|animalic|aromatic|citrus|fresh spicy|fruity|warm spicy|woody,False
188164,Elizabeth Arden Green Tea,74,2,True,False,False,False,False,fresh|musky,citrus,aromatic|citrus|fresh spicy|green,False
188380,Coach for Men,24,0,False,True,False,False,False,,citrus,amber|animalic|aromatic|citrus|fresh spicy|fruity|warm spicy|woody,False
188493,Coach for Men,37,3,False,True,False,False,True,amber|vanilla|warm spicy,citrus,amber|animalic|aromatic|citrus|fresh spicy|fruity|warm spicy|woody,True
188519,Coach for Men,140,5,False,True,False,False,True,amber|musk|musky|oud|sweet,citrus,amber|animalic|aromatic|citrus|fresh spicy|fruity|warm spicy|woody,True
189080,Coach for Men,9,0,False,True,False,False,False,,citrus,amber|animalic|aromatic|citrus|fresh spicy|fruity|warm spicy|woody,False
189227,Elizabeth Arden Green Tea,12,2,False,True,False,False,False,clean|soapy,citrus,aromatic|citrus|fresh spicy|green,True
189292,Parfums de Marly Delina,28,0,False,True,False,False,False,,rose,aromatic|fruity|green|powdery|rose|woody,False
189459,Coach for Men,16,3,False,True,False,True,True,citrus|fruity|musky,citrus,amber|animalic|aromatic|citrus|fresh spicy|fruity|warm spicy|woody,True
189518,Coach for Men,139,2,False,True,False,False,False,inky|metallic,citrus,amber|animalic|aromatic|citrus|fresh spicy|fruity|warm spicy|woody,True
189589,Coach for Men,73,2,False,True,False,True,True,citrus|tea,citrus,amber|animalic|aromatic|citrus|fresh spicy|fruity|warm spicy|woody,True
189744,Coach for Men,81,4,False,True,False,False,False,clean|coconut|powdery|tropical,citrus,amber|animalic|aromatic|citrus|fresh spicy|fruity|warm spicy|woody,True
189760,Coach for Men,134,2,False,True,False,False,True,leather|woody,citrus,amber|animalic|aromatic|citrus|fresh spicy|fruity|warm spicy|woody,True
190011,Coach for Men,50,0,False,True,False,False,False,,citrus,amber|animalic|aromatic|citrus|fresh spicy|fruity|warm spicy|woody,False
190020,Coach for Men,14,0,False,False,False,False,False,,citrus,amber|animalic|aromatic|citrus|fresh spicy|fruity|warm spicy|woody,False
190153,Coach for Men,92,4,False,True,False,False,True,aromatic|fresh|herbal|mineral,citrus,amber|animalic|aromatic|citrus|fresh spicy|fruity|warm spicy|woody,True
190174,Coach for Men,39,0,False,True,False,False,False,,citrus,amber|animalic|aromatic|citrus|fresh spicy|fruity|warm spicy|woody,False
190194,Coach for Men,91,0,False,True,False,False,False,,citrus,amber|animalic|aromatic|citrus|fresh spicy|fruity|warm spicy|woody,False
190672,Elizabeth Arden Green Tea,57,1,False,True,False,False,False,musky,citrus,aromatic|citrus|fresh spicy|green,False
190850,Coach for Men,46,7,False,True,False,False,True,amber|clean|fruity|oud|soapy|sweet|tea,citrus,amber|animalic|aromatic|citrus|fresh spicy|fruity|warm spicy|woody,True
191221,Coach for Men,15,0,False,False,False,False,False,,citrus,amber|animalic|aromatic|citrus|fresh spicy|fruity|warm spicy|woody,False
191258,Elizabeth Arden Green Tea,36,1,False,True,False,False,False,tropical,citrus,aromatic|citrus|fresh spicy|green,False
191365,Coach for Men,30,0,False,False,False,False,False,,citrus,amber|animalic|aromatic|citrus|fresh spicy|fruity|warm spicy|woody,False
191454,Coach for Men,15,0,False,True,False,False,False,,citrus,amber|animalic|aromatic|citrus|fresh spicy|fruity|warm spicy|woody,False
191672,Narciso Rodriguez For Her,14,0,False,False,True,False,False,,,amber|fruity|powdery|rose|warm spicy|woody,False
192298,Elizabeth Arden Green Tea,23,0,False,True,False,False,False,,citrus,aromatic|citrus|fresh spicy|green,False
192461,Coach for Men,16,0,False,False,False,False,False,,citrus,amber|animalic|aromatic|citrus|fresh spicy|fruity|warm spicy|woody,False
192690,Coach for Men,105,7,False,True,False,False,True,aromatic|camphor|clean|fresh|herbal|musky|smoky,citrus,amber|animalic|aromatic|citrus|fresh spicy|fruity|warm spicy|woody,True
193140,Elizabeth Arden Green Tea,71,3,False,True,False,True,True,aquatic|citrus|fresh,citrus,aromatic|citrus|fresh spicy|green,True
193170,Coach for Men,30,0,False,True,False,False,False,,citrus,amber|animalic|aromatic|citrus|fresh spicy|fruity|warm spicy|woody,False
193194,Coach for Men,12,0,False,False,False,False,False,,citrus,amber|animalic|aromatic|citrus|fresh spicy|fruity|warm spicy|woody,False
193238,Mugler Angel,11,1,False,True,True,False,False,spicy,,caramel|fruity|honey|powdery|vanilla|warm spicy|woody,False
193471,Coach for Men,16,0,False,True,False,False,False,,citrus,amber|animalic|aromatic|citrus|fresh spicy|fruity|warm spicy|woody,False
193517,Coach for Men,15,0,False,False,False,False,False,,citrus,amber|animalic|aromatic|citrus|fresh spicy|fruity|warm spicy|woody,False
193860,Coach for Men,14,0,False,True,False,False,False,,citrus,amber|animalic|aromatic|citrus|fresh spicy|fruity|warm spicy|woody,False
193863,Coach for Men,285,3,False,True,False,False,True,inky|metallic|woody,citrus,amber|animalic|aromatic|citrus|fresh spicy|fruity|warm spicy|woody,True
194171,Coach for Men,32,0,False,False,False,False,False,,citrus,amber|animalic|aromatic|citrus|fresh spicy|fruity|warm spicy|woody,False
194198,Coach for Men,68,0,False,True,False,False,False,,citrus,amber|animalic|aromatic|citrus|fresh spicy|fruity|warm spicy|woody,False
194793,Mugler Angel,32,3,False,False,True,False,False,clean|fresh|soapy,,caramel|fruity|honey|powdery|vanilla|warm spicy|woody,False
195084,Coach for Men,145,1,False,True,False,False,False,earthy,citrus,amber|animalic|aromatic|citrus|fresh spicy|fruity|warm spicy|woody,False
195156,Mancera Roses Vanille,43,0,False,True,False,False,False,,rose,citrus|powdery|rose|vanilla|woody,False
195333,Coach for Men,89,3,False,True,False,False,False,lactonic|milky|musky,citrus,amber|animalic|aromatic|citrus|fresh spicy|fruity|warm spicy|woody,True
195640,Coach for Men,82,4,False,False,False,False,True,amber|musky|oud|sweet,citrus,amber|animalic|aromatic|citrus|fresh spicy|fruity|warm spicy|woody,True
195703,Coach for Men,27,0,False,True,False,False,False,,citrus,amber|animalic|aromatic|citrus|fresh spicy|fruity|warm spicy|woody,False
195711,Coach for Men,35,0,False,True,False,False,False,,citrus,amber|animalic|aromatic|citrus|fresh spicy|fruity|warm spicy|woody,False
195906,Coach for Men,43,0,False,True,False,False,False,,citrus,amber|animalic|aromatic|citrus|fresh spicy|fruity|warm spicy|woody,False
196039,Coach for Men,11,0,False,True,False,False,False,,citrus,amber|animalic|aromatic|citrus|fresh spicy|fruity|warm spicy|woody,False
196079,Coach for Men,367,10,True,False,False,False,True,aromatic|earthy|fresh|green|herbal|inky|lavender|metallic|musky|tea,citrus,amber|animalic|aromatic|citrus|fresh spicy|fruity|warm spicy|woody,False
196244,Coach for Men,32,3,False,True,False,False,False,inky|metallic|milky,citrus,amber|animalic|aromatic|citrus|fresh spicy|fruity|warm spicy|woody,True
196485,Coach for Men,17,3,False,False,False,True,True,aquatic|citrus|fresh,citrus,amber|animalic|aromatic|citrus|fresh spicy|fruity|warm spicy|woody,True
196547,Elizabeth Arden Green Tea,100,7,False,False,False,False,False,clean|fresh|iris|musky|powdery|soapy|violet,citrus,aromatic|citrus|fresh spicy|green,True
196567,Coach for Men,9,0,False,True,False,False,False,,citrus,amber|animalic|aromatic|citrus|fresh spicy|fruity|warm spicy|woody,False
196574,Coach for Men,32,0,False,True,False,False,False,,citrus,amber|animalic|aromatic|citrus|fresh spicy|fruity|warm spicy|woody,False
196725,Elizabeth Arden Green Tea,132,5,False,True,False,False,False,amber|clean|iris|minty|oud,citrus,aromatic|citrus|fresh spicy|green,True
196995,Coach for Men,14,0,False,True,False,False,False,,citrus,amber|animalic|aromatic|citrus|fresh spicy|fruity|warm spicy|woody,False
197223,Coach for Men,34,1,False,True,False,False,False,musky,citrus,amber|animalic|aromatic|citrus|fresh spicy|fruity|warm spicy|woody,False
197376,Coach for Men,70,0,False,True,False,False,False,,citrus,amber|animalic|aromatic|citrus|fresh spicy|fruity|warm spicy|woody,False
197880,Coach for Men,44,6,False,True,False,False,True,amber|clean|fresh|musky|vanilla|warm spicy,citrus,amber|animalic|aromatic|citrus|fresh spicy|fruity|warm spicy|woody,True
197885,Coach for Men,46,0,False,True,False,False,False,,citrus,amber|animalic|aromatic|citrus|fresh spicy|fruity|warm spicy|woody,False
198005,Coach for Men,79,0,False,False,False,False,False,,citrus,amber|animalic|aromatic|citrus|fresh spicy|fruity|warm spicy|woody,False
198006,Coach for Men,39,3,False,True,False,False,False,clean|fresh|warm,citrus,amber|animalic|aromatic|citrus|fresh spicy|fruity|warm spicy|woody,True
198019,Elizabeth Arden Green Tea,12,0,False,False,False,False,False,,citrus,aromatic|citrus|fresh spicy|green,False
198060,Coach for Men,11,0,False,True,False,False,False,,citrus,amber|animalic|aromatic|citrus|fresh spicy|fruity|warm spicy|woody,False
198066,Coach for Men,86,5,False,True,False,False,True,clean|floral|fruity|powdery|soapy,citrus,amber|animalic|aromatic|citrus|fresh spicy|fruity|warm spicy|woody,True
198179,Coach for Men,382,7,False,True,False,False,True,aromatic|clean|fresh|herbal|minty|smoky|spicy,citrus,amber|animalic|aromatic|citrus|fresh spicy|fruity|warm spicy|woody,True
198319,Coach for Men,47,0,False,False,False,False,False,,citrus,amber|animalic|aromatic|citrus|fresh spicy|fruity|warm spicy|woody,False
198368,Coach for Men,11,0,False,True,False,False,False,,citrus,amber|animalic|aromatic|citrus|fresh spicy|fruity|warm spicy|woody,False
198389,Coach for Men,20,1,False,True,False,False,False,tea,citrus,amber|animalic|aromatic|citrus|fresh spicy|fruity|warm spicy|woody,False
198617,Coach for Men,39,5,False,True,False,False,True,amber|clean|iris|oud|soapy,citrus,amber|animalic|aromatic|citrus|fresh spicy|fruity|warm spicy|woody,True
198656,Elizabeth Arden Green Tea,39,4,False,False,False,False,False,amber|musky|oud|sweet,citrus,aromatic|citrus|fresh spicy|green,True
198706,Coach for Men,110,2,False,True,False,True,True,citrus|fruity,citrus,amber|animalic|aromatic|citrus|fresh spicy|fruity|warm spicy|woody,True
198846,Coach for Men,33,1,False,True,False,False,False,musky,citrus,amber|animalic|aromatic|citrus|fresh spicy|fruity|warm spicy|woody,False
199118,Coach for Men,46,3,False,False,False,False,False,clean|fresh|soft spicy,citrus,amber|animalic|aromatic|citrus|fresh spicy|fruity|warm spicy|woody,True
199268,Coach for Men,109,5,False,True,False,False,False,aldehydic|floral|lactonic|milky|powdery,citrus,amber|animalic|aromatic|citrus|fresh spicy|fruity|warm spicy|woody,True
199269,Coach for Men,306,23,False,True,False,True,True,amber|aromatic|balsamic|citrus|clean|earthy|fresh|fresh spicy|fruity|green|lavender|minty|mossy|musky|powdery|resinous|sensual|spicy|vanilla|vetiver|warm|warm spicy|woody,citrus,amber|animalic|aromatic|citrus|fresh spicy|fruity|warm spicy|woody,True
199408,Coach for Men,21,0,False,True,False,False,False,,citrus,amber|animalic|aromatic|citrus|fresh spicy|fruity|warm spicy|woody,False
199461,Coach for Men,22,1,False,True,False,False,False,musky,citrus,amber|animalic|aromatic|citrus|fresh spicy|fruity|warm spicy|woody,False
199926,Coach for Men,19,2,False,True,False,False,False,clean|fresh,citrus,amber|animalic|aromatic|citrus|fresh spicy|fruity|warm spicy|woody,True
199951,Coach for Men,12,1,False,False,False,False,False,musky,citrus,amber|animalic|aromatic|citrus|fresh spicy|fruity|warm spicy|woody,False
199976,Coach for Men,57,5,False,False,False,False,True,amber|clean|fresh|iris|oud,citrus,amber|animalic|aromatic|citrus|fresh spicy|fruity|warm spicy|woody,True
200051,Coach for Men,18,0,False,False,False,False,False,,citrus,amber|animalic|aromatic|citrus|fresh spicy|fruity|warm spicy|woody,False
200063,Tom Ford Black Orchid,40,7,False,True,True,False,False,amber|citrus|musky|sweet|warm|warm spicy|woody,,earthy|gourmand,False
200500,Coach for Men,12,2,False,True,False,False,False,clean|fresh,citrus,amber|animalic|aromatic|citrus|fresh spicy|fruity|warm spicy|woody,True
200539,Coach for Men,9,1,False,False,False,False,False,fresh,citrus,amber|animalic|aromatic|citrus|fresh spicy|fruity|warm spicy|woody,False
200861,Elizabeth Arden Green Tea,46,4,False,True,False,False,True,clean|fresh|green|tea,citrus,aromatic|citrus|fresh spicy|green,True
201161,Elizabeth Arden Green Tea,51,3,False,True,False,False,False,clean|fresh|musky,citrus,aromatic|citrus|fresh spicy|green,True
201870,Coach for Men,38,8,False,True,False,False,True,aromatic|clean|floral|fresh|green|herbal|rose|soapy,citrus,amber|animalic|aromatic|citrus|fresh spicy|fruity|warm spicy|woody,True
201871,Coach for Men,38,8,False,True,False,False,True,aromatic|clean|floral|fresh|green|herbal|rose|soapy,citrus,amber|animalic|aromatic|citrus|fresh spicy|fruity|warm spicy|woody,True
202237,Coach for Men,12,0,False,True,False,False,False,,citrus,amber|animalic|aromatic|citrus|fresh spicy|fruity|warm spicy|woody,False
202308,Coach for Men,30,1,False,True,False,False,False,clean,citrus,amber|animalic|aromatic|citrus|fresh spicy|fruity|warm spicy|woody,False
202342,Coach for Men,16,0,False,True,False,False,False,,citrus,amber|animalic|aromatic|citrus|fresh spicy|fruity|warm spicy|woody,False
202426,Elizabeth Arden Green Tea,204,11,False,True,False,True,True,amber|aquatic|citrus|clean|coconut|fresh|green|iris|oud|tea|tropical,citrus,aromatic|citrus|fresh spicy|green,True
202513,Coach for Men,14,0,False,False,False,False,False,,citrus,amber|animalic|aromatic|citrus|fresh spicy|fruity|warm spicy|woody,False
202634,Coach for Men,14,0,False,False,False,False,False,,citrus,amber|animalic|aromatic|citrus|fresh spicy|fruity|warm spicy|woody,False
202703,Coach for Men,28,0,False,False,False,False,False,,citrus,amber|animalic|aromatic|citrus|fresh spicy|fruity|warm spicy|woody,False
202775,Coach for Men,43,2,False,False,False,False,False,aquatic|minty,citrus,amber|animalic|aromatic|citrus|fresh spicy|fruity|warm spicy|woody,True
203007,Narciso Rodriguez For Her,9,0,False,True,True,False,False,,,amber|fruity|powdery|rose|warm spicy|woody,False
203097,Coach for Men,12,3,True,False,False,False,True,clean|fruity|soapy,citrus,amber|animalic|aromatic|citrus|fresh spicy|fruity|warm spicy|woody,False
203401,Coach for Men,62,0,False,True,False,False,False,,citrus,amber|animalic|aromatic|citrus|fresh spicy|fruity|warm spicy|woody,False
203427,Coach for Men,49,2,False,True,False,False,False,aquatic|floral,citrus,amber|animalic|aromatic|citrus|fresh spicy|fruity|warm spicy|woody,True
203602,Coach for Men,19,0,False,True,False,False,False,,citrus,amber|animalic|aromatic|citrus|fresh spicy|fruity|warm spicy|woody,False
203627,Carolina Herrera Bad Boy,21,0,False,True,False,False,False,,warm spicy,warm spicy|woody,False
203649,Coach for Men,44,1,False,True,False,False,False,minty,citrus,amber|animalic|aromatic|citrus|fresh spicy|fruity|warm spicy|woody,False
203670,Hermès Un Jardin sur le Nil,72,9,False,True,False,False,False,amber|aquatic|clean|fresh|marine|oud|salty|soapy|sweet,citrus,aromatic|citrus|fresh spicy|fruity|green|powdery,True
203884,Coach for Men,42,0,False,True,False,False,False,,citrus,amber|animalic|aromatic|citrus|fresh spicy|fruity|warm spicy|woody,False
204104,Elizabeth Arden Green Tea,88,2,False,True,False,False,False,lactonic|milky,citrus,aromatic|citrus|fresh spicy|green,True
204118,Coach for Men,50,3,False,True,False,True,True,aquatic|citrus|fresh,citrus,amber|animalic|aromatic|citrus|fresh spicy|fruity|warm spicy|woody,True
204264,Coach for Men,85,11,False,True,False,True,True,citrus|clean|fruity|incense|inky|leather|metallic|musky|oud|smoky|soapy,citrus,amber|animalic|aromatic|citrus|fresh spicy|fruity|warm spicy|woody,True
204331,Coach for Men,24,2,False,True,False,False,False,clean|fresh,citrus,amber|animalic|aromatic|citrus|fresh spicy|fruity|warm spicy|woody,True
204657,Coach for Men,17,0,False,True,False,False,False,,citrus,amber|animalic|aromatic|citrus|fresh spicy|fruity|warm spicy|woody,False
204721,Coach for Men,136,8,False,True,False,False,True,amber|clean|fresh|iris|musky|oud|powdery|soapy,citrus,amber|animalic|aromatic|citrus|fresh spicy|fruity|warm spicy|woody,True
204779,Coach for Men,360,14,False,True,False,False,True,almond|aromatic|balsamic|clean|fresh|fruity|herbal|minty|powdery|spicy|sweet|tea|vanilla|warm spicy,citrus,amber|animalic|aromatic|citrus|fresh spicy|fruity|warm spicy|woody,True
204820,Coach for Men,18,0,False,False,False,False,False,,citrus,amber|animalic|aromatic|citrus|fresh spicy|fruity|warm spicy|woody,False
204847,Coach for Men,30,0,False,True,False,False,False,,citrus,amber|animalic|aromatic|citrus|fresh spicy|fruity|warm spicy|woody,False
205095,Coach for Men,27,0,False,True,False,False,False,,citrus,amber|animalic|aromatic|citrus|fresh spicy|fruity|warm spicy|woody,False
205116,Coach for Men,22,3,False,True,False,False,True,amber|oud|sweet,citrus,amber|animalic|aromatic|citrus|fresh spicy|fruity|warm spicy|woody,True
205132,Coach for Men,36,5,False,True,False,False,True,clean|fresh|fruity|musky|soapy,citrus,amber|animalic|aromatic|citrus|fresh spicy|fruity|warm spicy|woody,True
205577,Coach for Men,33,1,False,True,False,False,False,leather,citrus,amber|animalic|aromatic|citrus|fresh spicy|fruity|warm spicy|woody,False
205667,Coach for Men,78,0,True,False,False,False,False,,citrus,amber|animalic|aromatic|citrus|fresh spicy|fruity|warm spicy|woody,False
206045,Coach for Men,39,3,False,False,False,False,False,clean|musky|soapy,citrus,amber|animalic|aromatic|citrus|fresh spicy|fruity|warm spicy|woody,True
206050,Coach for Men,49,0,False,True,False,False,False,,citrus,amber|animalic|aromatic|citrus|fresh spicy|fruity|warm spicy|woody,False
206130,Coach for Men,115,4,False,True,False,False,True,clean|fresh|fruity|soapy,citrus,amber|animalic|aromatic|citrus|fresh spicy|fruity|warm spicy|woody,True
207470,Elizabeth Arden Green Tea,12,2,False,False,False,False,False,clean|soapy,citrus,aromatic|citrus|fresh spicy|green,True
207590,Mugler Angel,31,4,False,True,True,False,False,clean|fresh|musky|soapy,,caramel|fruity|honey|powdery|vanilla|warm spicy|woody,False
207646,Coach for Men,31,2,False,True,False,False,False,clean|fresh,citrus,amber|animalic|aromatic|citrus|fresh spicy|fruity|warm spicy|woody,True
207647,Coach for Men,32,1,False,False,False,False,False,musky,citrus,amber|animalic|aromatic|citrus|fresh spicy|fruity|warm spicy|woody,False
207833,Coach for Men,89,1,False,True,False,False,False,coffee,citrus,amber|animalic|aromatic|citrus|fresh spicy|fruity|warm spicy|woody,False
207855,Coach for Men,19,0,False,True,False,False,False,,citrus,amber|animalic|aromatic|citrus|fresh spicy|fruity|warm spicy|woody,False
207861,Coach for Men,24,0,False,True,False,False,False,,citrus,amber|animalic|aromatic|citrus|fresh spicy|fruity|warm spicy|woody,False
207892,Azzaro Pour Homme,15,0,False,True,False,False,False,,aromatic,aromatic|citrus|earthy|fresh spicy|leather|mossy|powdery|warm spicy|woody,False
207934,Coach for Men,63,0,False,True,False,False,False,,citrus,amber|animalic|aromatic|citrus|fresh spicy|fruity|warm spicy|woody,False
208253,Coach for Men,40,4,False,True,False,False,False,aquatic|fresh|green|musky,citrus,amber|animalic|aromatic|citrus|fresh spicy|fruity|warm spicy|woody,True
208667,Coach for Men,55,0,False,True,False,False,False,,citrus,amber|animalic|aromatic|citrus|fresh spicy|fruity|warm spicy|woody,False
208690,Elizabeth Arden Green Tea,214,9,False,True,False,False,True,clean|fresh|grassy|green|inky|metallic|powdery|soapy|tea,citrus,aromatic|citrus|fresh spicy|green,True
209021,Coach for Men,16,0,False,True,False,False,False,,citrus,amber|animalic|aromatic|citrus|fresh spicy|fruity|warm spicy|woody,False
209214,Coach for Men,57,2,False,True,False,False,True,patchouli|woody,citrus,amber|animalic|aromatic|citrus|fresh spicy|fruity|warm spicy|woody,True
209363,Coach for Men,16,0,False,True,False,False,False,,citrus,amber|animalic|aromatic|citrus|fresh spicy|fruity|warm spicy|woody,False
209377,Coach for Men,32,2,False,True,False,False,False,clean|fresh,citrus,amber|animalic|aromatic|citrus|fresh spicy|fruity|warm spicy|woody,True
209712,Coach for Men,59,1,False,True,False,False,False,musky,citrus,amber|animalic|aromatic|citrus|fresh spicy|fruity|warm spicy|woody,False
209899,Coach for Men,334,5,False,True,False,True,True,citrus|clean|fresh|musky|soapy,citrus,amber|animalic|aromatic|citrus|fresh spicy|fruity|warm spicy|woody,True
209903,Coach for Men,334,5,False,True,False,True,True,citrus|clean|fresh|musky|soapy,citrus,amber|animalic|aromatic|citrus|fresh spicy|fruity|warm spicy|woody,True
209980,Coach for Men,77,1,False,True,False,False,False,musky,citrus,amber|animalic|aromatic|citrus|fresh spicy|fruity|warm spicy|woody,False
210033,Elizabeth Arden Green Tea,83,3,False,True,False,False,False,lactonic|milky|musky,citrus,aromatic|citrus|fresh spicy|green,True
210162,Coach for Men,29,2,False,True,False,False,False,green|musky,citrus,amber|animalic|aromatic|citrus|fresh spicy|fruity|warm spicy|woody,True
210175,Coach for Men,11,2,False,True,False,False,False,clean|fresh,citrus,amber|animalic|aromatic|citrus|fresh spicy|fruity|warm spicy|woody,True
210330,Elizabeth Arden Green Tea,38,1,False,False,False,False,False,tea,citrus,aromatic|citrus|fresh spicy|green,False
210434,Coach for Men,77,2,False,False,False,False,False,clean|fresh,citrus,amber|animalic|aromatic|citrus|fresh spicy|fruity|warm spicy|woody,True
210499,Coach for Men,83,3,False,True,False,False,True,musky|sandalwood|woody,citrus,amber|animalic|aromatic|citrus|fresh spicy|fruity|warm spicy|woody,True
211012,Coach for Men,141,3,False,True,False,False,False,fresh|green|tea,citrus,amber|animalic|aromatic|citrus|fresh spicy|fruity|warm spicy|woody,True
211241,Coach for Men,173,4,False,True,False,False,False,clean|fresh|smoky|soapy,citrus,amber|animalic|aromatic|citrus|fresh spicy|fruity|warm spicy|woody,True
211480,Elizabeth Arden Green Tea,74,6,False,True,False,False,False,clean|fresh|fruity|inky|metallic|soapy,citrus,aromatic|citrus|fresh spicy|green,True
211737,Elizabeth Arden Green Tea,134,8,False,False,False,False,False,amber|clean|fruity|inky|metallic|soapy|sweet|warm spicy,citrus,aromatic|citrus|fresh spicy|green,True
211815,Coach for Men,34,0,False,True,False,False,False,,citrus,amber|animalic|aromatic|citrus|fresh spicy|fruity|warm spicy|woody,False
212031,Coach for Men,56,3,False,True,False,False,True,animalic|musky|oud,citrus,amber|animalic|aromatic|citrus|fresh spicy|fruity|warm spicy|woody,True
212043,Coach for Men,62,5,False,True,False,False,False,green|incense|leather|oud|smoky,citrus,amber|animalic|aromatic|citrus|fresh spicy|fruity|warm spicy|woody,True
212065,Coach for Men,13,0,False,True,False,False,False,,citrus,amber|animalic|aromatic|citrus|fresh spicy|fruity|warm spicy|woody,False
212127,Coach for Men,71,7,False,True,False,False,True,amber|aquatic|fresh|green|musky|resinous|warm spicy,citrus,amber|animalic|aromatic|citrus|fresh spicy|fruity|warm spicy|woody,True
212419,Coach for Men,105,3,False,True,False,False,True,amber|iris|oud,citrus,amber|animalic|aromatic|citrus|fresh spicy|fruity|warm spicy|woody,True
212704,Coach for Men,22,3,False,True,False,False,True,amber|oud|sweet,citrus,amber|animalic|aromatic|citrus|fresh spicy|fruity|warm spicy|woody,True
212780,Coach for Men,17,0,False,False,False,False,False,,citrus,amber|animalic|aromatic|citrus|fresh spicy|fruity|warm spicy|woody,False
212809,Coach for Men,34,0,False,True,False,False,False,,citrus,amber|animalic|aromatic|citrus|fresh spicy|fruity|warm spicy|woody,False
213149,Coach for Men,30,3,False,True,False,False,True,amber|iris|oud,citrus,amber|animalic|aromatic|citrus|fresh spicy|fruity|warm spicy|woody,True
213233,Coach for Men,81,0,False,True,False,False,False,,citrus,amber|animalic|aromatic|citrus|fresh spicy|fruity|warm spicy|woody,False
213264,Coach for Men,156,4,False,True,False,False,False,alcohol|clean|fresh|musky,citrus,amber|animalic|aromatic|citrus|fresh spicy|fruity|warm spicy|woody,True
213438,Coach for Men,55,0,False,True,False,False,False,,citrus,amber|animalic|aromatic|citrus|fresh spicy|fruity|warm spicy|woody,False
213452,Coach for Men,38,0,False,True,False,False,False,,citrus,amber|animalic|aromatic|citrus|fresh spicy|fruity|warm spicy|woody,False
213602,Coach for Men,55,0,False,True,False,False,False,,citrus,amber|animalic|aromatic|citrus|fresh spicy|fruity|warm spicy|woody,False
213855,Coach for Men,50,2,False,True,False,True,True,citrus|warm spicy,citrus,amber|animalic|aromatic|citrus|fresh spicy|fruity|warm spicy|woody,True
214558,Coach for Men,95,3,False,False,False,False,False,clean|musky|soapy,citrus,amber|animalic|aromatic|citrus|fresh spicy|fruity|warm spicy|woody,True
214637,Coach for Men,58,3,False,False,False,False,True,boozy|whisky|woody,citrus,amber|animalic|aromatic|citrus|fresh spicy|fruity|warm spicy|woody,True
214826,Elizabeth Arden Green Tea,12,1,False,False,False,False,False,musky,citrus,aromatic|citrus|fresh spicy|green,False
215103,Coach for Men,62,5,False,True,False,False,True,amber|clean|fresh|musky|sensual,citrus,amber|animalic|aromatic|citrus|fresh spicy|fruity|warm spicy|woody,True
215216,Coach for Men,34,0,False,False,False,False,False,,citrus,amber|animalic|aromatic|citrus|fresh spicy|fruity|warm spicy|woody,False
215567,Coach for Men,113,3,False,True,False,False,False,clean|musky|soapy,citrus,amber|animalic|aromatic|citrus|fresh spicy|fruity|warm spicy|woody,True
215650,Coach for Men,61,4,False,True,False,False,True,aromatic|herbal|lavender|musky,citrus,amber|animalic|aromatic|citrus|fresh spicy|fruity|warm spicy|woody,True
215832,Coach for Men,16,0,False,True,False,False,False,,citrus,amber|animalic|aromatic|citrus|fresh spicy|fruity|warm spicy|woody,False
216134,Elizabeth Arden Green Tea,22,0,False,True,False,False,False,,citrus,aromatic|citrus|fresh spicy|green,False
216153,Coach for Men,13,0,False,True,False,False,False,,citrus,amber|animalic|aromatic|citrus|fresh spicy|fruity|warm spicy|woody,False
216476,Coach for Men,9,0,False,False,False,False,False,,citrus,amber|animalic|aromatic|citrus|fresh spicy|fruity|warm spicy|woody,False
216618,Elizabeth Arden Green Tea,84,0,False,True,False,False,False,,citrus,aromatic|citrus|fresh spicy|green,False
216929,Coach for Men,299,11,False,True,False,False,True,amber|animalic|incense|inky|leather|metallic|oud|resinous|smoky|warm spicy|woody,citrus,amber|animalic|aromatic|citrus|fresh spicy|fruity|warm spicy|woody,True
217259,Coach for Men,8,0,False,True,False,False,False,,citrus,amber|animalic|aromatic|citrus|fresh spicy|fruity|warm spicy|woody,False
217291,Coach for Men,38,2,False,True,False,False,True,animalic|oud,citrus,amber|animalic|aromatic|citrus|fresh spicy|fruity|warm spicy|woody,True
217503,Coach for Men,89,3,False,True,False,True,True,citrus|fresh|fruity,citrus,amber|animalic|aromatic|citrus|fresh spicy|fruity|warm spicy|woody,True
217504,Coach for Men,82,0,False,True,False,False,False,,citrus,amber|animalic|aromatic|citrus|fresh spicy|fruity|warm spicy|woody,False
217693,Coach for Men,151,4,False,True,False,False,False,clean|fresh|iris|powdery,citrus,amber|animalic|aromatic|citrus|fresh spicy|fruity|warm spicy|woody,True
217698,Coach for Men,10,0,False,False,False,False,False,,citrus,amber|animalic|aromatic|citrus|fresh spicy|fruity|warm spicy|woody,False
217767,Coach for Men,12,0,False,True,False,False,False,,citrus,amber|animalic|aromatic|citrus|fresh spicy|fruity|warm spicy|woody,False
217774,Coach for Men,11,0,False,False,False,False,False,,citrus,amber|animalic|aromatic|citrus|fresh spicy|fruity|warm spicy|woody,False
217845,Coach for Men,17,0,False,True,False,False,False,,citrus,amber|animalic|aromatic|citrus|fresh spicy|fruity|warm spicy|woody,False
217940,Coach for Men,38,1,False,True,False,False,False,musky,citrus,amber|animalic|aromatic|citrus|fresh spicy|fruity|warm spicy|woody,False
218044,Coach for Men,13,2,False,True,False,False,True,sandalwood|woody,citrus,amber|animalic|aromatic|citrus|fresh spicy|fruity|warm spicy|woody,True
218049,Coach for Men,16,0,False,True,False,False,False,,citrus,amber|animalic|aromatic|citrus|fresh spicy|fruity|warm spicy|woody,False
218100,Coach for Men,119,0,False,True,False,False,False,,citrus,amber|animalic|aromatic|citrus|fresh spicy|fruity|warm spicy|woody,False
218344,Narciso Rodriguez For Her,27,1,False,True,True,False,False,musky,,amber|fruity|powdery|rose|warm spicy|woody,False
218347,Coach for Men,37,4,True,False,False,False,True,clean|fresh|fruity|soapy,citrus,amber|animalic|aromatic|citrus|fresh spicy|fruity|warm spicy|woody,False
218475,Coach for Men,323,11,False,True,False,False,False,clean|coconut|fresh|incense|iris|leather|oud|powdery|smoky|tropical|violet,citrus,amber|animalic|aromatic|citrus|fresh spicy|fruity|warm spicy|woody,True
218651,Coach for Men,24,0,False,True,False,False,False,,citrus,amber|animalic|aromatic|citrus|fresh spicy|fruity|warm spicy|woody,False
218690,Mugler Alien,8,0,False,True,False,False,False,,amber,amber|white floral|woody,False
218814,Coach for Men,27,0,False,False,False,False,False,,citrus,amber|animalic|aromatic|citrus|fresh spicy|fruity|warm spicy|woody,False
218842,Coach for Men,14,0,False,True,False,False,False,,citrus,amber|animalic|aromatic|citrus|fresh spicy|fruity|warm spicy|woody,False
218882,Coach for Men,28,2,False,True,False,False,True,coniferous|woody,citrus,amber|animalic|aromatic|citrus|fresh spicy|fruity|warm spicy|woody,True
218999,Narciso Rodriguez For Her,11,0,False,True,True,False,False,,,amber|fruity|powdery|rose|warm spicy|woody,False
219067,Coach for Men,127,0,False,True,False,False,False,,citrus,amber|animalic|aromatic|citrus|fresh spicy|fruity|warm spicy|woody,False
219093,Coach for Men,32,0,False,False,False,False,False,,citrus,amber|animalic|aromatic|citrus|fresh spicy|fruity|warm spicy|woody,False
219138,Coach for Men,16,1,False,True,False,False,False,musky,citrus,amber|animalic|aromatic|citrus|fresh spicy|fruity|warm spicy|woody,False
219284,Coach for Men,33,0,False,False,False,False,False,,citrus,amber|animalic|aromatic|citrus|fresh spicy|fruity|warm spicy|woody,False
219286,Coach for Men,76,2,False,True,False,False,False,clean|fresh,citrus,amber|animalic|aromatic|citrus|fresh spicy|fruity|warm spicy|woody,True
219372,Coach for Men,30,5,False,True,False,False,True,clean|fresh|fruity|minty|soapy,citrus,amber|animalic|aromatic|citrus|fresh spicy|fruity|warm spicy|woody,True
219375,Coach for Men,80,3,False,True,False,False,False,clean|fresh|powdery,citrus,amber|animalic|aromatic|citrus|fresh spicy|fruity|warm spicy|woody,True
219458,Elizabeth Arden Green Tea,12,3,False,True,False,False,False,clean|fresh|musky,citrus,aromatic|citrus|fresh spicy|green,True
219649,Coach for Men,85,3,False,True,False,False,False,clean|musky|soapy,citrus,amber|animalic|aromatic|citrus|fresh spicy|fruity|warm spicy|woody,True
219794,Elizabeth Arden Green Tea,59,6,True,False,False,True,True,aquatic|citrus|clean|fresh|lactonic|milky,citrus,aromatic|citrus|fresh spicy|green,False
220016,Coach for Men,85,0,False,True,False,False,False,,citrus,amber|animalic|aromatic|citrus|fresh spicy|fruity|warm spicy|woody,False
220429,Coach for Men,97,2,False,True,False,False,False,clean|soapy,citrus,amber|animalic|aromatic|citrus|fresh spicy|fruity|warm spicy|woody,True
220592,Coach for Men,43,4,False,True,False,False,False,clean|fresh|musky|soapy,citrus,amber|animalic|aromatic|citrus|fresh spicy|fruity|warm spicy|woody,True
220597,Tom Ford Black Orchid,59,3,False,True,True,False,False,clean|fresh|inky,,earthy|gourmand,False
220747,Elizabeth Arden Green Tea,238,5,False,True,False,False,False,clean|fruity|inky|metallic|soapy,citrus,aromatic|citrus|fresh spicy|green,True
221676,Coach for Men,104,2,False,True,False,False,False,clean|fresh,citrus,amber|animalic|aromatic|citrus|fresh spicy|fruity|warm spicy|woody,True
221683,Coach for Men,9,0,False,True,False,False,False,,citrus,amber|animalic|aromatic|citrus|fresh spicy|fruity|warm spicy|woody,False
221684,Coach for Men,54,4,False,True,False,True,True,aquatic|citrus|clean|fresh,citrus,amber|animalic|aromatic|citrus|fresh spicy|fruity|warm spicy|woody,True
221744,Coach for Men,49,2,False,True,False,False,False,clean|fresh,citrus,amber|animalic|aromatic|citrus|fresh spicy|fruity|warm spicy|woody,True
221839,Coach for Men,59,4,False,True,False,False,False,alcohol|camphor|clean|fresh,citrus,amber|animalic|aromatic|citrus|fresh spicy|fruity|warm spicy|woody,True
221860,Elizabeth Arden Green Tea,83,8,False,True,False,True,True,citrus|clean|fresh|green|musky|soapy|tea|woody,citrus,aromatic|citrus|fresh spicy|green,True
221905,Elizabeth Arden Green Tea,26,1,False,True,False,False,False,clean,citrus,aromatic|citrus|fresh spicy|green,False
221959,Coach for Men,11,0,False,True,False,False,False,,citrus,amber|animalic|aromatic|citrus|fresh spicy|fruity|warm spicy|woody,False
222106,Elizabeth Arden Green Tea,10,3,False,True,False,False,False,amber|iris|oud,citrus,aromatic|citrus|fresh spicy|green,True
222159,Coach for Men,17,5,False,True,False,False,True,amber|clean|iris|oud|soapy,citrus,amber|animalic|aromatic|citrus|fresh spicy|fruity|warm spicy|woody,True
222248,Elizabeth Arden Green Tea,212,7,False,True,False,False,True,clean|fresh|green|lactonic|milky|musky|tea,citrus,aromatic|citrus|fresh spicy|green,True
222617,Coach for Men,39,3,False,True,False,False,False,aquatic|fresh|minty,citrus,amber|animalic|aromatic|citrus|fresh spicy|fruity|warm spicy|woody,True
222805,Coach for Men,204,10,False,True,False,False,True,amber|animalic|chocolate|clean|fresh|lactonic|milky|musky|oud|sweet,citrus,amber|animalic|aromatic|citrus|fresh spicy|fruity|warm spicy|woody,True
222918,Elizabeth Arden Green Tea,32,0,False,True,False,False,False,,citrus,aromatic|citrus|fresh spicy|green,False
223040,Coach for Men,18,3,False,True,False,False,True,aromatic|fresh spicy|woody,citrus,amber|animalic|aromatic|citrus|fresh spicy|fruity|warm spicy|woody,True
223136,Coach for Men,23,1,False,False,False,False,True,woody,citrus,amber|animalic|aromatic|citrus|fresh spicy|fruity|warm spicy|woody,False
223369,Coach for Men,16,0,False,False,False,False,False,,citrus,amber|animalic|aromatic|citrus|fresh spicy|fruity|warm spicy|woody,False
223573,Coach for Men,16,0,False,True,False,False,False,,citrus,amber|animalic|aromatic|citrus|fresh spicy|fruity|warm spicy|woody,False
223685,Coach for Men,69,2,False,True,False,False,False,clean|fresh,citrus,amber|animalic|aromatic|citrus|fresh spicy|fruity|warm spicy|woody,True
223886,Narciso Rodriguez For Her,14,0,False,True,True,False,False,,,amber|fruity|powdery|rose|warm spicy|woody,False
223896,Coach for Men,259,13,False,True,False,False,True,alcohol|amber|balsamic|boozy|coniferous|fresh|fruity|musky|oud|resinous|sweet|warm spicy|woody,citrus,amber|animalic|aromatic|citrus|fresh spicy|fruity|warm spicy|woody,True
224254,Coach for Men,200,8,False,True,False,False,True,amber|clean|fresh|musky|oud|soapy|sweet|woody,citrus,amber|animalic|aromatic|citrus|fresh spicy|fruity|warm spicy|woody,True
224306,Coach for Men,34,3,False,False,False,False,True,amber|musky|sensual,citrus,amber|animalic|aromatic|citrus|fresh spicy|fruity|warm spicy|woody,True
224350,Coach for Men,40,1,False,False,False,False,False,musky,citrus,amber|animalic|aromatic|citrus|fresh spicy|fruity|warm spicy|woody,False
224413,Coach for Men,207,5,False,True,False,False,True,aromatic|earthy|herbal|mineral|rose,citrus,amber|animalic|aromatic|citrus|fresh spicy|fruity|warm spicy|woody,True
224726,Coach for Men,112,4,False,True,False,False,False,clean|fresh|musky|powdery,citrus,amber|animalic|aromatic|citrus|fresh spicy|fruity|warm spicy|woody,True
224768,Coach for Men,64,0,False,True,False,False,False,,citrus,amber|animalic|aromatic|citrus|fresh spicy|fruity|warm spicy|woody,False
224814,Coach for Men,66,3,False,True,False,False,False,clean|powdery|soapy,citrus,amber|animalic|aromatic|citrus|fresh spicy|fruity|warm spicy|woody,True
224832,Coach for Men,196,2,False,True,False,False,False,lactonic|milky,citrus,amber|animalic|aromatic|citrus|fresh spicy|fruity|warm spicy|woody,True
224914,Coach for Men,74,2,False,True,False,True,True,citrus|warm spicy,citrus,amber|animalic|aromatic|citrus|fresh spicy|fruity|warm spicy|woody,True
225051,Coach for Men,60,3,False,True,False,False,True,amber|iris|oud,citrus,amber|animalic|aromatic|citrus|fresh spicy|fruity|warm spicy|woody,True
225371,Coach for Men,23,1,False,True,False,False,False,musky,citrus,amber|animalic|aromatic|citrus|fresh spicy|fruity|warm spicy|woody,False
225380,Coach for Men,28,3,True,False,False,False,False,clean|fresh|soapy,citrus,amber|animalic|aromatic|citrus|fresh spicy|fruity|warm spicy|woody,False
225413,Coach for Men,55,0,False,True,False,False,False,,citrus,amber|animalic|aromatic|citrus|fresh spicy|fruity|warm spicy|woody,False
225426,Coach for Men,150,0,False,True,False,False,False,,citrus,amber|animalic|aromatic|citrus|fresh spicy|fruity|warm spicy|woody,False
225586,Coach for Men,60,0,False,True,False,False,False,,citrus,amber|animalic|aromatic|citrus|fresh spicy|fruity|warm spicy|woody,False
225588,Elizabeth Arden Green Tea,18,1,False,True,False,False,False,musky,citrus,aromatic|citrus|fresh spicy|green,False
225625,Coach for Men,191,4,False,True,False,False,True,clean|fruity|musky|soapy,citrus,amber|animalic|aromatic|citrus|fresh spicy|fruity|warm spicy|woody,True
225645,Coach for Men,46,2,False,True,False,False,False,clean|fresh,citrus,amber|animalic|aromatic|citrus|fresh spicy|fruity|warm spicy|woody,True
225715,Coach for Men,10,0,False,True,False,False,False,,citrus,amber|animalic|aromatic|citrus|fresh spicy|fruity|warm spicy|woody,False
225717,Mugler Angel,36,0,False,True,True,False,False,,,caramel|fruity|honey|powdery|vanilla|warm spicy|woody,False
226206,Coach for Men,58,0,False,True,False,False,False,,citrus,amber|animalic|aromatic|citrus|fresh spicy|fruity|warm spicy|woody,False
226243,Elizabeth Arden Green Tea,38,3,False,True,False,False,True,fresh|green|tea,citrus,aromatic|citrus|fresh spicy|green,True
226253,Coach for Men,21,0,False,True,False,False,False,,citrus,amber|animalic|aromatic|citrus|fresh spicy|fruity|warm spicy|woody,False
226435,Elizabeth Arden Green Tea,15,2,False,True,False,False,False,clean|musky,citrus,aromatic|citrus|fresh spicy|green,True
226787,Coach for Men,71,0,False,True,False,False,False,,citrus,amber|animalic|aromatic|citrus|fresh spicy|fruity|warm spicy|woody,False
226854,Coach for Men,54,0,False,True,False,False,False,,citrus,amber|animalic|aromatic|citrus|fresh spicy|fruity|warm spicy|woody,False
226870,Coach for Men,83,1,False,True,False,True,True,citrus,citrus,amber|animalic|aromatic|citrus|fresh spicy|fruity|warm spicy|woody,False
227036,Coach for Men,34,0,False,True,False,False,False,,citrus,amber|animalic|aromatic|citrus|fresh spicy|fruity|warm spicy|woody,False
227473,Coach for Men,99,4,False,True,False,False,True,earthy|fruity|musky|soapy,citrus,amber|animalic|aromatic|citrus|fresh spicy|fruity|warm spicy|woody,True
227727,Elizabeth Arden Green Tea,54,0,False,True,False,False,False,,citrus,aromatic|citrus|fresh spicy|green,False
227737,Coach for Men,14,0,False,False,False,False,False,,citrus,amber|animalic|aromatic|citrus|fresh spicy|fruity|warm spicy|woody,False
227745,Coach for Men,374,14,False,True,False,True,True,aquatic|citrus|damp|earthy|floral|fresh|gourmand|grassy|green|musky|ozonic|soapy|sweet|vanilla,citrus,amber|animalic|aromatic|citrus|fresh spicy|fruity|warm spicy|woody,True
227822,Azzaro Pour Homme,31,0,False,True,False,False,False,,aromatic,aromatic|citrus|earthy|fresh spicy|leather|mossy|powdery|warm spicy|woody,False
228012,Coach for Men,12,0,False,True,False,False,False,,citrus,amber|animalic|aromatic|citrus|fresh spicy|fruity|warm spicy|woody,False
228046,Elizabeth Arden Green Tea,50,0,False,False,False,False,False,,citrus,aromatic|citrus|fresh spicy|green,False
228105,Mugler Angel,51,0,False,True,True,False,False,,,caramel|fruity|honey|powdery|vanilla|warm spicy|woody,False
228364,Elizabeth Arden Green Tea,75,2,False,True,False,False,False,lactonic|milky,citrus,aromatic|citrus|fresh spicy|green,True
228637,Elizabeth Arden Green Tea,32,3,True,False,False,False,False,lactonic|milky|musky,citrus,aromatic|citrus|fresh spicy|green,False
228732,Coach for Men,31,2,False,True,False,False,False,clean|soapy,citrus,amber|animalic|aromatic|citrus|fresh spicy|fruity|warm spicy|woody,True
228752,Coach for Men,133,4,False,True,False,False,True,coniferous|green|mossy|woody,citrus,amber|animalic|aromatic|citrus|fresh spicy|fruity|warm spicy|woody,True
228768,Coach for Men,57,3,False,True,False,False,True,amber|iris|oud,citrus,amber|animalic|aromatic|citrus|fresh spicy|fruity|warm spicy|woody,True
228835,Elizabeth Arden Green Tea,319,9,False,True,False,False,True,aquatic|damp|earthy|fresh|green|minty|musky|smoky|tea,citrus,aromatic|citrus|fresh spicy|green,True
228954,Coach for Men,94,2,False,True,False,False,False,clean|fresh,citrus,amber|animalic|aromatic|citrus|fresh spicy|fruity|warm spicy|woody,True
228983,Coach for Men,90,5,False,True,False,False,True,animalic|clean|earthy|fresh|musky,citrus,amber|animalic|aromatic|citrus|fresh spicy|fruity|warm spicy|woody,True
229010,Coach for Men,128,1,False,True,False,False,False,musky,citrus,amber|animalic|aromatic|citrus|fresh spicy|fruity|warm spicy|woody,False
229028,Coach for Men,40,0,False,True,False,False,False,,citrus,amber|animalic|aromatic|citrus|fresh spicy|fruity|warm spicy|woody,False
229029,Coach for Men,40,0,False,True,False,False,False,,citrus,amber|animalic|aromatic|citrus|fresh spicy|fruity|warm spicy|woody,False
229077,Coach for Men,169,0,False,True,False,False,False,,citrus,amber|animalic|aromatic|citrus|fresh spicy|fruity|warm spicy|woody,False
229088,Coach for Men,49,1,False,True,False,False,False,musky,citrus,amber|animalic|aromatic|citrus|fresh spicy|fruity|warm spicy|woody,False
229366,Narciso Rodriguez For Her,77,5,False,True,True,False,True,aquatic|floral|fresh|musky|woody,,amber|fruity|powdery|rose|warm spicy|woody,False
229398,Narciso Rodriguez For Her,32,1,False,True,True,False,False,fresh,,amber|fruity|powdery|rose|warm spicy|woody,False
229418,Coach for Men,33,5,True,False,False,True,True,citrus|clean|fresh|minty|musky,citrus,amber|animalic|aromatic|citrus|fresh spicy|fruity|warm spicy|woody,False
229420,Coach for Men,32,0,False,True,False,False,False,,citrus,amber|animalic|aromatic|citrus|fresh spicy|fruity|warm spicy|woody,False
229453,Coach for Men,78,2,False,False,False,True,True,citrus|musky,citrus,amber|animalic|aromatic|citrus|fresh spicy|fruity|warm spicy|woody,True
229473,Coach for Men,38,1,False,True,False,False,False,clean,citrus,amber|animalic|aromatic|citrus|fresh spicy|fruity|warm spicy|woody,False
229491,Narciso Rodriguez For Her,28,8,False,False,True,False,True,amber|aromatic|floral|herbal|iris|lavender|oud|rose,,amber|fruity|powdery|rose|warm spicy|woody,False
229732,Coach for Men,45,4,False,True,False,False,True,animalic|clean|fresh|powdery,citrus,amber|animalic|aromatic|citrus|fresh spicy|fruity|warm spicy|woody,True
229789,Coach for Men,159,4,False,True,False,False,True,clean|fresh|fruity|soapy,citrus,amber|animalic|aromatic|citrus|fresh spicy|fruity|warm spicy|woody,True
229849,Coach for Men,251,10,False,True,False,False,False,fresh|green|iris|lactonic|milky|musky|powdery|smoky|tea|violet,citrus,amber|animalic|aromatic|citrus|fresh spicy|fruity|warm spicy|woody,True
229864,Elizabeth Arden Green Tea,53,3,True,False,False,False,False,clean|fruity|soapy,citrus,aromatic|citrus|fresh spicy|green,False
229952,Coach for Men,32,2,False,True,False,False,False,clean|fresh,citrus,amber|animalic|aromatic|citrus|fresh spicy|fruity|warm spicy|woody,True
230068,Coach for Men,70,0,False,False,False,False,False,,citrus,amber|animalic|aromatic|citrus|fresh spicy|fruity|warm spicy|woody,False
230138,Coach for Men,118,2,False,True,False,False,False,floral|musky,citrus,amber|animalic|aromatic|citrus|fresh spicy|fruity|warm spicy|woody,True
230298,Coach for Men,102,4,False,True,False,False,True,coniferous|green|mossy|woody,citrus,amber|animalic|aromatic|citrus|fresh spicy|fruity|warm spicy|woody,True
230385,Coach for Men,82,2,False,True,False,False,False,clean|fresh,citrus,amber|animalic|aromatic|citrus|fresh spicy|fruity|warm spicy|woody,True
230391,Coach for Men,350,5,True,False,False,False,True,amber|clean|fresh|iris|oud,citrus,amber|animalic|aromatic|citrus|fresh spicy|fruity|warm spicy|woody,False
230429,Coach for Men,157,4,False,True,False,False,False,aquatic|clean|fresh|minty,citrus,amber|animalic|aromatic|citrus|fresh spicy|fruity|warm spicy|woody,True
230448,Narciso Rodriguez For Her,331,10,False,True,True,False,True,aromatic|clean|floral|herbal|inky|lavender|musky|powdery|rose|soapy,,amber|fruity|powdery|rose|warm spicy|woody,False
230478,Coach for Men,111,10,False,True,False,False,True,amber|aromatic|camphor|coconut|herbal|iris|mineral|oud|powdery|tropical,citrus,amber|animalic|aromatic|citrus|fresh spicy|fruity|warm spicy|woody,True
230479,Coach for Men,123,4,False,True,False,False,True,aromatic|camphor|herbal|musky,citrus,amber|animalic|aromatic|citrus|fresh spicy|fruity|warm spicy|woody,True
230480,Coach for Men,32,1,False,True,False,False,False,musky,citrus,amber|animalic|aromatic|citrus|fresh spicy|fruity|warm spicy|woody,False
230481,Coach for Men,65,7,False,True,False,False,True,amber|floral|lactonic|milky|resinous|warm spicy|white floral,citrus,amber|animalic|aromatic|citrus|fresh spicy|fruity|warm spicy|woody,True
230483,Coach for Men,59,8,False,True,False,False,True,clean|fresh|fruity|musky|sandalwood|soapy|warm spicy|woody,citrus,amber|animalic|aromatic|citrus|fresh spicy|fruity|warm spicy|woody,True
230486,Coach for Men,137,2,False,True,False,False,False,clean|fresh,citrus,amber|animalic|aromatic|citrus|fresh spicy|fruity|warm spicy|woody,True
230487,Coach for Men,161,12,False,True,False,False,True,aromatic|balsamic|clean|coconut|fresh spicy|musky|powdery|soapy|sweet|tropical|vanilla|woody,citrus,amber|animalic|aromatic|citrus|fresh spicy|fruity|warm spicy|woody,True
230501,Coach for Men,237,12,False,True,False,False,False,alcohol|balsamic|clean|coniferous|fresh|green|lactonic|milky|musky|soapy|sweet|tea,citrus,amber|animalic|aromatic|citrus|fresh spicy|fruity|warm spicy|woody,True
230598,Mugler Angel,12,0,False,True,True,False,False,,,caramel|fruity|honey|powdery|vanilla|warm spicy|woody,False
230601,Coach for Men,125,4,False,False,False,False,True,aromatic|fresh spicy|tea|woody,citrus,amber|animalic|aromatic|citrus|fresh spicy|fruity|warm spicy|woody,True
230721,Coach for Men,32,0,False,False,False,False,False,,citrus,amber|animalic|aromatic|citrus|fresh spicy|fruity|warm spicy|woody,False
230747,Elizabeth Arden Green Tea,77,3,True,False,False,False,False,clean|fruity|soapy,citrus,aromatic|citrus|fresh spicy|green,False
230855,Coach for Men,72,1,False,True,False,False,False,fresh,citrus,amber|animalic|aromatic|citrus|fresh spicy|fruity|warm spicy|woody,False
230927,Coach for Men,306,6,False,True,False,False,True,coniferous|green|lactonic|milky|mossy|woody,citrus,amber|animalic|aromatic|citrus|fresh spicy|fruity|warm spicy|woody,True
231216,Coach for Men,41,0,False,True,False,False,False,,citrus,amber|animalic|aromatic|citrus|fresh spicy|fruity|warm spicy|woody,False
231557,Coach for Men,129,0,False,True,False,False,False,,citrus,amber|animalic|aromatic|citrus|fresh spicy|fruity|warm spicy|woody,False
231641,Coach for Men,43,0,False,True,False,False,False,,citrus,amber|animalic|aromatic|citrus|fresh spicy|fruity|warm spicy|woody,False
231680,Coach for Men,26,0,False,False,False,False,False,,citrus,amber|animalic|aromatic|citrus|fresh spicy|fruity|warm spicy|woody,False
231751,Coach for Men,30,0,True,False,False,False,False,,citrus,amber|animalic|aromatic|citrus|fresh spicy|fruity|warm spicy|woody,False
232023,Juliette Has a Gun Vanilla Vibes,23,0,False,True,False,False,False,,vanilla,amber|powdery|vanilla|warm spicy|woody,False
232082,Coach for Men,48,0,False,True,False,False,False,,citrus,amber|animalic|aromatic|citrus|fresh spicy|fruity|warm spicy|woody,False
232166,Coach for Men,158,10,False,True,False,False,True,amber|aromatic|fresh spicy|inky|metallic|musk|musky|sweet|warm spicy|woody,citrus,amber|animalic|aromatic|citrus|fresh spicy|fruity|warm spicy|woody,True
232167,Coach for Men,44,0,False,True,False,False,False,,citrus,amber|animalic|aromatic|citrus|fresh spicy|fruity|warm spicy|woody,False
232197,Coach for Men,22,2,False,True,False,False,False,clean|fresh,citrus,amber|animalic|aromatic|citrus|fresh spicy|fruity|warm spicy|woody,True
232249,Coach for Men,97,0,False,True,False,False,False,,citrus,amber|animalic|aromatic|citrus|fresh spicy|fruity|warm spicy|woody,False
232293,Coach for Men,15,0,False,True,False,False,False,,citrus,amber|animalic|aromatic|citrus|fresh spicy|fruity|warm spicy|woody,False
232725,Coach for Men,31,0,False,True,False,False,False,,citrus,amber|animalic|aromatic|citrus|fresh spicy|fruity|warm spicy|woody,False
232728,Coach for Men,12,0,False,True,False,False,False,,citrus,amber|animalic|aromatic|citrus|fresh spicy|fruity|warm spicy|woody,False
232913,Coach for Men,19,4,False,True,False,False,True,aromatic|fresh spicy|musky|woody,citrus,amber|animalic|aromatic|citrus|fresh spicy|fruity|warm spicy|woody,True
232914,Coach for Men,12,1,False,True,False,False,False,clean,citrus,amber|animalic|aromatic|citrus|fresh spicy|fruity|warm spicy|woody,False
232931,Elizabeth Arden Green Tea,31,5,False,True,False,False,False,aquatic|camphor|fresh|herbal|minty,citrus,aromatic|citrus|fresh spicy|green,True
233002,Coach for Men,57,2,False,True,False,False,False,lactonic|milky,citrus,amber|animalic|aromatic|citrus|fresh spicy|fruity|warm spicy|woody,True
233056,Coach for Men,39,0,False,True,False,False,False,,citrus,amber|animalic|aromatic|citrus|fresh spicy|fruity|warm spicy|woody,False
233068,Coach for Men,75,4,False,True,False,False,True,aromatic|fresh spicy|tobacco|woody,citrus,amber|animalic|aromatic|citrus|fresh spicy|fruity|warm spicy|woody,True
233096,Coach for Men,9,0,False,True,False,False,False,,citrus,amber|animalic|aromatic|citrus|fresh spicy|fruity|warm spicy|woody,False
233313,Coach for Men,31,3,False,False,False,False,False,clean|fresh|soapy,citrus,amber|animalic|aromatic|citrus|fresh spicy|fruity|warm spicy|woody,True
233411,Coach for Men,107,7,False,True,False,False,False,aquatic|clean|fresh|lactonic|milky|ozonic|soft spicy,citrus,amber|animalic|aromatic|citrus|fresh spicy|fruity|warm spicy|woody,True
233491,Elizabeth Arden Green Tea,47,3,False,True,False,False,False,lactonic|milky|musky,citrus,aromatic|citrus|fresh spicy|green,True
233500,Coach for Men,275,10,False,True,False,False,True,animalic|balsamic|beeswax|coconut|coniferous|musky|resinous|sweet|tropical|woody,citrus,amber|animalic|aromatic|citrus|fresh spicy|fruity|warm spicy|woody,True
233548,Coach for Men,64,0,False,True,False,False,False,,citrus,amber|animalic|aromatic|citrus|fresh spicy|fruity|warm spicy|woody,False
233597,Elizabeth Arden Green Tea,17,4,False,False,False,False,False,clean|fresh|inky|metallic,citrus,aromatic|citrus|fresh spicy|green,True
233610,Coach for Men,25,3,False,True,False,False,True,aromatic|fresh spicy|woody,citrus,amber|animalic|aromatic|citrus|fresh spicy|fruity|warm spicy|woody,True
233659,Coach for Men,30,0,False,False,False,False,False,,citrus,amber|animalic|aromatic|citrus|fresh spicy|fruity|warm spicy|woody,False
233755,Azzaro Pour Homme,17,1,False,True,False,False,False,fresh,aromatic,aromatic|citrus|earthy|fresh spicy|leather|mossy|powdery|warm spicy|woody,False
233847,Coach for Men,34,3,False,False,False,False,False,clean|fresh|soapy,citrus,amber|animalic|aromatic|citrus|fresh spicy|fruity|warm spicy|woody,True
233920,Coach for Men,33,0,False,True,False,False,False,,citrus,amber|animalic|aromatic|citrus|fresh spicy|fruity|warm spicy|woody,False
233990,Elizabeth Arden Green Tea,16,1,False,True,False,False,False,tea,citrus,aromatic|citrus|fresh spicy|green,False
234004,Coach for Men,27,0,False,False,False,False,False,,citrus,amber|animalic|aromatic|citrus|fresh spicy|fruity|warm spicy|woody,False
234270,Elizabeth Arden Green Tea,81,6,False,True,False,False,True,clean|fresh|green|musky|soapy|tea,citrus,aromatic|citrus|fresh spicy|green,True
234303,Coach for Men,22,0,False,True,False,False,False,,citrus,amber|animalic|aromatic|citrus|fresh spicy|fruity|warm spicy|woody,False
234357,Coach for Men,39,2,False,True,False,False,False,clean|soapy,citrus,amber|animalic|aromatic|citrus|fresh spicy|fruity|warm spicy|woody,True
234571,Narciso Rodriguez For Her,30,0,False,True,True,False,False,,,amber|fruity|powdery|rose|warm spicy|woody,False
234613,Coach for Men,89,7,False,True,False,False,False,balsamic|clean|powdery|soapy|sweet|tea|vanilla,citrus,amber|animalic|aromatic|citrus|fresh spicy|fruity|warm spicy|woody,True
234619,Coach for Men,131,5,False,True,False,False,True,amber|clean|fresh|oud|sweet,citrus,amber|animalic|aromatic|citrus|fresh spicy|fruity|warm spicy|woody,True
234679,Coach for Men,25,4,False,True,False,False,True,clean|fresh|fruity|soapy,citrus,amber|animalic|aromatic|citrus|fresh spicy|fruity|warm spicy|woody,True
234697,Coach for Men,11,0,False,False,False,False,False,,citrus,amber|animalic|aromatic|citrus|fresh spicy|fruity|warm spicy|woody,False
235006,Coach for Men,52,0,False,True,False,False,False,,citrus,amber|animalic|aromatic|citrus|fresh spicy|fruity|warm spicy|woody,False
235432,Coach for Men,43,0,False,False,False,False,False,,citrus,amber|animalic|aromatic|citrus|fresh spicy|fruity|warm spicy|woody,False
235452,Coach for Men,32,0,False,True,False,False,False,,citrus,amber|animalic|aromatic|citrus|fresh spicy|fruity|warm spicy|woody,False
235983,Coach for Men,35,2,False,True,False,False,False,clean|fresh,citrus,amber|animalic|aromatic|citrus|fresh spicy|fruity|warm spicy|woody,True
236068,Narciso Rodriguez For Her,15,0,False,True,True,False,False,,,amber|fruity|powdery|rose|warm spicy|woody,False
236158,Azzaro Pour Homme,13,1,False,True,False,False,False,fresh,aromatic,aromatic|citrus|earthy|fresh spicy|leather|mossy|powdery|warm spicy|woody,False
236545,Tom Ford Black Orchid,21,1,False,True,True,False,False,musky,,earthy|gourmand,False
236565,Coach for Men,12,0,False,True,False,False,False,,citrus,amber|animalic|aromatic|citrus|fresh spicy|fruity|warm spicy|woody,False
236640,Coach for Men,67,3,False,True,False,False,True,animalic|musk|musky,citrus,amber|animalic|aromatic|citrus|fresh spicy|fruity|warm spicy|woody,True
236778,Carolina Herrera Good Girl,16,0,False,True,True,False,False,,,almond|amber|powdery|vanilla|warm spicy|white floral|woody,False
237013,Azzaro Pour Homme,10,0,False,True,False,False,False,,aromatic,aromatic|citrus|earthy|fresh spicy|leather|mossy|powdery|warm spicy|woody,False
237029,Coach for Men,39,0,False,True,False,False,False,,citrus,amber|animalic|aromatic|citrus|fresh spicy|fruity|warm spicy|woody,False
237039,Coach for Men,19,1,False,True,False,False,False,clean,citrus,amber|animalic|aromatic|citrus|fresh spicy|fruity|warm spicy|woody,False
237114,Elizabeth Arden Green Tea,100,0,False,True,False,False,False,,citrus,aromatic|citrus|fresh spicy|green,False
237154,Coach for Men,14,0,False,False,False,False,False,,citrus,amber|animalic|aromatic|citrus|fresh spicy|fruity|warm spicy|woody,False
237288,Elizabeth Arden Green Tea,11,0,False,True,False,False,False,,citrus,aromatic|citrus|fresh spicy|green,False
237390,Coach for Men,46,2,False,False,False,False,False,clean|fresh,citrus,amber|animalic|aromatic|citrus|fresh spicy|fruity|warm spicy|woody,True
237416,Coach for Men,14,0,False,True,False,False,False,,citrus,amber|animalic|aromatic|citrus|fresh spicy|fruity|warm spicy|woody,False
237651,Coach for Men,9,0,False,False,False,False,False,,citrus,amber|animalic|aromatic|citrus|fresh spicy|fruity|warm spicy|woody,False
237692,Coach for Men,51,1,False,True,False,False,False,musky,citrus,amber|animalic|aromatic|citrus|fresh spicy|fruity|warm spicy|woody,False
237762,Carolina Herrera Good Girl,27,0,False,True,True,False,False,,,almond|amber|powdery|vanilla|warm spicy|white floral|woody,False
237976,Coach for Men,9,0,False,False,False,False,False,,citrus,amber|animalic|aromatic|citrus|fresh spicy|fruity|warm spicy|woody,False
238127,Coach for Men,30,1,False,True,False,False,False,clean,citrus,amber|animalic|aromatic|citrus|fresh spicy|fruity|warm spicy|woody,False
238130,Coach for Men,21,0,False,True,False,False,False,,citrus,amber|animalic|aromatic|citrus|fresh spicy|fruity|warm spicy|woody,False
238364,Elizabeth Arden Green Tea,10,0,False,True,False,False,False,,citrus,aromatic|citrus|fresh spicy|green,False
238414,Coach for Men,10,0,False,True,False,False,False,,citrus,amber|animalic|aromatic|citrus|fresh spicy|fruity|warm spicy|woody,False
238442,Coach for Men,100,6,False,True,False,True,True,citrus|coniferous|green|mossy|warm spicy|woody,citrus,amber|animalic|aromatic|citrus|fresh spicy|fruity|warm spicy|woody,True
238447,Coach for Men,15,0,False,True,False,False,False,,citrus,amber|animalic|aromatic|citrus|fresh spicy|fruity|warm spicy|woody,False
238627,Coach for Men,21,0,False,True,False,False,False,,citrus,amber|animalic|aromatic|citrus|fresh spicy|fruity|warm spicy|woody,False
238652,Coach for Men,35,2,False,True,False,False,False,clean|soapy,citrus,amber|animalic|aromatic|citrus|fresh spicy|fruity|warm spicy|woody,True
238758,Coach for Men,11,0,False,True,False,False,False,,citrus,amber|animalic|aromatic|citrus|fresh spicy|fruity|warm spicy|woody,False
238862,Coach for Men,112,6,False,True,False,False,True,aromatic|clean|fresh|fresh spicy|soapy|woody,citrus,amber|animalic|aromatic|citrus|fresh spicy|fruity|warm spicy|woody,True
239067,Coach for Men,14,0,False,True,False,False,False,,citrus,amber|animalic|aromatic|citrus|fresh spicy|fruity|warm spicy|woody,False
239160,Parfums de Marly Delina,78,0,False,True,False,False,False,,rose,aromatic|fruity|green|powdery|rose|woody,False
239245,Coach for Men,23,1,False,True,False,False,True,woody,citrus,amber|animalic|aromatic|citrus|fresh spicy|fruity|warm spicy|woody,False
239282,Coach for Men,26,1,False,True,False,False,False,clean,citrus,amber|animalic|aromatic|citrus|fresh spicy|fruity|warm spicy|woody,False
239322,Coach for Men,17,0,False,True,False,False,False,,citrus,amber|animalic|aromatic|citrus|fresh spicy|fruity|warm spicy|woody,False
239328,Coach for Men,20,0,False,True,False,False,False,,citrus,amber|animalic|aromatic|citrus|fresh spicy|fruity|warm spicy|woody,False
239400,Elizabeth Arden Green Tea,56,6,False,True,False,False,True,aromatic|camphor|clean|green|herbal|soapy,citrus,aromatic|citrus|fresh spicy|green,True
239467,Coach for Men,16,0,False,False,False,False,False,,citrus,amber|animalic|aromatic|citrus|fresh spicy|fruity|warm spicy|woody,False
239900,Coach for Men,35,2,False,True,False,False,False,clean|musky,citrus,amber|animalic|aromatic|citrus|fresh spicy|fruity|warm spicy|woody,True
239944,Coach for Men,53,3,False,True,False,False,False,clean|musky|soapy,citrus,amber|animalic|aromatic|citrus|fresh spicy|fruity|warm spicy|woody,True
240176,Coach for Men,15,1,False,True,False,False,False,fresh,citrus,amber|animalic|aromatic|citrus|fresh spicy|fruity|warm spicy|woody,False
240289,Coach for Men,92,1,False,True,False,False,False,musky,citrus,amber|animalic|aromatic|citrus|fresh spicy|fruity|warm spicy|woody,False
240525,Coach for Men,59,7,False,True,False,False,True,amber|aquatic|clean|fresh|green|resinous|warm spicy,citrus,amber|animalic|aromatic|citrus|fresh spicy|fruity|warm spicy|woody,True
240751,Coach for Men,11,0,False,True,False,False,False,,citrus,amber|animalic|aromatic|citrus|fresh spicy|fruity|warm spicy|woody,False
240988,Coach for Men,41,1,False,True,False,False,False,musky,citrus,amber|animalic|aromatic|citrus|fresh spicy|fruity|warm spicy|woody,False
240996,Coach for Men,45,1,False,True,False,False,False,musky,citrus,amber|animalic|aromatic|citrus|fresh spicy|fruity|warm spicy|woody,False
241550,Coach for Men,9,0,False,False,False,False,False,,citrus,amber|animalic|aromatic|citrus|fresh spicy|fruity|warm spicy|woody,False
242290,Coach for Men,78,0,False,False,False,False,False,,citrus,amber|animalic|aromatic|citrus|fresh spicy|fruity|warm spicy|woody,False
242675,Coach for Men,21,0,False,False,False,False,False,,citrus,amber|animalic|aromatic|citrus|fresh spicy|fruity|warm spicy|woody,False
242893,Coach for Men,12,0,False,False,False,False,False,,citrus,amber|animalic|aromatic|citrus|fresh spicy|fruity|warm spicy|woody,False
243078,Carolina Herrera Bad Boy,19,0,False,False,False,False,False,,warm spicy,warm spicy|woody,False
243202,Coach for Men,62,0,False,True,False,False,False,,citrus,amber|animalic|aromatic|citrus|fresh spicy|fruity|warm spicy|woody,False
243203,Coach for Men,73,0,False,True,False,False,False,,citrus,amber|animalic|aromatic|citrus|fresh spicy|fruity|warm spicy|woody,False
243459,Coach for Men,15,3,False,True,False,False,False,clean|fresh|soapy,citrus,amber|animalic|aromatic|citrus|fresh spicy|fruity|warm spicy|woody,True
243633,Coach for Men,13,0,False,False,False,False,False,,citrus,amber|animalic|aromatic|citrus|fresh spicy|fruity|warm spicy|woody,False
243792,Coach for Men,27,0,False,False,False,False,False,,citrus,amber|animalic|aromatic|citrus|fresh spicy|fruity|warm spicy|woody,False
243819,Coach for Men,16,2,False,False,False,False,False,clean|fresh,citrus,amber|animalic|aromatic|citrus|fresh spicy|fruity|warm spicy|woody,True
243837,Coach for Men,43,0,False,True,False,False,False,,citrus,amber|animalic|aromatic|citrus|fresh spicy|fruity|warm spicy|woody,False
244206,Coach for Men,38,3,False,False,False,False,True,amber|oud|sweet,citrus,amber|animalic|aromatic|citrus|fresh spicy|fruity|warm spicy|woody,True
244477,Coach for Men,366,2,False,True,False,False,False,lactonic|milky,citrus,amber|animalic|aromatic|citrus|fresh spicy|fruity|warm spicy|woody,True
244505,Coach for Men,31,0,False,True,False,False,False,,citrus,amber|animalic|aromatic|citrus|fresh spicy|fruity|warm spicy|woody,False
244736,Coach for Men,77,1,False,True,False,False,False,musky,citrus,amber|animalic|aromatic|citrus|fresh spicy|fruity|warm spicy|woody,False
244970,Coach for Men,20,2,False,True,False,False,False,clean|fresh,citrus,amber|animalic|aromatic|citrus|fresh spicy|fruity|warm spicy|woody,True
245062,Coach for Men,42,0,False,True,False,False,False,,citrus,amber|animalic|aromatic|citrus|fresh spicy|fruity|warm spicy|woody,False
245247,Coach for Men,36,1,False,False,False,False,False,mineral,citrus,amber|animalic|aromatic|citrus|fresh spicy|fruity|warm spicy|woody,False
245323,Elizabeth Arden Green Tea,31,1,False,False,False,False,False,musky,citrus,aromatic|citrus|fresh spicy|green,False
245341,Coach for Men,22,3,False,True,False,False,False,aquatic|marine|salty,citrus,amber|animalic|aromatic|citrus|fresh spicy|fruity|warm spicy|woody,True
245372,Coach for Men,23,0,False,True,False,False,False,,citrus,amber|animalic|aromatic|citrus|fresh spicy|fruity|warm spicy|woody,False
245484,Coach for Men,26,1,False,True,False,False,False,fresh,citrus,amber|animalic|aromatic|citrus|fresh spicy|fruity|warm spicy|woody,False
245715,Coach for Men,22,5,False,True,False,False,True,aromatic|herbal|minty|musky|spicy,citrus,amber|animalic|aromatic|citrus|fresh spicy|fruity|warm spicy|woody,True
245733,Coach for Men,108,0,False,False,False,False,False,,citrus,amber|animalic|aromatic|citrus|fresh spicy|fruity|warm spicy|woody,False
245820,Elizabeth Arden Green Tea,37,1,False,True,False,False,False,musky,citrus,aromatic|citrus|fresh spicy|green,False
245996,Elizabeth Arden Green Tea,28,2,True,False,False,False,False,fresh|musky,citrus,aromatic|citrus|fresh spicy|green,False
246020,Coach for Men,133,5,False,True,False,False,True,fruity|incense|leather|oud|smoky,citrus,amber|animalic|aromatic|citrus|fresh spicy|fruity|warm spicy|woody,True
246053,Coach for Men,66,6,False,True,False,True,True,aromatic|citrus|clean|fresh|fresh spicy|woody,citrus,amber|animalic|aromatic|citrus|fresh spicy|fruity|warm spicy|woody,True
246103,Elizabeth Arden Green Tea,44,2,False,False,False,False,False,clean|fresh,citrus,aromatic|citrus|fresh spicy|green,True
246187,Coach for Men,99,1,False,True,False,False,False,musky,citrus,amber|animalic|aromatic|citrus|fresh spicy|fruity|warm spicy|woody,False
246215,Coach for Men,8,0,False,True,False,False,False,,citrus,amber|animalic|aromatic|citrus|fresh spicy|fruity|warm spicy|woody,False
246387,Coach for Men,115,4,False,False,False,False,True,clean|fresh|musky|woody,citrus,amber|animalic|aromatic|citrus|fresh spicy|fruity|warm spicy|woody,True
246540,Coach for Men,24,0,False,True,False,False,False,,citrus,amber|animalic|aromatic|citrus|fresh spicy|fruity|warm spicy|woody,False
247243,Coach for Men,65,8,False,True,False,False,True,aromatic|camphor|clean|fresh|fruity|herbal|musky|soapy,citrus,amber|animalic|aromatic|citrus|fresh spicy|fruity|warm spicy|woody,True
247421,Coach for Men,31,5,False,True,False,False,False,balsamic|coffee|powdery|sweet|vanilla,citrus,amber|animalic|aromatic|citrus|fresh spicy|fruity|warm spicy|woody,True
247806,Coach for Men,75,2,False,True,False,False,False,clean|fresh,citrus,amber|animalic|aromatic|citrus|fresh spicy|fruity|warm spicy|woody,True
248020,Coach for Men,11,0,False,True,False,False,False,,citrus,amber|animalic|aromatic|citrus|fresh spicy|fruity|warm spicy|woody,False
248134,Coach for Men,87,5,False,True,False,False,True,clean|fresh|soapy|tea|woody,citrus,amber|animalic|aromatic|citrus|fresh spicy|fruity|warm spicy|woody,True
248135,Coach for Men,89,2,False,True,False,False,False,clean|soapy,citrus,amber|animalic|aromatic|citrus|fresh spicy|fruity|warm spicy|woody,True
248310,Coach for Men,10,0,False,False,False,False,False,,citrus,amber|animalic|aromatic|citrus|fresh spicy|fruity|warm spicy|woody,False
248671,Coach for Men,8,0,False,False,False,False,False,,citrus,amber|animalic|aromatic|citrus|fresh spicy|fruity|warm spicy|woody,False
248837,Coach for Men,23,3,False,True,False,False,True,amber|iris|oud,citrus,amber|animalic|aromatic|citrus|fresh spicy|fruity|warm spicy|woody,True
248882,Coach for Men,8,0,False,False,False,False,False,,citrus,amber|animalic|aromatic|citrus|fresh spicy|fruity|warm spicy|woody,False
248923,Coach for Men,37,1,False,True,False,False,True,woody,citrus,amber|animalic|aromatic|citrus|fresh spicy|fruity|warm spicy|woody,False
248940,Coach for Men,30,1,False,False,False,False,False,musky,citrus,amber|animalic|aromatic|citrus|fresh spicy|fruity|warm spicy|woody,False
249065,Coach for Men,84,4,False,True,False,False,True,clean|fresh|fruity|soapy,citrus,amber|animalic|aromatic|citrus|fresh spicy|fruity|warm spicy|woody,True
249072,Elizabeth Arden Green Tea,214,3,False,False,False,False,False,clean|fresh|musky,citrus,aromatic|citrus|fresh spicy|green,True
249083,Narciso Rodriguez For Her,39,5,False,True,True,False,False,aquatic|citrus|clean|fresh|soapy,,amber|fruity|powdery|rose|warm spicy|woody,False
249089,Coach for Men,232,6,False,True,False,False,True,floral|fruity|lactonic|milky|musky|sweet,citrus,amber|animalic|aromatic|citrus|fresh spicy|fruity|warm spicy|woody,True
249439,Coach for Men,343,9,False,True,False,False,True,aquatic|aromatic|cacao|chocolate|floral|fresh|herbal|lavender|minty,citrus,amber|animalic|aromatic|citrus|fresh spicy|fruity|warm spicy|woody,True
249684,Coach for Men,14,0,False,True,False,False,False,,citrus,amber|animalic|aromatic|citrus|fresh spicy|fruity|warm spicy|woody,False
249723,Elizabeth Arden Green Tea,40,1,False,True,False,False,False,floral,citrus,aromatic|citrus|fresh spicy|green,False
249846,Coach for Men,22,2,False,True,False,False,False,clean|fresh,citrus,amber|animalic|aromatic|citrus|fresh spicy|fruity|warm spicy|woody,True
249980,Coach for Men,9,0,False,True,False,False,False,,citrus,amber|animalic|aromatic|citrus|fresh spicy|fruity|warm spicy|woody,False
250224,Coach for Men,38,0,False,True,False,False,False,,citrus,amber|animalic|aromatic|citrus|fresh spicy|fruity|warm spicy|woody,False
250663,Coach for Men,66,6,False,True,False,False,False,aquatic|clean|fresh|marine|musky|salty,citrus,amber|animalic|aromatic|citrus|fresh spicy|fruity|warm spicy|woody,True
250665,Coach for Men,125,7,False,False,False,False,True,aromatic|clean|fruity|herbal|musky|soapy|tropical,citrus,amber|animalic|aromatic|citrus|fresh spicy|fruity|warm spicy|woody,True
250864,Coach for Men,98,9,False,True,False,False,True,amber|coconut|fresh|lactonic|milky|resinous|soapy|tropical|warm spicy,citrus,amber|animalic|aromatic|citrus|fresh spicy|fruity|warm spicy|woody,True
251154,Coach for Men,60,2,False,True,False,False,False,clean|fresh,citrus,amber|animalic|aromatic|citrus|fresh spicy|fruity|warm spicy|woody,True
251158,Coach for Men,16,0,False,False,False,False,False,,citrus,amber|animalic|aromatic|citrus|fresh spicy|fruity|warm spicy|woody,False
251561,Coach for Men,11,0,False,True,False,False,False,,citrus,amber|animalic|aromatic|citrus|fresh spicy|fruity|warm spicy|woody,False
251667,Coach for Men,90,1,False,True,False,False,False,fresh,citrus,amber|animalic|aromatic|citrus|fresh spicy|fruity|warm spicy|woody,False
251674,Coach for Men,56,0,False,True,False,False,False,,citrus,amber|animalic|aromatic|citrus|fresh spicy|fruity|warm spicy|woody,False
251680,Coach for Men,63,0,False,True,False,False,False,,citrus,amber|animalic|aromatic|citrus|fresh spicy|fruity|warm spicy|woody,False
251783,Coach for Men,13,0,False,False,False,False,False,,citrus,amber|animalic|aromatic|citrus|fresh spicy|fruity|warm spicy|woody,False
251791,Coach for Men,156,0,False,True,False,False,False,,citrus,amber|animalic|aromatic|citrus|fresh spicy|fruity|warm spicy|woody,False
251910,Coach for Men,21,2,False,True,False,False,True,sweet|woody,citrus,amber|animalic|aromatic|citrus|fresh spicy|fruity|warm spicy|woody,True
251930,Coach for Men,44,0,False,True,False,False,False,,citrus,amber|animalic|aromatic|citrus|fresh spicy|fruity|warm spicy|woody,False
251934,Elizabeth Arden Green Tea,35,3,False,True,False,False,False,clean|fresh|soapy,citrus,aromatic|citrus|fresh spicy|green,True
252025,Coach for Men,21,0,False,True,False,False,False,,citrus,amber|animalic|aromatic|citrus|fresh spicy|fruity|warm spicy|woody,False
252103,Coach for Men,44,0,False,True,False,False,False,,citrus,amber|animalic|aromatic|citrus|fresh spicy|fruity|warm spicy|woody,False
252155,Coach for Men,13,0,False,False,False,False,False,,citrus,amber|animalic|aromatic|citrus|fresh spicy|fruity|warm spicy|woody,False
252344,Coach for Men,21,3,False,True,False,False,False,clean|fresh|soapy,citrus,amber|animalic|aromatic|citrus|fresh spicy|fruity|warm spicy|woody,True
252374,Coach for Men,28,0,False,True,False,False,False,,citrus,amber|animalic|aromatic|citrus|fresh spicy|fruity|warm spicy|woody,False
252496,Coach for Men,63,2,False,True,False,False,False,clean|soapy,citrus,amber|animalic|aromatic|citrus|fresh spicy|fruity|warm spicy|woody,True
252505,Coach for Men,19,0,False,False,False,False,False,,citrus,amber|animalic|aromatic|citrus|fresh spicy|fruity|warm spicy|woody,False
252531,Carolina Herrera Good Girl,30,0,False,True,True,False,False,,,almond|amber|powdery|vanilla|warm spicy|white floral|woody,False
252598,Coach for Men,21,1,False,True,False,False,False,tea,citrus,amber|animalic|aromatic|citrus|fresh spicy|fruity|warm spicy|woody,False
252616,Coach for Men,25,0,False,True,False,False,False,,citrus,amber|animalic|aromatic|citrus|fresh spicy|fruity|warm spicy|woody,False
252762,Coach for Men,14,1,False,False,False,False,False,musky,citrus,amber|animalic|aromatic|citrus|fresh spicy|fruity|warm spicy|woody,False
252783,Coach for Men,13,0,False,True,False,False,False,,citrus,amber|animalic|aromatic|citrus|fresh spicy|fruity|warm spicy|woody,False
253054,Coach for Men,47,5,False,True,False,False,False,floral|incense|powdery|resinous|sweet,citrus,amber|animalic|aromatic|citrus|fresh spicy|fruity|warm spicy|woody,True
253088,Coach for Men,91,5,False,True,False,False,True,clean|fruity|musky|soapy|woody,citrus,amber|animalic|aromatic|citrus|fresh spicy|fruity|warm spicy|woody,True
253130,Coach for Men,65,1,False,True,False,False,False,clean,citrus,amber|animalic|aromatic|citrus|fresh spicy|fruity|warm spicy|woody,False
253191,Narciso Rodriguez For Her,87,4,False,True,True,False,True,balsamic|powdery|sweet|vanilla,,amber|fruity|powdery|rose|warm spicy|woody,False
253415,Coach for Men,32,4,False,True,False,False,False,clean|musky|soapy|tea,citrus,amber|animalic|aromatic|citrus|fresh spicy|fruity|warm spicy|woody,True
253439,Coach for Men,35,2,False,True,False,False,False,earthy|vetiver,citrus,amber|animalic|aromatic|citrus|fresh spicy|fruity|warm spicy|woody,True
253449,Coach for Men,26,0,False,True,False,False,False,,citrus,amber|animalic|aromatic|citrus|fresh spicy|fruity|warm spicy|woody,False
253450,Coach for Men,16,0,False,True,False,False,False,,citrus,amber|animalic|aromatic|citrus|fresh spicy|fruity|warm spicy|woody,False
253473,Coach for Men,8,0,False,True,False,False,False,,citrus,amber|animalic|aromatic|citrus|fresh spicy|fruity|warm spicy|woody,False
253558,Coach for Men,154,7,False,True,False,False,True,aromatic|clean|green|herbal|minty|musky|spicy,citrus,amber|animalic|aromatic|citrus|fresh spicy|fruity|warm spicy|woody,True
253791,Coach for Men,44,0,False,True,False,False,False,,citrus,amber|animalic|aromatic|citrus|fresh spicy|fruity|warm spicy|woody,False
253797,Coach for Men,34,0,False,True,False,False,False,,citrus,amber|animalic|aromatic|citrus|fresh spicy|fruity|warm spicy|woody,False
253812,Coach for Men,55,0,False,False,False,False,False,,citrus,amber|animalic|aromatic|citrus|fresh spicy|fruity|warm spicy|woody,False
253836,Coach for Men,14,0,False,True,False,False,False,,citrus,amber|animalic|aromatic|citrus|fresh spicy|fruity|warm spicy|woody,False
253961,Coach for Men,27,2,False,True,False,False,False,alcohol|fresh,citrus,amber|animalic|aromatic|citrus|fresh spicy|fruity|warm spicy|woody,True
254207,Coach for Men,11,2,False,True,False,False,False,clean|fresh,citrus,amber|animalic|aromatic|citrus|fresh spicy|fruity|warm spicy|woody,True
254374,Givenchy Gentleman,15,0,False,True,True,False,False,,,amber|vanilla|warm spicy|woody,False
254605,Narciso Rodriguez For Her,27,1,False,True,True,False,False,fresh,,amber|fruity|powdery|rose|warm spicy|woody,False
254638,Elizabeth Arden Green Tea,9,0,False,True,False,False,False,,citrus,aromatic|citrus|fresh spicy|green,False
254733,Elizabeth Arden Green Tea,23,0,False,False,False,False,False,,citrus,aromatic|citrus|fresh spicy|green,False
254857,Narciso Rodriguez For Her,9,0,False,True,True,False,False,,,amber|fruity|powdery|rose|warm spicy|woody,False
254980,Elizabeth Arden Green Tea,18,0,False,True,False,False,False,,citrus,aromatic|citrus|fresh spicy|green,False
255154,Dior Poison,26,0,False,True,True,False,False,,,amber|fruity,False
255475,Elizabeth Arden Green Tea,44,0,False,True,False,False,False,,citrus,aromatic|citrus|fresh spicy|green,False
255573,Coach for Men,15,1,False,False,False,False,False,coniferous,citrus,amber|animalic|aromatic|citrus|fresh spicy|fruity|warm spicy|woody,False
255638,Coach for Men,50,5,False,True,False,False,False,aquatic|fresh|musky|vanilla|warm,citrus,amber|animalic|aromatic|citrus|fresh spicy|fruity|warm spicy|woody,True
255755,Elizabeth Arden Green Tea,14,2,False,True,False,False,False,clean|fresh,citrus,aromatic|citrus|fresh spicy|green,True
255944,Elizabeth Arden Green Tea,67,0,False,True,False,False,False,,citrus,aromatic|citrus|fresh spicy|green,False
256034,Coach for Men,99,3,False,True,False,False,False,clean|fresh|warm,citrus,amber|animalic|aromatic|citrus|fresh spicy|fruity|warm spicy|woody,True
256035,Coach for Men,81,2,False,True,False,False,False,fresh|warm,citrus,amber|animalic|aromatic|citrus|fresh spicy|fruity|warm spicy|woody,True
256849,Azzaro Pour Homme,39,0,False,False,False,False,False,,aromatic,aromatic|citrus|earthy|fresh spicy|leather|mossy|powdery|warm spicy|woody,False
257127,Coach for Men,203,2,False,True,False,True,True,citrus|warm spicy,citrus,amber|animalic|aromatic|citrus|fresh spicy|fruity|warm spicy|woody,True
257128,Coach for Men,164,1,False,True,False,False,False,tea,citrus,amber|animalic|aromatic|citrus|fresh spicy|fruity|warm spicy|woody,False
257141,Elizabeth Arden Green Tea,52,9,False,True,False,False,False,aldehydic|amber|clean|floral|fresh|iris|musky|oud|soapy,citrus,aromatic|citrus|fresh spicy|green,True
257361,Coach for Men,73,0,False,True,False,False,False,,citrus,amber|animalic|aromatic|citrus|fresh spicy|fruity|warm spicy|woody,False
257560,Coach for Men,132,7,False,True,False,True,True,amber|aquatic|citrus|coffee|fresh|vanilla|warm spicy,citrus,amber|animalic|aromatic|citrus|fresh spicy|fruity|warm spicy|woody,True
258054,Coach for Men,34,0,False,True,False,False,False,,citrus,amber|animalic|aromatic|citrus|fresh spicy|fruity|warm spicy|woody,False
258377,Coach for Men,37,0,False,True,False,False,False,,citrus,amber|animalic|aromatic|citrus|fresh spicy|fruity|warm spicy|woody,False
258421,Coach for Men,42,0,False,True,False,False,False,,citrus,amber|animalic|aromatic|citrus|fresh spicy|fruity|warm spicy|woody,False
258591,Coach for Men,80,3,True,False,False,False,True,clean|fruity|soapy,citrus,amber|animalic|aromatic|citrus|fresh spicy|fruity|warm spicy|woody,False
258653,Azzaro Pour Homme,45,5,False,True,False,False,True,aquatic|citrus|clean|fresh|soapy,aromatic,aromatic|citrus|earthy|fresh spicy|leather|mossy|powdery|warm spicy|woody,True
258903,Elizabeth Arden Green Tea,10,1,False,False,False,False,False,musky,citrus,aromatic|citrus|fresh spicy|green,False
259259,Coach for Men,37,0,False,True,False,False,False,,citrus,amber|animalic|aromatic|citrus|fresh spicy|fruity|warm spicy|woody,False
259384,Narciso Rodriguez For Her,19,0,False,True,True,False,False,,,amber|fruity|powdery|rose|warm spicy|woody,False
259393,Coach for Men,26,2,False,True,False,False,False,boozy|bourbon,citrus,amber|animalic|aromatic|citrus|fresh spicy|fruity|warm spicy|woody,True
259894,Coach for Men,69,4,False,True,False,False,True,aromatic|coniferous|fresh spicy|woody,citrus,amber|animalic|aromatic|citrus|fresh spicy|fruity|warm spicy|woody,True
260211,Coach for Men,81,0,False,True,False,False,False,,citrus,amber|animalic|aromatic|citrus|fresh spicy|fruity|warm spicy|woody,False
260526,Mugler Alien,38,2,False,True,False,False,False,lactonic|milky,amber,amber|white floral|woody,True
260663,Coach for Men,45,0,False,True,False,False,False,,citrus,amber|animalic|aromatic|citrus|fresh spicy|fruity|warm spicy|woody,False
261055,Coach for Men,31,3,False,True,False,False,False,aquatic|fresh|green,citrus,amber|animalic|aromatic|citrus|fresh spicy|fruity|warm spicy|woody,True
261087,Coach for Men,80,3,False,True,False,False,False,fresh|lactonic|milky,citrus,amber|animalic|aromatic|citrus|fresh spicy|fruity|warm spicy|woody,True
261111,Coach for Men,37,0,False,False,False,False,False,,citrus,amber|animalic|aromatic|citrus|fresh spicy|fruity|warm spicy|woody,False
261268,Coach for Men,60,2,False,True,False,False,False,clean|fresh,citrus,amber|animalic|aromatic|citrus|fresh spicy|fruity|warm spicy|woody,True
261593,Coach for Men,26,0,False,True,False,False,False,,citrus,amber|animalic|aromatic|citrus|fresh spicy|fruity|warm spicy|woody,False
261595,Elizabeth Arden Green Tea,12,0,False,False,False,False,False,,citrus,aromatic|citrus|fresh spicy|green,False
261596,Coach for Men,82,5,False,True,False,False,True,amber|clean|fresh|oud|sweet,citrus,amber|animalic|aromatic|citrus|fresh spicy|fruity|warm spicy|woody,True
261598,Coach for Men,126,3,False,True,False,True,True,citrus|clean|fresh,citrus,amber|animalic|aromatic|citrus|fresh spicy|fruity|warm spicy|woody,True
261708,Azzaro Pour Homme,22,0,False,True,False,False,False,,aromatic,aromatic|citrus|earthy|fresh spicy|leather|mossy|powdery|warm spicy|woody,False
261882,Coach for Men,217,2,False,True,False,False,False,clean|fresh,citrus,amber|animalic|aromatic|citrus|fresh spicy|fruity|warm spicy|woody,True
261920,Tom Ford Tobacco Vanille,146,2,False,True,False,False,False,alcohol|fresh,vanilla,fruity|powdery|tobacco|vanilla|warm spicy|woody,True
261932,Coach for Men,65,4,False,False,False,False,True,aquatic|clean|fruity|soapy,citrus,amber|animalic|aromatic|citrus|fresh spicy|fruity|warm spicy|woody,True
262111,Coach for Men,36,0,False,True,False,False,False,,citrus,amber|animalic|aromatic|citrus|fresh spicy|fruity|warm spicy|woody,False
262112,Coach for Men,46,4,False,True,False,False,True,aromatic|camphor|herbal|musky,citrus,amber|animalic|aromatic|citrus|fresh spicy|fruity|warm spicy|woody,True
262306,Coach for Men,16,0,False,True,False,False,False,,citrus,amber|animalic|aromatic|citrus|fresh spicy|fruity|warm spicy|woody,False
262323,Parfums de Marly Delina,72,4,False,True,False,False,True,aldehydic|floral|powdery|spicy,rose,aromatic|fruity|green|powdery|rose|woody,True
262326,Coach for Men,43,0,False,True,False,False,False,,citrus,amber|animalic|aromatic|citrus|fresh spicy|fruity|warm spicy|woody,False
262329,Coach for Men,43,0,False,True,False,False,False,,citrus,amber|animalic|aromatic|citrus|fresh spicy|fruity|warm spicy|woody,False
262447,Coach for Men,14,0,False,False,False,False,False,,citrus,amber|animalic|aromatic|citrus|fresh spicy|fruity|warm spicy|woody,False
262495,Narciso Rodriguez For Her,10,0,False,True,True,False,False,,,amber|fruity|powdery|rose|warm spicy|woody,False
262556,Coach for Men,8,2,False,False,False,False,False,clean|fresh,citrus,amber|animalic|aromatic|citrus|fresh spicy|fruity|warm spicy|woody,True
262588,Coach for Men,15,2,False,True,False,False,False,clean|fresh,citrus,amber|animalic|aromatic|citrus|fresh spicy|fruity|warm spicy|woody,True
263022,Coach for Men,42,4,False,True,False,True,True,aquatic|citrus|fresh|musky,citrus,amber|animalic|aromatic|citrus|fresh spicy|fruity|warm spicy|woody,True
263208,Coach for Men,24,2,False,False,False,False,False,clean|fresh,citrus,amber|animalic|aromatic|citrus|fresh spicy|fruity|warm spicy|woody,True
263257,Coach for Men,32,0,False,False,False,False,False,,citrus,amber|animalic|aromatic|citrus|fresh spicy|fruity|warm spicy|woody,False
263303,Azzaro Pour Homme,14,0,False,True,False,False,False,,aromatic,aromatic|citrus|earthy|fresh spicy|leather|mossy|powdery|warm spicy|woody,False
263313,Mugler Angel,18,3,False,True,True,False,False,clean|fresh|soapy,,caramel|fruity|honey|powdery|vanilla|warm spicy|woody,False
263329,Coach for Men,26,0,False,True,False,False,False,,citrus,amber|animalic|aromatic|citrus|fresh spicy|fruity|warm spicy|woody,False
263375,Elizabeth Arden Green Tea,29,0,False,True,False,False,False,,citrus,aromatic|citrus|fresh spicy|green,False
263435,Coach for Men,18,2,False,True,False,False,False,clean|soapy,citrus,amber|animalic|aromatic|citrus|fresh spicy|fruity|warm spicy|woody,True
263495,Coach for Men,61,0,False,True,False,False,False,,citrus,amber|animalic|aromatic|citrus|fresh spicy|fruity|warm spicy|woody,False
263570,Coach for Men,27,0,False,True,False,False,False,,citrus,amber|animalic|aromatic|citrus|fresh spicy|fruity|warm spicy|woody,False
264175,Coach for Men,29,0,False,False,False,False,False,,citrus,amber|animalic|aromatic|citrus|fresh spicy|fruity|warm spicy|woody,False
264263,Coach for Men,25,2,False,False,False,False,False,clean|musky,citrus,amber|animalic|aromatic|citrus|fresh spicy|fruity|warm spicy|woody,True
264534,Coach for Men,18,0,True,False,False,False,False,,citrus,amber|animalic|aromatic|citrus|fresh spicy|fruity|warm spicy|woody,False
264977,Coach for Men,46,2,False,False,False,False,False,clean|fresh,citrus,amber|animalic|aromatic|citrus|fresh spicy|fruity|warm spicy|woody,True
264994,Coach for Men,52,1,False,True,False,False,False,clean,citrus,amber|animalic|aromatic|citrus|fresh spicy|fruity|warm spicy|woody,False
265115,Elizabeth Arden Green Tea,110,4,False,True,False,False,False,clean|minty|musky|soapy,citrus,aromatic|citrus|fresh spicy|green,True
265342,Coach for Men,42,4,False,True,False,False,False,almond|clean|musky|soapy,citrus,amber|animalic|aromatic|citrus|fresh spicy|fruity|warm spicy|woody,True
265397,Elizabeth Arden Green Tea,337,5,False,True,False,False,True,fresh|fruity|green|musky|tea,citrus,aromatic|citrus|fresh spicy|green,True
265538,Coach for Men,20,2,False,True,False,False,False,lactonic|milky,citrus,amber|animalic|aromatic|citrus|fresh spicy|fruity|warm spicy|woody,True
265653,Elizabeth Arden Green Tea,65,3,False,True,False,False,False,clean|fresh|fruity,citrus,aromatic|citrus|fresh spicy|green,True
265682,Coach for Men,30,1,False,True,False,False,True,warm spicy,citrus,amber|animalic|aromatic|citrus|fresh spicy|fruity|warm spicy|woody,False
265975,Coach for Men,8,0,False,True,False,False,False,,citrus,amber|animalic|aromatic|citrus|fresh spicy|fruity|warm spicy|woody,False
265992,Coach for Men,11,2,False,True,False,False,False,clean|fresh,citrus,amber|animalic|aromatic|citrus|fresh spicy|fruity|warm spicy|woody,True
266017,Coach for Men,17,0,False,True,False,False,False,,citrus,amber|animalic|aromatic|citrus|fresh spicy|fruity|warm spicy|woody,False
266315,Coach for Men,26,0,False,True,False,False,False,,citrus,amber|animalic|aromatic|citrus|fresh spicy|fruity|warm spicy|woody,False
266362,Coach for Men,62,0,False,False,False,False,False,,citrus,amber|animalic|aromatic|citrus|fresh spicy|fruity|warm spicy|woody,False
266423,Coach for Men,50,0,False,True,False,False,False,,citrus,amber|animalic|aromatic|citrus|fresh spicy|fruity|warm spicy|woody,False
266929,Coach for Men,54,3,False,True,False,False,True,amber|iris|oud,citrus,amber|animalic|aromatic|citrus|fresh spicy|fruity|warm spicy|woody,True
267195,Coach for Men,30,0,False,True,False,False,False,,citrus,amber|animalic|aromatic|citrus|fresh spicy|fruity|warm spicy|woody,False
267245,Coach for Men,8,0,False,True,False,False,False,,citrus,amber|animalic|aromatic|citrus|fresh spicy|fruity|warm spicy|woody,False
267575,Narciso Rodriguez For Her,11,0,False,True,True,False,False,,,amber|fruity|powdery|rose|warm spicy|woody,False
267868,Coach for Men,26,0,False,True,False,False,False,,citrus,amber|animalic|aromatic|citrus|fresh spicy|fruity|warm spicy|woody,False
267920,Coach for Men,197,5,False,True,False,False,True,coniferous|green|mossy|warm spicy|woody,citrus,amber|animalic|aromatic|citrus|fresh spicy|fruity|warm spicy|woody,True
267921,Coach for Men,174,10,False,True,False,True,True,aromatic|citrus|coniferous|green|herbal|minty|mossy|spicy|tea|woody,citrus,amber|animalic|aromatic|citrus|fresh spicy|fruity|warm spicy|woody,True
268191,Coach for Men,11,0,False,True,False,False,False,,citrus,amber|animalic|aromatic|citrus|fresh spicy|fruity|warm spicy|woody,False
268223,Coach for Men,13,0,False,True,False,False,False,,citrus,amber|animalic|aromatic|citrus|fresh spicy|fruity|warm spicy|woody,False
268234,Tom Ford Tobacco Vanille,13,0,False,True,False,False,False,,vanilla,fruity|powdery|tobacco|vanilla|warm spicy|woody,False
268243,Coach for Men,55,0,False,True,False,False,False,,citrus,amber|animalic|aromatic|citrus|fresh spicy|fruity|warm spicy|woody,False
268249,Coach for Men,18,0,False,True,False,False,False,,citrus,amber|animalic|aromatic|citrus|fresh spicy|fruity|warm spicy|woody,False
268644,Coach for Men,30,3,False,True,False,False,True,aromatic|fresh spicy|woody,citrus,amber|animalic|aromatic|citrus|fresh spicy|fruity|warm spicy|woody,True
268948,Coach for Men,15,0,False,True,False,False,False,,citrus,amber|animalic|aromatic|citrus|fresh spicy|fruity|warm spicy|woody,False
268961,Narciso Rodriguez For Her,25,0,False,True,True,False,False,,,amber|fruity|powdery|rose|warm spicy|woody,False
268983,Coach for Men,11,0,False,True,False,False,False,,citrus,amber|animalic|aromatic|citrus|fresh spicy|fruity|warm spicy|woody,False
269098,Coach for Men,21,0,False,False,False,False,False,,citrus,amber|animalic|aromatic|citrus|fresh spicy|fruity|warm spicy|woody,False
269102,Mugler Angel,113,6,False,True,True,False,False,amber|clean|fresh|iris|oud|soapy,,caramel|fruity|honey|powdery|vanilla|warm spicy|woody,False
269452,Elizabeth Arden Green Tea,16,0,False,False,False,False,False,,citrus,aromatic|citrus|fresh spicy|green,False
269900,Azzaro Pour Homme,10,0,False,True,False,False,False,,aromatic,aromatic|citrus|earthy|fresh spicy|leather|mossy|powdery|warm spicy|woody,False
270076,Coach for Men,78,4,False,True,False,False,False,clean|fresh|musky|soapy,citrus,amber|animalic|aromatic|citrus|fresh spicy|fruity|warm spicy|woody,True
270260,Azzaro Pour Homme,50,0,False,True,False,False,False,,aromatic,aromatic|citrus|earthy|fresh spicy|leather|mossy|powdery|warm spicy|woody,False
270390,Coach for Men,15,6,False,True,False,False,True,amber|aromatic|fresh spicy|musky|sensual|woody,citrus,amber|animalic|aromatic|citrus|fresh spicy|fruity|warm spicy|woody,True
270451,Coach for Men,49,6,False,True,False,False,True,amber|earthy|iris|musky|oud|woody,citrus,amber|animalic|aromatic|citrus|fresh spicy|fruity|warm spicy|woody,True
270606,Coach for Men,8,0,False,True,False,False,False,,citrus,amber|animalic|aromatic|citrus|fresh spicy|fruity|warm spicy|woody,False
270927,Coach for Men,336,4,False,True,False,False,False,clean|coffee|earthy|soapy,citrus,amber|animalic|aromatic|citrus|fresh spicy|fruity|warm spicy|woody,True
271054,Coach for Men,99,3,False,True,False,False,False,clean|fresh|minty,citrus,amber|animalic|aromatic|citrus|fresh spicy|fruity|warm spicy|woody,True
271072,Coach for Men,40,0,False,False,False,False,False,,citrus,amber|animalic|aromatic|citrus|fresh spicy|fruity|warm spicy|woody,False
271110,Coach for Men,109,3,True,False,False,False,False,clean|fresh|soapy,citrus,amber|animalic|aromatic|citrus|fresh spicy|fruity|warm spicy|woody,False
271134,Coach for Men,85,10,False,True,False,False,True,aromatic|balsamic|clean|fresh|herbal|lavender|powdery|soapy|sweet|vanilla,citrus,amber|animalic|aromatic|citrus|fresh spicy|fruity|warm spicy|woody,True
271158,Coach for Men,34,0,False,True,False,False,False,,citrus,amber|animalic|aromatic|citrus|fresh spicy|fruity|warm spicy|woody,False
271357,Coach for Men,27,1,False,True,False,False,False,clean,citrus,amber|animalic|aromatic|citrus|fresh spicy|fruity|warm spicy|woody,False
271404,Elizabeth Arden Green Tea,12,0,False,False,False,False,False,,citrus,aromatic|citrus|fresh spicy|green,False
271454,Coach for Men,10,0,False,True,False,False,False,,citrus,amber|animalic|aromatic|citrus|fresh spicy|fruity|warm spicy|woody,False
271500,Coach for Men,76,4,False,True,False,False,True,amber|musky|sensual|spicy,citrus,amber|animalic|aromatic|citrus|fresh spicy|fruity|warm spicy|woody,True
271535,Coach for Men,48,0,False,False,False,False,False,,citrus,amber|animalic|aromatic|citrus|fresh spicy|fruity|warm spicy|woody,False
271931,Coach for Men,16,0,False,True,False,False,False,,citrus,amber|animalic|aromatic|citrus|fresh spicy|fruity|warm spicy|woody,False
271933,Coach for Men,21,3,True,False,False,False,True,clean|fruity|soapy,citrus,amber|animalic|aromatic|citrus|fresh spicy|fruity|warm spicy|woody,False
272159,Coach for Men,17,2,False,True,False,False,False,clean|fresh,citrus,amber|animalic|aromatic|citrus|fresh spicy|fruity|warm spicy|woody,True
272231,Coach for Men,14,0,False,True,False,False,False,,citrus,amber|animalic|aromatic|citrus|fresh spicy|fruity|warm spicy|woody,False
272276,Coach for Men,52,0,False,True,False,False,False,,citrus,amber|animalic|aromatic|citrus|fresh spicy|fruity|warm spicy|woody,False
272425,Coach for Men,29,0,False,False,False,False,False,,citrus,amber|animalic|aromatic|citrus|fresh spicy|fruity|warm spicy|woody,False
272466,Coach for Men,19,0,False,True,False,False,False,,citrus,amber|animalic|aromatic|citrus|fresh spicy|fruity|warm spicy|woody,False
272574,Mugler Angel,27,3,False,True,True,False,False,clean|fresh|soapy,,caramel|fruity|honey|powdery|vanilla|warm spicy|woody,False
272628,Elizabeth Arden Green Tea,121,4,False,True,False,False,True,clean|fresh|green|soapy,citrus,aromatic|citrus|fresh spicy|green,True
273172,Coach for Men,52,0,False,True,False,False,False,,citrus,amber|animalic|aromatic|citrus|fresh spicy|fruity|warm spicy|woody,False
273312,Elizabeth Arden Green Tea,29,3,False,True,False,False,True,fresh|green|tea,citrus,aromatic|citrus|fresh spicy|green,True
273546,Elizabeth Arden Green Tea,35,0,False,True,False,False,False,,citrus,aromatic|citrus|fresh spicy|green,False
273615,Coach for Men,12,0,False,False,False,False,False,,citrus,amber|animalic|aromatic|citrus|fresh spicy|fruity|warm spicy|woody,False
273737,Coach for Men,39,2,False,False,False,False,False,clean|fresh,citrus,amber|animalic|aromatic|citrus|fresh spicy|fruity|warm spicy|woody,True
273846,Elizabeth Arden Green Tea,66,8,False,True,False,False,False,amber|earthy|lactonic|milky|musky|sweet|warm spicy|woody,citrus,aromatic|citrus|fresh spicy|green,True
273889,Coach for Men,52,0,False,True,False,False,False,,citrus,amber|animalic|aromatic|citrus|fresh spicy|fruity|warm spicy|woody,False
273897,Elizabeth Arden Green Tea,85,5,False,False,False,False,True,clean|fresh|green|soapy|tea,citrus,aromatic|citrus|fresh spicy|green,True
273947,Coach for Men,103,4,False,True,False,True,True,balsamic|citrus|resinous|warm,citrus,amber|animalic|aromatic|citrus|fresh spicy|fruity|warm spicy|woody,True
274022,Coach for Men,31,3,False,True,False,False,True,amber|leather|tobacco,citrus,amber|animalic|aromatic|citrus|fresh spicy|fruity|warm spicy|woody,True
274222,Elizabeth Arden Green Tea,40,2,False,False,False,False,False,clean|fresh,citrus,aromatic|citrus|fresh spicy|green,True
274254,Coach for Men,17,0,False,True,False,False,False,,citrus,amber|animalic|aromatic|citrus|fresh spicy|fruity|warm spicy|woody,False
274256,Coach for Men,16,0,False,True,False,False,False,,citrus,amber|animalic|aromatic|citrus|fresh spicy|fruity|warm spicy|woody,False
274257,Coach for Men,42,1,False,True,False,False,False,fresh,citrus,amber|animalic|aromatic|citrus|fresh spicy|fruity|warm spicy|woody,False
274378,Coach for Men,15,0,False,False,False,False,False,,citrus,amber|animalic|aromatic|citrus|fresh spicy|fruity|warm spicy|woody,False
274414,Coach for Men,22,2,False,True,False,False,False,lactonic|milky,citrus,amber|animalic|aromatic|citrus|fresh spicy|fruity|warm spicy|woody,True
274529,Coach for Men,17,0,False,False,False,False,False,,citrus,amber|animalic|aromatic|citrus|fresh spicy|fruity|warm spicy|woody,False
274985,Coach for Men,43,5,False,True,False,False,False,chocolate|incense|leather|oud|smoky,citrus,amber|animalic|aromatic|citrus|fresh spicy|fruity|warm spicy|woody,True
275123,Elizabeth Arden Green Tea,75,7,False,True,False,False,False,clean|incense|leather|musky|oud|smoky|warm,citrus,aromatic|citrus|fresh spicy|green,True
275323,Coach for Men,27,0,False,True,False,False,False,,citrus,amber|animalic|aromatic|citrus|fresh spicy|fruity|warm spicy|woody,False
275405,Coach for Men,8,2,True,False,False,False,False,clean|fresh,citrus,amber|animalic|aromatic|citrus|fresh spicy|fruity|warm spicy|woody,False
275954,Mugler Angel,21,1,False,False,True,False,False,clean,,caramel|fruity|honey|powdery|vanilla|warm spicy|woody,False
276203,Narciso Rodriguez For Her,9,0,False,False,True,False,False,,,amber|fruity|powdery|rose|warm spicy|woody,False
276407,Coach for Men,60,3,False,True,False,True,True,citrus|spicy|woody,citrus,amber|animalic|aromatic|citrus|fresh spicy|fruity|warm spicy|woody,True
276456,Elizabeth Arden Green Tea,264,10,False,True,False,True,True,aquatic|citrus|fresh|herbal|incense|lactonic|leather|milky|minty|oud,citrus,aromatic|citrus|fresh spicy|green,True
276597,Coach for Men,37,2,False,True,False,True,True,citrus|fruity,citrus,amber|animalic|aromatic|citrus|fresh spicy|fruity|warm spicy|woody,True
276602,Coach for Men,37,2,False,True,False,True,True,citrus|fruity,citrus,amber|animalic|aromatic|citrus|fresh spicy|fruity|warm spicy|woody,True
276675,Coach for Men,34,1,False,True,False,False,False,musky,citrus,amber|animalic|aromatic|citrus|fresh spicy|fruity|warm spicy|woody,False
276694,Coach for Men,90,9,False,True,False,False,True,aromatic|clean|earthy|fruity|herbal|lavender|minty|soapy|spicy,citrus,amber|animalic|aromatic|citrus|fresh spicy|fruity|warm spicy|woody,True
276715,Coach for Men,67,3,False,True,False,False,False,clean|fresh|soapy,citrus,amber|animalic|aromatic|citrus|fresh spicy|fruity|warm spicy|woody,True
276936,Jean Paul Gaultier La Belle,365,4,False,True,False,False,False,clean|fresh|inky|soapy,vanilla,amber|aquatic|aromatic|fruity|powdery|vanilla|woody,True
276958,Coach for Men,36,3,False,False,False,False,True,amber|musky|sensual,citrus,amber|animalic|aromatic|citrus|fresh spicy|fruity|warm spicy|woody,True
276961,Coach for Men,36,2,True,False,False,False,False,earthy|musky,citrus,amber|animalic|aromatic|citrus|fresh spicy|fruity|warm spicy|woody,False
276969,Juliette Has a Gun Vanilla Vibes,29,2,False,False,False,False,False,clean|fresh,vanilla,amber|powdery|vanilla|warm spicy|woody,True
276997,Coach for Men,244,5,True,False,False,False,False,damp|earthy|floral|musky|rose,citrus,amber|animalic|aromatic|citrus|fresh spicy|fruity|warm spicy|woody,False
277027,Elizabeth Arden Green Tea,197,4,False,True,False,False,False,clean|fresh|fruity|soapy,citrus,aromatic|citrus|fresh spicy|green,True
277352,Coach for Men,8,2,False,True,False,False,False,clean|fresh,citrus,amber|animalic|aromatic|citrus|fresh spicy|fruity|warm spicy|woody,True
277414,Mugler Angel,24,0,False,True,True,False,False,,,caramel|fruity|honey|powdery|vanilla|warm spicy|woody,False
277684,Coach for Men,26,0,False,True,False,False,False,,citrus,amber|animalic|aromatic|citrus|fresh spicy|fruity|warm spicy|woody,False
278016,Coach for Men,12,0,False,True,False,False,False,,citrus,amber|animalic|aromatic|citrus|fresh spicy|fruity|warm spicy|woody,False
278141,Elizabeth Arden Green Tea,107,3,False,True,False,False,False,clean|fresh|musky,citrus,aromatic|citrus|fresh spicy|green,True
278194,Coach for Men,65,10,False,True,False,False,True,animalic|fruity|incense|leather|musky|oud|sensual|smoky|spicy|warm spicy,citrus,amber|animalic|aromatic|citrus|fresh spicy|fruity|warm spicy|woody,True
278195,Coach for Men,64,10,False,True,False,False,True,animalic|fruity|incense|leather|musky|oud|sensual|smoky|spicy|warm spicy,citrus,amber|animalic|aromatic|citrus|fresh spicy|fruity|warm spicy|woody,True
278369,Elizabeth Arden Green Tea,31,3,False,True,False,False,False,clean|fresh|ozonic,citrus,aromatic|citrus|fresh spicy|green,True
278378,Coach for Men,24,0,False,False,False,False,False,,citrus,amber|animalic|aromatic|citrus|fresh spicy|fruity|warm spicy|woody,False
278559,Coach for Men,45,0,False,True,False,False,False,,citrus,amber|animalic|aromatic|citrus|fresh spicy|fruity|warm spicy|woody,False
278685,Creed Silver Mountain Water,107,1,False,True,False,False,False,coffee,citrus,aromatic|citrus|fresh spicy|fruity|green|powdery|woody,False
278692,Coach for Men,12,2,False,False,False,False,False,clean|fresh,citrus,amber|animalic|aromatic|citrus|fresh spicy|fruity|warm spicy|woody,True
278797,Coach for Men,40,0,False,True,False,False,False,,citrus,amber|animalic|aromatic|citrus|fresh spicy|fruity|warm spicy|woody,False
278830,Coach for Men,28,0,False,True,False,False,False,,citrus,amber|animalic|aromatic|citrus|fresh spicy|fruity|warm spicy|woody,False
278961,Coach for Men,16,0,False,True,False,False,False,,citrus,amber|animalic|aromatic|citrus|fresh spicy|fruity|warm spicy|woody,False
279049,Coach for Men,79,0,False,True,False,False,False,,citrus,amber|animalic|aromatic|citrus|fresh spicy|fruity|warm spicy|woody,False
279410,Coach for Men,172,8,False,True,False,False,True,amber|clean|inky|metallic|musky|resinous|soapy|warm spicy,citrus,amber|animalic|aromatic|citrus|fresh spicy|fruity|warm spicy|woody,True
279501,Coach for Men,20,0,False,False,False,False,False,,citrus,amber|animalic|aromatic|citrus|fresh spicy|fruity|warm spicy|woody,False
279638,Coach for Men,28,2,False,True,False,False,False,inky|metallic,citrus,amber|animalic|aromatic|citrus|fresh spicy|fruity|warm spicy|woody,True
279707,Tom Ford Oud Wood,119,7,False,True,False,True,True,floral|fresh spicy|fruity|incense|rose|spicy|woody,woody,amber|aromatic|fresh spicy|oud|powdery|vanilla|warm spicy|woody,True
279712,Tom Ford Tobacco Vanille,12,1,False,True,False,False,True,tobacco,vanilla,fruity|powdery|tobacco|vanilla|warm spicy|woody,False
279779,Coach for Men,119,9,False,True,False,True,True,aquatic|citrus|floral|fresh|green|musky|powdery|sweet|woody,citrus,amber|animalic|aromatic|citrus|fresh spicy|fruity|warm spicy|woody,True
279951,Coach for Men,26,0,False,True,False,False,False,,citrus,amber|animalic|aromatic|citrus|fresh spicy|fruity|warm spicy|woody,False
279958,Coach for Men,52,0,False,False,False,False,False,,citrus,amber|animalic|aromatic|citrus|fresh spicy|fruity|warm spicy|woody,False
279970,Coach for Men,27,2,False,True,False,False,False,clean|fresh,citrus,amber|animalic|aromatic|citrus|fresh spicy|fruity|warm spicy|woody,True
280053,Coach for Men,27,0,False,True,False,False,False,,citrus,amber|animalic|aromatic|citrus|fresh spicy|fruity|warm spicy|woody,False
280094,Coach for Men,226,6,False,True,False,False,False,clean|coconut|musky|powdery|soapy|tropical,citrus,amber|animalic|aromatic|citrus|fresh spicy|fruity|warm spicy|woody,True
280266,Coach for Men,336,8,False,True,False,False,True,amber|floral|iris|lactonic|metallic|milky|musky|oud,citrus,amber|animalic|aromatic|citrus|fresh spicy|fruity|warm spicy|woody,True
280628,Coach for Men,29,0,False,True,False,False,False,,citrus,amber|animalic|aromatic|citrus|fresh spicy|fruity|warm spicy|woody,False
280642,Narciso Rodriguez For Her,25,0,False,True,True,False,False,,,amber|fruity|powdery|rose|warm spicy|woody,False
280669,Coach for Men,18,0,False,True,False,False,False,,citrus,amber|animalic|aromatic|citrus|fresh spicy|fruity|warm spicy|woody,False
280962,Coach for Men,11,0,False,True,False,False,False,,citrus,amber|animalic|aromatic|citrus|fresh spicy|fruity|warm spicy|woody,False
281183,Coach for Men,39,0,False,True,False,False,False,,citrus,amber|animalic|aromatic|citrus|fresh spicy|fruity|warm spicy|woody,False
281229,Juliette Has a Gun Vanilla Vibes,76,1,False,True,False,False,False,musky,vanilla,amber|powdery|vanilla|warm spicy|woody,False
281544,Coach for Men,21,0,False,True,False,False,False,,citrus,amber|animalic|aromatic|citrus|fresh spicy|fruity|warm spicy|woody,False
281574,Narciso Rodriguez For Her,34,1,False,False,True,False,False,aquatic,,amber|fruity|powdery|rose|warm spicy|woody,False
281763,Coach for Men,15,0,False,True,False,False,False,,citrus,amber|animalic|aromatic|citrus|fresh spicy|fruity|warm spicy|woody,False
282135,Coach for Men,39,2,False,True,False,False,False,clean|fresh,citrus,amber|animalic|aromatic|citrus|fresh spicy|fruity|warm spicy|woody,True
282467,Coach for Men,14,1,False,True,False,False,False,fresh,citrus,amber|animalic|aromatic|citrus|fresh spicy|fruity|warm spicy|woody,False
282484,Elizabeth Arden Green Tea,168,9,False,True,False,False,False,amber|iris|lactonic|milky|musky|oud|powdery|sweet|violet,citrus,aromatic|citrus|fresh spicy|green,True
282626,Coach for Men,11,0,False,False,False,False,False,,citrus,amber|animalic|aromatic|citrus|fresh spicy|fruity|warm spicy|woody,False
282790,Elizabeth Arden Green Tea,17,2,False,True,False,False,False,clean|soapy,citrus,aromatic|citrus|fresh spicy|green,True
282885,Coach for Men,80,0,False,True,False,False,False,,citrus,amber|animalic|aromatic|citrus|fresh spicy|fruity|warm spicy|woody,False
282958,Coach for Men,16,2,False,False,False,False,False,inky|metallic,citrus,amber|animalic|aromatic|citrus|fresh spicy|fruity|warm spicy|woody,True
283025,Coach for Men,21,0,False,True,False,False,False,,citrus,amber|animalic|aromatic|citrus|fresh spicy|fruity|warm spicy|woody,False
283119,Narciso Rodriguez For Her,71,5,False,True,True,False,True,earthy|fresh|soapy|warm spicy|woody,,amber|fruity|powdery|rose|warm spicy|woody,False
283144,Coach for Men,44,1,False,True,False,False,False,clean,citrus,amber|animalic|aromatic|citrus|fresh spicy|fruity|warm spicy|woody,False
283187,Coach for Men,16,0,False,True,False,False,False,,citrus,amber|animalic|aromatic|citrus|fresh spicy|fruity|warm spicy|woody,False
283217,Coach for Men,75,5,False,True,False,False,True,amber|clean|fresh|oud|sweet,citrus,amber|animalic|aromatic|citrus|fresh spicy|fruity|warm spicy|woody,True
283256,Jean Paul Gaultier La Belle,18,0,False,True,False,False,False,,vanilla,amber|aquatic|aromatic|fruity|powdery|vanilla|woody,False
283622,Coach for Men,32,2,False,True,False,False,True,aquatic|fruity,citrus,amber|animalic|aromatic|citrus|fresh spicy|fruity|warm spicy|woody,True
284000,Coach for Men,12,2,False,False,False,False,False,clean|fresh,citrus,amber|animalic|aromatic|citrus|fresh spicy|fruity|warm spicy|woody,True
284327,Coach for Men,44,3,False,False,False,True,True,boozy|citrus|coniferous,citrus,amber|animalic|aromatic|citrus|fresh spicy|fruity|warm spicy|woody,True
284370,Coach for Men,65,0,False,True,False,False,False,,citrus,amber|animalic|aromatic|citrus|fresh spicy|fruity|warm spicy|woody,False
284374,Coach for Men,33,0,False,True,False,False,False,,citrus,amber|animalic|aromatic|citrus|fresh spicy|fruity|warm spicy|woody,False
284385,Narciso Rodriguez For Her,21,0,False,True,True,False,False,,,amber|fruity|powdery|rose|warm spicy|woody,False
284650,Coach for Men,136,4,False,True,False,False,False,clean|musky|powdery|soapy,citrus,amber|animalic|aromatic|citrus|fresh spicy|fruity|warm spicy|woody,True
284728,Coach for Men,13,0,False,True,False,False,False,,citrus,amber|animalic|aromatic|citrus|fresh spicy|fruity|warm spicy|woody,False
284764,Coach for Men,133,3,False,True,False,False,False,clean|fresh|musky,citrus,amber|animalic|aromatic|citrus|fresh spicy|fruity|warm spicy|woody,True
285027,Diptyque Eau Rose,34,0,False,True,False,False,False,,rose,aromatic|citrus|fresh spicy|fruity|powdery|rose|woody,False
285377,Coach for Men,30,2,False,True,False,False,False,clean|fresh,citrus,amber|animalic|aromatic|citrus|fresh spicy|fruity|warm spicy|woody,True
285527,Elizabeth Arden Green Tea,23,2,False,True,False,False,False,clean|soapy,citrus,aromatic|citrus|fresh spicy|green,True
285625,Coach for Men,27,0,False,True,False,False,False,,citrus,amber|animalic|aromatic|citrus|fresh spicy|fruity|warm spicy|woody,False
285755,Coach for Men,72,0,False,True,False,False,False,,citrus,amber|animalic|aromatic|citrus|fresh spicy|fruity|warm spicy|woody,False
285878,Coach for Men,12,0,False,True,False,False,False,,citrus,amber|animalic|aromatic|citrus|fresh spicy|fruity|warm spicy|woody,False
285879,Coach for Men,11,0,False,True,False,False,False,,citrus,amber|animalic|aromatic|citrus|fresh spicy|fruity|warm spicy|woody,False
286062,Coach for Men,27,0,False,True,False,False,False,,citrus,amber|animalic|aromatic|citrus|fresh spicy|fruity|warm spicy|woody,False
286472,Coach for Men,66,1,False,True,False,False,True,woody,citrus,amber|animalic|aromatic|citrus|fresh spicy|fruity|warm spicy|woody,False
286481,Narciso Rodriguez For Her,117,5,False,True,True,False,False,clean|coconut|fresh|musky|tropical,,amber|fruity|powdery|rose|warm spicy|woody,False
286513,Coach for Men,17,0,False,False,False,False,False,,citrus,amber|animalic|aromatic|citrus|fresh spicy|fruity|warm spicy|woody,False
286582,Elizabeth Arden Green Tea,88,3,False,True,False,False,False,clean|fresh|musky,citrus,aromatic|citrus|fresh spicy|green,True
286602,Coach for Men,10,0,False,False,False,False,False,,citrus,amber|animalic|aromatic|citrus|fresh spicy|fruity|warm spicy|woody,False
286637,Coach for Men,47,3,False,True,False,False,False,clean|fresh|minty,citrus,amber|animalic|aromatic|citrus|fresh spicy|fruity|warm spicy|woody,True
286708,Coach for Men,120,2,False,True,False,False,False,clean|fresh,citrus,amber|animalic|aromatic|citrus|fresh spicy|fruity|warm spicy|woody,True
286800,Coach for Men,61,1,False,False,False,False,False,fresh,citrus,amber|animalic|aromatic|citrus|fresh spicy|fruity|warm spicy|woody,False
286801,Coach for Men,61,1,False,False,False,False,False,fresh,citrus,amber|animalic|aromatic|citrus|fresh spicy|fruity|warm spicy|woody,False
286904,Coach for Men,191,6,False,True,False,False,False,clean|earthy|fresh|musky|powdery|soapy,citrus,amber|animalic|aromatic|citrus|fresh spicy|fruity|warm spicy|woody,True
286939,Coach for Men,82,0,False,True,False,False,False,,citrus,amber|animalic|aromatic|citrus|fresh spicy|fruity|warm spicy|woody,False
287339,Coach for Men,62,4,False,True,False,False,True,inky|metallic|sandalwood|woody,citrus,amber|animalic|aromatic|citrus|fresh spicy|fruity|warm spicy|woody,True
287436,Coach for Men,36,0,False,False,False,False,False,,citrus,amber|animalic|aromatic|citrus|fresh spicy|fruity|warm spicy|woody,False
287440,Coach for Men,72,1,False,True,False,False,False,musky,citrus,amber|animalic|aromatic|citrus|fresh spicy|fruity|warm spicy|woody,False
287447,Coach for Men,26,0,False,True,False,False,False,,citrus,amber|animalic|aromatic|citrus|fresh spicy|fruity|warm spicy|woody,False
288047,Coach for Men,18,3,False,True,False,True,True,citrus|musky|woody,citrus,amber|animalic|aromatic|citrus|fresh spicy|fruity|warm spicy|woody,True
288276,Coach for Men,38,5,False,True,False,False,True,balsamic|coniferous|musky|resinous|woody,citrus,amber|animalic|aromatic|citrus|fresh spicy|fruity|warm spicy|woody,True
288795,Coach for Men,8,0,False,True,False,False,False,,citrus,amber|animalic|aromatic|citrus|fresh spicy|fruity|warm spicy|woody,False
289026,Elizabeth Arden Green Tea,204,9,False,True,False,False,True,clean|coconut|floral|fresh|green|musky|powdery|tea|tropical,citrus,aromatic|citrus|fresh spicy|green,True
289056,Elizabeth Arden Green Tea,56,2,False,True,False,False,False,camphor|minty,citrus,aromatic|citrus|fresh spicy|green,True
289100,Coach for Men,40,0,False,True,False,False,False,,citrus,amber|animalic|aromatic|citrus|fresh spicy|fruity|warm spicy|woody,False
289335,Coach for Men,38,4,False,False,False,True,True,aquatic|citrus|clean|fresh,citrus,amber|animalic|aromatic|citrus|fresh spicy|fruity|warm spicy|woody,True
289391,Coach for Men,11,0,False,True,False,False,False,,citrus,amber|animalic|aromatic|citrus|fresh spicy|fruity|warm spicy|woody,False
289469,Coach for Men,64,3,False,True,False,True,True,boozy|citrus|rum,citrus,amber|animalic|aromatic|citrus|fresh spicy|fruity|warm spicy|woody,True
289574,Coach for Men,135,3,False,True,False,False,True,floral|fruity|sweet,citrus,amber|animalic|aromatic|citrus|fresh spicy|fruity|warm spicy|woody,True
289604,Coach for Men,26,0,False,False,False,False,False,,citrus,amber|animalic|aromatic|citrus|fresh spicy|fruity|warm spicy|woody,False
289765,Coach for Men,14,0,False,False,False,False,False,,citrus,amber|animalic|aromatic|citrus|fresh spicy|fruity|warm spicy|woody,False
289812,Elizabeth Arden Green Tea,283,7,False,True,False,False,False,aldehydic|aquatic|clean|floral|musky|powdery|soapy,citrus,aromatic|citrus|fresh spicy|green,True
289824,Coach for Men,68,2,False,True,False,False,True,clean|fruity,citrus,amber|animalic|aromatic|citrus|fresh spicy|fruity|warm spicy|woody,True
289971,Coach for Men,18,0,False,False,False,False,False,,citrus,amber|animalic|aromatic|citrus|fresh spicy|fruity|warm spicy|woody,False
289982,Coach for Men,22,0,False,True,False,False,False,,citrus,amber|animalic|aromatic|citrus|fresh spicy|fruity|warm spicy|woody,False
290355,Coach for Men,19,0,False,True,False,False,False,,citrus,amber|animalic|aromatic|citrus|fresh spicy|fruity|warm spicy|woody,False
290784,Coach for Men,18,1,False,False,False,False,False,musky,citrus,amber|animalic|aromatic|citrus|fresh spicy|fruity|warm spicy|woody,False
290795,Coach for Men,34,1,False,True,False,False,True,woody,citrus,amber|animalic|aromatic|citrus|fresh spicy|fruity|warm spicy|woody,False
290801,Coach for Men,355,5,False,True,False,False,True,aromatic|clean|fresh|fresh spicy|woody,citrus,amber|animalic|aromatic|citrus|fresh spicy|fruity|warm spicy|woody,True
290998,Tom Ford Black Orchid,37,1,False,True,True,False,False,musky,,earthy|gourmand,False
291150,Elizabeth Arden Green Tea,102,6,False,True,False,False,True,aquatic|aromatic|clean|fresh|herbal|soapy,citrus,aromatic|citrus|fresh spicy|green,True
291201,Coach for Men,22,0,False,False,False,False,False,,citrus,amber|animalic|aromatic|citrus|fresh spicy|fruity|warm spicy|woody,False
291384,Coach for Men,64,3,True,False,False,False,True,clean|fruity|soapy,citrus,amber|animalic|aromatic|citrus|fresh spicy|fruity|warm spicy|woody,False
291487,Coach for Men,50,0,False,True,False,False,False,,citrus,amber|animalic|aromatic|citrus|fresh spicy|fruity|warm spicy|woody,False
291721,Coach for Men,19,0,False,True,False,False,False,,citrus,amber|animalic|aromatic|citrus|fresh spicy|fruity|warm spicy|woody,False
291729,Coach for Men,40,7,False,True,False,True,True,amber|citrus|fruity|lactonic|milky|oud|sweet,citrus,amber|animalic|aromatic|citrus|fresh spicy|fruity|warm spicy|woody,True
291774,Coach for Men,12,0,False,False,False,False,False,,citrus,amber|animalic|aromatic|citrus|fresh spicy|fruity|warm spicy|woody,False
291982,Coach for Men,108,3,False,True,False,False,False,cacao|chocolate|tea,citrus,amber|animalic|aromatic|citrus|fresh spicy|fruity|warm spicy|woody,True
292029,Coach for Men,16,1,False,True,False,False,False,musky,citrus,amber|animalic|aromatic|citrus|fresh spicy|fruity|warm spicy|woody,False
292161,Coach for Men,17,3,False,False,False,False,True,amber|musky|sensual,citrus,amber|animalic|aromatic|citrus|fresh spicy|fruity|warm spicy|woody,True
292285,Coach for Men,45,0,False,False,False,False,False,,citrus,amber|animalic|aromatic|citrus|fresh spicy|fruity|warm spicy|woody,False
292669,Elizabeth Arden Green Tea,30,3,False,True,False,False,True,aquatic|fresh|green,citrus,aromatic|citrus|fresh spicy|green,True
292760,Coach for Men,15,5,False,False,False,False,True,aromatic|clean|fresh|fresh spicy|woody,citrus,amber|animalic|aromatic|citrus|fresh spicy|fruity|warm spicy|woody,True
292968,Coach for Men,16,0,False,True,False,False,False,,citrus,amber|animalic|aromatic|citrus|fresh spicy|fruity|warm spicy|woody,False
293230,Coach for Men,73,9,False,True,False,False,True,aromatic|balsamic|herbal|minty|powdery|spicy|sweet|tea|vanilla,citrus,amber|animalic|aromatic|citrus|fresh spicy|fruity|warm spicy|woody,True
293253,Coach for Men,112,7,False,True,False,False,True,amber|aromatic|fresh|fresh spicy|iris|oud|woody,citrus,amber|animalic|aromatic|citrus|fresh spicy|fruity|warm spicy|woody,True
293254,Coach for Men,69,1,False,True,False,False,False,tobacco,citrus,amber|animalic|aromatic|citrus|fresh spicy|fruity|warm spicy|woody,False
293335,Coach for Men,61,3,False,True,False,False,True,animalic|oud|woody,citrus,amber|animalic|aromatic|citrus|fresh spicy|fruity|warm spicy|woody,True
293428,Coach for Men,72,1,False,False,False,False,False,clean,citrus,amber|animalic|aromatic|citrus|fresh spicy|fruity|warm spicy|woody,False
293582,Coach for Men,53,0,False,False,False,False,False,,citrus,amber|animalic|aromatic|citrus|fresh spicy|fruity|warm spicy|woody,False
293626,Parfums de Marly Delina,47,0,False,True,False,False,False,,rose,aromatic|fruity|green|powdery|rose|woody,False
293718,Coach for Men,62,0,False,True,False,False,False,,citrus,amber|animalic|aromatic|citrus|fresh spicy|fruity|warm spicy|woody,False
293764,Elizabeth Arden Green Tea,36,4,False,True,False,False,False,amber|musky|vanilla|warm spicy,citrus,aromatic|citrus|fresh spicy|green,True
294180,Coach for Men,238,1,False,True,False,False,True,woody,citrus,amber|animalic|aromatic|citrus|fresh spicy|fruity|warm spicy|woody,False
294371,Coach for Men,86,0,False,True,False,False,False,,citrus,amber|animalic|aromatic|citrus|fresh spicy|fruity|warm spicy|woody,False
294401,Coach for Men,11,0,False,True,False,False,False,,citrus,amber|animalic|aromatic|citrus|fresh spicy|fruity|warm spicy|woody,False
294596,Coach for Men,19,1,False,True,False,False,False,fresh,citrus,amber|animalic|aromatic|citrus|fresh spicy|fruity|warm spicy|woody,False
294800,Coach for Men,14,2,False,True,False,False,False,clean|fresh,citrus,amber|animalic|aromatic|citrus|fresh spicy|fruity|warm spicy|woody,True
295073,Coach for Men,74,6,True,False,False,False,True,amber|clean|fruity|iris|oud|soapy,citrus,amber|animalic|aromatic|citrus|fresh spicy|fruity|warm spicy|woody,False
295079,Coach for Men,24,0,False,True,False,False,False,,citrus,amber|animalic|aromatic|citrus|fresh spicy|fruity|warm spicy|woody,False
295086,Coach for Men,9,2,False,True,False,False,False,clean|fresh,citrus,amber|animalic|aromatic|citrus|fresh spicy|fruity|warm spicy|woody,True
295267,Coach for Men,10,2,False,True,False,False,False,clean|soapy,citrus,amber|animalic|aromatic|citrus|fresh spicy|fruity|warm spicy|woody,True
295412,Elizabeth Arden Green Tea,30,3,False,True,False,False,False,clean|fresh|soapy,citrus,aromatic|citrus|fresh spicy|green,True
295844,Coach for Men,20,0,False,True,False,False,False,,citrus,amber|animalic|aromatic|citrus|fresh spicy|fruity|warm spicy|woody,False
295936,Tom Ford Oud Wood,34,0,False,False,False,False,False,,woody,amber|aromatic|fresh spicy|oud|powdery|vanilla|warm spicy|woody,False
296234,Coach for Men,24,2,False,False,False,False,False,clean|soapy,citrus,amber|animalic|aromatic|citrus|fresh spicy|fruity|warm spicy|woody,True
296488,Coach for Men,14,0,False,True,False,False,False,,citrus,amber|animalic|aromatic|citrus|fresh spicy|fruity|warm spicy|woody,False
296728,Coach for Men,68,2,False,True,False,False,False,clean|fresh,citrus,amber|animalic|aromatic|citrus|fresh spicy|fruity|warm spicy|woody,True
297253,Coach for Men,128,3,False,True,False,False,True,amber|musky|sensual,citrus,amber|animalic|aromatic|citrus|fresh spicy|fruity|warm spicy|woody,True
297526,Coach for Men,43,3,False,True,False,False,False,clean|musky|soapy,citrus,amber|animalic|aromatic|citrus|fresh spicy|fruity|warm spicy|woody,True
297610,Coach for Men,65,0,False,True,False,False,False,,citrus,amber|animalic|aromatic|citrus|fresh spicy|fruity|warm spicy|woody,False
297675,Coach for Men,25,4,False,True,False,False,False,clean|minty|musky|soapy,citrus,amber|animalic|aromatic|citrus|fresh spicy|fruity|warm spicy|woody,True
298191,Viktor & Rolf Flowerbomb,18,0,False,True,True,False,False,,,citrus|powdery|rose|warm spicy|white floral|woody,False
298337,Coach for Men,34,0,False,True,False,False,False,,citrus,amber|animalic|aromatic|citrus|fresh spicy|fruity|warm spicy|woody,False
298664,Coach for Men,66,4,False,True,False,False,False,clean|coconut|fresh|tropical,citrus,amber|animalic|aromatic|citrus|fresh spicy|fruity|warm spicy|woody,True
299210,Coach for Men,64,5,False,True,False,False,True,balsamic|powdery|sandalwood|sweet|woody,citrus,amber|animalic|aromatic|citrus|fresh spicy|fruity|warm spicy|woody,True
299386,Coach for Men,144,3,False,True,False,False,True,animalic|oud|woody,citrus,amber|animalic|aromatic|citrus|fresh spicy|fruity|warm spicy|woody,True
299420,Coach for Men,65,1,False,False,False,False,False,tea,citrus,amber|animalic|aromatic|citrus|fresh spicy|fruity|warm spicy|woody,False
299521,Coach for Men,98,3,False,True,False,True,True,citrus|clean|soapy,citrus,amber|animalic|aromatic|citrus|fresh spicy|fruity|warm spicy|woody,True
299550,Coach for Men,24,2,False,True,False,False,False,clean|fresh,citrus,amber|animalic|aromatic|citrus|fresh spicy|fruity|warm spicy|woody,True
299675,Coach for Men,75,4,False,True,False,False,False,clean|fresh|musky|soapy,citrus,amber|animalic|aromatic|citrus|fresh spicy|fruity|warm spicy|woody,True
299755,Coach for Men,9,0,False,True,False,False,False,,citrus,amber|animalic|aromatic|citrus|fresh spicy|fruity|warm spicy|woody,False
299770,Coach for Men,60,0,False,True,False,False,False,,citrus,amber|animalic|aromatic|citrus|fresh spicy|fruity|warm spicy|woody,False
299776,Coach for Men,35,1,False,True,False,False,False,clean,citrus,amber|animalic|aromatic|citrus|fresh spicy|fruity|warm spicy|woody,False
299876,Coach for Men,53,1,False,True,False,False,False,clean,citrus,amber|animalic|aromatic|citrus|fresh spicy|fruity|warm spicy|woody,False
299941,Coach for Men,62,1,False,True,False,False,False,musky,citrus,amber|animalic|aromatic|citrus|fresh spicy|fruity|warm spicy|woody,False
300312,Narciso Rodriguez For Her,55,0,False,True,True,False,False,,,amber|fruity|powdery|rose|warm spicy|woody,False
300450,Coach for Men,52,0,False,True,False,False,False,,citrus,amber|animalic|aromatic|citrus|fresh spicy|fruity|warm spicy|woody,False
300468,Coach for Men,43,1,False,True,False,False,False,musky,citrus,amber|animalic|aromatic|citrus|fresh spicy|fruity|warm spicy|woody,False
300472,Coach for Men,9,0,False,True,False,False,False,,citrus,amber|animalic|aromatic|citrus|fresh spicy|fruity|warm spicy|woody,False
300498,Coach for Men,11,0,False,True,False,False,False,,citrus,amber|animalic|aromatic|citrus|fresh spicy|fruity|warm spicy|woody,False
300603,Coach for Men,66,1,False,True,False,False,False,musky,citrus,amber|animalic|aromatic|citrus|fresh spicy|fruity|warm spicy|woody,False
300636,Coach for Men,22,0,False,True,False,False,False,,citrus,amber|animalic|aromatic|citrus|fresh spicy|fruity|warm spicy|woody,False
300729,Coach for Men,19,0,False,False,False,False,False,,citrus,amber|animalic|aromatic|citrus|fresh spicy|fruity|warm spicy|woody,False
300938,Coach for Men,19,3,False,True,False,False,False,clean|fresh|soapy,citrus,amber|animalic|aromatic|citrus|fresh spicy|fruity|warm spicy|woody,True
301072,Elizabeth Arden Green Tea,154,0,False,True,False,False,False,,citrus,aromatic|citrus|fresh spicy|green,False
301315,Coach for Men,8,0,False,True,False,False,False,,citrus,amber|animalic|aromatic|citrus|fresh spicy|fruity|warm spicy|woody,False
301616,Coach for Men,97,4,False,True,False,False,True,clean|fresh|tea|woody,citrus,amber|animalic|aromatic|citrus|fresh spicy|fruity|warm spicy|woody,True
301641,Coach for Men,118,7,False,True,False,False,False,clean|coconut|fresh|musky|powdery|soapy|tropical,citrus,amber|animalic|aromatic|citrus|fresh spicy|fruity|warm spicy|woody,True
301770,Elizabeth Arden Green Tea,27,0,False,True,False,False,False,,citrus,aromatic|citrus|fresh spicy|green,False
301802,Coach for Men,52,3,False,False,False,False,True,amber|iris|oud,citrus,amber|animalic|aromatic|citrus|fresh spicy|fruity|warm spicy|woody,True
302038,Coach for Men,29,3,False,True,False,False,True,amber|resinous|warm spicy,citrus,amber|animalic|aromatic|citrus|fresh spicy|fruity|warm spicy|woody,True
302245,Coach for Men,48,1,False,True,False,False,False,leather,citrus,amber|animalic|aromatic|citrus|fresh spicy|fruity|warm spicy|woody,False
302332,Coach for Men,9,2,False,True,False,False,False,camphor|herbal,citrus,amber|animalic|aromatic|citrus|fresh spicy|fruity|warm spicy|woody,True
302338,Coach for Men,43,0,False,True,False,False,False,,citrus,amber|animalic|aromatic|citrus|fresh spicy|fruity|warm spicy|woody,False
302346,Coach for Men,116,3,False,True,False,False,False,aquatic|fresh|minty,citrus,amber|animalic|aromatic|citrus|fresh spicy|fruity|warm spicy|woody,True
302956,Coach for Men,8,3,False,True,False,False,False,aldehydic|floral|iris,citrus,amber|animalic|aromatic|citrus|fresh spicy|fruity|warm spicy|woody,True
303214,Coach for Men,13,2,False,False,False,False,False,clean|fresh,citrus,amber|animalic|aromatic|citrus|fresh spicy|fruity|warm spicy|woody,True
303991,Coach for Men,19,2,False,True,False,False,False,clean|fresh,citrus,amber|animalic|aromatic|citrus|fresh spicy|fruity|warm spicy|woody,True
304024,Coach for Men,15,0,False,True,False,False,False,,citrus,amber|animalic|aromatic|citrus|fresh spicy|fruity|warm spicy|woody,False
304192,Coach for Men,31,0,False,True,False,False,False,,citrus,amber|animalic|aromatic|citrus|fresh spicy|fruity|warm spicy|woody,False
304242,Elizabeth Arden Green Tea,42,4,True,False,False,True,True,aquatic|citrus|clean|fresh,citrus,aromatic|citrus|fresh spicy|green,False
304603,Narciso Rodriguez For Her,146,5,False,True,True,False,True,amber|clean|fresh|iris|oud,,amber|fruity|powdery|rose|warm spicy|woody,False
304699,Elizabeth Arden Green Tea,38,1,False,True,False,False,False,musky,citrus,aromatic|citrus|fresh spicy|green,False
304938,Coach for Men,41,0,False,False,False,False,False,,citrus,amber|animalic|aromatic|citrus|fresh spicy|fruity|warm spicy|woody,False
304959,Coach for Men,52,5,False,True,False,False,False,floral|fresh|green|musky|powdery,citrus,amber|animalic|aromatic|citrus|fresh spicy|fruity|warm spicy|woody,True
305028,Coach for Men,38,0,False,True,False,False,False,,citrus,amber|animalic|aromatic|citrus|fresh spicy|fruity|warm spicy|woody,False
305078,Coach for Men,67,1,False,True,False,False,False,fresh,citrus,amber|animalic|aromatic|citrus|fresh spicy|fruity|warm spicy|woody,False
305175,Coach for Men,95,0,False,True,False,False,False,,citrus,amber|animalic|aromatic|citrus|fresh spicy|fruity|warm spicy|woody,False
305247,Coach for Men,15,0,False,True,False,False,False,,citrus,amber|animalic|aromatic|citrus|fresh spicy|fruity|warm spicy|woody,False
305263,Coach for Men,8,0,False,True,False,False,False,,citrus,amber|animalic|aromatic|citrus|fresh spicy|fruity|warm spicy|woody,False
305384,Coach for Men,37,2,False,True,False,False,False,clean|soapy,citrus,amber|animalic|aromatic|citrus|fresh spicy|fruity|warm spicy|woody,True
305554,Coach for Men,44,0,False,True,False,False,False,,citrus,amber|animalic|aromatic|citrus|fresh spicy|fruity|warm spicy|woody,False
305581,Coach for Men,47,0,False,True,False,False,False,,citrus,amber|animalic|aromatic|citrus|fresh spicy|fruity|warm spicy|woody,False
305613,Coach for Men,55,1,False,False,False,False,True,animalic,citrus,amber|animalic|aromatic|citrus|fresh spicy|fruity|warm spicy|woody,False
305679,Coach for Men,29,2,True,False,False,False,False,lactonic|milky,citrus,amber|animalic|aromatic|citrus|fresh spicy|fruity|warm spicy|woody,False
305788,Coach for Men,25,1,False,True,False,False,False,musky,citrus,amber|animalic|aromatic|citrus|fresh spicy|fruity|warm spicy|woody,False
305818,Coach for Men,18,0,False,True,False,False,False,,citrus,amber|animalic|aromatic|citrus|fresh spicy|fruity|warm spicy|woody,False
305890,Coach for Men,29,0,False,True,False,False,False,,citrus,amber|animalic|aromatic|citrus|fresh spicy|fruity|warm spicy|woody,False
306037,Elizabeth Arden Green Tea,31,0,False,True,False,False,False,,citrus,aromatic|citrus|fresh spicy|green,False
306076,Coach for Men,24,2,False,True,False,False,False,clean|fresh,citrus,amber|animalic|aromatic|citrus|fresh spicy|fruity|warm spicy|woody,True
307196,Coach for Men,213,9,False,True,False,False,True,clean|coconut|floral|fresh|fruity|green|jasmine|soapy|tropical,citrus,amber|animalic|aromatic|citrus|fresh spicy|fruity|warm spicy|woody,True
307197,Coach for Men,216,9,False,True,False,False,True,clean|coconut|floral|fresh|fruity|green|jasmine|soapy|tropical,citrus,amber|animalic|aromatic|citrus|fresh spicy|fruity|warm spicy|woody,True
307252,Coach for Men,22,3,False,True,False,False,True,amber|iris|oud,citrus,amber|animalic|aromatic|citrus|fresh spicy|fruity|warm spicy|woody,True
307273,Coach for Men,18,0,False,True,False,False,False,,citrus,amber|animalic|aromatic|citrus|fresh spicy|fruity|warm spicy|woody,False
308050,Coach for Men,19,0,False,True,False,False,False,,citrus,amber|animalic|aromatic|citrus|fresh spicy|fruity|warm spicy|woody,False
308130,Coach for Men,25,2,False,True,False,False,False,camphor|herbal,citrus,amber|animalic|aromatic|citrus|fresh spicy|fruity|warm spicy|woody,True
308324,Coach for Men,146,10,False,True,False,False,True,aromatic|clean|fresh|fruity|herbal|minty|soapy|spicy|tea|warm spicy,citrus,amber|animalic|aromatic|citrus|fresh spicy|fruity|warm spicy|woody,True
308387,Coach for Men,73,3,False,True,False,True,True,citrus|clean|fresh,citrus,amber|animalic|aromatic|citrus|fresh spicy|fruity|warm spicy|woody,True
308644,Coach for Men,19,7,False,True,False,True,True,citrus|clean|fresh|minty|sandalwood|warm|woody,citrus,amber|animalic|aromatic|citrus|fresh spicy|fruity|warm spicy|woody,True
308900,Elizabeth Arden Green Tea,14,0,False,True,False,False,False,,citrus,aromatic|citrus|fresh spicy|green,False
308965,Elizabeth Arden Green Tea,37,7,False,True,False,False,True,amber|fresh|green|musky|oud|sweet|tea,citrus,aromatic|citrus|fresh spicy|green,True
309069,Coach for Men,84,0,False,True,False,False,False,,citrus,amber|animalic|aromatic|citrus|fresh spicy|fruity|warm spicy|woody,False
309357,Elizabeth Arden Green Tea,54,4,False,False,False,False,False,fresh|iris|powdery|violet,citrus,aromatic|citrus|fresh spicy|green,True
309557,Coach for Men,77,1,False,True,False,False,False,metallic,citrus,amber|animalic|aromatic|citrus|fresh spicy|fruity|warm spicy|woody,False
309584,Coach for Men,8,0,False,True,False,False,False,,citrus,amber|animalic|aromatic|citrus|fresh spicy|fruity|warm spicy|woody,False
309708,Coach for Men,52,1,False,True,False,False,True,woody,citrus,amber|animalic|aromatic|citrus|fresh spicy|fruity|warm spicy|woody,False
309974,Elizabeth Arden Green Tea,62,5,False,True,False,False,True,clean|fresh|green|soapy|tea,citrus,aromatic|citrus|fresh spicy|green,True
310196,Coach for Men,323,4,False,True,False,True,True,citrus|fruity|lactonic|milky,citrus,amber|animalic|aromatic|citrus|fresh spicy|fruity|warm spicy|woody,True
310198,Coach for Men,33,3,True,False,False,False,False,clean|fresh|musky,citrus,amber|animalic|aromatic|citrus|fresh spicy|fruity|warm spicy|woody,False
310324,Coach for Men,15,3,False,True,False,False,False,clean|musky|soapy,citrus,amber|animalic|aromatic|citrus|fresh spicy|fruity|warm spicy|woody,True
310491,Coach for Men,17,0,False,True,False,False,False,,citrus,amber|animalic|aromatic|citrus|fresh spicy|fruity|warm spicy|woody,False
310712,Coach for Men,31,3,False,True,False,False,False,clean|fresh|soapy,citrus,amber|animalic|aromatic|citrus|fresh spicy|fruity|warm spicy|woody,True
310735,Coach for Men,102,1,False,False,False,False,False,musky,citrus,amber|animalic|aromatic|citrus|fresh spicy|fruity|warm spicy|woody,False
310831,Coach for Men,25,4,False,True,False,False,True,aromatic|fresh|fresh spicy|woody,citrus,amber|animalic|aromatic|citrus|fresh spicy|fruity|warm spicy|woody,True
311064,Tom Ford Black Orchid,20,8,False,True,True,False,True,amber|earthy|floral|fresh|green|vanilla|warm spicy|woody,,earthy|gourmand,False
311142,Coach for Men,47,4,False,False,False,False,True,aromatic|herbal|minty|spicy,citrus,amber|animalic|aromatic|citrus|fresh spicy|fruity|warm spicy|woody,True
311281,Coach for Men,21,0,False,True,False,False,False,,citrus,amber|animalic|aromatic|citrus|fresh spicy|fruity|warm spicy|woody,False
311471,Coach for Men,96,5,False,True,False,True,True,aromatic|citrus|fresh spicy|musky|woody,citrus,amber|animalic|aromatic|citrus|fresh spicy|fruity|warm spicy|woody,True
311552,Coach for Men,35,1,False,True,False,False,False,clean,citrus,amber|animalic|aromatic|citrus|fresh spicy|fruity|warm spicy|woody,False
311741,Narciso Rodriguez For Her,24,0,False,True,True,False,False,,,amber|fruity|powdery|rose|warm spicy|woody,False
311822,Tom Ford Oud Wood,17,0,False,True,False,False,False,,woody,amber|aromatic|fresh spicy|oud|powdery|vanilla|warm spicy|woody,False
311882,Coach for Men,49,0,False,True,False,False,False,,citrus,amber|animalic|aromatic|citrus|fresh spicy|fruity|warm spicy|woody,False
312008,Coach for Men,51,3,False,True,False,False,True,amber|fruity|sweet,citrus,amber|animalic|aromatic|citrus|fresh spicy|fruity|warm spicy|woody,True
312257,Elizabeth Arden Green Tea,49,0,False,True,False,False,False,,citrus,aromatic|citrus|fresh spicy|green,False
312265,Coach for Men,16,0,False,True,False,False,False,,citrus,amber|animalic|aromatic|citrus|fresh spicy|fruity|warm spicy|woody,False
312338,Coach for Men,47,0,True,False,False,False,False,,citrus,amber|animalic|aromatic|citrus|fresh spicy|fruity|warm spicy|woody,False
312472,Coach for Men,11,3,False,True,False,False,True,amber|vanilla|warm spicy,citrus,amber|animalic|aromatic|citrus|fresh spicy|fruity|warm spicy|woody,True
313364,Coach for Men,57,8,False,True,False,False,True,amber|aromatic|herbal|minty|musky|resinous|spicy|warm spicy,citrus,amber|animalic|aromatic|citrus|fresh spicy|fruity|warm spicy|woody,True
313378,Elizabeth Arden Green Tea,68,5,False,True,False,False,False,clean|floral|fresh|musky|ozonic,citrus,aromatic|citrus|fresh spicy|green,True
313385,Coach for Men,21,2,False,False,False,False,False,clean|fresh,citrus,amber|animalic|aromatic|citrus|fresh spicy|fruity|warm spicy|woody,True
313923,Coach for Men,77,1,False,True,False,False,False,clean,citrus,amber|animalic|aromatic|citrus|fresh spicy|fruity|warm spicy|woody,False
314053,Coach for Men,41,2,False,True,False,False,False,clean|soapy,citrus,amber|animalic|aromatic|citrus|fresh spicy|fruity|warm spicy|woody,True
314065,Coach for Men,86,3,False,True,False,False,False,clean|fresh|soapy,citrus,amber|animalic|aromatic|citrus|fresh spicy|fruity|warm spicy|woody,True
314216,Coach for Men,19,0,False,False,False,False,False,,citrus,amber|animalic|aromatic|citrus|fresh spicy|fruity|warm spicy|woody,False
314505,Coach for Men,39,3,False,False,False,False,True,amber|oud|sweet,citrus,amber|animalic|aromatic|citrus|fresh spicy|fruity|warm spicy|woody,True
314766,Coach for Men,12,2,False,True,False,False,False,clean|fresh,citrus,amber|animalic|aromatic|citrus|fresh spicy|fruity|warm spicy|woody,True
315065,Coach for Men,18,3,False,True,False,False,True,earthy|warm spicy|woody,citrus,amber|animalic|aromatic|citrus|fresh spicy|fruity|warm spicy|woody,True
315101,Coach for Men,28,2,False,True,False,False,False,musky|powdery,citrus,amber|animalic|aromatic|citrus|fresh spicy|fruity|warm spicy|woody,True
315433,Coach for Men,143,3,False,True,False,False,True,aromatic|herbal|lavender,citrus,amber|animalic|aromatic|citrus|fresh spicy|fruity|warm spicy|woody,True
315482,Coach for Men,63,6,False,False,False,False,True,aromatic|clean|fresh|fresh spicy|musky|woody,citrus,amber|animalic|aromatic|citrus|fresh spicy|fruity|warm spicy|woody,True
315686,Coach for Men,77,8,False,True,False,False,True,aromatic|clean|fresh|herbal|inky|lavender|powdery|soapy,citrus,amber|animalic|aromatic|citrus|fresh spicy|fruity|warm spicy|woody,True
315724,Coach for Men,102,5,False,True,False,True,True,aquatic|citrus|fresh|inky|metallic,citrus,amber|animalic|aromatic|citrus|fresh spicy|fruity|warm spicy|woody,True
315770,Coach for Men,44,3,False,True,False,False,True,amber|vanilla|warm spicy,citrus,amber|animalic|aromatic|citrus|fresh spicy|fruity|warm spicy|woody,True
315972,Coach for Men,25,0,False,True,False,False,False,,citrus,amber|animalic|aromatic|citrus|fresh spicy|fruity|warm spicy|woody,False
316087,Coach for Men,202,6,False,True,False,False,True,amber|clean|fresh|fruity|iris|oud,citrus,amber|animalic|aromatic|citrus|fresh spicy|fruity|warm spicy|woody,True
316162,Coach for Men,33,0,False,False,False,False,False,,citrus,amber|animalic|aromatic|citrus|fresh spicy|fruity|warm spicy|woody,False
316235,Narciso Rodriguez For Her,53,1,False,True,True,False,False,musky,,amber|fruity|powdery|rose|warm spicy|woody,False
316716,Creed Silver Mountain Water,14,0,False,True,False,False,False,,citrus,aromatic|citrus|fresh spicy|fruity|green|powdery|woody,False
316773,Coach for Men,76,2,False,True,False,False,False,clean|soapy,citrus,amber|animalic|aromatic|citrus|fresh spicy|fruity|warm spicy|woody,True
316870,Coach for Men,44,4,False,True,False,False,False,boozy|clean|rum|soapy,citrus,amber|animalic|aromatic|citrus|fresh spicy|fruity|warm spicy|woody,True
317032,Coach for Men,27,2,False,True,False,False,False,clean|soapy,citrus,amber|animalic|aromatic|citrus|fresh spicy|fruity|warm spicy|woody,True
317060,Coach for Men,43,1,False,True,False,False,False,musky,citrus,amber|animalic|aromatic|citrus|fresh spicy|fruity|warm spicy|woody,False
317473,Coach for Men,14,0,False,True,False,False,False,,citrus,amber|animalic|aromatic|citrus|fresh spicy|fruity|warm spicy|woody,False
317500,Coach for Men,44,4,False,True,False,False,True,aromatic|fresh spicy|honey|woody,citrus,amber|animalic|aromatic|citrus|fresh spicy|fruity|warm spicy|woody,True
317560,Coach for Men,113,3,False,True,False,False,True,aromatic|herbal|rose,citrus,amber|animalic|aromatic|citrus|fresh spicy|fruity|warm spicy|woody,True
317561,Elizabeth Arden Green Tea,82,6,False,True,False,False,False,amber|musky|powdery|vanilla|warm|warm spicy,citrus,aromatic|citrus|fresh spicy|green,True
317563,Elizabeth Arden Green Tea,10,0,False,True,False,False,False,,citrus,aromatic|citrus|fresh spicy|green,False
317797,Coach for Men,28,0,False,True,False,False,False,,citrus,amber|animalic|aromatic|citrus|fresh spicy|fruity|warm spicy|woody,False
317798,Coach for Men,28,0,False,True,False,False,False,,citrus,amber|animalic|aromatic|citrus|fresh spicy|fruity|warm spicy|woody,False
317799,Coach for Men,28,0,False,True,False,False,False,,citrus,amber|animalic|aromatic|citrus|fresh spicy|fruity|warm spicy|woody,False
317800,Coach for Men,28,0,False,True,False,False,False,,citrus,amber|animalic|aromatic|citrus|fresh spicy|fruity|warm spicy|woody,False
317879,Coach for Men,54,0,False,True,False,False,False,,citrus,amber|animalic|aromatic|citrus|fresh spicy|fruity|warm spicy|woody,False
318149,Coach for Men,131,2,False,True,False,False,True,animalic|oud,citrus,amber|animalic|aromatic|citrus|fresh spicy|fruity|warm spicy|woody,True
318248,Elizabeth Arden Green Tea,13,0,False,True,False,False,False,,citrus,aromatic|citrus|fresh spicy|green,False
318494,Coach for Men,50,1,False,True,False,False,False,clean,citrus,amber|animalic|aromatic|citrus|fresh spicy|fruity|warm spicy|woody,False
318692,Narciso Rodriguez For Her,8,4,False,True,True,False,True,aquatic|citrus|fresh|fruity,,amber|fruity|powdery|rose|warm spicy|woody,False
318719,Coach for Men,60,1,False,True,False,False,False,musky,citrus,amber|animalic|aromatic|citrus|fresh spicy|fruity|warm spicy|woody,False
318864,Coach for Men,10,0,False,False,False,False,False,,citrus,amber|animalic|aromatic|citrus|fresh spicy|fruity|warm spicy|woody,False
318974,Coach for Men,11,0,False,False,False,False,False,,citrus,amber|animalic|aromatic|citrus|fresh spicy|fruity|warm spicy|woody,False
319217,Coach for Men,52,3,False,True,False,False,True,amber|sensual|sweet,citrus,amber|animalic|aromatic|citrus|fresh spicy|fruity|warm spicy|woody,True
319240,Narciso Rodriguez For Her,20,0,False,True,True,False,False,,,amber|fruity|powdery|rose|warm spicy|woody,False
319359,Elizabeth Arden Green Tea,55,5,False,True,False,False,False,clean|fresh|fruity|soapy|warm,citrus,aromatic|citrus|fresh spicy|green,True
319436,Coach for Men,13,1,False,True,False,False,False,fresh,citrus,amber|animalic|aromatic|citrus|fresh spicy|fruity|warm spicy|woody,False
319496,Coach for Men,41,0,False,True,False,False,False,,citrus,amber|animalic|aromatic|citrus|fresh spicy|fruity|warm spicy|woody,False
319623,Coach for Men,66,1,False,True,False,False,False,musky,citrus,amber|animalic|aromatic|citrus|fresh spicy|fruity|warm spicy|woody,False
319636,Coach for Men,8,0,False,True,False,False,False,,citrus,amber|animalic|aromatic|citrus|fresh spicy|fruity|warm spicy|woody,False
319792,Coach for Men,93,0,False,False,False,False,False,,citrus,amber|animalic|aromatic|citrus|fresh spicy|fruity|warm spicy|woody,False
319888,Elizabeth Arden Green Tea,72,5,False,True,False,False,False,clean|fruity|lactonic|milky|soapy,citrus,aromatic|citrus|fresh spicy|green,True
319889,Elizabeth Arden Green Tea,72,5,False,True,False,False,False,clean|fruity|lactonic|milky|soapy,citrus,aromatic|citrus|fresh spicy|green,True
320055,Coach for Men,37,0,False,False,False,False,False,,citrus,amber|animalic|aromatic|citrus|fresh spicy|fruity|warm spicy|woody,False
320247,Coach for Men,18,0,False,False,False,False,False,,citrus,amber|animalic|aromatic|citrus|fresh spicy|fruity|warm spicy|woody,False
320776,Coach for Men,138,8,False,True,False,True,True,amber|citrus|clean|fresh|oud|soapy|sweet|warm,citrus,amber|animalic|aromatic|citrus|fresh spicy|fruity|warm spicy|woody,True
320788,Coach for Men,17,6,False,True,False,True,True,aromatic|citrus|fruity|herbal|minty|spicy,citrus,amber|animalic|aromatic|citrus|fresh spicy|fruity|warm spicy|woody,True
320837,Coach for Men,50,3,False,True,False,True,True,aquatic|citrus|fresh,citrus,amber|animalic|aromatic|citrus|fresh spicy|fruity|warm spicy|woody,True
320884,Coach for Men,9,0,False,False,False,False,False,,citrus,amber|animalic|aromatic|citrus|fresh spicy|fruity|warm spicy|woody,False
320899,Coach for Men,65,6,False,True,False,True,True,caramel|citrus|fresh|fruity|musky|sweet,citrus,amber|animalic|aromatic|citrus|fresh spicy|fruity|warm spicy|woody,True
321054,Coach for Men,36,0,False,True,False,False,False,,citrus,amber|animalic|aromatic|citrus|fresh spicy|fruity|warm spicy|woody,False
321336,Coach for Men,75,1,False,True,False,False,False,herbal,citrus,amber|animalic|aromatic|citrus|fresh spicy|fruity|warm spicy|woody,False
321418,Juliette Has a Gun Vanilla Vibes,24,0,False,False,False,False,False,,vanilla,amber|powdery|vanilla|warm spicy|woody,False
321451,Coach for Men,28,3,False,True,False,False,False,iris|powdery|violet,citrus,amber|animalic|aromatic|citrus|fresh spicy|fruity|warm spicy|woody,True
321540,Coach for Men,66,4,False,True,False,False,False,clean|fresh|musky|soapy,citrus,amber|animalic|aromatic|citrus|fresh spicy|fruity|warm spicy|woody,True
322075,Coach for Men,66,3,False,True,False,False,True,amber|iris|oud,citrus,amber|animalic|aromatic|citrus|fresh spicy|fruity|warm spicy|woody,True
322417,Coach for Men,67,1,False,True,False,False,False,clean,citrus,amber|animalic|aromatic|citrus|fresh spicy|fruity|warm spicy|woody,False
322779,Coach for Men,46,1,False,True,False,False,False,sweet,citrus,amber|animalic|aromatic|citrus|fresh spicy|fruity|warm spicy|woody,False
322898,Coach for Men,30,3,False,True,False,False,True,clean|fruity|soapy,citrus,amber|animalic|aromatic|citrus|fresh spicy|fruity|warm spicy|woody,True
323067,Coach for Men,116,4,False,True,False,False,False,clean|musky|soapy|warm,citrus,amber|animalic|aromatic|citrus|fresh spicy|fruity|warm spicy|woody,True
323597,Coach for Men,12,3,False,False,False,False,False,floral|fresh|green,citrus,amber|animalic|aromatic|citrus|fresh spicy|fruity|warm spicy|woody,True
323668,Coach for Men,73,7,False,True,False,False,True,aromatic|clean|fresh|fresh spicy|musky|soapy|woody,citrus,amber|animalic|aromatic|citrus|fresh spicy|fruity|warm spicy|woody,True
323836,Elizabeth Arden Green Tea,54,3,False,True,False,False,False,inky|metallic|musky,citrus,aromatic|citrus|fresh spicy|green,True
324157,Coach for Men,47,0,False,True,False,False,False,,citrus,amber|animalic|aromatic|citrus|fresh spicy|fruity|warm spicy|woody,False
324293,Coach for Men,41,2,False,False,False,False,False,clean|fresh,citrus,amber|animalic|aromatic|citrus|fresh spicy|fruity|warm spicy|woody,True
324464,Elizabeth Arden Green Tea,75,1,False,True,False,False,False,clean,citrus,aromatic|citrus|fresh spicy|green,False
324468,Elizabeth Arden Green Tea,35,5,False,True,False,False,False,clean|lactonic|milky|musky|soapy,citrus,aromatic|citrus|fresh spicy|green,True
324595,Coach for Men,86,6,False,True,False,False,True,aromatic|clean|fresh|fresh spicy|soapy|woody,citrus,amber|animalic|aromatic|citrus|fresh spicy|fruity|warm spicy|woody,True
324641,Elizabeth Arden Green Tea,49,0,False,False,False,False,False,,citrus,aromatic|citrus|fresh spicy|green,False
324843,Coach for Men,93,2,False,True,False,True,True,citrus|fruity,citrus,amber|animalic|aromatic|citrus|fresh spicy|fruity|warm spicy|woody,True
324857,Coach for Men,59,1,False,True,False,True,True,citrus,citrus,amber|animalic|aromatic|citrus|fresh spicy|fruity|warm spicy|woody,False
324916,Coach for Men,9,0,False,True,False,False,False,,citrus,amber|animalic|aromatic|citrus|fresh spicy|fruity|warm spicy|woody,False
324917,Coach for Men,27,4,False,True,False,True,True,aquatic|citrus|fresh|woody,citrus,amber|animalic|aromatic|citrus|fresh spicy|fruity|warm spicy|woody,True
324926,Coach for Men,122,8,False,True,False,True,True,amber|citrus|fruity|iris|lactonic|milky|musky|oud,citrus,amber|animalic|aromatic|citrus|fresh spicy|fruity|warm spicy|woody,True
324942,Coach for Men,15,1,False,True,False,False,False,musky,citrus,amber|animalic|aromatic|citrus|fresh spicy|fruity|warm spicy|woody,False
325005,Coach for Men,37,3,False,True,False,False,False,aquatic|lactonic|milky,citrus,amber|animalic|aromatic|citrus|fresh spicy|fruity|warm spicy|woody,True
325093,Coach for Men,170,5,False,True,False,False,True,fruity|incense|musky|resinous|sandalwood,citrus,amber|animalic|aromatic|citrus|fresh spicy|fruity|warm spicy|woody,True
325243,Coach for Men,323,9,False,True,False,False,True,amber|clean|earthy|inky|iris|metallic|oud|soapy|woody,citrus,amber|animalic|aromatic|citrus|fresh spicy|fruity|warm spicy|woody,True
325299,Coach for Men,34,1,False,False,False,True,True,citrus,citrus,amber|animalic|aromatic|citrus|fresh spicy|fruity|warm spicy|woody,False
325316,Coach for Men,34,0,False,False,False,False,False,,citrus,amber|animalic|aromatic|citrus|fresh spicy|fruity|warm spicy|woody,False
325317,Coach for Men,34,0,False,False,False,False,False,,citrus,amber|animalic|aromatic|citrus|fresh spicy|fruity|warm spicy|woody,False
325321,Coach for Men,51,6,False,True,False,False,True,amber|earthy|oud|sweet|warm spicy|woody,citrus,amber|animalic|aromatic|citrus|fresh spicy|fruity|warm spicy|woody,True
325497,Coach for Men,118,6,False,True,False,False,True,aromatic|balsamic|clean|fresh|fresh spicy|woody,citrus,amber|animalic|aromatic|citrus|fresh spicy|fruity|warm spicy|woody,True
325521,Coach for Men,17,1,False,True,False,False,False,musky,citrus,amber|animalic|aromatic|citrus|fresh spicy|fruity|warm spicy|woody,False
325604,Elizabeth Arden Green Tea,40,2,False,True,False,False,False,clean|soapy,citrus,aromatic|citrus|fresh spicy|green,True
325698,Juliette Has a Gun Vanilla Vibes,12,2,False,True,False,False,False,lactonic|milky,vanilla,amber|powdery|vanilla|warm spicy|woody,True
325760,Coach for Men,25,1,False,True,False,False,False,clean,citrus,amber|animalic|aromatic|citrus|fresh spicy|fruity|warm spicy|woody,False
325927,Parfums de Marly Delina,46,0,False,True,False,False,False,,rose,aromatic|fruity|green|powdery|rose|woody,False
325933,Coach for Men,19,0,False,True,False,False,False,,citrus,amber|animalic|aromatic|citrus|fresh spicy|fruity|warm spicy|woody,False
325935,Coach for Men,31,4,False,True,False,False,False,coconut|fresh|rum|tropical,citrus,amber|animalic|aromatic|citrus|fresh spicy|fruity|warm spicy|woody,True
326307,Coach for Men,107,11,False,True,False,True,True,amber|aquatic|citrus|clean|fresh|green|musky|resinous|soapy|warm spicy|woody,citrus,amber|animalic|aromatic|citrus|fresh spicy|fruity|warm spicy|woody,True
326332,Coach for Men,97,10,False,True,False,True,True,aromatic|citrus|clean|fresh|green|herbal|minty|musky|spicy|tea,citrus,amber|animalic|aromatic|citrus|fresh spicy|fruity|warm spicy|woody,True
326366,Coach for Men,29,3,False,True,False,False,True,clean|fruity|soapy,citrus,amber|animalic|aromatic|citrus|fresh spicy|fruity|warm spicy|woody,True
326486,Jean Paul Gaultier La Belle,49,0,False,False,False,False,False,,vanilla,amber|aquatic|aromatic|fruity|powdery|vanilla|woody,False
326562,Coach for Men,12,0,False,True,False,False,False,,citrus,amber|animalic|aromatic|citrus|fresh spicy|fruity|warm spicy|woody,False
326633,Bvlgari Rose Goldea,33,0,False,True,False,False,False,,rose,fresh spicy|powdery|rose|white floral|woody,False
326806,Coach for Men,63,0,False,True,False,False,False,,citrus,amber|animalic|aromatic|citrus|fresh spicy|fruity|warm spicy|woody,False
326872,Coach for Men,11,0,False,True,False,False,False,,citrus,amber|animalic|aromatic|citrus|fresh spicy|fruity|warm spicy|woody,False
326873,Coach for Men,50,0,False,True,False,False,False,,citrus,amber|animalic|aromatic|citrus|fresh spicy|fruity|warm spicy|woody,False
326934,Coach for Men,25,1,False,True,False,False,False,musky,citrus,amber|animalic|aromatic|citrus|fresh spicy|fruity|warm spicy|woody,False
327106,Coach for Men,23,0,False,True,False,False,False,,citrus,amber|animalic|aromatic|citrus|fresh spicy|fruity|warm spicy|woody,False
327376,Coach for Men,83,2,False,True,False,False,False,clean|fresh,citrus,amber|animalic|aromatic|citrus|fresh spicy|fruity|warm spicy|woody,True
327383,Coach for Men,8,0,False,True,False,False,False,,citrus,amber|animalic|aromatic|citrus|fresh spicy|fruity|warm spicy|woody,False
327545,Tom Ford Black Orchid,10,0,False,True,True,False,False,,,earthy|gourmand,False
327626,Elizabeth Arden Green Tea,16,2,False,True,False,False,False,clean|soapy,citrus,aromatic|citrus|fresh spicy|green,True
327736,Coach for Men,19,0,False,True,False,False,False,,citrus,amber|animalic|aromatic|citrus|fresh spicy|fruity|warm spicy|woody,False
327748,Mugler Angel,10,0,False,True,True,False,False,,,caramel|fruity|honey|powdery|vanilla|warm spicy|woody,False
328099,Elizabeth Arden Green Tea,31,9,False,True,False,False,True,aromatic|clean|fresh|herbal|lactonic|milky|minty|musky|spicy,citrus,aromatic|citrus|fresh spicy|green,True
328121,Coach for Men,113,2,False,True,False,False,False,fresh|musky,citrus,amber|animalic|aromatic|citrus|fresh spicy|fruity|warm spicy|woody,True
328274,Coach for Men,14,0,False,True,False,False,False,,citrus,amber|animalic|aromatic|citrus|fresh spicy|fruity|warm spicy|woody,False
328334,Narciso Rodriguez For Her,15,0,False,True,True,False,False,,,amber|fruity|powdery|rose|warm spicy|woody,False
328565,Coach for Men,55,7,False,True,False,True,True,citrus|clean|coniferous|fresh|green|mossy|woody,citrus,amber|animalic|aromatic|citrus|fresh spicy|fruity|warm spicy|woody,True
328752,Coach for Men,21,2,False,True,False,False,True,spicy|woody,citrus,amber|animalic|aromatic|citrus|fresh spicy|fruity|warm spicy|woody,True
328831,Coach for Men,29,2,False,True,False,True,True,citrus|woody,citrus,amber|animalic|aromatic|citrus|fresh spicy|fruity|warm spicy|woody,True
328835,Coach for Men,61,1,False,True,False,False,False,fresh,citrus,amber|animalic|aromatic|citrus|fresh spicy|fruity|warm spicy|woody,False
328867,Coach for Men,115,0,False,True,False,False,False,,citrus,amber|animalic|aromatic|citrus|fresh spicy|fruity|warm spicy|woody,False
328897,Coach for Men,16,0,False,True,False,False,False,,citrus,amber|animalic|aromatic|citrus|fresh spicy|fruity|warm spicy|woody,False
328902,Coach for Men,34,5,False,True,False,False,False,aquatic|clean|coconut|salty|tropical,citrus,amber|animalic|aromatic|citrus|fresh spicy|fruity|warm spicy|woody,True
329075,Coach for Men,70,1,False,True,False,False,False,fresh,citrus,amber|animalic|aromatic|citrus|fresh spicy|fruity|warm spicy|woody,False
329287,Mugler Alien,10,0,False,True,False,False,False,,amber,amber|white floral|woody,False
329368,Coach for Men,74,0,False,True,False,False,False,,citrus,amber|animalic|aromatic|citrus|fresh spicy|fruity|warm spicy|woody,False
329654,Coach for Men,36,1,False,True,False,False,False,musky,citrus,amber|animalic|aromatic|citrus|fresh spicy|fruity|warm spicy|woody,False
329675,Coach for Men,33,3,False,True,False,False,False,clean|fresh|soapy,citrus,amber|animalic|aromatic|citrus|fresh spicy|fruity|warm spicy|woody,True
329718,Coach for Men,26,0,False,False,False,False,False,,citrus,amber|animalic|aromatic|citrus|fresh spicy|fruity|warm spicy|woody,False
329774,Elizabeth Arden Green Tea,124,4,False,False,False,True,True,citrus|floral|fruity|musky,citrus,aromatic|citrus|fresh spicy|green,True
329998,Coach for Men,19,0,False,False,False,False,False,,citrus,amber|animalic|aromatic|citrus|fresh spicy|fruity|warm spicy|woody,False
330118,Coach for Men,20,4,False,True,False,False,True,aromatic|clean|fresh spicy|woody,citrus,amber|animalic|aromatic|citrus|fresh spicy|fruity|warm spicy|woody,True
330153,Coach for Men,88,0,False,True,False,False,False,,citrus,amber|animalic|aromatic|citrus|fresh spicy|fruity|warm spicy|woody,False
330221,Coach for Men,26,1,True,False,False,False,False,musky,citrus,amber|animalic|aromatic|citrus|fresh spicy|fruity|warm spicy|woody,False
330264,Coach for Men,27,5,False,True,False,False,True,amber|clean|musky|sensual|soapy,citrus,amber|animalic|aromatic|citrus|fresh spicy|fruity|warm spicy|woody,True
330425,Coach for Men,34,1,False,True,False,False,False,fresh,citrus,amber|animalic|aromatic|citrus|fresh spicy|fruity|warm spicy|woody,False
330575,Coach for Men,40,0,False,True,False,False,False,,citrus,amber|animalic|aromatic|citrus|fresh spicy|fruity|warm spicy|woody,False
330741,Coach for Men,14,0,False,False,False,False,False,,citrus,amber|animalic|aromatic|citrus|fresh spicy|fruity|warm spicy|woody,False
330768,Coach for Men,48,3,True,False,False,False,True,amber|vanilla|warm spicy,citrus,amber|animalic|aromatic|citrus|fresh spicy|fruity|warm spicy|woody,False
330928,Azzaro Pour Homme,73,0,False,True,False,False,False,,aromatic,aromatic|citrus|earthy|fresh spicy|leather|mossy|powdery|warm spicy|woody,False
330963,Coach for Men,136,2,False,True,False,False,False,clean|fresh,citrus,amber|animalic|aromatic|citrus|fresh spicy|fruity|warm spicy|woody,True
331021,Coach for Men,89,0,False,True,False,False,False,,citrus,amber|animalic|aromatic|citrus|fresh spicy|fruity|warm spicy|woody,False
331401,Coach for Men,27,4,False,False,False,False,False,aquatic|coconut|salty|tropical,citrus,amber|animalic|aromatic|citrus|fresh spicy|fruity|warm spicy|woody,True
331752,Coach for Men,21,0,False,False,False,False,False,,citrus,amber|animalic|aromatic|citrus|fresh spicy|fruity|warm spicy|woody,False
331803,Elizabeth Arden Green Tea,33,4,False,False,False,False,True,fresh|green|musky|tea,citrus,aromatic|citrus|fresh spicy|green,True
331857,Coach for Men,106,0,False,True,False,False,False,,citrus,amber|animalic|aromatic|citrus|fresh spicy|fruity|warm spicy|woody,False
332140,Coach for Men,13,0,False,False,False,False,False,,citrus,amber|animalic|aromatic|citrus|fresh spicy|fruity|warm spicy|woody,False
332148,Coach for Men,63,2,False,True,False,False,False,clean|earthy,citrus,amber|animalic|aromatic|citrus|fresh spicy|fruity|warm spicy|woody,True
332374,Coach for Men,16,0,False,False,False,False,False,,citrus,amber|animalic|aromatic|citrus|fresh spicy|fruity|warm spicy|woody,False
332610,Coach for Men,45,2,False,False,False,False,False,clean|fresh,citrus,amber|animalic|aromatic|citrus|fresh spicy|fruity|warm spicy|woody,True
332629,Coach for Men,28,0,False,False,False,False,False,,citrus,amber|animalic|aromatic|citrus|fresh spicy|fruity|warm spicy|woody,False
332630,Coach for Men,30,0,False,True,False,False,False,,citrus,amber|animalic|aromatic|citrus|fresh spicy|fruity|warm spicy|woody,False
332764,Elizabeth Arden Green Tea,105,1,False,True,False,False,False,musky,citrus,aromatic|citrus|fresh spicy|green,False
333444,Coach for Men,18,0,False,False,False,False,False,,citrus,amber|animalic|aromatic|citrus|fresh spicy|fruity|warm spicy|woody,False
333589,Coach for Men,73,2,False,True,False,False,False,clean|fresh,citrus,amber|animalic|aromatic|citrus|fresh spicy|fruity|warm spicy|woody,True
333591,Coach for Men,350,2,False,True,False,True,True,citrus|musky,citrus,amber|animalic|aromatic|citrus|fresh spicy|fruity|warm spicy|woody,True
333642,Coach for Men,21,1,False,True,False,False,False,musky,citrus,amber|animalic|aromatic|citrus|fresh spicy|fruity|warm spicy|woody,False
333693,Narciso Rodriguez For Her,25,0,False,True,True,False,False,,,amber|fruity|powdery|rose|warm spicy|woody,False
333840,Chanel Bleu de Chanel,26,0,False,True,False,False,False,,citrus,amber|aromatic|citrus|fresh spicy|powdery|smoky|warm spicy|woody,False
333879,Coach for Men,12,2,False,False,False,False,False,clean|fresh,citrus,amber|animalic|aromatic|citrus|fresh spicy|fruity|warm spicy|woody,True
333952,Coach for Men,188,3,False,True,False,False,False,clean|fresh|musky,citrus,amber|animalic|aromatic|citrus|fresh spicy|fruity|warm spicy|woody,True
334163,Coach for Men,377,3,False,True,False,False,True,amber|iris|oud,citrus,amber|animalic|aromatic|citrus|fresh spicy|fruity|warm spicy|woody,True
334170,Coach for Men,30,3,False,True,False,False,True,clean|fruity|soapy,citrus,amber|animalic|aromatic|citrus|fresh spicy|fruity|warm spicy|woody,True
334206,Coach for Men,42,2,False,True,False,False,False,clean|fresh,citrus,amber|animalic|aromatic|citrus|fresh spicy|fruity|warm spicy|woody,True
334211,Coach for Men,18,0,False,True,False,False,False,,citrus,amber|animalic|aromatic|citrus|fresh spicy|fruity|warm spicy|woody,False
334483,Coach for Men,33,0,False,True,False,False,False,,citrus,amber|animalic|aromatic|citrus|fresh spicy|fruity|warm spicy|woody,False
334527,Coach for Men,66,3,False,True,False,False,False,aldehydic|chypre|floral,citrus,amber|animalic|aromatic|citrus|fresh spicy|fruity|warm spicy|woody,True
334652,Coach for Men,155,6,False,True,False,True,True,animalic|citrus|floral|green|patchouli|woody,citrus,amber|animalic|aromatic|citrus|fresh spicy|fruity|warm spicy|woody,True
335049,Coach for Men,32,2,False,True,False,False,False,clean|fresh,citrus,amber|animalic|aromatic|citrus|fresh spicy|fruity|warm spicy|woody,True
335237,Coach for Men,77,0,False,True,False,False,False,,citrus,amber|animalic|aromatic|citrus|fresh spicy|fruity|warm spicy|woody,False
335508,Coach for Men,31,6,False,True,False,False,True,aquatic|aromatic|fresh|fresh spicy|minty|woody,citrus,amber|animalic|aromatic|citrus|fresh spicy|fruity|warm spicy|woody,True
335528,Coach for Men,39,0,False,False,False,False,False,,citrus,amber|animalic|aromatic|citrus|fresh spicy|fruity|warm spicy|woody,False
335569,Coach for Men,33,2,False,False,False,False,False,clean|soapy,citrus,amber|animalic|aromatic|citrus|fresh spicy|fruity|warm spicy|woody,True
335594,Coach for Men,76,1,False,True,False,False,False,musky,citrus,amber|animalic|aromatic|citrus|fresh spicy|fruity|warm spicy|woody,False
335610,Coach for Men,60,0,False,True,False,False,False,,citrus,amber|animalic|aromatic|citrus|fresh spicy|fruity|warm spicy|woody,False
335627,Coach for Men,79,3,False,False,False,False,False,clean|fresh|musky,citrus,amber|animalic|aromatic|citrus|fresh spicy|fruity|warm spicy|woody,True
335688,Coach for Men,111,10,False,True,False,False,True,amber|aromatic|boozy|bourbon|fresh spicy|leather|musk|musky|tobacco|woody,citrus,amber|animalic|aromatic|citrus|fresh spicy|fruity|warm spicy|woody,True
336437,Coach for Men,113,4,False,False,False,False,False,clean|coffee|musky|soapy,citrus,amber|animalic|aromatic|citrus|fresh spicy|fruity|warm spicy|woody,True
336439,Coach for Men,120,8,False,True,False,False,True,clean|floral|fresh|fruity|inky|metallic|soapy|sweet,citrus,amber|animalic|aromatic|citrus|fresh spicy|fruity|warm spicy|woody,True
336584,Coach for Men,59,3,False,True,False,False,True,amber|fruity|sweet,citrus,amber|animalic|aromatic|citrus|fresh spicy|fruity|warm spicy|woody,True
336814,Coach for Men,30,0,False,True,False,False,False,,citrus,amber|animalic|aromatic|citrus|fresh spicy|fruity|warm spicy|woody,False
336881,Elizabeth Arden Green Tea,73,1,False,False,False,False,False,musky,citrus,aromatic|citrus|fresh spicy|green,False
337016,Coach for Men,32,0,False,True,False,False,False,,citrus,amber|animalic|aromatic|citrus|fresh spicy|fruity|warm spicy|woody,False
337245,Coach for Men,14,0,False,True,False,False,False,,citrus,amber|animalic|aromatic|citrus|fresh spicy|fruity|warm spicy|woody,False
337409,Coach for Men,36,2,False,True,False,False,False,musky|powdery,citrus,amber|animalic|aromatic|citrus|fresh spicy|fruity|warm spicy|woody,True
337765,Coach for Men,16,0,False,False,False,False,False,,citrus,amber|animalic|aromatic|citrus|fresh spicy|fruity|warm spicy|woody,False
337911,Mugler Angel,16,0,False,True,True,False,False,,,caramel|fruity|honey|powdery|vanilla|warm spicy|woody,False
337954,Coach for Men,40,4,False,True,False,False,True,anis|aromatic|fresh|herbal,citrus,amber|animalic|aromatic|citrus|fresh spicy|fruity|warm spicy|woody,True
337971,Coach for Men,19,0,False,True,False,False,False,,citrus,amber|animalic|aromatic|citrus|fresh spicy|fruity|warm spicy|woody,False
338195,Coach for Men,41,2,False,False,False,False,False,clean|fresh,citrus,amber|animalic|aromatic|citrus|fresh spicy|fruity|warm spicy|woody,True
338749,Coach for Men,32,0,False,True,False,False,False,,citrus,amber|animalic|aromatic|citrus|fresh spicy|fruity|warm spicy|woody,False
339021,Coach for Men,93,9,False,True,False,True,True,amber|animalic|aquatic|citrus|floral|fresh|green|oud|sweet,citrus,amber|animalic|aromatic|citrus|fresh spicy|fruity|warm spicy|woody,True
339079,Coach for Men,24,7,False,True,False,False,True,amber|incense|leather|oud|resinous|smoky|warm spicy,citrus,amber|animalic|aromatic|citrus|fresh spicy|fruity|warm spicy|woody,True
339278,Coach for Men,24,6,False,True,False,True,True,aromatic|citrus|fresh|fresh spicy|green|woody,citrus,amber|animalic|aromatic|citrus|fresh spicy|fruity|warm spicy|woody,True
339285,Coach for Men,12,1,False,True,False,False,False,warm,citrus,amber|animalic|aromatic|citrus|fresh spicy|fruity|warm spicy|woody,False
339286,Coach for Men,19,0,False,True,False,False,False,,citrus,amber|animalic|aromatic|citrus|fresh spicy|fruity|warm spicy|woody,False
339317,Coach for Men,20,2,False,True,False,False,False,clean|fresh,citrus,amber|animalic|aromatic|citrus|fresh spicy|fruity|warm spicy|woody,True
339318,Bvlgari Rose Goldea,35,0,False,True,False,False,False,,rose,fresh spicy|powdery|rose|white floral|woody,False
339445,Coach for Men,32,2,False,True,False,False,False,musky|powdery,citrus,amber|animalic|aromatic|citrus|fresh spicy|fruity|warm spicy|woody,True
339449,Coach for Men,262,8,False,True,False,False,True,aromatic|clean|fresh|fresh spicy|inky|metallic|powdery|woody,citrus,amber|animalic|aromatic|citrus|fresh spicy|fruity|warm spicy|woody,True
339596,Coach for Men,32,0,False,True,False,False,False,,citrus,amber|animalic|aromatic|citrus|fresh spicy|fruity|warm spicy|woody,False
340069,Coach for Men,29,2,False,True,False,False,False,aldehydic|powdery,citrus,amber|animalic|aromatic|citrus|fresh spicy|fruity|warm spicy|woody,True
340474,Coach for Men,67,2,False,True,False,False,False,clean|fresh,citrus,amber|animalic|aromatic|citrus|fresh spicy|fruity|warm spicy|woody,True
340488,Coach for Men,102,5,False,False,False,False,True,amber|clean|fresh|iris|oud,citrus,amber|animalic|aromatic|citrus|fresh spicy|fruity|warm spicy|woody,True
340556,Coach for Men,10,0,False,False,False,False,False,,citrus,amber|animalic|aromatic|citrus|fresh spicy|fruity|warm spicy|woody,False
340613,Coach for Men,189,7,False,True,False,False,True,aromatic|clean|fresh|fresh spicy|lactonic|milky|woody,citrus,amber|animalic|aromatic|citrus|fresh spicy|fruity|warm spicy|woody,True
340627,Coach for Men,34,0,False,True,False,False,False,,citrus,amber|animalic|aromatic|citrus|fresh spicy|fruity|warm spicy|woody,False
340732,Coach for Men,38,0,False,False,False,False,False,,citrus,amber|animalic|aromatic|citrus|fresh spicy|fruity|warm spicy|woody,False
340771,Coach for Men,13,2,False,True,False,False,False,fresh|sweet,citrus,amber|animalic|aromatic|citrus|fresh spicy|fruity|warm spicy|woody,True
341081,Coach for Men,11,3,False,True,False,False,True,aromatic|fresh spicy|woody,citrus,amber|animalic|aromatic|citrus|fresh spicy|fruity|warm spicy|woody,True
341311,Coach for Men,32,0,False,False,False,False,False,,citrus,amber|animalic|aromatic|citrus|fresh spicy|fruity|warm spicy|woody,False
341326,Coach for Men,32,3,False,False,False,False,False,clean|musky|soapy,citrus,amber|animalic|aromatic|citrus|fresh spicy|fruity|warm spicy|woody,True
341330,Coach for Men,46,0,False,True,False,False,False,,citrus,amber|animalic|aromatic|citrus|fresh spicy|fruity|warm spicy|woody,False
341333,Coach for Men,37,3,False,True,False,False,True,aromatic|herbal|lavender,citrus,amber|animalic|aromatic|citrus|fresh spicy|fruity|warm spicy|woody,True
341372,Coach for Men,99,3,False,False,False,False,True,amber|oud|sweet,citrus,amber|animalic|aromatic|citrus|fresh spicy|fruity|warm spicy|woody,True
341512,Coach for Men,44,0,False,True,False,False,False,,citrus,amber|animalic|aromatic|citrus|fresh spicy|fruity|warm spicy|woody,False
341596,Coach for Men,54,0,False,True,False,False,False,,citrus,amber|animalic|aromatic|citrus|fresh spicy|fruity|warm spicy|woody,False
341604,Coach for Men,14,0,False,False,False,False,False,,citrus,amber|animalic|aromatic|citrus|fresh spicy|fruity|warm spicy|woody,False
341616,Coach for Men,8,0,False,True,False,False,False,,citrus,amber|animalic|aromatic|citrus|fresh spicy|fruity|warm spicy|woody,False
341908,Coach for Men,16,0,False,False,False,False,False,,citrus,amber|animalic|aromatic|citrus|fresh spicy|fruity|warm spicy|woody,False
342022,Coach for Men,303,5,False,True,False,False,False,fresh|green|inky|metallic|tea,citrus,amber|animalic|aromatic|citrus|fresh spicy|fruity|warm spicy|woody,True
342065,Coach for Men,28,0,False,False,False,False,False,,citrus,amber|animalic|aromatic|citrus|fresh spicy|fruity|warm spicy|woody,False
342211,Coach for Men,81,5,False,True,False,False,True,amber|clean|fresh|iris|oud,citrus,amber|animalic|aromatic|citrus|fresh spicy|fruity|warm spicy|woody,True
342578,Coach for Men,42,8,False,True,False,False,True,balsamic|clean|coniferous|earthy|resinous|soapy|sweet|woody,citrus,amber|animalic|aromatic|citrus|fresh spicy|fruity|warm spicy|woody,True
342630,Elizabeth Arden Green Tea,70,2,False,True,False,False,False,inky|metallic,citrus,aromatic|citrus|fresh spicy|green,True
342771,Coach for Men,11,0,False,True,False,False,False,,citrus,amber|animalic|aromatic|citrus|fresh spicy|fruity|warm spicy|woody,False
343135,Elizabeth Arden Green Tea,367,12,False,True,False,False,True,aromatic|floral|fresh|fruity|herbal|lactonic|lavender|milky|musky|rose|tropical|warm,citrus,aromatic|citrus|fresh spicy|green,True
343178,Elizabeth Arden Green Tea,75,5,False,True,False,False,False,clean|fresh|musky|vanilla|warm,citrus,aromatic|citrus|fresh spicy|green,True
343282,Narciso Rodriguez For Her,29,3,False,True,True,False,False,floral|musk|musky,,amber|fruity|powdery|rose|warm spicy|woody,False
343301,Coach for Men,67,4,False,False,False,False,False,fresh|inky|metallic|powdery,citrus,amber|animalic|aromatic|citrus|fresh spicy|fruity|warm spicy|woody,True
343373,Coach for Men,47,3,False,True,False,False,False,aquatic|fresh|green,citrus,amber|animalic|aromatic|citrus|fresh spicy|fruity|warm spicy|woody,True
343438,Coach for Men,43,0,False,True,False,False,False,,citrus,amber|animalic|aromatic|citrus|fresh spicy|fruity|warm spicy|woody,False
343446,Coach for Men,77,0,False,True,False,False,False,,citrus,amber|animalic|aromatic|citrus|fresh spicy|fruity|warm spicy|woody,False
343644,Coach for Men,114,3,False,True,False,False,False,fresh|inky|powdery,citrus,amber|animalic|aromatic|citrus|fresh spicy|fruity|warm spicy|woody,True
343685,Coach for Men,14,0,False,True,False,False,False,,citrus,amber|animalic|aromatic|citrus|fresh spicy|fruity|warm spicy|woody,False
343741,Elizabeth Arden Green Tea,90,4,False,True,False,False,False,iris|musky|powdery|violet,citrus,aromatic|citrus|fresh spicy|green,True
343763,Elizabeth Arden Green Tea,57,1,False,True,False,False,False,fresh,citrus,aromatic|citrus|fresh spicy|green,False
343767,Coach for Men,33,3,False,True,False,False,False,clean|fresh|musky,citrus,amber|animalic|aromatic|citrus|fresh spicy|fruity|warm spicy|woody,True
343824,Elizabeth Arden Green Tea,14,0,False,False,False,False,False,,citrus,aromatic|citrus|fresh spicy|green,False
343861,Juliette Has a Gun Vanilla Vibes,42,4,False,True,False,True,True,balsamic|powdery|sweet|vanilla,vanilla,amber|powdery|vanilla|warm spicy|woody,True
343946,Narciso Rodriguez For Her,42,3,False,True,True,False,True,inky|metallic|rose,,amber|fruity|powdery|rose|warm spicy|woody,False
344140,Coach for Men,12,0,False,True,False,False,False,,citrus,amber|animalic|aromatic|citrus|fresh spicy|fruity|warm spicy|woody,False
344245,Coach for Men,30,1,False,False,False,False,False,musky,citrus,amber|animalic|aromatic|citrus|fresh spicy|fruity|warm spicy|woody,False
344477,Coach for Men,20,1,False,True,False,False,False,clean,citrus,amber|animalic|aromatic|citrus|fresh spicy|fruity|warm spicy|woody,False
344622,Coach for Men,145,24,False,True,False,True,True,amber|aquatic|aromatic|citrus|clean|floral|fresh|fruity|herbal|honey|marine|minty|musky|ozonic|resinous|rose|sandalwood|soapy|spicy|sweet|tuberose|warm spicy|white floral|woody,citrus,amber|animalic|aromatic|citrus|fresh spicy|fruity|warm spicy|woody,True
344762,Coach for Men,16,0,False,False,False,False,False,,citrus,amber|animalic|aromatic|citrus|fresh spicy|fruity|warm spicy|woody,False
344826,Coach for Men,14,0,False,True,False,False,False,,citrus,amber|animalic|aromatic|citrus|fresh spicy|fruity|warm spicy|woody,False
344922,Coach for Men,44,3,False,True,False,False,False,clean|fresh|soft spicy,citrus,amber|animalic|aromatic|citrus|fresh spicy|fruity|warm spicy|woody,True
345021,Coach for Men,16,1,False,True,False,False,False,clean,citrus,amber|animalic|aromatic|citrus|fresh spicy|fruity|warm spicy|woody,False
345081,Coach for Men,24,2,False,False,False,False,False,clean|fresh,citrus,amber|animalic|aromatic|citrus|fresh spicy|fruity|warm spicy|woody,True
345123,Elizabeth Arden Green Tea,42,5,False,True,False,False,True,aromatic|clean|fresh|herbal|lavender,citrus,aromatic|citrus|fresh spicy|green,True
345380,Coach for Men,64,5,False,True,False,False,True,animalic|musky|oud|powdery|woody,citrus,amber|animalic|aromatic|citrus|fresh spicy|fruity|warm spicy|woody,True
345397,Coach for Men,20,3,False,True,False,False,False,clean|fresh|sweet,citrus,amber|animalic|aromatic|citrus|fresh spicy|fruity|warm spicy|woody,True
345935,Coach for Men,32,0,False,True,False,False,False,,citrus,amber|animalic|aromatic|citrus|fresh spicy|fruity|warm spicy|woody,False
346107,Tom Ford Tobacco Vanille,53,0,False,True,False,False,False,,vanilla,fruity|powdery|tobacco|vanilla|warm spicy|woody,False
346190,Coach for Men,21,1,False,False,False,False,False,musky,citrus,amber|animalic|aromatic|citrus|fresh spicy|fruity|warm spicy|woody,False
346199,Coach for Men,19,2,True,False,False,False,False,clean|soapy,citrus,amber|animalic|aromatic|citrus|fresh spicy|fruity|warm spicy|woody,False
346519,Coach for Men,27,0,False,False,False,False,False,,citrus,amber|animalic|aromatic|citrus|fresh spicy|fruity|warm spicy|woody,False
346680,Elizabeth Arden Green Tea,64,10,False,True,False,False,True,amber|clean|floral|fresh|green|oud|soapy|sweet|vanilla|warm spicy,citrus,aromatic|citrus|fresh spicy|green,True
346891,Coach for Men,30,2,False,False,False,False,False,iris|powdery,citrus,amber|animalic|aromatic|citrus|fresh spicy|fruity|warm spicy|woody,True
346976,Coach for Men,190,4,True,False,False,False,True,clean|fresh|fruity|soapy,citrus,amber|animalic|aromatic|citrus|fresh spicy|fruity|warm spicy|woody,False
347091,Elizabeth Arden Green Tea,49,1,False,True,False,False,False,musky,citrus,aromatic|citrus|fresh spicy|green,False
347217,Elizabeth Arden Green Tea,20,0,False,False,False,False,False,,citrus,aromatic|citrus|fresh spicy|green,False
347441,Coach for Men,23,2,False,True,False,False,False,clean|fresh,citrus,amber|animalic|aromatic|citrus|fresh spicy|fruity|warm spicy|woody,True
347496,Coach for Men,23,2,False,True,False,False,False,clean|fresh,citrus,amber|animalic|aromatic|citrus|fresh spicy|fruity|warm spicy|woody,True
347807,Coach for Men,26,0,False,True,False,False,False,,citrus,amber|animalic|aromatic|citrus|fresh spicy|fruity|warm spicy|woody,False
347920,Coach for Men,99,3,False,True,False,False,True,clean|fruity|soapy,citrus,amber|animalic|aromatic|citrus|fresh spicy|fruity|warm spicy|woody,True
347930,Coach for Men,38,5,False,True,False,False,True,aromatic|herbal|minty|musky|spicy,citrus,amber|animalic|aromatic|citrus|fresh spicy|fruity|warm spicy|woody,True
348203,Coach for Men,17,0,False,True,False,False,False,,citrus,amber|animalic|aromatic|citrus|fresh spicy|fruity|warm spicy|woody,False
348477,Coach for Men,19,2,False,True,False,False,False,clean|fresh,citrus,amber|animalic|aromatic|citrus|fresh spicy|fruity|warm spicy|woody,True
348544,Coach for Men,9,0,False,True,False,False,False,,citrus,amber|animalic|aromatic|citrus|fresh spicy|fruity|warm spicy|woody,False
348685,Coach for Men,44,0,False,True,False,False,False,,citrus,amber|animalic|aromatic|citrus|fresh spicy|fruity|warm spicy|woody,False
348743,Coach for Men,12,0,False,True,False,False,False,,citrus,amber|animalic|aromatic|citrus|fresh spicy|fruity|warm spicy|woody,False
348841,Coach for Men,20,0,False,True,False,False,False,,citrus,amber|animalic|aromatic|citrus|fresh spicy|fruity|warm spicy|woody,False
348859,Coach for Men,51,10,False,True,False,True,True,amber|boozy|citrus|clean|fruity|iris|musky|oud|rum|soapy,citrus,amber|animalic|aromatic|citrus|fresh spicy|fruity|warm spicy|woody,True
349045,Coach for Men,17,2,False,False,False,False,False,clean|fresh,citrus,amber|animalic|aromatic|citrus|fresh spicy|fruity|warm spicy|woody,True
349052,Coach for Men,51,2,False,True,False,True,True,citrus|honey,citrus,amber|animalic|aromatic|citrus|fresh spicy|fruity|warm spicy|woody,True
349186,Coach for Men,38,5,False,False,False,False,True,aromatic|clean|fresh spicy|soapy|woody,citrus,amber|animalic|aromatic|citrus|fresh spicy|fruity|warm spicy|woody,True
349195,Coach for Men,18,0,False,True,False,False,False,,citrus,amber|animalic|aromatic|citrus|fresh spicy|fruity|warm spicy|woody,False
349409,Coach for Men,40,0,False,True,False,False,False,,citrus,amber|animalic|aromatic|citrus|fresh spicy|fruity|warm spicy|woody,False
349412,Coach for Men,45,0,False,True,False,False,False,,citrus,amber|animalic|aromatic|citrus|fresh spicy|fruity|warm spicy|woody,False
349425,Coach for Men,101,2,False,True,False,False,False,alcohol|fresh,citrus,amber|animalic|aromatic|citrus|fresh spicy|fruity|warm spicy|woody,True
349717,Coach for Men,10,0,False,False,False,False,False,,citrus,amber|animalic|aromatic|citrus|fresh spicy|fruity|warm spicy|woody,False
349818,Elizabeth Arden Green Tea,19,0,False,True,False,False,False,,citrus,aromatic|citrus|fresh spicy|green,False
349851,Coach for Men,66,5,False,True,False,True,True,aquatic|citrus|clean|fresh|musky,citrus,amber|animalic|aromatic|citrus|fresh spicy|fruity|warm spicy|woody,True
350030,Coach for Men,33,0,False,False,False,False,False,,citrus,amber|animalic|aromatic|citrus|fresh spicy|fruity|warm spicy|woody,False
350114,Coach for Men,36,1,False,True,False,False,True,woody,citrus,amber|animalic|aromatic|citrus|fresh spicy|fruity|warm spicy|woody,False
350255,Coach for Men,12,7,False,False,False,False,True,amber|clean|iris|lactonic|milky|oud|soapy,citrus,amber|animalic|aromatic|citrus|fresh spicy|fruity|warm spicy|woody,True
350265,Coach for Men,13,0,False,True,False,False,False,,citrus,amber|animalic|aromatic|citrus|fresh spicy|fruity|warm spicy|woody,False
350426,Coach for Men,68,0,False,True,False,False,False,,citrus,amber|animalic|aromatic|citrus|fresh spicy|fruity|warm spicy|woody,False
350600,Coach for Men,72,0,False,True,False,False,False,,citrus,amber|animalic|aromatic|citrus|fresh spicy|fruity|warm spicy|woody,False
350711,Juliette Has a Gun Vanilla Vibes,86,4,False,True,False,False,False,clean|fresh|musky|soapy,vanilla,amber|powdery|vanilla|warm spicy|woody,True
350800,Juliette Has a Gun Vanilla Vibes,35,6,False,True,False,True,True,balsamic|clean|musky|powdery|sweet|vanilla,vanilla,amber|powdery|vanilla|warm spicy|woody,True
350996,Coach for Men,9,0,False,True,False,False,False,,citrus,amber|animalic|aromatic|citrus|fresh spicy|fruity|warm spicy|woody,False
351419,Coach for Men,120,9,False,True,False,False,True,amber|aquatic|coffee|honey|marine|musky|resinous|salty|warm spicy,citrus,amber|animalic|aromatic|citrus|fresh spicy|fruity|warm spicy|woody,True
351805,Azzaro Pour Homme,56,3,False,True,False,False,False,clean|fresh|soapy,aromatic,aromatic|citrus|earthy|fresh spicy|leather|mossy|powdery|warm spicy|woody,True
352153,Coach for Men,53,3,False,True,False,False,True,aromatic|fresh spicy|woody,citrus,amber|animalic|aromatic|citrus|fresh spicy|fruity|warm spicy|woody,True
352192,Elizabeth Arden Green Tea,113,7,False,True,False,False,True,aromatic|herbal|lactonic|milky|minty|musky|spicy,citrus,aromatic|citrus|fresh spicy|green,True
352314,Coach for Men,18,0,False,True,False,False,False,,citrus,amber|animalic|aromatic|citrus|fresh spicy|fruity|warm spicy|woody,False
352423,Coach for Men,8,0,False,False,False,False,False,,citrus,amber|animalic|aromatic|citrus|fresh spicy|fruity|warm spicy|woody,False
352457,Prada Candy,13,2,False,True,False,False,False,fruity|sweet,caramel,amber|caramel|powdery|vanilla|warm spicy,True
352539,Coach for Men,65,6,False,True,False,False,True,aromatic|clean|fresh|fresh spicy|soft spicy|woody,citrus,amber|animalic|aromatic|citrus|fresh spicy|fruity|warm spicy|woody,True
352599,Coach for Men,11,1,False,False,False,False,False,musky,citrus,amber|animalic|aromatic|citrus|fresh spicy|fruity|warm spicy|woody,False
352641,Coach for Men,8,0,False,True,False,False,False,,citrus,amber|animalic|aromatic|citrus|fresh spicy|fruity|warm spicy|woody,False
352670,Elizabeth Arden Green Tea,37,4,False,True,False,False,False,clean|fresh|fruity|soapy,citrus,aromatic|citrus|fresh spicy|green,True
352672,Coach for Men,157,0,False,True,False,False,False,,citrus,amber|animalic|aromatic|citrus|fresh spicy|fruity|warm spicy|woody,False
352706,Coach for Men,26,5,False,True,False,False,True,amber|musk|musky|vanilla|warm spicy,citrus,amber|animalic|aromatic|citrus|fresh spicy|fruity|warm spicy|woody,True
352847,Narciso Rodriguez For Her,11,0,False,True,True,False,False,,,amber|fruity|powdery|rose|warm spicy|woody,False
353033,Coach for Men,11,1,False,True,False,False,False,clean,citrus,amber|animalic|aromatic|citrus|fresh spicy|fruity|warm spicy|woody,False
353151,Coach for Men,30,0,False,True,False,False,False,,citrus,amber|animalic|aromatic|citrus|fresh spicy|fruity|warm spicy|woody,False
353288,Coach for Men,152,0,False,True,False,False,False,,citrus,amber|animalic|aromatic|citrus|fresh spicy|fruity|warm spicy|woody,False
353389,Coach for Men,13,3,False,True,False,False,False,clean|fresh|soapy,citrus,amber|animalic|aromatic|citrus|fresh spicy|fruity|warm spicy|woody,True
353405,Coach for Men,9,0,False,False,False,False,False,,citrus,amber|animalic|aromatic|citrus|fresh spicy|fruity|warm spicy|woody,False
353706,Coach for Men,106,0,False,True,False,False,False,,citrus,amber|animalic|aromatic|citrus|fresh spicy|fruity|warm spicy|woody,False
353862,Elizabeth Arden Green Tea,133,8,False,True,False,False,False,fresh|iris|lactonic|milky|musky|powdery|tea|violet,citrus,aromatic|citrus|fresh spicy|green,True
354355,Coach for Men,37,0,False,True,False,False,False,,citrus,amber|animalic|aromatic|citrus|fresh spicy|fruity|warm spicy|woody,False
354422,Carolina Herrera Good Girl,12,0,False,True,True,False,False,,,almond|amber|powdery|vanilla|warm spicy|white floral|woody,False
355557,Coach for Men,25,0,False,False,False,False,False,,citrus,amber|animalic|aromatic|citrus|fresh spicy|fruity|warm spicy|woody,False
355728,Coach for Men,158,12,False,True,False,False,True,aromatic|camphor|coconut|fresh spicy|herbal|inky|metallic|mineral|musky|powdery|tropical|woody,citrus,amber|animalic|aromatic|citrus|fresh spicy|fruity|warm spicy|woody,True
355742,Coach for Men,28,5,False,True,False,False,False,aquatic|clean|fresh|green|musky,citrus,amber|animalic|aromatic|citrus|fresh spicy|fruity|warm spicy|woody,True
355790,Elizabeth Arden Green Tea,85,5,True,False,False,False,False,clean|fresh|musky|oud|sweet,citrus,aromatic|citrus|fresh spicy|green,False
355850,Coach for Men,14,1,False,False,False,False,False,musky,citrus,amber|animalic|aromatic|citrus|fresh spicy|fruity|warm spicy|woody,False
355859,Coach for Men,39,4,False,False,False,False,False,coffee|leather|musky|sensual,citrus,amber|animalic|aromatic|citrus|fresh spicy|fruity|warm spicy|woody,True
355928,Coach for Men,48,4,False,True,False,False,True,amber|musky|vanilla|warm spicy,citrus,amber|animalic|aromatic|citrus|fresh spicy|fruity|warm spicy|woody,True
356025,Coach for Men,10,0,False,True,False,False,False,,citrus,amber|animalic|aromatic|citrus|fresh spicy|fruity|warm spicy|woody,False
356164,Elizabeth Arden Green Tea,213,2,False,True,False,False,False,clean|fresh,citrus,aromatic|citrus|fresh spicy|green,True
356365,Coach for Men,10,2,False,False,False,False,True,sandalwood|woody,citrus,amber|animalic|aromatic|citrus|fresh spicy|fruity|warm spicy|woody,True
356902,Narciso Rodriguez For Her,21,0,False,True,True,False,False,,,amber|fruity|powdery|rose|warm spicy|woody,False
357177,Elizabeth Arden Green Tea,154,5,False,True,False,False,False,clean|floral|fresh|soapy|tea,citrus,aromatic|citrus|fresh spicy|green,True
357306,Coach for Men,65,0,False,True,False,False,False,,citrus,amber|animalic|aromatic|citrus|fresh spicy|fruity|warm spicy|woody,False
357318,Coach for Men,20,1,False,True,False,False,False,fresh,citrus,amber|animalic|aromatic|citrus|fresh spicy|fruity|warm spicy|woody,False
357320,Coach for Men,227,3,False,True,False,False,False,clean|fresh|soapy,citrus,amber|animalic|aromatic|citrus|fresh spicy|fruity|warm spicy|woody,True
357398,Elizabeth Arden Green Tea,47,1,False,False,False,False,False,musky,citrus,aromatic|citrus|fresh spicy|green,False
357453,Elizabeth Arden Green Tea,45,0,False,True,False,False,False,,citrus,aromatic|citrus|fresh spicy|green,False
357543,Coach for Men,12,0,False,True,False,False,False,,citrus,amber|animalic|aromatic|citrus|fresh spicy|fruity|warm spicy|woody,False
357782,Coach for Men,38,5,False,True,False,True,True,citrus|clean|fresh|fruity|woody,citrus,amber|animalic|aromatic|citrus|fresh spicy|fruity|warm spicy|woody,True
357789,Coach for Men,96,8,False,True,False,False,True,aromatic|clean|fresh|fresh spicy|fruity|musky|soapy|woody,citrus,amber|animalic|aromatic|citrus|fresh spicy|fruity|warm spicy|woody,True
358573,Coach for Men,30,2,False,True,False,False,False,earthy|minty,citrus,amber|animalic|aromatic|citrus|fresh spicy|fruity|warm spicy|woody,True
359102,Coach for Men,378,0,False,False,False,False,False,,citrus,amber|animalic|aromatic|citrus|fresh spicy|fruity|warm spicy|woody,False
359411,Coach for Men,108,0,False,True,False,False,False,,citrus,amber|animalic|aromatic|citrus|fresh spicy|fruity|warm spicy|woody,False
359495,Coach for Men,97,3,False,True,False,False,True,aromatic|fresh spicy|woody,citrus,amber|animalic|aromatic|citrus|fresh spicy|fruity|warm spicy|woody,True
359516,Coach for Men,19,2,False,True,False,False,False,clean|fresh,citrus,amber|animalic|aromatic|citrus|fresh spicy|fruity|warm spicy|woody,True
359623,Elizabeth Arden Green Tea,74,3,True,False,False,False,False,musky|oud|sweet,citrus,aromatic|citrus|fresh spicy|green,False
359809,Coach for Men,27,1,False,True,False,False,True,woody,citrus,amber|animalic|aromatic|citrus|fresh spicy|fruity|warm spicy|woody,False
360273,Elizabeth Arden Green Tea,59,0,False,True,False,False,False,,citrus,aromatic|citrus|fresh spicy|green,False
360594,Coach for Men,96,0,False,True,False,False,False,,citrus,amber|animalic|aromatic|citrus|fresh spicy|fruity|warm spicy|woody,False
360595,Coach for Men,96,0,False,True,False,False,False,,citrus,amber|animalic|aromatic|citrus|fresh spicy|fruity|warm spicy|woody,False
360597,Coach for Men,96,0,False,True,False,False,False,,citrus,amber|animalic|aromatic|citrus|fresh spicy|fruity|warm spicy|woody,False
360717,Coach for Men,105,3,False,True,False,False,True,clean|musky|woody,citrus,amber|animalic|aromatic|citrus|fresh spicy|fruity|warm spicy|woody,True
360853,Coach for Men,96,6,False,True,False,False,True,aromatic|clean|fresh spicy|fruity|soapy|woody,citrus,amber|animalic|aromatic|citrus|fresh spicy|fruity|warm spicy|woody,True
360948,Coach for Men,10,0,False,True,False,False,False,,citrus,amber|animalic|aromatic|citrus|fresh spicy|fruity|warm spicy|woody,False
360951,Coach for Men,61,6,False,True,False,False,True,balsamic|clean|coniferous|resinous|soapy|woody,citrus,amber|animalic|aromatic|citrus|fresh spicy|fruity|warm spicy|woody,True
361145,Coach for Men,76,3,False,True,False,False,False,clean|fresh|musky,citrus,amber|animalic|aromatic|citrus|fresh spicy|fruity|warm spicy|woody,True
361202,Gucci Flora Gorgeous Gardenia,11,0,False,True,False,False,False,,white floral,citrus|fruity|white floral,False
361329,Coach for Men,68,3,False,True,False,False,False,floral|powdery|sweet,citrus,amber|animalic|aromatic|citrus|fresh spicy|fruity|warm spicy|woody,True
361383,Coach for Men,34,0,False,True,False,False,False,,citrus,amber|animalic|aromatic|citrus|fresh spicy|fruity|warm spicy|woody,False
361421,Coach for Men,91,4,False,True,False,False,True,amber|clean|iris|oud,citrus,amber|animalic|aromatic|citrus|fresh spicy|fruity|warm spicy|woody,True
362167,Coach for Men,56,0,False,True,False,False,False,,citrus,amber|animalic|aromatic|citrus|fresh spicy|fruity|warm spicy|woody,False
362363,Coach for Men,24,4,False,True,False,False,True,aromatic|herbal|minty|spicy,citrus,amber|animalic|aromatic|citrus|fresh spicy|fruity|warm spicy|woody,True
362561,Coach for Men,57,1,False,True,False,False,False,clean,citrus,amber|animalic|aromatic|citrus|fresh spicy|fruity|warm spicy|woody,False
362961,Elizabeth Arden Green Tea,23,3,False,True,False,False,False,clean|fresh|soapy,citrus,aromatic|citrus|fresh spicy|green,True
362999,Chanel Coco Mademoiselle,58,3,False,True,False,False,False,lactonic|milky|sweet,citrus,citrus|earthy|rose|vanilla|warm spicy|white floral|woody,True
363116,Coach for Men,79,2,True,False,False,False,False,clean|soapy,citrus,amber|animalic|aromatic|citrus|fresh spicy|fruity|warm spicy|woody,False
363234,Elizabeth Arden Green Tea,257,7,False,True,False,False,False,amber|clean|fresh|musky|resinous|soapy|warm spicy,citrus,aromatic|citrus|fresh spicy|green,True
363390,Azzaro Pour Homme,51,0,False,True,False,False,False,,aromatic,aromatic|citrus|earthy|fresh spicy|leather|mossy|powdery|warm spicy|woody,False
363512,Elizabeth Arden Green Tea,247,5,False,True,False,False,False,amber|lactonic|musky|oud|sweet,citrus,aromatic|citrus|fresh spicy|green,True
363752,Coach for Men,12,2,False,True,False,False,False,clean|fresh,citrus,amber|animalic|aromatic|citrus|fresh spicy|fruity|warm spicy|woody,True
363807,Coach for Men,57,3,False,True,False,False,True,aromatic|fresh spicy|woody,citrus,amber|animalic|aromatic|citrus|fresh spicy|fruity|warm spicy|woody,True
363817,Coach for Men,235,4,False,True,False,True,True,citrus|clean|fruity|soapy,citrus,amber|animalic|aromatic|citrus|fresh spicy|fruity|warm spicy|woody,True
363823,Coach for Men,93,1,False,False,False,False,False,musky,citrus,amber|animalic|aromatic|citrus|fresh spicy|fruity|warm spicy|woody,False
364018,Elizabeth Arden Green Tea,14,0,False,False,False,False,False,,citrus,aromatic|citrus|fresh spicy|green,False
364024,Coach for Men,9,5,False,True,False,False,False,aquatic|fresh|marine|minty|salty,citrus,amber|animalic|aromatic|citrus|fresh spicy|fruity|warm spicy|woody,True
364602,Elizabeth Arden Green Tea,118,3,False,True,False,False,False,iris|powdery|violet,citrus,aromatic|citrus|fresh spicy|green,True
364605,Elizabeth Arden Green Tea,54,3,False,True,False,False,False,clean|musky|soapy,citrus,aromatic|citrus|fresh spicy|green,True
364611,Elizabeth Arden Green Tea,11,0,False,True,False,False,False,,citrus,aromatic|citrus|fresh spicy|green,False
364678,Coach for Men,52,3,False,True,False,False,True,aromatic|fresh spicy|woody,citrus,amber|animalic|aromatic|citrus|fresh spicy|fruity|warm spicy|woody,True
365120,Coach for Men,27,0,False,True,False,False,False,,citrus,amber|animalic|aromatic|citrus|fresh spicy|fruity|warm spicy|woody,False
365183,Elizabeth Arden Green Tea,18,3,False,True,False,False,False,aquatic|clean|soapy,citrus,aromatic|citrus|fresh spicy|green,True
365190,Coach for Men,64,3,False,True,False,False,True,clean|fruity|soapy,citrus,amber|animalic|aromatic|citrus|fresh spicy|fruity|warm spicy|woody,True
365236,Coach for Men,22,4,True,False,False,True,True,citrus|clean|fresh|green,citrus,amber|animalic|aromatic|citrus|fresh spicy|fruity|warm spicy|woody,False
365321,Narciso Rodriguez For Her,12,0,False,True,True,False,False,,,amber|fruity|powdery|rose|warm spicy|woody,False
365556,Coach for Men,34,1,False,True,False,False,False,fresh,citrus,amber|animalic|aromatic|citrus|fresh spicy|fruity|warm spicy|woody,False
365639,Coach for Men,58,1,False,True,False,False,True,fruity,citrus,amber|animalic|aromatic|citrus|fresh spicy|fruity|warm spicy|woody,False
365676,Coach for Men,54,0,False,False,False,False,False,,citrus,amber|animalic|aromatic|citrus|fresh spicy|fruity|warm spicy|woody,False
365683,Coach for Men,44,0,False,True,False,False,False,,citrus,amber|animalic|aromatic|citrus|fresh spicy|fruity|warm spicy|woody,False
365949,Coach for Men,219,4,False,True,False,False,True,aromatic|coniferous|fresh spicy|woody,citrus,amber|animalic|aromatic|citrus|fresh spicy|fruity|warm spicy|woody,True
366049,Coach for Men,39,6,False,True,False,False,True,amber|clean|fresh|iris|oud|soapy,citrus,amber|animalic|aromatic|citrus|fresh spicy|fruity|warm spicy|woody,True
366057,Coach for Men,18,4,False,True,False,False,True,coniferous|green|mossy|woody,citrus,amber|animalic|aromatic|citrus|fresh spicy|fruity|warm spicy|woody,True
366078,Coach for Men,60,0,False,True,False,False,False,,citrus,amber|animalic|aromatic|citrus|fresh spicy|fruity|warm spicy|woody,False
366248,Coach for Men,14,0,False,True,False,False,False,,citrus,amber|animalic|aromatic|citrus|fresh spicy|fruity|warm spicy|woody,False
366424,Coach for Men,11,0,False,True,False,False,False,,citrus,amber|animalic|aromatic|citrus|fresh spicy|fruity|warm spicy|woody,False
366524,Coach for Men,28,4,False,True,False,False,True,aromatic|fresh spicy|musky|woody,citrus,amber|animalic|aromatic|citrus|fresh spicy|fruity|warm spicy|woody,True
366567,Coach for Men,12,0,False,False,False,False,False,,citrus,amber|animalic|aromatic|citrus|fresh spicy|fruity|warm spicy|woody,False
366730,Coach for Men,50,0,False,True,False,False,False,,citrus,amber|animalic|aromatic|citrus|fresh spicy|fruity|warm spicy|woody,False
367095,Narciso Rodriguez For Her,56,0,False,False,True,False,False,,,amber|fruity|powdery|rose|warm spicy|woody,False
367253,Elizabeth Arden Green Tea,47,3,False,True,False,False,False,clean|fresh|musky,citrus,aromatic|citrus|fresh spicy|green,True
367536,Coach for Men,31,0,False,True,False,False,False,,citrus,amber|animalic|aromatic|citrus|fresh spicy|fruity|warm spicy|woody,False
367826,Coach for Men,265,6,False,True,False,True,True,citrus|floral|leather|musk|musky|woody,citrus,amber|animalic|aromatic|citrus|fresh spicy|fruity|warm spicy|woody,True
368046,Coach for Men,61,4,False,True,False,True,True,aquatic|citrus|clean|fresh,citrus,amber|animalic|aromatic|citrus|fresh spicy|fruity|warm spicy|woody,True
368104,Coach for Men,24,0,False,True,False,False,False,,citrus,amber|animalic|aromatic|citrus|fresh spicy|fruity|warm spicy|woody,False
368274,Coach for Men,26,1,False,True,False,False,True,woody,citrus,amber|animalic|aromatic|citrus|fresh spicy|fruity|warm spicy|woody,False
368291,Elizabeth Arden Green Tea,157,4,False,True,False,False,False,earthy|musky|warm spicy|woody,citrus,aromatic|citrus|fresh spicy|green,True
368513,Coach for Men,122,3,False,True,False,False,False,clean|musky|soapy,citrus,amber|animalic|aromatic|citrus|fresh spicy|fruity|warm spicy|woody,True
368678,Coach for Men,20,0,False,False,False,False,False,,citrus,amber|animalic|aromatic|citrus|fresh spicy|fruity|warm spicy|woody,False
368768,Coach for Men,152,8,False,True,False,False,True,clean|fruity|iris|minty|powdery|rose|soapy|violet,citrus,amber|animalic|aromatic|citrus|fresh spicy|fruity|warm spicy|woody,True
368832,Coach for Men,43,2,False,True,False,False,False,clean|soapy,citrus,amber|animalic|aromatic|citrus|fresh spicy|fruity|warm spicy|woody,True
368866,Coach for Men,45,0,False,True,False,False,False,,citrus,amber|animalic|aromatic|citrus|fresh spicy|fruity|warm spicy|woody,False
368877,Coach for Men,36,0,False,True,False,False,False,,citrus,amber|animalic|aromatic|citrus|fresh spicy|fruity|warm spicy|woody,False
369055,Coach for Men,27,3,False,False,False,False,False,clean|musky|soapy,citrus,amber|animalic|aromatic|citrus|fresh spicy|fruity|warm spicy|woody,True
369105,Coach for Men,349,12,False,True,False,False,True,amber|clean|fresh|iris|lactonic|milky|oud|powdery|resinous|sweet|violet|warm spicy,citrus,amber|animalic|aromatic|citrus|fresh spicy|fruity|warm spicy|woody,True
369157,Coach for Men,17,0,False,True,False,False,False,,citrus,amber|animalic|aromatic|citrus|fresh spicy|fruity|warm spicy|woody,False
369166,Coach for Men,14,0,False,False,False,False,False,,citrus,amber|animalic|aromatic|citrus|fresh spicy|fruity|warm spicy|woody,False
369516,Coach for Men,42,0,False,True,False,False,False,,citrus,amber|animalic|aromatic|citrus|fresh spicy|fruity|warm spicy|woody,False
369538,Coach for Men,42,7,False,True,False,False,False,aldehydic|aquatic|clean|floral|fresh|minty|powdery,citrus,amber|animalic|aromatic|citrus|fresh spicy|fruity|warm spicy|woody,True
369594,Coach for Men,57,3,False,True,False,False,True,amber|iris|oud,citrus,amber|animalic|aromatic|citrus|fresh spicy|fruity|warm spicy|woody,True
369917,Coach for Men,38,3,False,False,False,False,True,amber|iris|oud,citrus,amber|animalic|aromatic|citrus|fresh spicy|fruity|warm spicy|woody,True
370205,Coach for Men,157,9,False,True,False,False,True,amber|clean|floral|fresh|honey|oud|soapy|sweet|warm,citrus,amber|animalic|aromatic|citrus|fresh spicy|fruity|warm spicy|woody,True
370528,Coach for Men,25,0,False,False,False,False,False,,citrus,amber|animalic|aromatic|citrus|fresh spicy|fruity|warm spicy|woody,False
370704,Elizabeth Arden Green Tea,50,3,False,True,False,False,False,clean|fresh|musky,citrus,aromatic|citrus|fresh spicy|green,True
370770,Elizabeth Arden Green Tea,49,1,False,True,False,False,False,musky,citrus,aromatic|citrus|fresh spicy|green,False
370806,Narciso Rodriguez For Her,101,3,False,True,True,False,False,inky|metallic|musky,,amber|fruity|powdery|rose|warm spicy|woody,False
370926,Elizabeth Arden Green Tea,72,2,False,False,False,False,False,musky|tea,citrus,aromatic|citrus|fresh spicy|green,True
370998,Coach for Men,34,1,False,True,False,False,False,musky,citrus,amber|animalic|aromatic|citrus|fresh spicy|fruity|warm spicy|woody,False
371163,Coach for Men,51,0,False,True,False,False,False,,citrus,amber|animalic|aromatic|citrus|fresh spicy|fruity|warm spicy|woody,False
371698,Coach for Men,9,0,False,True,False,False,False,,citrus,amber|animalic|aromatic|citrus|fresh spicy|fruity|warm spicy|woody,False
371870,Coach for Men,39,1,True,False,False,False,False,clean,citrus,amber|animalic|aromatic|citrus|fresh spicy|fruity|warm spicy|woody,False
372257,Coach for Men,160,2,False,True,False,False,False,clean|musky,citrus,amber|animalic|aromatic|citrus|fresh spicy|fruity|warm spicy|woody,True
372265,Coach for Men,54,3,False,True,False,False,False,clean|musky|soapy,citrus,amber|animalic|aromatic|citrus|fresh spicy|fruity|warm spicy|woody,True
372662,Coach for Men,289,27,False,True,False,False,True,animalic|aromatic|balsamic|beeswax|camphor|clean|coconut|coniferous|earthy|fresh|fruity|green|herbal|lactonic|lavender|milky|minty|mossy|patchouli|powdery|resinous|rose|spicy|sweet|tropical|vanilla|woody,citrus,amber|animalic|aromatic|citrus|fresh spicy|fruity|warm spicy|woody,True
372690,Coach for Men,65,2,False,True,False,True,True,citrus|earthy,citrus,amber|animalic|aromatic|citrus|fresh spicy|fruity|warm spicy|woody,True
372711,Coach for Men,19,0,False,False,False,False,False,,citrus,amber|animalic|aromatic|citrus|fresh spicy|fruity|warm spicy|woody,False
372823,Coach for Men,10,0,False,True,False,False,False,,citrus,amber|animalic|aromatic|citrus|fresh spicy|fruity|warm spicy|woody,False
372993,Coach for Men,39,0,False,True,False,False,False,,citrus,amber|animalic|aromatic|citrus|fresh spicy|fruity|warm spicy|woody,False
373037,Coach for Men,89,3,False,True,False,False,True,amber|oud|sweet,citrus,amber|animalic|aromatic|citrus|fresh spicy|fruity|warm spicy|woody,True
373117,Coach for Men,43,3,False,True,False,False,True,aromatic|fresh spicy|woody,citrus,amber|animalic|aromatic|citrus|fresh spicy|fruity|warm spicy|woody,True
373437,Prada Candy,27,2,False,True,False,False,False,clean|soapy,caramel,amber|caramel|powdery|vanilla|warm spicy,True
373581,Elizabeth Arden Green Tea,11,2,False,False,False,False,False,clean|fresh,citrus,aromatic|citrus|fresh spicy|green,True
373600,Coach for Men,52,0,False,True,False,False,False,,citrus,amber|animalic|aromatic|citrus|fresh spicy|fruity|warm spicy|woody,False
373648,Coach for Men,23,0,False,False,False,False,False,,citrus,amber|animalic|aromatic|citrus|fresh spicy|fruity|warm spicy|woody,False
373683,Coach for Men,18,1,False,True,False,False,False,musky,citrus,amber|animalic|aromatic|citrus|fresh spicy|fruity|warm spicy|woody,False
373700,Coach for Men,39,2,True,False,False,False,False,inky|metallic,citrus,amber|animalic|aromatic|citrus|fresh spicy|fruity|warm spicy|woody,False
374151,Coach for Men,49,2,False,True,False,False,False,clean|fresh,citrus,amber|animalic|aromatic|citrus|fresh spicy|fruity|warm spicy|woody,True
374163,Elizabeth Arden Green Tea,131,3,True,False,False,False,False,clean|fresh|inky,citrus,aromatic|citrus|fresh spicy|green,False
374168,Coach for Men,22,2,False,True,False,False,False,clean|fresh,citrus,amber|animalic|aromatic|citrus|fresh spicy|fruity|warm spicy|woody,True
374204,Coach for Men,77,0,False,True,False,False,False,,citrus,amber|animalic|aromatic|citrus|fresh spicy|fruity|warm spicy|woody,False
374226,Jean Paul Gaultier La Belle,13,0,False,True,False,False,False,,vanilla,amber|aquatic|aromatic|fruity|powdery|vanilla|woody,False
374599,Coach for Men,25,0,False,True,False,False,False,,citrus,amber|animalic|aromatic|citrus|fresh spicy|fruity|warm spicy|woody,False
374607,Mugler Angel,14,3,True,False,True,False,False,clean|fresh|soapy,,caramel|fruity|honey|powdery|vanilla|warm spicy|woody,False
374609,Mugler Angel,14,3,True,False,True,False,False,clean|fresh|soapy,,caramel|fruity|honey|powdery|vanilla|warm spicy|woody,False
375183,Coach for Men,63,3,False,True,False,False,True,aromatic|fresh spicy|woody,citrus,amber|animalic|aromatic|citrus|fresh spicy|fruity|warm spicy|woody,True
375257,Coach for Men,30,8,False,True,False,False,True,aromatic|balsamic|clean|coniferous|fresh spicy|resinous|soapy|woody,citrus,amber|animalic|aromatic|citrus|fresh spicy|fruity|warm spicy|woody,True
375258,Coach for Men,20,3,False,True,False,False,False,clean|fresh|soapy,citrus,amber|animalic|aromatic|citrus|fresh spicy|fruity|warm spicy|woody,True
375540,Coach for Men,9,0,False,True,False,False,False,,citrus,amber|animalic|aromatic|citrus|fresh spicy|fruity|warm spicy|woody,False
375859,Coach for Men,118,11,False,False,False,True,True,aromatic|citrus|clean|coconut|fresh|fresh spicy|fruity|musky|soapy|tropical|woody,citrus,amber|animalic|aromatic|citrus|fresh spicy|fruity|warm spicy|woody,True
376456,Elizabeth Arden Green Tea,43,0,False,True,False,False,False,,citrus,aromatic|citrus|fresh spicy|green,False
376611,Coach for Men,83,5,False,True,False,False,True,coniferous|green|mossy|tea|woody,citrus,amber|animalic|aromatic|citrus|fresh spicy|fruity|warm spicy|woody,True
376653,Mugler Angel,13,0,False,True,True,False,False,,,caramel|fruity|honey|powdery|vanilla|warm spicy|woody,False
376670,Coach for Men,35,0,False,False,False,False,False,,citrus,amber|animalic|aromatic|citrus|fresh spicy|fruity|warm spicy|woody,False
376684,Coach for Men,43,2,False,True,False,False,False,clean|fresh,citrus,amber|animalic|aromatic|citrus|fresh spicy|fruity|warm spicy|woody,True
376775,Coach for Men,39,0,False,True,False,False,False,,citrus,amber|animalic|aromatic|citrus|fresh spicy|fruity|warm spicy|woody,False
376920,Elizabeth Arden Green Tea,110,2,False,False,False,False,False,musky|tea,citrus,aromatic|citrus|fresh spicy|green,True
377002,Azzaro Pour Homme,27,0,False,True,False,False,False,,aromatic,aromatic|citrus|earthy|fresh spicy|leather|mossy|powdery|warm spicy|woody,False
377054,Coach for Men,33,0,False,True,False,False,False,,citrus,amber|animalic|aromatic|citrus|fresh spicy|fruity|warm spicy|woody,False
377108,Coach for Men,387,2,False,True,False,False,False,metallic|musky,citrus,amber|animalic|aromatic|citrus|fresh spicy|fruity|warm spicy|woody,True
377152,Coach for Men,8,1,False,False,False,False,False,clean,citrus,amber|animalic|aromatic|citrus|fresh spicy|fruity|warm spicy|woody,False
377544,Coach for Men,92,8,False,True,False,False,True,amber|clean|fresh|iris|oud|resinous|soapy|warm spicy,citrus,amber|animalic|aromatic|citrus|fresh spicy|fruity|warm spicy|woody,True
377845,Coach for Men,131,0,False,False,False,False,False,,citrus,amber|animalic|aromatic|citrus|fresh spicy|fruity|warm spicy|woody,False
377998,Coach for Men,311,8,False,True,False,False,True,amber|aromatic|fresh spicy|iris|oud|sweet|warm spicy|woody,citrus,amber|animalic|aromatic|citrus|fresh spicy|fruity|warm spicy|woody,True
378027,Elizabeth Arden Green Tea,47,0,False,True,False,False,False,,citrus,aromatic|citrus|fresh spicy|green,False
378092,Coach for Men,15,0,False,True,False,False,False,,citrus,amber|animalic|aromatic|citrus|fresh spicy|fruity|warm spicy|woody,False
378309,Coach for Men,27,0,False,True,False,False,False,,citrus,amber|animalic|aromatic|citrus|fresh spicy|fruity|warm spicy|woody,False
378344,Coach for Men,317,6,False,True,False,False,False,balsamic|powdery|sweet|tea|tobacco|vanilla,citrus,amber|animalic|aromatic|citrus|fresh spicy|fruity|warm spicy|woody,True
378495,Elizabeth Arden Green Tea,100,2,False,True,False,False,False,clean|soapy,citrus,aromatic|citrus|fresh spicy|green,True
378562,Coach for Men,28,0,False,True,False,False,False,,citrus,amber|animalic|aromatic|citrus|fresh spicy|fruity|warm spicy|woody,False
378624,Coach for Men,17,0,False,True,False,False,False,,citrus,amber|animalic|aromatic|citrus|fresh spicy|fruity|warm spicy|woody,False
378929,Coach for Men,49,0,False,False,False,False,False,,citrus,amber|animalic|aromatic|citrus|fresh spicy|fruity|warm spicy|woody,False
379002,Coach for Men,88,3,False,True,False,False,False,clean|fresh|musky,citrus,amber|animalic|aromatic|citrus|fresh spicy|fruity|warm spicy|woody,True
379156,Coach for Men,28,0,False,False,False,False,False,,citrus,amber|animalic|aromatic|citrus|fresh spicy|fruity|warm spicy|woody,False
379168,Coach for Men,23,0,False,True,False,False,False,,citrus,amber|animalic|aromatic|citrus|fresh spicy|fruity|warm spicy|woody,False
379223,Elizabeth Arden Green Tea,99,4,False,True,False,False,False,amber|clean|oud|sweet,citrus,aromatic|citrus|fresh spicy|green,True
379278,Coach for Men,44,3,False,True,False,False,False,aquatic|fresh|green,citrus,amber|animalic|aromatic|citrus|fresh spicy|fruity|warm spicy|woody,True
379470,Coach for Men,58,5,False,True,False,True,True,aquatic|citrus|floral|fresh|green,citrus,amber|animalic|aromatic|citrus|fresh spicy|fruity|warm spicy|woody,True
379755,Coach for Men,24,7,False,True,False,False,True,aromatic|balsamic|fresh spicy|gourmand|powdery|vanilla|woody,citrus,amber|animalic|aromatic|citrus|fresh spicy|fruity|warm spicy|woody,True
379894,Elizabeth Arden Green Tea,40,0,False,True,False,False,False,,citrus,aromatic|citrus|fresh spicy|green,False
379905,Coach for Men,56,0,False,True,False,False,False,,citrus,amber|animalic|aromatic|citrus|fresh spicy|fruity|warm spicy|woody,False
380113,Coach for Men,19,0,False,True,False,False,False,,citrus,amber|animalic|aromatic|citrus|fresh spicy|fruity|warm spicy|woody,False
380157,Coach for Men,11,2,False,False,False,False,False,clean|soapy,citrus,amber|animalic|aromatic|citrus|fresh spicy|fruity|warm spicy|woody,True
380158,Coach for Men,13,2,False,False,False,False,False,clean|fresh,citrus,amber|animalic|aromatic|citrus|fresh spicy|fruity|warm spicy|woody,True
380578,Coach for Men,72,3,False,True,False,False,False,clean|fresh|musky,citrus,amber|animalic|aromatic|citrus|fresh spicy|fruity|warm spicy|woody,True
380729,Viktor & Rolf Flowerbomb,23,1,False,True,True,False,False,spicy,,citrus|powdery|rose|warm spicy|white floral|woody,False
380890,Coach for Men,14,0,False,True,False,False,False,,citrus,amber|animalic|aromatic|citrus|fresh spicy|fruity|warm spicy|woody,False
380966,Tom Ford Tobacco Vanille,26,0,False,True,False,False,False,,vanilla,fruity|powdery|tobacco|vanilla|warm spicy|woody,False
381101,Coach for Men,44,0,False,True,False,False,False,,citrus,amber|animalic|aromatic|citrus|fresh spicy|fruity|warm spicy|woody,False
381157,Coach for Men,15,0,False,True,False,False,False,,citrus,amber|animalic|aromatic|citrus|fresh spicy|fruity|warm spicy|woody,False
381215,Coach for Men,14,0,False,True,False,False,False,,citrus,amber|animalic|aromatic|citrus|fresh spicy|fruity|warm spicy|woody,False
381223,Coach for Men,63,7,False,True,False,False,True,amber|clean|fresh|iris|musky|oud|sensual,citrus,amber|animalic|aromatic|citrus|fresh spicy|fruity|warm spicy|woody,True
381303,Coach for Men,55,0,False,True,False,False,False,,citrus,amber|animalic|aromatic|citrus|fresh spicy|fruity|warm spicy|woody,False
381850,Coach for Men,25,0,False,True,False,False,False,,citrus,amber|animalic|aromatic|citrus|fresh spicy|fruity|warm spicy|woody,False
381895,Coach for Men,273,9,False,True,False,True,True,citrus|clean|coconut|fresh|minty|sweet|tea|tropical|woody,citrus,amber|animalic|aromatic|citrus|fresh spicy|fruity|warm spicy|woody,True
381923,Coach for Men,99,5,False,True,False,False,True,aromatic|fresh spicy|spicy|sweet|woody,citrus,amber|animalic|aromatic|citrus|fresh spicy|fruity|warm spicy|woody,True
381924,Coach for Men,133,4,False,True,False,False,False,aldehydic|floral|iris|sweet,citrus,amber|animalic|aromatic|citrus|fresh spicy|fruity|warm spicy|woody,True
381925,Coach for Men,111,3,False,True,False,False,True,aquatic|fruity|sweet,citrus,amber|animalic|aromatic|citrus|fresh spicy|fruity|warm spicy|woody,True
381998,Coach for Men,54,2,False,True,False,False,False,clean|fresh,citrus,amber|animalic|aromatic|citrus|fresh spicy|fruity|warm spicy|woody,True
382209,Narciso Rodriguez For Her,76,0,False,True,True,False,False,,,amber|fruity|powdery|rose|warm spicy|woody,False
382520,Coach for Men,30,0,False,False,False,False,False,,citrus,amber|animalic|aromatic|citrus|fresh spicy|fruity|warm spicy|woody,False
382585,Coach for Men,69,7,False,True,False,False,True,aromatic|clean|floral|fresh spicy|powdery|sweet|woody,citrus,amber|animalic|aromatic|citrus|fresh spicy|fruity|warm spicy|woody,True
383045,Coach for Men,95,3,False,True,False,False,True,aromatic|herbal|lavender,citrus,amber|animalic|aromatic|citrus|fresh spicy|fruity|warm spicy|woody,True
383096,Coach for Men,45,4,False,True,False,False,True,inky|metallic|sandalwood|woody,citrus,amber|animalic|aromatic|citrus|fresh spicy|fruity|warm spicy|woody,True
383194,Coach for Men,98,0,False,True,False,False,False,,citrus,amber|animalic|aromatic|citrus|fresh spicy|fruity|warm spicy|woody,False
383552,Ajmal Amber Wood,22,3,False,True,False,False,False,clean|fresh|soapy,oud,amber|oud|woody,True
383793,Coach for Men,11,0,False,True,False,False,False,,citrus,amber|animalic|aromatic|citrus|fresh spicy|fruity|warm spicy|woody,False
383836,Coach for Men,15,1,False,False,False,False,False,fresh,citrus,amber|animalic|aromatic|citrus|fresh spicy|fruity|warm spicy|woody,False
383905,Coach for Men,25,0,False,True,False,False,False,,citrus,amber|animalic|aromatic|citrus|fresh spicy|fruity|warm spicy|woody,False
384278,Coach for Men,56,2,True,False,False,False,False,clean|fresh,citrus,amber|animalic|aromatic|citrus|fresh spicy|fruity|warm spicy|woody,False
384381,Coach for Men,89,7,False,True,False,False,True,amber|clean|fresh|musky|ozonic|vanilla|warm spicy,citrus,amber|animalic|aromatic|citrus|fresh spicy|fruity|warm spicy|woody,True
385271,Coach for Men,56,0,False,True,False,False,False,,citrus,amber|animalic|aromatic|citrus|fresh spicy|fruity|warm spicy|woody,False
385508,Coach for Men,192,6,False,True,False,False,False,clean|fresh|iris|powdery|soapy|violet,citrus,amber|animalic|aromatic|citrus|fresh spicy|fruity|warm spicy|woody,True
385524,Elizabeth Arden Green Tea,11,0,False,False,False,False,False,,citrus,aromatic|citrus|fresh spicy|green,False
385674,Elizabeth Arden Green Tea,8,0,False,False,False,False,False,,citrus,aromatic|citrus|fresh spicy|green,False
385801,Coach for Men,87,0,False,True,False,False,False,,citrus,amber|animalic|aromatic|citrus|fresh spicy|fruity|warm spicy|woody,False
385943,Coach for Men,41,3,False,True,False,False,False,clean|fresh|soapy,citrus,amber|animalic|aromatic|citrus|fresh spicy|fruity|warm spicy|woody,True
386116,Coach for Men,31,0,False,True,False,False,False,,citrus,amber|animalic|aromatic|citrus|fresh spicy|fruity|warm spicy|woody,False
386317,Coach for Men,27,2,False,True,False,False,False,clean|soapy,citrus,amber|animalic|aromatic|citrus|fresh spicy|fruity|warm spicy|woody,True
386384,Coach for Men,97,11,False,True,False,True,True,amber|aromatic|citrus|floral|fresh spicy|leather|musk|musky|oud|sweet|woody,citrus,amber|animalic|aromatic|citrus|fresh spicy|fruity|warm spicy|woody,True
386719,Coach for Men,123,6,False,True,False,False,True,amber|aquatic|fresh|minty|oud|sweet,citrus,amber|animalic|aromatic|citrus|fresh spicy|fruity|warm spicy|woody,True
386815,Coach for Men,11,0,False,True,False,False,False,,citrus,amber|animalic|aromatic|citrus|fresh spicy|fruity|warm spicy|woody,False
386857,Coach for Men,8,0,False,False,False,False,False,,citrus,amber|animalic|aromatic|citrus|fresh spicy|fruity|warm spicy|woody,False
386976,Coach for Men,84,1,False,True,False,False,False,musky,citrus,amber|animalic|aromatic|citrus|fresh spicy|fruity|warm spicy|woody,False
387060,Coach for Men,53,3,True,False,False,False,True,clean|fruity|soapy,citrus,amber|animalic|aromatic|citrus|fresh spicy|fruity|warm spicy|woody,False
387322,Carolina Herrera Good Girl,9,0,False,True,True,False,False,,,almond|amber|powdery|vanilla|warm spicy|white floral|woody,False
387472,Coach for Men,10,0,False,True,False,False,False,,citrus,amber|animalic|aromatic|citrus|fresh spicy|fruity|warm spicy|woody,False
387577,Coach for Men,25,0,False,True,False,False,False,,citrus,amber|animalic|aromatic|citrus|fresh spicy|fruity|warm spicy|woody,False
387814,Coach for Men,36,0,False,False,False,False,False,,citrus,amber|animalic|aromatic|citrus|fresh spicy|fruity|warm spicy|woody,False
388334,Coach for Men,16,0,False,True,False,False,False,,citrus,amber|animalic|aromatic|citrus|fresh spicy|fruity|warm spicy|woody,False
388735,Coach for Men,85,3,False,True,False,True,True,citrus|clean|soapy,citrus,amber|animalic|aromatic|citrus|fresh spicy|fruity|warm spicy|woody,True
389080,Coach for Men,12,3,False,True,False,False,True,aromatic|fresh spicy|woody,citrus,amber|animalic|aromatic|citrus|fresh spicy|fruity|warm spicy|woody,True
389335,Narciso Rodriguez For Her,36,3,False,True,True,False,False,aromatic|herbal|lavender,,amber|fruity|powdery|rose|warm spicy|woody,False
389611,Coach for Men,78,2,False,True,False,False,False,clean|soapy,citrus,amber|animalic|aromatic|citrus|fresh spicy|fruity|warm spicy|woody,True
389777,Coach for Men,21,0,False,True,False,False,False,,citrus,amber|animalic|aromatic|citrus|fresh spicy|fruity|warm spicy|woody,False
390387,Coach for Men,67,6,True,False,False,False,True,clean|fresh|fruity|inky|metallic|soapy,citrus,amber|animalic|aromatic|citrus|fresh spicy|fruity|warm spicy|woody,False
390598,Coach for Men,33,0,False,True,False,False,False,,citrus,amber|animalic|aromatic|citrus|fresh spicy|fruity|warm spicy|woody,False
390617,Coach for Men,69,5,True,False,False,False,False,clean|fresh|lactonic|milky|soapy,citrus,amber|animalic|aromatic|citrus|fresh spicy|fruity|warm spicy|woody,False
390831,Dior Homme,33,0,False,True,True,False,False,,,aromatic|earthy|fruity|powdery|violet|woody,False
390846,Coach for Men,20,0,False,True,False,False,False,,citrus,amber|animalic|aromatic|citrus|fresh spicy|fruity|warm spicy|woody,False
391002,Coach for Men,64,6,False,True,False,False,True,balsamic|clean|coniferous|fresh|resinous|woody,citrus,amber|animalic|aromatic|citrus|fresh spicy|fruity|warm spicy|woody,True
391180,Coach for Men,40,0,False,True,False,False,False,,citrus,amber|animalic|aromatic|citrus|fresh spicy|fruity|warm spicy|woody,False
391453,Coach for Men,23,8,False,True,False,True,True,aquatic|citrus|clean|floral|fresh|green|soapy|sweet,citrus,amber|animalic|aromatic|citrus|fresh spicy|fruity|warm spicy|woody,True
391540,Narciso Rodriguez For Her,44,0,False,True,True,False,False,,,amber|fruity|powdery|rose|warm spicy|woody,False
391575,Coach for Men,29,1,False,True,False,False,False,powdery,citrus,amber|animalic|aromatic|citrus|fresh spicy|fruity|warm spicy|woody,False
391759,Coach for Men,32,2,False,True,False,False,False,clean|soapy,citrus,amber|animalic|aromatic|citrus|fresh spicy|fruity|warm spicy|woody,True
391901,Coach for Men,33,0,False,False,False,False,False,,citrus,amber|animalic|aromatic|citrus|fresh spicy|fruity|warm spicy|woody,False
391977,Narciso Rodriguez For Her,30,0,False,True,True,False,False,,,amber|fruity|powdery|rose|warm spicy|woody,False
392191,Elizabeth Arden Green Tea,98,3,False,True,False,False,False,clean|fruity|soapy,citrus,aromatic|citrus|fresh spicy|green,True
392200,Elizabeth Arden Green Tea,55,4,True,False,False,False,False,aquatic|fresh|minty|musky,citrus,aromatic|citrus|fresh spicy|green,False
392274,Coach for Men,8,0,False,True,False,False,False,,citrus,amber|animalic|aromatic|citrus|fresh spicy|fruity|warm spicy|woody,False
392292,Coach for Men,37,2,False,True,False,False,False,floral|musky,citrus,amber|animalic|aromatic|citrus|fresh spicy|fruity|warm spicy|woody,True
392562,Coach for Men,10,0,False,True,False,False,False,,citrus,amber|animalic|aromatic|citrus|fresh spicy|fruity|warm spicy|woody,False
392612,Elizabeth Arden Green Tea,166,3,False,True,False,False,False,lactonic|milky|musky,citrus,aromatic|citrus|fresh spicy|green,True
392855,Coach for Men,12,0,False,False,False,False,False,,citrus,amber|animalic|aromatic|citrus|fresh spicy|fruity|warm spicy|woody,False
392919,Elizabeth Arden Green Tea,108,8,False,True,False,False,False,damp|earthy|incense|leather|minty|musky|oud|smoky,citrus,aromatic|citrus|fresh spicy|green,True
393164,Elizabeth Arden Green Tea,30,0,False,True,False,False,False,,citrus,aromatic|citrus|fresh spicy|green,False
393187,Coach for Men,36,1,False,True,False,False,False,musky,citrus,amber|animalic|aromatic|citrus|fresh spicy|fruity|warm spicy|woody,False
393796,Coach for Men,10,0,False,False,False,False,False,,citrus,amber|animalic|aromatic|citrus|fresh spicy|fruity|warm spicy|woody,False
393983,Elizabeth Arden Green Tea,59,0,False,False,False,False,False,,citrus,aromatic|citrus|fresh spicy|green,False
394478,Narciso Rodriguez For Her,39,0,False,True,True,False,False,,,amber|fruity|powdery|rose|warm spicy|woody,False
394484,Coach for Men,29,0,False,False,False,False,False,,citrus,amber|animalic|aromatic|citrus|fresh spicy|fruity|warm spicy|woody,False
394553,Coach for Men,30,0,False,True,False,False,False,,citrus,amber|animalic|aromatic|citrus|fresh spicy|fruity|warm spicy|woody,False
394861,Coach for Men,21,4,False,True,False,False,True,animalic|earthy|inky|metallic,citrus,amber|animalic|aromatic|citrus|fresh spicy|fruity|warm spicy|woody,True
395013,Coach for Men,16,0,False,True,False,False,False,,citrus,amber|animalic|aromatic|citrus|fresh spicy|fruity|warm spicy|woody,False
395031,Coach for Men,28,1,False,True,False,False,True,warm spicy,citrus,amber|animalic|aromatic|citrus|fresh spicy|fruity|warm spicy|woody,False
395179,Coach for Men,20,0,False,True,False,False,False,,citrus,amber|animalic|aromatic|citrus|fresh spicy|fruity|warm spicy|woody,False
395794,Coach for Men,208,3,False,True,False,False,False,clean|fresh|musky,citrus,amber|animalic|aromatic|citrus|fresh spicy|fruity|warm spicy|woody,True
395805,Coach for Men,135,0,False,False,False,False,False,,citrus,amber|animalic|aromatic|citrus|fresh spicy|fruity|warm spicy|woody,False
395830,Elizabeth Arden Green Tea,98,1,False,True,False,False,False,musky,citrus,aromatic|citrus|fresh spicy|green,False
395837,Coach for Men,183,10,False,True,False,True,True,amber|aromatic|citrus|clean|fresh|fresh spicy|iris|oud|soapy|woody,citrus,amber|animalic|aromatic|citrus|fresh spicy|fruity|warm spicy|woody,True
395988,Coach for Men,8,0,False,True,False,False,False,,citrus,amber|animalic|aromatic|citrus|fresh spicy|fruity|warm spicy|woody,False
396028,Coach for Men,91,2,False,True,False,True,True,citrus|warm spicy,citrus,amber|animalic|aromatic|citrus|fresh spicy|fruity|warm spicy|woody,True
396125,Coach for Men,16,0,False,True,False,False,False,,citrus,amber|animalic|aromatic|citrus|fresh spicy|fruity|warm spicy|woody,False
396137,Coach for Men,17,1,False,True,False,False,False,musky,citrus,amber|animalic|aromatic|citrus|fresh spicy|fruity|warm spicy|woody,False
396183,Coach for Men,29,0,False,True,False,False,False,,citrus,amber|animalic|aromatic|citrus|fresh spicy|fruity|warm spicy|woody,False
396357,Coach for Men,46,0,False,False,False,False,False,,citrus,amber|animalic|aromatic|citrus|fresh spicy|fruity|warm spicy|woody,False
396417,Coach for Men,43,2,False,True,False,False,True,clean|woody,citrus,amber|animalic|aromatic|citrus|fresh spicy|fruity|warm spicy|woody,True
396781,Coach for Men,160,2,True,False,False,False,False,coffee|musky,citrus,amber|animalic|aromatic|citrus|fresh spicy|fruity|warm spicy|woody,False
396808,Coach for Men,94,0,False,False,False,False,False,,citrus,amber|animalic|aromatic|citrus|fresh spicy|fruity|warm spicy|woody,False
396817,Coach for Men,27,2,False,True,False,False,False,clean|soapy,citrus,amber|animalic|aromatic|citrus|fresh spicy|fruity|warm spicy|woody,True
396949,Elizabeth Arden Green Tea,74,0,False,False,False,False,False,,citrus,aromatic|citrus|fresh spicy|green,False
397060,Coach for Men,11,0,False,True,False,False,False,,citrus,amber|animalic|aromatic|citrus|fresh spicy|fruity|warm spicy|woody,False
397082,Coach for Men,39,3,False,True,False,False,False,inky|leather|metallic,citrus,amber|animalic|aromatic|citrus|fresh spicy|fruity|warm spicy|woody,True
397356,Coach for Men,42,3,False,True,False,False,True,clean|fruity|soapy,citrus,amber|animalic|aromatic|citrus|fresh spicy|fruity|warm spicy|woody,True
397361,Elizabeth Arden Green Tea,192,6,False,True,False,False,False,amber|lactonic|milky|musky|oud|sweet,citrus,aromatic|citrus|fresh spicy|green,True
397486,Coach for Men,19,0,True,False,False,False,False,,citrus,amber|animalic|aromatic|citrus|fresh spicy|fruity|warm spicy|woody,False
397663,Coach for Men,43,0,False,False,False,False,False,,citrus,amber|animalic|aromatic|citrus|fresh spicy|fruity|warm spicy|woody,False
397855,Coach for Men,48,0,False,True,False,False,False,,citrus,amber|animalic|aromatic|citrus|fresh spicy|fruity|warm spicy|woody,False
397882,Coach for Men,33,1,False,False,False,False,False,clean,citrus,amber|animalic|aromatic|citrus|fresh spicy|fruity|warm spicy|woody,False
397992,Coach for Men,64,6,False,True,False,False,True,amber|clean|fresh|iris|oud|soapy,citrus,amber|animalic|aromatic|citrus|fresh spicy|fruity|warm spicy|woody,True
398065,Coach for Men,32,0,False,False,False,False,False,,citrus,amber|animalic|aromatic|citrus|fresh spicy|fruity|warm spicy|woody,False
398163,Coach for Men,55,3,False,True,False,False,True,amber|vanilla|warm spicy,citrus,amber|animalic|aromatic|citrus|fresh spicy|fruity|warm spicy|woody,True
398213,Coach for Men,32,0,False,True,False,False,False,,citrus,amber|animalic|aromatic|citrus|fresh spicy|fruity|warm spicy|woody,False
398556,Coach for Men,30,0,False,True,False,False,False,,citrus,amber|animalic|aromatic|citrus|fresh spicy|fruity|warm spicy|woody,False
398576,Juliette Has a Gun Vanilla Vibes,66,1,False,True,False,False,False,musky,vanilla,amber|powdery|vanilla|warm spicy|woody,False
398615,Coach for Men,37,0,False,True,False,False,False,,citrus,amber|animalic|aromatic|citrus|fresh spicy|fruity|warm spicy|woody,False
398660,Coach for Men,159,6,False,True,False,False,True,aromatic|clean|fresh|fresh spicy|musky|woody,citrus,amber|animalic|aromatic|citrus|fresh spicy|fruity|warm spicy|woody,True
398713,Coach for Men,11,4,False,True,False,False,False,clean|fresh|powdery|soapy,citrus,amber|animalic|aromatic|citrus|fresh spicy|fruity|warm spicy|woody,True
398746,Coach for Men,11,2,False,True,False,False,False,inky|metallic,citrus,amber|animalic|aromatic|citrus|fresh spicy|fruity|warm spicy|woody,True
398805,Coach for Men,41,9,False,True,False,False,True,amber|aromatic|fresh spicy|incense|leather|oud|smoky|sweet|woody,citrus,amber|animalic|aromatic|citrus|fresh spicy|fruity|warm spicy|woody,True
399204,Coach for Men,94,2,False,True,False,False,False,clean|fresh,citrus,amber|animalic|aromatic|citrus|fresh spicy|fruity|warm spicy|woody,True
399473,Coach for Men,8,0,False,True,False,False,False,,citrus,amber|animalic|aromatic|citrus|fresh spicy|fruity|warm spicy|woody,False
399476,Coach for Men,21,0,True,False,False,False,False,,citrus,amber|animalic|aromatic|citrus|fresh spicy|fruity|warm spicy|woody,False
399665,Elizabeth Arden Green Tea,114,1,False,True,False,False,False,fresh,citrus,aromatic|citrus|fresh spicy|green,False
399787,Coach for Men,13,0,False,True,False,False,False,,citrus,amber|animalic|aromatic|citrus|fresh spicy|fruity|warm spicy|woody,False
399814,Coach for Men,55,0,False,True,False,False,False,,citrus,amber|animalic|aromatic|citrus|fresh spicy|fruity|warm spicy|woody,False
399899,Coach for Men,10,2,False,False,False,False,False,clean|fresh,citrus,amber|animalic|aromatic|citrus|fresh spicy|fruity|warm spicy|woody,True
399936,Coach for Men,50,0,False,True,False,False,False,,citrus,amber|animalic|aromatic|citrus|fresh spicy|fruity|warm spicy|woody,False
400154,Coach for Men,144,5,False,True,False,False,True,amber|clean|fresh|sweet|warm spicy,citrus,amber|animalic|aromatic|citrus|fresh spicy|fruity|warm spicy|woody,True
400357,Coach for Men,12,1,False,True,False,False,True,woody,citrus,amber|animalic|aromatic|citrus|fresh spicy|fruity|warm spicy|woody,False
400373,Coach for Men,18,1,False,True,False,False,False,coffee,citrus,amber|animalic|aromatic|citrus|fresh spicy|fruity|warm spicy|woody,False
401077,Coach for Men,26,2,False,True,False,False,False,clean|fresh,citrus,amber|animalic|aromatic|citrus|fresh spicy|fruity|warm spicy|woody,True
401108,Coach for Men,113,5,False,True,False,False,True,aromatic|clean|fresh|fresh spicy|woody,citrus,amber|animalic|aromatic|citrus|fresh spicy|fruity|warm spicy|woody,True
401132,Le Labo e Labo Rose 31,10,0,False,True,False,False,False,,woody,amber|aromatic|earthy|fresh spicy|oud|powdery|rose|woody,False
401360,Coach for Men,34,3,False,True,False,False,False,clean|musky|soapy,citrus,amber|animalic|aromatic|citrus|fresh spicy|fruity|warm spicy|woody,True
401364,Coach for Men,101,0,False,True,False,False,False,,citrus,amber|animalic|aromatic|citrus|fresh spicy|fruity|warm spicy|woody,False
401386,Coach for Men,20,2,False,True,False,False,False,clean|soapy,citrus,amber|animalic|aromatic|citrus|fresh spicy|fruity|warm spicy|woody,True
401410,Coach for Men,58,0,False,True,False,False,False,,citrus,amber|animalic|aromatic|citrus|fresh spicy|fruity|warm spicy|woody,False
401782,Coach for Men,12,1,False,True,False,False,False,musky,citrus,amber|animalic|aromatic|citrus|fresh spicy|fruity|warm spicy|woody,False
401826,Coach for Men,15,1,False,False,False,False,False,musky,citrus,amber|animalic|aromatic|citrus|fresh spicy|fruity|warm spicy|woody,False
402162,Elizabeth Arden Green Tea,12,0,False,True,False,False,False,,citrus,aromatic|citrus|fresh spicy|green,False
402263,Coach for Men,15,1,False,True,False,False,False,clean,citrus,amber|animalic|aromatic|citrus|fresh spicy|fruity|warm spicy|woody,False
402483,Coach for Men,61,3,False,True,False,False,True,amber|oud|sweet,citrus,amber|animalic|aromatic|citrus|fresh spicy|fruity|warm spicy|woody,True
402756,Coach for Men,19,0,False,True,False,False,False,,citrus,amber|animalic|aromatic|citrus|fresh spicy|fruity|warm spicy|woody,False
402882,Mugler Angel,14,0,False,True,True,False,False,,,caramel|fruity|honey|powdery|vanilla|warm spicy|woody,False
403135,Coach for Men,44,0,False,True,False,False,False,,citrus,amber|animalic|aromatic|citrus|fresh spicy|fruity|warm spicy|woody,False
403136,Coach for Men,44,0,False,True,False,False,False,,citrus,amber|animalic|aromatic|citrus|fresh spicy|fruity|warm spicy|woody,False
403158,Coach for Men,55,3,False,False,False,True,True,citrus|fresh|fruity,citrus,amber|animalic|aromatic|citrus|fresh spicy|fruity|warm spicy|woody,True
403276,Coach for Men,53,2,False,False,False,False,False,inky|metallic,citrus,amber|animalic|aromatic|citrus|fresh spicy|fruity|warm spicy|woody,True
403490,Coach for Men,33,0,False,True,False,False,False,,citrus,amber|animalic|aromatic|citrus|fresh spicy|fruity|warm spicy|woody,False
403859,Coach for Men,67,2,False,True,False,False,False,alcohol|fresh,citrus,amber|animalic|aromatic|citrus|fresh spicy|fruity|warm spicy|woody,True
403898,Coach for Men,25,0,False,True,False,False,False,,citrus,amber|animalic|aromatic|citrus|fresh spicy|fruity|warm spicy|woody,False
403951,Coach for Men,29,0,True,False,False,False,False,,citrus,amber|animalic|aromatic|citrus|fresh spicy|fruity|warm spicy|woody,False
403977,Dior Sauvage,24,0,False,True,False,False,False,,fresh spicy,amber|aromatic|citrus|fresh spicy,False
403996,Coach for Men,13,2,False,False,False,False,True,sandalwood|woody,citrus,amber|animalic|aromatic|citrus|fresh spicy|fruity|warm spicy|woody,True
404003,Coach for Men,55,1,False,True,False,False,False,musky,citrus,amber|animalic|aromatic|citrus|fresh spicy|fruity|warm spicy|woody,False
404119,Coach for Men,16,2,False,True,False,False,False,musk|musky,citrus,amber|animalic|aromatic|citrus|fresh spicy|fruity|warm spicy|woody,True
404444,Coach for Men,24,1,False,True,False,False,False,clean,citrus,amber|animalic|aromatic|citrus|fresh spicy|fruity|warm spicy|woody,False
404534,Elizabeth Arden Green Tea,8,2,False,False,False,False,False,clean|fresh,citrus,aromatic|citrus|fresh spicy|green,True
404635,Coach for Men,20,1,True,False,False,False,False,clean,citrus,amber|animalic|aromatic|citrus|fresh spicy|fruity|warm spicy|woody,False
404791,Coach for Men,10,1,False,False,False,False,False,fresh,citrus,amber|animalic|aromatic|citrus|fresh spicy|fruity|warm spicy|woody,False
404920,Coach for Men,22,1,False,True,False,False,False,clean,citrus,amber|animalic|aromatic|citrus|fresh spicy|fruity|warm spicy|woody,False
405321,Narciso Rodriguez For Her,77,12,False,True,True,False,True,amber|animalic|balsamic|caramel|clean|fruity|oud|powdery|soapy|sweet|vanilla|warm,,amber|fruity|powdery|rose|warm spicy|woody,False
405603,Coach for Men,99,2,False,True,False,False,False,clean|soapy,citrus,amber|animalic|aromatic|citrus|fresh spicy|fruity|warm spicy|woody,True
405694,Coach for Men,94,0,False,True,False,False,False,,citrus,amber|animalic|aromatic|citrus|fresh spicy|fruity|warm spicy|woody,False
405864,Lorenzo Pazzaglia Black Sea,57,5,False,True,True,False,False,aromatic|fresh spicy|musky|soapy|woody,,amber,False
405945,Coach for Men,99,4,False,True,False,False,False,clean|fresh|musky|soapy,citrus,amber|animalic|aromatic|citrus|fresh spicy|fruity|warm spicy|woody,True
406123,Coach for Men,54,0,False,True,False,False,False,,citrus,amber|animalic|aromatic|citrus|fresh spicy|fruity|warm spicy|woody,False
406190,Coach for Men,11,2,False,False,False,False,False,clean|soapy,citrus,amber|animalic|aromatic|citrus|fresh spicy|fruity|warm spicy|woody,True
406210,Coach for Men,54,2,False,True,False,False,False,clean|fresh,citrus,amber|animalic|aromatic|citrus|fresh spicy|fruity|warm spicy|woody,True
406212,Coach for Men,54,2,False,True,False,False,False,clean|fresh,citrus,amber|animalic|aromatic|citrus|fresh spicy|fruity|warm spicy|woody,True
406233,Coach for Men,243,3,False,True,False,False,False,gourmand|minty|sweet,citrus,amber|animalic|aromatic|citrus|fresh spicy|fruity|warm spicy|woody,True
406327,Coach for Men,41,1,False,True,False,False,False,aquatic,citrus,amber|animalic|aromatic|citrus|fresh spicy|fruity|warm spicy|woody,False
406469,Diptyque Eau des Sens,9,0,False,True,False,False,False,,citrus,amber|aromatic|citrus|fresh spicy|powdery|white floral|woody,False
406629,Coach for Men,106,2,False,True,False,False,False,camphor|herbal,citrus,amber|animalic|aromatic|citrus|fresh spicy|fruity|warm spicy|woody,True
406707,Coach for Men,8,0,False,True,False,False,False,,citrus,amber|animalic|aromatic|citrus|fresh spicy|fruity|warm spicy|woody,False
406882,Coach for Men,42,15,False,False,False,True,True,almond|aromatic|balsamic|cacao|chocolate|citrus|clean|fruity|herbal|lavender|powdery|soapy|sweet|tea|vanilla,citrus,amber|animalic|aromatic|citrus|fresh spicy|fruity|warm spicy|woody,True
406885,Coach for Men,32,0,False,True,False,False,False,,citrus,amber|animalic|aromatic|citrus|fresh spicy|fruity|warm spicy|woody,False
406886,Coach for Men,32,0,False,True,False,False,False,,citrus,amber|animalic|aromatic|citrus|fresh spicy|fruity|warm spicy|woody,False
407029,Coach for Men,11,0,False,True,False,False,False,,citrus,amber|animalic|aromatic|citrus|fresh spicy|fruity|warm spicy|woody,False
407328,Coach for Men,11,3,False,True,False,False,False,aldehydic|chypre|floral,citrus,amber|animalic|aromatic|citrus|fresh spicy|fruity|warm spicy|woody,True
407350,Coach for Men,88,1,False,True,False,False,True,animalic,citrus,amber|animalic|aromatic|citrus|fresh spicy|fruity|warm spicy|woody,False
407370,Coach for Men,19,0,False,False,False,False,False,,citrus,amber|animalic|aromatic|citrus|fresh spicy|fruity|warm spicy|woody,False
407419,Coach for Men,76,3,True,False,False,False,True,clean|fruity|soapy,citrus,amber|animalic|aromatic|citrus|fresh spicy|fruity|warm spicy|woody,False
407455,Coach for Men,147,5,False,True,False,False,True,clean|fresh|leather|soft spicy|woody,citrus,amber|animalic|aromatic|citrus|fresh spicy|fruity|warm spicy|woody,True
407815,Narciso Rodriguez For Her,16,0,False,True,True,False,False,,,amber|fruity|powdery|rose|warm spicy|woody,False
407985,Coach for Men,47,4,False,True,False,False,True,clean|fresh|sandalwood|woody,citrus,amber|animalic|aromatic|citrus|fresh spicy|fruity|warm spicy|woody,True
408322,Coach for Men,13,1,False,True,False,False,False,musky,citrus,amber|animalic|aromatic|citrus|fresh spicy|fruity|warm spicy|woody,False
408360,Coach for Men,45,4,False,True,False,False,True,amber|clean|oud|sweet,citrus,amber|animalic|aromatic|citrus|fresh spicy|fruity|warm spicy|woody,True
408662,Coach for Men,8,0,False,True,False,False,False,,citrus,amber|animalic|aromatic|citrus|fresh spicy|fruity|warm spicy|woody,False
408685,Coach for Men,29,0,False,True,False,False,False,,citrus,amber|animalic|aromatic|citrus|fresh spicy|fruity|warm spicy|woody,False
408793,Coach for Men,17,0,False,True,False,False,False,,citrus,amber|animalic|aromatic|citrus|fresh spicy|fruity|warm spicy|woody,False
408862,Coach for Men,20,2,False,True,False,False,False,clean|soapy,citrus,amber|animalic|aromatic|citrus|fresh spicy|fruity|warm spicy|woody,True
408883,Lattafa Raghba Wood,52,2,False,True,False,False,False,incense|woody,oud,oud|smoky,True
408887,Narciso Rodriguez For Her,28,0,False,True,True,False,False,,,amber|fruity|powdery|rose|warm spicy|woody,False
408926,Coach for Men,30,1,False,True,False,False,False,clean,citrus,amber|animalic|aromatic|citrus|fresh spicy|fruity|warm spicy|woody,False
409116,Coach for Men,8,2,False,False,False,False,False,clean|fresh,citrus,amber|animalic|aromatic|citrus|fresh spicy|fruity|warm spicy|woody,True
409225,Coach for Men,15,0,False,True,False,False,False,,citrus,amber|animalic|aromatic|citrus|fresh spicy|fruity|warm spicy|woody,False
409278,Coach for Men,37,2,False,False,False,False,False,clean|fresh,citrus,amber|animalic|aromatic|citrus|fresh spicy|fruity|warm spicy|woody,True
409514,Coach for Men,141,3,False,True,False,False,False,clean|lactonic|milky,citrus,amber|animalic|aromatic|citrus|fresh spicy|fruity|warm spicy|woody,True
409648,Coach for Men,42,5,False,True,False,False,True,aromatic|coniferous|fresh spicy|resinous|woody,citrus,amber|animalic|aromatic|citrus|fresh spicy|fruity|warm spicy|woody,True
409868,Coach for Men,23,0,False,True,False,False,False,,citrus,amber|animalic|aromatic|citrus|fresh spicy|fruity|warm spicy|woody,False
409935,Coach for Men,64,12,False,True,False,True,True,aldehydic|balsamic|citrus|floral|iris|musk|musky|powdery|sweet|vanilla|warm|woody,citrus,amber|animalic|aromatic|citrus|fresh spicy|fruity|warm spicy|woody,True
409990,Elizabeth Arden Green Tea,12,0,False,True,False,False,False,,citrus,aromatic|citrus|fresh spicy|green,False
410317,Elizabeth Arden Green Tea,63,4,False,True,False,False,False,clean|inky|metallic|soapy,citrus,aromatic|citrus|fresh spicy|green,True
410378,Narciso Rodriguez For Her,50,0,False,True,True,False,False,,,amber|fruity|powdery|rose|warm spicy|woody,False
410675,Coach for Men,36,0,False,True,False,False,False,,citrus,amber|animalic|aromatic|citrus|fresh spicy|fruity|warm spicy|woody,False
410735,Coach for Men,13,0,False,True,False,False,False,,citrus,amber|animalic|aromatic|citrus|fresh spicy|fruity|warm spicy|woody,False
410752,Coach for Men,22,2,False,True,False,False,False,clean|soapy,citrus,amber|animalic|aromatic|citrus|fresh spicy|fruity|warm spicy|woody,True
410902,Azzaro Pour Homme,118,3,False,True,False,False,True,earthy|warm spicy|woody,aromatic,aromatic|citrus|earthy|fresh spicy|leather|mossy|powdery|warm spicy|woody,True
410975,Coach for Men,36,4,False,False,False,False,False,clean|fresh|musky|soapy,citrus,amber|animalic|aromatic|citrus|fresh spicy|fruity|warm spicy|woody,True
410995,Coach for Men,10,2,False,True,False,False,False,boozy|whisky,citrus,amber|animalic|aromatic|citrus|fresh spicy|fruity|warm spicy|woody,True
411200,Coach for Men,14,0,False,True,False,False,False,,citrus,amber|animalic|aromatic|citrus|fresh spicy|fruity|warm spicy|woody,False
411324,Coach for Men,36,4,False,True,False,False,True,aromatic|herbal|musky|sweet,citrus,amber|animalic|aromatic|citrus|fresh spicy|fruity|warm spicy|woody,True
411545,Coach for Men,24,0,False,True,False,False,False,,citrus,amber|animalic|aromatic|citrus|fresh spicy|fruity|warm spicy|woody,False
411571,Coach for Men,11,0,False,False,False,False,False,,citrus,amber|animalic|aromatic|citrus|fresh spicy|fruity|warm spicy|woody,False
411723,Coach for Men,16,0,False,True,False,False,False,,citrus,amber|animalic|aromatic|citrus|fresh spicy|fruity|warm spicy|woody,False
411821,Coach for Men,72,6,False,True,False,False,True,aromatic|clean|fresh spicy|musky|soapy|woody,citrus,amber|animalic|aromatic|citrus|fresh spicy|fruity|warm spicy|woody,True
412145,Coach for Men,24,2,False,False,False,False,False,clean|soapy,citrus,amber|animalic|aromatic|citrus|fresh spicy|fruity|warm spicy|woody,True
412170,Coach for Men,60,4,False,True,False,False,True,balsamic|coniferous|resinous|woody,citrus,amber|animalic|aromatic|citrus|fresh spicy|fruity|warm spicy|woody,True
412481,Coach for Men,17,0,False,False,False,False,False,,citrus,amber|animalic|aromatic|citrus|fresh spicy|fruity|warm spicy|woody,False
413182,Coach for Men,91,0,False,True,False,False,False,,citrus,amber|animalic|aromatic|citrus|fresh spicy|fruity|warm spicy|woody,False
413566,Coach for Men,24,0,False,True,False,False,False,,citrus,amber|animalic|aromatic|citrus|fresh spicy|fruity|warm spicy|woody,False
413741,Coach for Men,40,2,False,True,False,False,False,clean|soapy,citrus,amber|animalic|aromatic|citrus|fresh spicy|fruity|warm spicy|woody,True
413814,Coach for Men,52,1,False,True,False,False,False,musky,citrus,amber|animalic|aromatic|citrus|fresh spicy|fruity|warm spicy|woody,False
413849,Prada Candy,42,6,False,True,False,False,True,aldehydic|floral|fresh|incense|powdery|resinous,caramel,amber|caramel|powdery|vanilla|warm spicy,True
413928,Coach for Men,76,2,False,True,False,False,True,boozy|fruity,citrus,amber|animalic|aromatic|citrus|fresh spicy|fruity|warm spicy|woody,True
414078,Coach for Men,32,2,False,False,False,False,False,clean|soapy,citrus,amber|animalic|aromatic|citrus|fresh spicy|fruity|warm spicy|woody,True
414131,Coach for Men,54,9,False,True,False,False,True,aldehydic|aromatic|camphor|clean|floral|fresh|herbal|iris|musky,citrus,amber|animalic|aromatic|citrus|fresh spicy|fruity|warm spicy|woody,True
414493,Elizabeth Arden Green Tea,64,4,False,True,False,False,False,clean|fresh|lactonic|milky,citrus,aromatic|citrus|fresh spicy|green,True
414498,Coach for Men,148,8,False,True,False,False,True,amber|inky|lactonic|metallic|milky|musky|vanilla|warm spicy,citrus,amber|animalic|aromatic|citrus|fresh spicy|fruity|warm spicy|woody,True
414642,Elizabeth Arden Green Tea,30,3,False,False,False,False,False,iris|powdery|violet,citrus,aromatic|citrus|fresh spicy|green,True
414643,Coach for Men,79,0,False,True,False,False,False,,citrus,amber|animalic|aromatic|citrus|fresh spicy|fruity|warm spicy|woody,False
414687,Coach for Men,9,0,False,False,False,False,False,,citrus,amber|animalic|aromatic|citrus|fresh spicy|fruity|warm spicy|woody,False
414721,Coach for Men,180,4,False,True,False,False,False,clean|musky|powdery|soapy,citrus,amber|animalic|aromatic|citrus|fresh spicy|fruity|warm spicy|woody,True
414813,Coach for Men,21,3,False,True,False,False,True,clean|fruity|soapy,citrus,amber|animalic|aromatic|citrus|fresh spicy|fruity|warm spicy|woody,True
414898,Coach for Men,10,2,False,True,False,False,False,clean|soapy,citrus,amber|animalic|aromatic|citrus|fresh spicy|fruity|warm spicy|woody,True
414930,Coach for Men,24,3,True,False,False,False,True,clean|fruity|soapy,citrus,amber|animalic|aromatic|citrus|fresh spicy|fruity|warm spicy|woody,False
414957,Coach for Men,381,12,False,True,False,True,True,balsamic|citrus|coniferous|floral|fresh|fruity|green|lactonic|milky|musky|resinous|woody,citrus,amber|animalic|aromatic|citrus|fresh spicy|fruity|warm spicy|woody,True
415047,Coach for Men,145,7,False,True,False,False,True,amber|clean|fresh|fruity|iris|oud|soapy,citrus,amber|animalic|aromatic|citrus|fresh spicy|fruity|warm spicy|woody,True
415227,Coach for Men,74,5,False,True,False,True,True,citrus|clean|green|soapy|tea,citrus,amber|animalic|aromatic|citrus|fresh spicy|fruity|warm spicy|woody,True
415236,Coach for Men,14,0,False,True,False,False,False,,citrus,amber|animalic|aromatic|citrus|fresh spicy|fruity|warm spicy|woody,False
415645,Coach for Men,31,2,False,True,False,False,True,spicy|warm spicy,citrus,amber|animalic|aromatic|citrus|fresh spicy|fruity|warm spicy|woody,True
415720,Elizabeth Arden Green Tea,133,3,False,True,False,False,False,clean|fruity|soapy,citrus,aromatic|citrus|fresh spicy|green,True
416133,Coach for Men,15,0,False,True,False,False,False,,citrus,amber|animalic|aromatic|citrus|fresh spicy|fruity|warm spicy|woody,False
416311,Carolina Herrera Good Girl,14,0,False,False,True,False,False,,,almond|amber|powdery|vanilla|warm spicy|white floral|woody,False
416358,Coach for Men,8,0,False,True,False,False,False,,citrus,amber|animalic|aromatic|citrus|fresh spicy|fruity|warm spicy|woody,False
416460,Coach for Men,14,0,False,True,False,False,False,,citrus,amber|animalic|aromatic|citrus|fresh spicy|fruity|warm spicy|woody,False
416506,Coach for Men,275,6,False,True,False,False,True,aromatic|clean|fresh|fresh spicy|musky|woody,citrus,amber|animalic|aromatic|citrus|fresh spicy|fruity|warm spicy|woody,True
416805,Coach for Men,19,2,False,False,False,False,False,clean|fresh,citrus,amber|animalic|aromatic|citrus|fresh spicy|fruity|warm spicy|woody,True
416873,Elizabeth Arden Green Tea,57,3,False,True,False,False,False,clean|fruity|soapy,citrus,aromatic|citrus|fresh spicy|green,True
416876,Elizabeth Arden Green Tea,8,0,False,False,False,False,False,,citrus,aromatic|citrus|fresh spicy|green,False
416892,Azzaro Pour Homme,78,0,False,True,False,False,False,,aromatic,aromatic|citrus|earthy|fresh spicy|leather|mossy|powdery|warm spicy|woody,False
417264,Coach for Men,47,1,False,True,False,False,True,amber,citrus,amber|animalic|aromatic|citrus|fresh spicy|fruity|warm spicy|woody,False
417420,Coach for Men,18,2,False,True,False,False,False,clean|fresh,citrus,amber|animalic|aromatic|citrus|fresh spicy|fruity|warm spicy|woody,True
417550,Elizabeth Arden Green Tea,66,8,False,True,False,False,True,aromatic|camphor|clean|fresh|green|herbal|soapy|tea,citrus,aromatic|citrus|fresh spicy|green,True
417582,Bvlgari Rose Goldea,44,0,False,True,False,False,False,,rose,fresh spicy|powdery|rose|white floral|woody,False
417936,Coach for Men,11,2,False,False,False,False,False,clean|fresh,citrus,amber|animalic|aromatic|citrus|fresh spicy|fruity|warm spicy|woody,True
418073,Coach for Men,59,1,False,True,False,False,False,fresh,citrus,amber|animalic|aromatic|citrus|fresh spicy|fruity|warm spicy|woody,False
418166,Narciso Rodriguez For Her,18,0,False,False,True,False,False,,,amber|fruity|powdery|rose|warm spicy|woody,False
418433,Coach for Men,50,0,False,True,False,False,False,,citrus,amber|animalic|aromatic|citrus|fresh spicy|fruity|warm spicy|woody,False
418462,Coach for Men,28,2,False,False,False,False,False,clean|fresh,citrus,amber|animalic|aromatic|citrus|fresh spicy|fruity|warm spicy|woody,True
418469,Coach for Men,19,0,False,False,False,False,False,,citrus,amber|animalic|aromatic|citrus|fresh spicy|fruity|warm spicy|woody,False
418506,Coach for Men,31,0,False,True,False,False,False,,citrus,amber|animalic|aromatic|citrus|fresh spicy|fruity|warm spicy|woody,False
418507,Coach for Men,47,0,False,False,False,False,False,,citrus,amber|animalic|aromatic|citrus|fresh spicy|fruity|warm spicy|woody,False
418573,Coach for Men,24,2,False,False,False,False,False,clean|fresh,citrus,amber|animalic|aromatic|citrus|fresh spicy|fruity|warm spicy|woody,True
418740,Coach for Men,16,2,False,True,False,False,False,clean|fresh,citrus,amber|animalic|aromatic|citrus|fresh spicy|fruity|warm spicy|woody,True
418784,Coach for Men,12,0,False,True,False,False,False,,citrus,amber|animalic|aromatic|citrus|fresh spicy|fruity|warm spicy|woody,False
418785,Coach for Men,12,0,False,True,False,False,False,,citrus,amber|animalic|aromatic|citrus|fresh spicy|fruity|warm spicy|woody,False
418788,Coach for Men,50,0,False,True,False,False,False,,citrus,amber|animalic|aromatic|citrus|fresh spicy|fruity|warm spicy|woody,False
418847,Coach for Men,29,0,False,True,False,False,False,,citrus,amber|animalic|aromatic|citrus|fresh spicy|fruity|warm spicy|woody,False
419148,Elizabeth Arden Green Tea,56,6,False,True,False,False,False,amber|lactonic|milky|musky|resinous|warm spicy,citrus,aromatic|citrus|fresh spicy|green,True
419223,Coach for Men,16,0,False,True,False,False,False,,citrus,amber|animalic|aromatic|citrus|fresh spicy|fruity|warm spicy|woody,False
419361,Coach for Men,55,1,True,False,False,False,False,musky,citrus,amber|animalic|aromatic|citrus|fresh spicy|fruity|warm spicy|woody,False
419823,Coach for Men,19,0,False,True,False,False,False,,citrus,amber|animalic|aromatic|citrus|fresh spicy|fruity|warm spicy|woody,False
420239,Elizabeth Arden Green Tea,54,8,False,False,False,False,True,aromatic|balsamic|clean|coniferous|fresh spicy|resinous|soapy|woody,citrus,aromatic|citrus|fresh spicy|green,True
420252,Coach for Men,37,1,False,True,False,False,False,leather,citrus,amber|animalic|aromatic|citrus|fresh spicy|fruity|warm spicy|woody,False
420306,Coach for Men,128,11,False,True,False,True,True,aquatic|balsamic|citrus|coconut|floral|fruity|powdery|salty|sweet|tropical|white floral,citrus,amber|animalic|aromatic|citrus|fresh spicy|fruity|warm spicy|woody,True
420381,Coach for Men,62,0,False,False,False,False,False,,citrus,amber|animalic|aromatic|citrus|fresh spicy|fruity|warm spicy|woody,False
420697,Coach for Men,19,0,False,True,False,False,False,,citrus,amber|animalic|aromatic|citrus|fresh spicy|fruity|warm spicy|woody,False
420755,Coach for Men,32,1,False,False,False,False,False,musky,citrus,amber|animalic|aromatic|citrus|fresh spicy|fruity|warm spicy|woody,False
420988,Coach for Men,21,2,False,True,False,False,False,clean|soapy,citrus,amber|animalic|aromatic|citrus|fresh spicy|fruity|warm spicy|woody,True
420995,Coach for Men,121,4,False,True,False,False,True,animalic|musky|oud|woody,citrus,amber|animalic|aromatic|citrus|fresh spicy|fruity|warm spicy|woody,True
420998,Prada Candy,8,4,False,True,False,False,True,amber|musky|sensual|sweet,caramel,amber|caramel|powdery|vanilla|warm spicy,True
421004,Coach for Men,14,0,False,True,False,False,False,,citrus,amber|animalic|aromatic|citrus|fresh spicy|fruity|warm spicy|woody,False
421013,Coach for Men,18,0,False,True,False,False,False,,citrus,amber|animalic|aromatic|citrus|fresh spicy|fruity|warm spicy|woody,False
421018,Coach for Men,40,0,False,True,False,False,False,,citrus,amber|animalic|aromatic|citrus|fresh spicy|fruity|warm spicy|woody,False
421026,Coach for Men,29,4,False,True,False,False,False,aldehydic|floral|iris|musky,citrus,amber|animalic|aromatic|citrus|fresh spicy|fruity|warm spicy|woody,True
421057,Coach for Men,20,0,False,True,False,False,False,,citrus,amber|animalic|aromatic|citrus|fresh spicy|fruity|warm spicy|woody,False
421176,Coach for Men,17,0,False,True,False,False,False,,citrus,amber|animalic|aromatic|citrus|fresh spicy|fruity|warm spicy|woody,False
421292,Coach for Men,32,0,False,True,False,False,False,,citrus,amber|animalic|aromatic|citrus|fresh spicy|fruity|warm spicy|woody,False
421301,Coach for Men,34,0,False,True,False,False,False,,citrus,amber|animalic|aromatic|citrus|fresh spicy|fruity|warm spicy|woody,False
421682,Coach for Men,39,1,False,False,False,False,False,clean,citrus,amber|animalic|aromatic|citrus|fresh spicy|fruity|warm spicy|woody,False
422094,Coach for Men,12,0,False,True,False,False,False,,citrus,amber|animalic|aromatic|citrus|fresh spicy|fruity|warm spicy|woody,False
422096,Coach for Men,143,0,False,True,False,False,False,,citrus,amber|animalic|aromatic|citrus|fresh spicy|fruity|warm spicy|woody,False
422108,Hugo Boss Bottled Oud,79,3,False,True,False,False,True,animalic|musky|oud,warm spicy,citrus|fresh spicy|fruity|green|oud|warm spicy|woody,True
422368,Coach for Men,51,6,False,True,False,False,True,amber|clean|fresh|iris|oud|woody,citrus,amber|animalic|aromatic|citrus|fresh spicy|fruity|warm spicy|woody,True
422448,Coach for Men,74,5,False,True,False,False,False,boozy|clean|fresh|rum|soapy,citrus,amber|animalic|aromatic|citrus|fresh spicy|fruity|warm spicy|woody,True
422592,Coach for Men,41,0,False,True,False,False,False,,citrus,amber|animalic|aromatic|citrus|fresh spicy|fruity|warm spicy|woody,False
422683,Coach for Men,35,5,False,True,False,False,False,floral|green|jasmine|tuberose|white floral,citrus,amber|animalic|aromatic|citrus|fresh spicy|fruity|warm spicy|woody,True
423358,Coach for Men,60,2,False,True,False,False,False,clean|fresh,citrus,amber|animalic|aromatic|citrus|fresh spicy|fruity|warm spicy|woody,True
423614,Coach for Men,72,1,False,True,False,True,True,citrus,citrus,amber|animalic|aromatic|citrus|fresh spicy|fruity|warm spicy|woody,False
423737,Coach for Men,78,2,False,True,False,False,False,clean|fresh,citrus,amber|animalic|aromatic|citrus|fresh spicy|fruity|warm spicy|woody,True
423983,Coach for Men,64,0,False,True,False,False,False,,citrus,amber|animalic|aromatic|citrus|fresh spicy|fruity|warm spicy|woody,False
423987,Coach for Men,25,0,False,True,False,False,False,,citrus,amber|animalic|aromatic|citrus|fresh spicy|fruity|warm spicy|woody,False
424030,Coach for Men,21,0,False,True,False,False,False,,citrus,amber|animalic|aromatic|citrus|fresh spicy|fruity|warm spicy|woody,False
424657,Coach for Men,51,3,True,False,False,False,True,clean|fruity|soapy,citrus,amber|animalic|aromatic|citrus|fresh spicy|fruity|warm spicy|woody,False
424789,Coach for Men,82,2,False,True,False,False,False,clean|fresh,citrus,amber|animalic|aromatic|citrus|fresh spicy|fruity|warm spicy|woody,True
424825,Coach for Men,39,3,False,True,False,False,True,amber|iris|oud,citrus,amber|animalic|aromatic|citrus|fresh spicy|fruity|warm spicy|woody,True
424829,Coach for Men,33,2,True,False,False,False,False,clean|fresh,citrus,amber|animalic|aromatic|citrus|fresh spicy|fruity|warm spicy|woody,False
425137,Coach for Men,14,0,False,True,False,False,False,,citrus,amber|animalic|aromatic|citrus|fresh spicy|fruity|warm spicy|woody,False
425245,Coach for Men,8,0,False,False,False,False,False,,citrus,amber|animalic|aromatic|citrus|fresh spicy|fruity|warm spicy|woody,False
425301,Narciso Rodriguez For Her,64,4,False,True,True,False,True,amber|musky|sensual|sweet,,amber|fruity|powdery|rose|warm spicy|woody,False
425311,Coach for Men,15,0,False,True,False,False,False,,citrus,amber|animalic|aromatic|citrus|fresh spicy|fruity|warm spicy|woody,False
425536,Coach for Men,44,10,False,True,False,True,True,aquatic|balsamic|citrus|coconut|fresh|powdery|salty|sweet|tropical|vanilla,citrus,amber|animalic|aromatic|citrus|fresh spicy|fruity|warm spicy|woody,True
425712,Coach for Men,60,4,True,False,False,False,True,clean|fresh|fruity|soapy,citrus,amber|animalic|aromatic|citrus|fresh spicy|fruity|warm spicy|woody,False
425803,Coach for Men,20,0,True,False,False,False,False,,citrus,amber|animalic|aromatic|citrus|fresh spicy|fruity|warm spicy|woody,False
425901,Coach for Men,34,1,False,False,False,False,False,clean,citrus,amber|animalic|aromatic|citrus|fresh spicy|fruity|warm spicy|woody,False
425908,Coach for Men,47,2,False,True,False,False,False,clean|soapy,citrus,amber|animalic|aromatic|citrus|fresh spicy|fruity|warm spicy|woody,True
425960,Coach for Men,84,1,False,False,False,False,False,resinous,citrus,amber|animalic|aromatic|citrus|fresh spicy|fruity|warm spicy|woody,False
425978,Elizabeth Arden Green Tea,104,0,False,True,False,False,False,,citrus,aromatic|citrus|fresh spicy|green,False
426080,Coach for Men,73,0,False,False,False,False,False,,citrus,amber|animalic|aromatic|citrus|fresh spicy|fruity|warm spicy|woody,False
426081,Elizabeth Arden Green Tea,31,7,False,False,False,False,True,clean|floral|fresh|green|soapy|tea|white floral,citrus,aromatic|citrus|fresh spicy|green,True
426187,Coach for Men,24,2,False,True,False,False,False,inky|metallic,citrus,amber|animalic|aromatic|citrus|fresh spicy|fruity|warm spicy|woody,True
426188,Coach for Men,24,2,False,True,False,False,False,inky|metallic,citrus,amber|animalic|aromatic|citrus|fresh spicy|fruity|warm spicy|woody,True
426314,Coach for Men,8,1,False,True,False,False,False,clean,citrus,amber|animalic|aromatic|citrus|fresh spicy|fruity|warm spicy|woody,False
426631,Coach for Men,33,0,False,True,False,False,False,,citrus,amber|animalic|aromatic|citrus|fresh spicy|fruity|warm spicy|woody,False
427201,Elizabeth Arden Green Tea,44,2,False,True,False,False,False,clean|musky,citrus,aromatic|citrus|fresh spicy|green,True
427250,Coach for Men,107,10,False,True,False,False,True,amber|aromatic|fresh|fresh spicy|green|incense|oud|smoky|spicy|warm,citrus,amber|animalic|aromatic|citrus|fresh spicy|fruity|warm spicy|woody,True
427407,Coach for Men,62,2,False,True,False,False,False,clean|fresh,citrus,amber|animalic|aromatic|citrus|fresh spicy|fruity|warm spicy|woody,True
427462,Coach for Men,56,0,False,False,False,False,False,,citrus,amber|animalic|aromatic|citrus|fresh spicy|fruity|warm spicy|woody,False
427561,Elizabeth Arden Green Tea,62,0,False,True,False,False,False,,citrus,aromatic|citrus|fresh spicy|green,False
427665,Juliette Has a Gun Vanilla Vibes,10,0,False,False,False,False,False,,vanilla,amber|powdery|vanilla|warm spicy|woody,False
427680,Coach for Men,8,0,False,True,False,False,False,,citrus,amber|animalic|aromatic|citrus|fresh spicy|fruity|warm spicy|woody,False
428365,Coach for Men,33,0,False,False,False,False,False,,citrus,amber|animalic|aromatic|citrus|fresh spicy|fruity|warm spicy|woody,False
428472,Coach for Men,50,1,False,True,False,False,False,clean,citrus,amber|animalic|aromatic|citrus|fresh spicy|fruity|warm spicy|woody,False
428733,Elizabeth Arden Green Tea,48,5,False,True,False,False,True,aquatic|fresh|green|minty|musky,citrus,aromatic|citrus|fresh spicy|green,True
429051,Elizabeth Arden Green Tea,28,3,False,False,False,False,False,amber|oud|sweet,citrus,aromatic|citrus|fresh spicy|green,True
429120,Coach for Men,120,6,False,True,False,False,True,clean|fresh|fruity|minty|soapy|tea,citrus,amber|animalic|aromatic|citrus|fresh spicy|fruity|warm spicy|woody,True
429144,Coach for Men,27,0,False,True,False,False,False,,citrus,amber|animalic|aromatic|citrus|fresh spicy|fruity|warm spicy|woody,False
429348,Coach for Men,58,0,False,True,False,False,False,,citrus,amber|animalic|aromatic|citrus|fresh spicy|fruity|warm spicy|woody,False
429471,Elizabeth Arden Green Tea,61,1,False,True,False,False,False,tea,citrus,aromatic|citrus|fresh spicy|green,False
429528,Coach for Men,19,2,False,True,False,False,False,clean|fresh,citrus,amber|animalic|aromatic|citrus|fresh spicy|fruity|warm spicy|woody,True
429826,Coach for Men,184,11,False,True,False,False,True,aromatic|clean|coconut|fresh|fruity|herbal|lavender|rose|smoky|soapy|tropical,citrus,amber|animalic|aromatic|citrus|fresh spicy|fruity|warm spicy|woody,True
429893,Coach for Men,23,0,False,False,False,False,False,,citrus,amber|animalic|aromatic|citrus|fresh spicy|fruity|warm spicy|woody,False
430403,Coach for Men,41,5,False,False,False,False,False,clean|floral|fresh|musky|white floral,citrus,amber|animalic|aromatic|citrus|fresh spicy|fruity|warm spicy|woody,True
430465,Coach for Men,14,0,False,False,False,False,False,,citrus,amber|animalic|aromatic|citrus|fresh spicy|fruity|warm spicy|woody,False
430483,Coach for Men,57,0,False,True,False,False,False,,citrus,amber|animalic|aromatic|citrus|fresh spicy|fruity|warm spicy|woody,False
430563,Coach for Men,36,0,False,True,False,False,False,,citrus,amber|animalic|aromatic|citrus|fresh spicy|fruity|warm spicy|woody,False
430572,Coach for Men,79,0,False,True,False,False,False,,citrus,amber|animalic|aromatic|citrus|fresh spicy|fruity|warm spicy|woody,False
430677,Coach for Men,40,3,False,True,False,False,True,clean|fruity|soapy,citrus,amber|animalic|aromatic|citrus|fresh spicy|fruity|warm spicy|woody,True
430694,Juliette Has a Gun Vanilla Vibes,9,1,False,True,False,False,False,musky,vanilla,amber|powdery|vanilla|warm spicy|woody,False
430801,Coach for Men,26,0,False,False,False,False,False,,citrus,amber|animalic|aromatic|citrus|fresh spicy|fruity|warm spicy|woody,False
431032,Bvlgari Rose Goldea,20,0,False,True,False,False,False,,rose,fresh spicy|powdery|rose|white floral|woody,False
431240,Coach for Men,24,0,False,False,False,False,False,,citrus,amber|animalic|aromatic|citrus|fresh spicy|fruity|warm spicy|woody,False
431457,John Varvatos Artisan Pure,10,1,False,True,False,False,False,musky,citrus,aromatic|citrus|fresh spicy|woody,False
431756,Coach for Men,43,0,False,True,False,False,False,,citrus,amber|animalic|aromatic|citrus|fresh spicy|fruity|warm spicy|woody,False
431824,Coach for Men,11,0,False,True,False,False,False,,citrus,amber|animalic|aromatic|citrus|fresh spicy|fruity|warm spicy|woody,False
432364,Coach for Men,40,0,False,True,False,False,False,,citrus,amber|animalic|aromatic|citrus|fresh spicy|fruity|warm spicy|woody,False
432376,Coach for Men,60,9,False,True,False,False,True,aromatic|clean|fresh|herbal|minty|musky|rose|soapy|spicy,citrus,amber|animalic|aromatic|citrus|fresh spicy|fruity|warm spicy|woody,True
432403,Coach for Men,32,1,False,True,False,False,False,clean,citrus,amber|animalic|aromatic|citrus|fresh spicy|fruity|warm spicy|woody,False
432470,Coach for Men,11,2,False,False,False,False,False,clean|fresh,citrus,amber|animalic|aromatic|citrus|fresh spicy|fruity|warm spicy|woody,True
432586,Elizabeth Arden Green Tea,96,5,False,True,False,False,False,amber|fruity|musky|vanilla|warm spicy,citrus,aromatic|citrus|fresh spicy|green,True
432691,Coach for Men,78,0,False,True,False,False,False,,citrus,amber|animalic|aromatic|citrus|fresh spicy|fruity|warm spicy|woody,False
432936,Elizabeth Arden Green Tea,90,3,False,True,False,False,False,amber|vanilla|warm spicy,citrus,aromatic|citrus|fresh spicy|green,True
433030,Coach for Men,97,4,False,True,False,False,True,clean|fresh|fresh spicy|spicy,citrus,amber|animalic|aromatic|citrus|fresh spicy|fruity|warm spicy|woody,True
433135,Coach for Men,76,0,False,True,False,False,False,,citrus,amber|animalic|aromatic|citrus|fresh spicy|fruity|warm spicy|woody,False
433138,Elizabeth Arden Green Tea,17,1,False,True,False,False,False,clean,citrus,aromatic|citrus|fresh spicy|green,False
433165,Elizabeth Arden Green Tea,24,2,False,True,False,False,False,clean|soapy,citrus,aromatic|citrus|fresh spicy|green,True
433362,Azzaro Pour Homme,9,0,False,True,False,False,False,,aromatic,aromatic|citrus|earthy|fresh spicy|leather|mossy|powdery|warm spicy|woody,False
433453,Coach for Men,40,3,False,True,False,False,True,clean|fruity|soapy,citrus,amber|animalic|aromatic|citrus|fresh spicy|fruity|warm spicy|woody,True
433644,Coach for Men,29,0,False,True,False,False,False,,citrus,amber|animalic|aromatic|citrus|fresh spicy|fruity|warm spicy|woody,False
433722,Coach for Men,21,0,False,False,False,False,False,,citrus,amber|animalic|aromatic|citrus|fresh spicy|fruity|warm spicy|woody,False
433732,Coach for Men,14,0,False,True,False,False,False,,citrus,amber|animalic|aromatic|citrus|fresh spicy|fruity|warm spicy|woody,False
433756,Elizabeth Arden Green Tea,9,0,False,True,False,False,False,,citrus,aromatic|citrus|fresh spicy|green,False
433768,Coach for Men,51,5,False,True,False,False,True,amber|clean|musky|resinous|warm spicy,citrus,amber|animalic|aromatic|citrus|fresh spicy|fruity|warm spicy|woody,True
434173,Coach for Men,38,3,False,True,False,False,False,clean|fresh|soapy,citrus,amber|animalic|aromatic|citrus|fresh spicy|fruity|warm spicy|woody,True
434235,Tom Ford Oud Wood,135,0,False,True,False,False,False,,woody,amber|aromatic|fresh spicy|oud|powdery|vanilla|warm spicy|woody,False
434257,Coach for Men,13,3,True,False,False,False,True,clean|fruity|soapy,citrus,amber|animalic|aromatic|citrus|fresh spicy|fruity|warm spicy|woody,False
434409,Coach for Men,11,0,False,False,False,False,False,,citrus,amber|animalic|aromatic|citrus|fresh spicy|fruity|warm spicy|woody,False
434450,Coach for Men,28,1,False,True,False,False,False,musky,citrus,amber|animalic|aromatic|citrus|fresh spicy|fruity|warm spicy|woody,False
434465,Coach for Men,46,6,False,False,False,False,True,aromatic|clean|fresh spicy|leather|soapy|woody,citrus,amber|animalic|aromatic|citrus|fresh spicy|fruity|warm spicy|woody,True
434474,Coach for Men,28,0,False,True,False,False,False,,citrus,amber|animalic|aromatic|citrus|fresh spicy|fruity|warm spicy|woody,False
434503,Coach for Men,86,0,False,True,False,False,False,,citrus,amber|animalic|aromatic|citrus|fresh spicy|fruity|warm spicy|woody,False
434514,Coach for Men,14,5,False,True,False,False,True,coniferous|earthy|green|mossy|woody,citrus,amber|animalic|aromatic|citrus|fresh spicy|fruity|warm spicy|woody,True
434537,Coach for Men,9,0,False,False,False,False,False,,citrus,amber|animalic|aromatic|citrus|fresh spicy|fruity|warm spicy|woody,False
434796,Gucci Bloom,15,0,False,True,False,False,False,,white floral,animalic|green|white floral,False
434896,Coach for Men,13,0,False,False,False,False,False,,citrus,amber|animalic|aromatic|citrus|fresh spicy|fruity|warm spicy|woody,False
435139,Coach for Men,355,8,False,True,False,False,True,clean|coconut|fresh|fruity|musky|rose|soapy|tropical,citrus,amber|animalic|aromatic|citrus|fresh spicy|fruity|warm spicy|woody,True
435225,Coach for Men,56,0,False,True,False,False,False,,citrus,amber|animalic|aromatic|citrus|fresh spicy|fruity|warm spicy|woody,False
435381,Narciso Rodriguez For Her,16,0,False,True,True,False,False,,,amber|fruity|powdery|rose|warm spicy|woody,False
435413,Coach for Men,89,0,False,True,False,False,False,,citrus,amber|animalic|aromatic|citrus|fresh spicy|fruity|warm spicy|woody,False
435422,Coach for Men,30,0,False,False,False,False,False,,citrus,amber|animalic|aromatic|citrus|fresh spicy|fruity|warm spicy|woody,False
435443,Coach for Men,48,2,False,True,False,False,False,clean|soapy,citrus,amber|animalic|aromatic|citrus|fresh spicy|fruity|warm spicy|woody,True
436145,Coach for Men,25,3,False,True,False,False,False,aquatic|fresh|minty,citrus,amber|animalic|aromatic|citrus|fresh spicy|fruity|warm spicy|woody,True
436173,Coach for Men,11,0,False,False,False,False,False,,citrus,amber|animalic|aromatic|citrus|fresh spicy|fruity|warm spicy|woody,False
436194,Coach for Men,75,3,False,True,False,False,True,clean|fruity|soapy,citrus,amber|animalic|aromatic|citrus|fresh spicy|fruity|warm spicy|woody,True
436686,Tom Ford Black Orchid,56,4,False,True,True,False,False,balsamic|powdery|sweet|vanilla,,earthy|gourmand,False
436747,Coach for Men,37,2,False,True,False,False,True,sandalwood|woody,citrus,amber|animalic|aromatic|citrus|fresh spicy|fruity|warm spicy|woody,True
436789,Coach for Men,18,3,False,True,False,False,True,clean|fruity|soapy,citrus,amber|animalic|aromatic|citrus|fresh spicy|fruity|warm spicy|woody,True
436808,Coach for Men,67,0,False,True,False,False,False,,citrus,amber|animalic|aromatic|citrus|fresh spicy|fruity|warm spicy|woody,False
436922,Coach for Men,15,0,False,True,False,False,False,,citrus,amber|animalic|aromatic|citrus|fresh spicy|fruity|warm spicy|woody,False
436970,Coach for Men,58,3,False,True,False,True,True,citrus|musky|woody,citrus,amber|animalic|aromatic|citrus|fresh spicy|fruity|warm spicy|woody,True
437354,Narciso Rodriguez For Her,245,14,False,True,True,False,True,aquatic|aromatic|clean|coconut|floral|herbal|lavender|marine|powdery|rose|salty|soapy|tropical|warm,,amber|fruity|powdery|rose|warm spicy|woody,False
437360,Coach for Men,126,1,False,True,False,False,False,musky,citrus,amber|animalic|aromatic|citrus|fresh spicy|fruity|warm spicy|woody,False
437414,Elizabeth Arden Green Tea,100,5,False,True,False,False,False,clean|fresh|fruity|soapy|sweet,citrus,aromatic|citrus|fresh spicy|green,True
437489,Juliette Has a Gun Vanilla Vibes,398,10,False,True,False,True,True,balsamic|clean|coconut|fresh|musky|powdery|soapy|sweet|tropical|vanilla,vanilla,amber|powdery|vanilla|warm spicy|woody,True
437639,Elizabeth Arden Green Tea,92,8,False,True,False,False,True,alcohol|coconut|fresh|green|lactonic|milky|tea|tropical,citrus,aromatic|citrus|fresh spicy|green,True
437667,Coach for Men,79,5,False,True,False,False,True,aromatic|fresh spicy|lactonic|milky|woody,citrus,amber|animalic|aromatic|citrus|fresh spicy|fruity|warm spicy|woody,True
437685,Coach for Men,48,3,False,True,False,False,True,aromatic|fresh spicy|woody,citrus,amber|animalic|aromatic|citrus|fresh spicy|fruity|warm spicy|woody,True
437702,Coach for Men,94,4,False,True,False,False,True,aromatic|fresh|fresh spicy|woody,citrus,amber|animalic|aromatic|citrus|fresh spicy|fruity|warm spicy|woody,True
437723,Coach for Men,238,6,False,True,False,False,False,clean|fresh|inky|lactonic|metallic|milky,citrus,amber|animalic|aromatic|citrus|fresh spicy|fruity|warm spicy|woody,True
437725,Coach for Men,145,2,False,False,False,False,False,clean|fresh,citrus,amber|animalic|aromatic|citrus|fresh spicy|fruity|warm spicy|woody,True
438015,Coach for Men,73,0,False,True,False,False,False,,citrus,amber|animalic|aromatic|citrus|fresh spicy|fruity|warm spicy|woody,False
438040,Coach for Men,112,8,False,True,False,False,True,amber|coconut|iris|mineral|musky|oud|powdery|tropical,citrus,amber|animalic|aromatic|citrus|fresh spicy|fruity|warm spicy|woody,True
438059,Coach for Men,33,2,False,True,False,True,True,citrus|warm spicy,citrus,amber|animalic|aromatic|citrus|fresh spicy|fruity|warm spicy|woody,True
438089,Coach for Men,26,5,False,True,False,False,True,amber|iris|lactonic|milky|oud,citrus,amber|animalic|aromatic|citrus|fresh spicy|fruity|warm spicy|woody,True
438126,Coach for Men,99,4,False,True,False,True,True,citrus|smoky|tobacco|warm spicy,citrus,amber|animalic|aromatic|citrus|fresh spicy|fruity|warm spicy|woody,True
438207,Coach for Men,24,1,False,True,False,True,True,citrus,citrus,amber|animalic|aromatic|citrus|fresh spicy|fruity|warm spicy|woody,False
438414,Coach for Men,8,0,False,True,False,False,False,,citrus,amber|animalic|aromatic|citrus|fresh spicy|fruity|warm spicy|woody,False
438417,Coach for Men,19,3,False,True,False,False,False,aldehydic|chypre|floral,citrus,amber|animalic|aromatic|citrus|fresh spicy|fruity|warm spicy|woody,True
438657,Elizabeth Arden Green Tea,36,3,False,True,False,False,True,aromatic|camphor|herbal,citrus,aromatic|citrus|fresh spicy|green,True
438706,Coach for Men,17,4,False,True,False,False,True,clean|fruity|soapy|tea,citrus,amber|animalic|aromatic|citrus|fresh spicy|fruity|warm spicy|woody,True
438707,Coach for Men,17,4,False,True,False,False,True,clean|fruity|soapy|tea,citrus,amber|animalic|aromatic|citrus|fresh spicy|fruity|warm spicy|woody,True
438752,Coach for Men,13,0,False,True,False,False,False,,citrus,amber|animalic|aromatic|citrus|fresh spicy|fruity|warm spicy|woody,False
438857,Coach for Men,96,0,False,True,False,False,False,,citrus,amber|animalic|aromatic|citrus|fresh spicy|fruity|warm spicy|woody,False
438892,Elizabeth Arden Green Tea,71,3,False,False,False,False,False,clean|musky|soapy,citrus,aromatic|citrus|fresh spicy|green,True
438992,Coach for Men,24,0,False,True,False,False,False,,citrus,amber|animalic|aromatic|citrus|fresh spicy|fruity|warm spicy|woody,False
439444,Elizabeth Arden Green Tea,43,1,False,True,False,False,False,musky,citrus,aromatic|citrus|fresh spicy|green,False
439519,Coach for Men,56,0,False,True,False,False,False,,citrus,amber|animalic|aromatic|citrus|fresh spicy|fruity|warm spicy|woody,False
439529,Coach for Men,63,4,False,True,False,False,False,clean|coffee|fresh|soapy,citrus,amber|animalic|aromatic|citrus|fresh spicy|fruity|warm spicy|woody,True
439615,Coach for Men,26,0,False,True,False,False,False,,citrus,amber|animalic|aromatic|citrus|fresh spicy|fruity|warm spicy|woody,False
439761,Coach for Men,62,4,False,True,False,False,True,clean|fresh|patchouli|woody,citrus,amber|animalic|aromatic|citrus|fresh spicy|fruity|warm spicy|woody,True
439838,Azzaro Pour Homme,59,3,False,True,False,False,False,clean|fresh|soft spicy,aromatic,aromatic|citrus|earthy|fresh spicy|leather|mossy|powdery|warm spicy|woody,True
440063,Narciso Rodriguez For Her,16,0,False,True,True,False,False,,,amber|fruity|powdery|rose|warm spicy|woody,False
440090,Coach for Men,21,0,False,False,False,False,False,,citrus,amber|animalic|aromatic|citrus|fresh spicy|fruity|warm spicy|woody,False
440269,Coach for Men,92,2,False,True,False,False,True,animalic|earthy,citrus,amber|animalic|aromatic|citrus|fresh spicy|fruity|warm spicy|woody,True
440272,Elizabeth Arden Green Tea,16,2,False,True,False,False,False,clean|fresh,citrus,aromatic|citrus|fresh spicy|green,True
440382,Coach for Men,14,0,False,True,False,False,False,,citrus,amber|animalic|aromatic|citrus|fresh spicy|fruity|warm spicy|woody,False
440420,Coach for Men,35,2,False,True,False,False,False,clean|soapy,citrus,amber|animalic|aromatic|citrus|fresh spicy|fruity|warm spicy|woody,True
440503,Coach for Men,23,2,False,False,False,False,False,clean|fresh,citrus,amber|animalic|aromatic|citrus|fresh spicy|fruity|warm spicy|woody,True
440772,Coach for Men,38,2,False,False,False,False,False,clean|soapy,citrus,amber|animalic|aromatic|citrus|fresh spicy|fruity|warm spicy|woody,True
440990,Coach for Men,46,0,False,True,False,False,False,,citrus,amber|animalic|aromatic|citrus|fresh spicy|fruity|warm spicy|woody,False
441187,Coach for Men,84,2,False,False,False,False,False,inky|metallic,citrus,amber|animalic|aromatic|citrus|fresh spicy|fruity|warm spicy|woody,True
441206,Coach for Men,97,4,False,True,False,False,False,alcohol|fresh|lactonic|milky,citrus,amber|animalic|aromatic|citrus|fresh spicy|fruity|warm spicy|woody,True
442064,Coach for Men,87,3,False,True,False,False,False,almond|clean|soapy,citrus,amber|animalic|aromatic|citrus|fresh spicy|fruity|warm spicy|woody,True
442583,Coach for Men,115,3,False,True,False,False,True,aromatic|camphor|herbal,citrus,amber|animalic|aromatic|citrus|fresh spicy|fruity|warm spicy|woody,True
442796,Elizabeth Arden Green Tea,90,6,False,True,False,False,False,amber|clean|fresh|musky|oud|sweet,citrus,aromatic|citrus|fresh spicy|green,True
442963,Coach for Men,64,0,False,True,False,False,False,,citrus,amber|animalic|aromatic|citrus|fresh spicy|fruity|warm spicy|woody,False
443188,Coach for Men,17,3,False,True,False,False,False,clean|fresh|musky,citrus,amber|animalic|aromatic|citrus|fresh spicy|fruity|warm spicy|woody,True
443592,Coach for Men,18,0,False,False,False,False,False,,citrus,amber|animalic|aromatic|citrus|fresh spicy|fruity|warm spicy|woody,False
443767,Coach for Men,20,1,False,False,False,False,False,incense,citrus,amber|animalic|aromatic|citrus|fresh spicy|fruity|warm spicy|woody,False
443804,Coach for Men,9,0,False,True,False,False,False,,citrus,amber|animalic|aromatic|citrus|fresh spicy|fruity|warm spicy|woody,False
444048,Coach for Men,40,2,False,True,False,False,False,clean|fresh,citrus,amber|animalic|aromatic|citrus|fresh spicy|fruity|warm spicy|woody,True
444135,Le Labo e Labo Rose 31,20,0,False,True,False,False,False,,woody,amber|aromatic|earthy|fresh spicy|oud|powdery|rose|woody,False
444136,Coach for Men,21,0,False,False,False,False,False,,citrus,amber|animalic|aromatic|citrus|fresh spicy|fruity|warm spicy|woody,False
444557,Coach for Men,263,12,False,True,False,False,True,amber|aromatic|clean|fresh|fresh spicy|herbal|minty|oud|spicy|sweet|tea|woody,citrus,amber|animalic|aromatic|citrus|fresh spicy|fruity|warm spicy|woody,True
444958,Coach for Men,9,0,False,True,False,False,False,,citrus,amber|animalic|aromatic|citrus|fresh spicy|fruity|warm spicy|woody,False
444983,Coach for Men,9,0,False,True,False,False,False,,citrus,amber|animalic|aromatic|citrus|fresh spicy|fruity|warm spicy|woody,False
445013,Coach for Men,120,6,False,True,False,False,True,clean|fresh|lactonic|milky|soapy|woody,citrus,amber|animalic|aromatic|citrus|fresh spicy|fruity|warm spicy|woody,True
445174,Coach for Men,98,2,False,True,False,False,False,clean|fresh,citrus,amber|animalic|aromatic|citrus|fresh spicy|fruity|warm spicy|woody,True
445180,Coach for Men,50,0,False,False,False,False,False,,citrus,amber|animalic|aromatic|citrus|fresh spicy|fruity|warm spicy|woody,False
445185,Coach for Men,52,0,False,True,False,False,False,,citrus,amber|animalic|aromatic|citrus|fresh spicy|fruity|warm spicy|woody,False
445189,Coach for Men,9,0,False,True,False,False,False,,citrus,amber|animalic|aromatic|citrus|fresh spicy|fruity|warm spicy|woody,False
445192,Coach for Men,21,3,False,True,False,False,False,clean|fresh|musky,citrus,amber|animalic|aromatic|citrus|fresh spicy|fruity|warm spicy|woody,True
445267,Coach for Men,45,0,False,True,False,False,False,,citrus,amber|animalic|aromatic|citrus|fresh spicy|fruity|warm spicy|woody,False
445319,Coach for Men,97,2,False,True,False,False,False,clean|fresh,citrus,amber|animalic|aromatic|citrus|fresh spicy|fruity|warm spicy|woody,True
445320,Coach for Men,31,0,False,True,False,False,False,,citrus,amber|animalic|aromatic|citrus|fresh spicy|fruity|warm spicy|woody,False
445323,Coach for Men,14,3,False,True,False,False,True,clean|fruity|soapy,citrus,amber|animalic|aromatic|citrus|fresh spicy|fruity|warm spicy|woody,True
445469,Coach for Men,47,1,False,True,False,False,False,musky,citrus,amber|animalic|aromatic|citrus|fresh spicy|fruity|warm spicy|woody,False
445494,Coach for Men,17,3,False,False,False,False,False,clean|fresh|tea,citrus,amber|animalic|aromatic|citrus|fresh spicy|fruity|warm spicy|woody,True
445739,Viktor & Rolf Bonbon,26,0,False,False,False,False,False,,citrus,caramel|citrus|fruity|white floral|woody,False
445894,Coach for Men,39,0,False,True,False,False,False,,citrus,amber|animalic|aromatic|citrus|fresh spicy|fruity|warm spicy|woody,False
446009,Coach for Men,36,0,False,True,False,False,False,,citrus,amber|animalic|aromatic|citrus|fresh spicy|fruity|warm spicy|woody,False
446075,Coach for Men,19,0,False,True,False,False,False,,citrus,amber|animalic|aromatic|citrus|fresh spicy|fruity|warm spicy|woody,False
446609,Narciso Rodriguez For Her,39,2,False,True,True,False,False,alcohol|fresh,,amber|fruity|powdery|rose|warm spicy|woody,False
446837,Coach for Men,14,0,False,True,False,False,False,,citrus,amber|animalic|aromatic|citrus|fresh spicy|fruity|warm spicy|woody,False
447311,Coach for Men,35,0,False,False,False,False,False,,citrus,amber|animalic|aromatic|citrus|fresh spicy|fruity|warm spicy|woody,False
447527,Coach for Men,36,3,False,True,False,False,True,animalic|oud|woody,citrus,amber|animalic|aromatic|citrus|fresh spicy|fruity|warm spicy|woody,True
447694,Coach for Men,308,10,False,True,False,False,True,amber|clean|coconut|fruity|musky|oud|powdery|soapy|sweet|tropical,citrus,amber|animalic|aromatic|citrus|fresh spicy|fruity|warm spicy|woody,True
447856,Coach for Men,57,3,False,True,False,False,False,alcohol|chocolate|fresh,citrus,amber|animalic|aromatic|citrus|fresh spicy|fruity|warm spicy|woody,True
447897,Elizabeth Arden Green Tea,27,0,False,True,False,False,False,,citrus,aromatic|citrus|fresh spicy|green,False
448119,Coach for Men,63,3,False,True,False,False,False,clean|musky|soapy,citrus,amber|animalic|aromatic|citrus|fresh spicy|fruity|warm spicy|woody,True
448569,Coach for Men,135,2,False,True,False,False,False,green|tea,citrus,amber|animalic|aromatic|citrus|fresh spicy|fruity|warm spicy|woody,True
449777,Coach for Men,31,0,False,False,False,False,False,,citrus,amber|animalic|aromatic|citrus|fresh spicy|fruity|warm spicy|woody,False
449844,Coach for Men,281,1,False,True,False,False,False,floral,citrus,amber|animalic|aromatic|citrus|fresh spicy|fruity|warm spicy|woody,False
449853,Coach for Men,9,0,False,True,False,False,False,,citrus,amber|animalic|aromatic|citrus|fresh spicy|fruity|warm spicy|woody,False
449885,Coach for Men,14,2,False,True,False,False,False,clean|fresh,citrus,amber|animalic|aromatic|citrus|fresh spicy|fruity|warm spicy|woody,True
449993,Coach for Men,38,0,False,True,False,False,False,,citrus,amber|animalic|aromatic|citrus|fresh spicy|fruity|warm spicy|woody,False
450003,Mugler Angel,18,0,False,True,True,False,False,,,caramel|fruity|honey|powdery|vanilla|warm spicy|woody,False
450050,Coach for Men,179,0,False,True,False,False,False,,citrus,amber|animalic|aromatic|citrus|fresh spicy|fruity|warm spicy|woody,False
450070,Coach for Men,113,3,True,False,False,False,True,clean|fruity|soapy,citrus,amber|animalic|aromatic|citrus|fresh spicy|fruity|warm spicy|woody,False
450071,Coach for Men,113,3,True,False,False,False,True,clean|fruity|soapy,citrus,amber|animalic|aromatic|citrus|fresh spicy|fruity|warm spicy|woody,False
450118,Coach for Men,30,0,False,True,False,False,False,,citrus,amber|animalic|aromatic|citrus|fresh spicy|fruity|warm spicy|woody,False
450142,Coach for Men,43,0,False,False,False,False,False,,citrus,amber|animalic|aromatic|citrus|fresh spicy|fruity|warm spicy|woody,False
450154,Coach for Men,22,1,False,True,False,False,True,warm spicy,citrus,amber|animalic|aromatic|citrus|fresh spicy|fruity|warm spicy|woody,False
450157,Elizabeth Arden Green Tea,24,1,False,True,False,False,False,fresh,citrus,aromatic|citrus|fresh spicy|green,False
450330,Coach for Men,11,0,False,True,False,False,False,,citrus,amber|animalic|aromatic|citrus|fresh spicy|fruity|warm spicy|woody,False
450335,Coach for Men,11,0,False,True,False,False,False,,citrus,amber|animalic|aromatic|citrus|fresh spicy|fruity|warm spicy|woody,False
450378,Coach for Men,26,0,False,True,False,False,False,,citrus,amber|animalic|aromatic|citrus|fresh spicy|fruity|warm spicy|woody,False
450397,Coach for Men,37,1,False,True,False,False,False,clean,citrus,amber|animalic|aromatic|citrus|fresh spicy|fruity|warm spicy|woody,False
450409,Coach for Men,28,0,False,True,False,False,False,,citrus,amber|animalic|aromatic|citrus|fresh spicy|fruity|warm spicy|woody,False
450562,Coach for Men,32,1,False,True,False,False,False,clean,citrus,amber|animalic|aromatic|citrus|fresh spicy|fruity|warm spicy|woody,False
450586,Coach for Men,27,1,False,True,False,False,False,musky,citrus,amber|animalic|aromatic|citrus|fresh spicy|fruity|warm spicy|woody,False
450616,Coach for Men,11,0,False,True,False,False,False,,citrus,amber|animalic|aromatic|citrus|fresh spicy|fruity|warm spicy|woody,False
450700,Coach for Men,90,3,False,True,False,False,False,clean|musky|soapy,citrus,amber|animalic|aromatic|citrus|fresh spicy|fruity|warm spicy|woody,True
450784,Coach for Men,10,0,False,False,False,False,False,,citrus,amber|animalic|aromatic|citrus|fresh spicy|fruity|warm spicy|woody,False
450819,Elizabeth Arden Green Tea,42,3,True,False,False,False,False,clean|fruity|soapy,citrus,aromatic|citrus|fresh spicy|green,False
450847,Coach for Men,36,3,False,False,False,False,False,clean|musky|soapy,citrus,amber|animalic|aromatic|citrus|fresh spicy|fruity|warm spicy|woody,True
450899,Coach for Men,9,2,False,True,False,False,False,clean|fresh,citrus,amber|animalic|aromatic|citrus|fresh spicy|fruity|warm spicy|woody,True
451339,Coach for Men,56,0,False,True,False,False,False,,citrus,amber|animalic|aromatic|citrus|fresh spicy|fruity|warm spicy|woody,False
451572,Coach for Men,38,5,False,True,False,True,True,aromatic|citrus|fruity|herbal|rose,citrus,amber|animalic|aromatic|citrus|fresh spicy|fruity|warm spicy|woody,True
451715,Coach for Men,72,1,False,True,False,False,False,musky,citrus,amber|animalic|aromatic|citrus|fresh spicy|fruity|warm spicy|woody,False
452228,Elizabeth Arden Green Tea,18,3,False,True,False,False,False,amber|iris|oud,citrus,aromatic|citrus|fresh spicy|green,True
452391,Coach for Men,16,0,False,True,False,False,False,,citrus,amber|animalic|aromatic|citrus|fresh spicy|fruity|warm spicy|woody,False
452444,Coach for Men,53,12,False,True,False,True,True,aromatic|boozy|citrus|clean|coniferous|fresh|fresh spicy|green|mossy|tobacco|whisky|woody,citrus,amber|animalic|aromatic|citrus|fresh spicy|fruity|warm spicy|woody,True
452535,Coach for Men,76,2,False,True,False,False,False,lactonic|musky,citrus,amber|animalic|aromatic|citrus|fresh spicy|fruity|warm spicy|woody,True
452561,Elizabeth Arden Green Tea,12,2,False,True,False,False,False,clean|fresh,citrus,aromatic|citrus|fresh spicy|green,True
452572,Narciso Rodriguez For Her,12,0,False,True,True,False,False,,,amber|fruity|powdery|rose|warm spicy|woody,False
452613,Elizabeth Arden Green Tea,63,2,False,True,False,False,False,inky|metallic,citrus,aromatic|citrus|fresh spicy|green,True
452620,Coach for Men,16,2,False,False,False,False,False,clean|fresh,citrus,amber|animalic|aromatic|citrus|fresh spicy|fruity|warm spicy|woody,True
452713,Tom Ford Black Orchid,14,1,True,False,True,False,False,musky,,earthy|gourmand,False
452714,Coach for Men,126,7,False,True,False,False,False,aquatic|clean|coconut|fresh|salty|soapy|tropical,citrus,amber|animalic|aromatic|citrus|fresh spicy|fruity|warm spicy|woody,True
452789,Elizabeth Arden Green Tea,105,3,False,True,False,False,False,clean|fresh|fruity,citrus,aromatic|citrus|fresh spicy|green,True
453184,Coach for Men,28,0,False,False,False,False,False,,citrus,amber|animalic|aromatic|citrus|fresh spicy|fruity|warm spicy|woody,False
453285,Chanel Bleu de Chanel,23,1,False,True,False,False,False,fresh,citrus,amber|aromatic|citrus|fresh spicy|powdery|smoky|warm spicy|woody,False
453286,Elizabeth Arden Green Tea,25,1,False,True,False,False,False,floral,citrus,aromatic|citrus|fresh spicy|green,False
453413,Coach for Men,26,0,False,True,False,False,False,,citrus,amber|animalic|aromatic|citrus|fresh spicy|fruity|warm spicy|woody,False
453462,Coach for Men,10,0,False,True,False,False,False,,citrus,amber|animalic|aromatic|citrus|fresh spicy|fruity|warm spicy|woody,False
453499,Coach for Men,66,2,False,True,False,False,False,lactonic|milky,citrus,amber|animalic|aromatic|citrus|fresh spicy|fruity|warm spicy|woody,True
453814,Coach for Men,39,0,False,True,False,False,False,,citrus,amber|animalic|aromatic|citrus|fresh spicy|fruity|warm spicy|woody,False
453832,Coach for Men,53,5,False,True,False,True,True,amber|citrus|fruity|vanilla|warm spicy,citrus,amber|animalic|aromatic|citrus|fresh spicy|fruity|warm spicy|woody,True
453836,Coach for Men,53,5,False,True,False,True,True,amber|citrus|fruity|vanilla|warm spicy,citrus,amber|animalic|aromatic|citrus|fresh spicy|fruity|warm spicy|woody,True
453889,Juliette Has a Gun Vanilla Vibes,12,2,False,True,False,False,False,lactonic|milky,vanilla,amber|powdery|vanilla|warm spicy|woody,True
453932,Coach for Men,46,0,False,True,False,False,False,,citrus,amber|animalic|aromatic|citrus|fresh spicy|fruity|warm spicy|woody,False
454085,Coach for Men,34,0,False,True,False,False,False,,citrus,amber|animalic|aromatic|citrus|fresh spicy|fruity|warm spicy|woody,False
454087,Coach for Men,47,0,False,True,False,False,False,,citrus,amber|animalic|aromatic|citrus|fresh spicy|fruity|warm spicy|woody,False
454089,Coach for Men,57,4,False,True,False,False,False,clean|fresh|musky|soapy,citrus,amber|animalic|aromatic|citrus|fresh spicy|fruity|warm spicy|woody,True
454091,Coach for Men,71,2,False,True,False,False,False,clean|soapy,citrus,amber|animalic|aromatic|citrus|fresh spicy|fruity|warm spicy|woody,True
454099,Coach for Men,40,3,False,True,False,False,False,clean|fresh|soapy,citrus,amber|animalic|aromatic|citrus|fresh spicy|fruity|warm spicy|woody,True
454103,Coach for Men,14,0,False,True,False,False,False,,citrus,amber|animalic|aromatic|citrus|fresh spicy|fruity|warm spicy|woody,False
454139,Coach for Men,11,0,False,True,False,False,False,,citrus,amber|animalic|aromatic|citrus|fresh spicy|fruity|warm spicy|woody,False
454194,Coach for Men,48,0,False,True,False,False,False,,citrus,amber|animalic|aromatic|citrus|fresh spicy|fruity|warm spicy|woody,False
454266,Elizabeth Arden Green Tea,50,0,False,True,False,False,False,,citrus,aromatic|citrus|fresh spicy|green,False
454694,Coach for Men,47,0,False,True,False,False,False,,citrus,amber|animalic|aromatic|citrus|fresh spicy|fruity|warm spicy|woody,False
454925,Coach for Men,17,0,False,False,False,False,False,,citrus,amber|animalic|aromatic|citrus|fresh spicy|fruity|warm spicy|woody,False
455030,Jean Paul Gaultier La Belle,12,0,False,True,False,False,False,,vanilla,amber|aquatic|aromatic|fruity|powdery|vanilla|woody,False
455107,Coach for Men,18,0,False,True,False,False,False,,citrus,amber|animalic|aromatic|citrus|fresh spicy|fruity|warm spicy|woody,False
455195,Coach for Men,16,0,False,True,False,False,False,,citrus,amber|animalic|aromatic|citrus|fresh spicy|fruity|warm spicy|woody,False
455237,Coach for Men,15,2,False,False,False,False,False,clean|fresh,citrus,amber|animalic|aromatic|citrus|fresh spicy|fruity|warm spicy|woody,True
455670,Azzaro Pour Homme,38,0,False,True,False,False,False,,aromatic,aromatic|citrus|earthy|fresh spicy|leather|mossy|powdery|warm spicy|woody,False
455710,Azzaro Pour Homme,12,0,False,True,False,False,False,,aromatic,aromatic|citrus|earthy|fresh spicy|leather|mossy|powdery|warm spicy|woody,False
455824,Azzaro Pour Homme,59,0,False,True,False,False,False,,aromatic,aromatic|citrus|earthy|fresh spicy|leather|mossy|powdery|warm spicy|woody,False
455875,Coach for Men,97,0,False,True,False,False,False,,citrus,amber|animalic|aromatic|citrus|fresh spicy|fruity|warm spicy|woody,False
455924,Coach for Men,13,1,False,False,False,False,False,musky,citrus,amber|animalic|aromatic|citrus|fresh spicy|fruity|warm spicy|woody,False
456001,Coach for Men,67,5,False,True,False,True,True,citrus|clean|fresh|soapy|warm spicy,citrus,amber|animalic|aromatic|citrus|fresh spicy|fruity|warm spicy|woody,True
456274,Coach for Men,13,0,False,True,False,False,False,,citrus,amber|animalic|aromatic|citrus|fresh spicy|fruity|warm spicy|woody,False
456386,Coach for Men,12,0,False,True,False,False,False,,citrus,amber|animalic|aromatic|citrus|fresh spicy|fruity|warm spicy|woody,False
456572,Elizabeth Arden Green Tea,22,1,False,True,False,False,False,tea,citrus,aromatic|citrus|fresh spicy|green,False
456770,Diptyque Philosykos,23,0,False,True,False,False,False,,earthy,earthy|fruity|green|woody,False
456916,Coach for Men,18,0,False,True,False,False,False,,citrus,amber|animalic|aromatic|citrus|fresh spicy|fruity|warm spicy|woody,False
457294,Coach for Men,47,2,False,True,False,False,False,clean|soapy,citrus,amber|animalic|aromatic|citrus|fresh spicy|fruity|warm spicy|woody,True
457355,Coach for Men,28,2,False,True,False,False,False,lactonic|milky,citrus,amber|animalic|aromatic|citrus|fresh spicy|fruity|warm spicy|woody,True
457553,Coach for Men,40,4,False,True,False,False,False,clean|fresh|soapy|sweet,citrus,amber|animalic|aromatic|citrus|fresh spicy|fruity|warm spicy|woody,True
457717,Coach for Men,53,2,False,True,False,False,False,clean|fresh,citrus,amber|animalic|aromatic|citrus|fresh spicy|fruity|warm spicy|woody,True
457719,Coach for Men,126,0,False,True,False,False,False,,citrus,amber|animalic|aromatic|citrus|fresh spicy|fruity|warm spicy|woody,False
457776,Coach for Men,34,0,False,True,False,False,False,,citrus,amber|animalic|aromatic|citrus|fresh spicy|fruity|warm spicy|woody,False
457784,Coach for Men,18,3,False,False,False,False,False,clean|musky|soapy,citrus,amber|animalic|aromatic|citrus|fresh spicy|fruity|warm spicy|woody,True
458347,Coach for Men,40,4,False,False,False,False,True,aromatic|herbal|minty|spicy,citrus,amber|animalic|aromatic|citrus|fresh spicy|fruity|warm spicy|woody,True
458349,Coach for Men,93,3,False,True,False,False,True,mossy|musky|woody,citrus,amber|animalic|aromatic|citrus|fresh spicy|fruity|warm spicy|woody,True
458385,Coach for Men,29,2,False,True,False,False,False,clean|soapy,citrus,amber|animalic|aromatic|citrus|fresh spicy|fruity|warm spicy|woody,True
458386,Coach for Men,29,2,False,True,False,False,False,clean|soapy,citrus,amber|animalic|aromatic|citrus|fresh spicy|fruity|warm spicy|woody,True
458536,Coach for Men,10,1,False,True,False,False,False,fresh,citrus,amber|animalic|aromatic|citrus|fresh spicy|fruity|warm spicy|woody,False
459616,Coach for Men,191,3,False,True,False,False,False,clean|fresh|musky,citrus,amber|animalic|aromatic|citrus|fresh spicy|fruity|warm spicy|woody,True
459694,Coach for Men,14,2,False,False,False,False,False,inky|metallic,citrus,amber|animalic|aromatic|citrus|fresh spicy|fruity|warm spicy|woody,True
460034,Coach for Men,41,1,False,True,False,False,False,musky,citrus,amber|animalic|aromatic|citrus|fresh spicy|fruity|warm spicy|woody,False
460147,Coach for Men,34,6,False,True,False,False,True,aromatic|herbal|minty|patchouli|spicy|woody,citrus,amber|animalic|aromatic|citrus|fresh spicy|fruity|warm spicy|woody,True
460377,Elizabeth Arden Green Tea,14,1,False,True,False,False,False,musky,citrus,aromatic|citrus|fresh spicy|green,False
460630,Coach for Men,8,2,False,False,False,False,False,clean|fresh,citrus,amber|animalic|aromatic|citrus|fresh spicy|fruity|warm spicy|woody,True
460661,Coach for Men,24,7,False,False,False,False,True,amber|animalic|aromatic|fresh spicy|iris|oud|woody,citrus,amber|animalic|aromatic|citrus|fresh spicy|fruity|warm spicy|woody,True
460675,Elizabeth Arden Green Tea,55,1,False,False,False,False,False,musky,citrus,aromatic|citrus|fresh spicy|green,False
460814,Coach for Men,64,0,False,True,False,False,False,,citrus,amber|animalic|aromatic|citrus|fresh spicy|fruity|warm spicy|woody,False
460844,Coach for Men,140,4,False,False,False,False,False,aquatic|clean|fresh|minty,citrus,amber|animalic|aromatic|citrus|fresh spicy|fruity|warm spicy|woody,True
461524,Coach for Men,62,2,False,False,False,False,False,inky|metallic,citrus,amber|animalic|aromatic|citrus|fresh spicy|fruity|warm spicy|woody,True
461547,Coach for Men,70,5,False,True,False,False,False,clean|inky|musky|powdery|soapy,citrus,amber|animalic|aromatic|citrus|fresh spicy|fruity|warm spicy|woody,True
461621,Elizabeth Arden Green Tea,64,4,False,True,False,False,False,clean|fresh|fruity|soapy,citrus,aromatic|citrus|fresh spicy|green,True
461671,Narciso Rodriguez For Her,113,7,False,True,True,False,True,aromatic|clean|floral|herbal|lavender|rose|soapy,,amber|fruity|powdery|rose|warm spicy|woody,False
461881,Coach for Men,18,0,False,False,False,False,False,,citrus,amber|animalic|aromatic|citrus|fresh spicy|fruity|warm spicy|woody,False
461904,Coach for Men,31,1,False,True,False,False,False,musky,citrus,amber|animalic|aromatic|citrus|fresh spicy|fruity|warm spicy|woody,False
461907,Coach for Men,14,4,False,True,False,True,True,citrus|musky|patchouli|woody,citrus,amber|animalic|aromatic|citrus|fresh spicy|fruity|warm spicy|woody,True
461922,Coach for Men,54,2,False,False,False,False,False,fresh|soapy,citrus,amber|animalic|aromatic|citrus|fresh spicy|fruity|warm spicy|woody,True
461950,Coach for Men,9,0,False,False,False,False,False,,citrus,amber|animalic|aromatic|citrus|fresh spicy|fruity|warm spicy|woody,False
462063,Coach for Men,18,0,False,True,False,False,False,,citrus,amber|animalic|aromatic|citrus|fresh spicy|fruity|warm spicy|woody,False
462088,Coach for Men,39,3,True,False,False,False,True,clean|fruity|soapy,citrus,amber|animalic|aromatic|citrus|fresh spicy|fruity|warm spicy|woody,False
462113,Coach for Men,52,3,False,True,False,False,True,aromatic|fresh spicy|woody,citrus,amber|animalic|aromatic|citrus|fresh spicy|fruity|warm spicy|woody,True
462129,Coach for Men,28,2,False,True,False,False,False,clean|soapy,citrus,amber|animalic|aromatic|citrus|fresh spicy|fruity|warm spicy|woody,True
462219,Coach for Men,269,1,False,True,False,False,False,fresh,citrus,amber|animalic|aromatic|citrus|fresh spicy|fruity|warm spicy|woody,False
462226,Coach for Men,16,0,False,True,False,False,False,,citrus,amber|animalic|aromatic|citrus|fresh spicy|fruity|warm spicy|woody,False
462382,Coach for Men,33,0,False,True,False,False,False,,citrus,amber|animalic|aromatic|citrus|fresh spicy|fruity|warm spicy|woody,False
462546,Coach for Men,41,4,False,False,False,False,False,clean|fresh|musky|soapy,citrus,amber|animalic|aromatic|citrus|fresh spicy|fruity|warm spicy|woody,True
462579,Coach for Men,23,0,False,True,False,False,False,,citrus,amber|animalic|aromatic|citrus|fresh spicy|fruity|warm spicy|woody,False
462593,Coach for Men,24,0,False,True,False,False,False,,citrus,amber|animalic|aromatic|citrus|fresh spicy|fruity|warm spicy|woody,False
462646,Coach for Men,23,3,False,True,False,False,True,aromatic|fresh spicy|woody,citrus,amber|animalic|aromatic|citrus|fresh spicy|fruity|warm spicy|woody,True
462951,Coach for Men,72,0,False,True,False,False,False,,citrus,amber|animalic|aromatic|citrus|fresh spicy|fruity|warm spicy|woody,False
463151,Elizabeth Arden Green Tea,35,0,False,True,False,False,False,,citrus,aromatic|citrus|fresh spicy|green,False
463235,Elizabeth Arden Green Tea,160,4,False,True,False,False,True,aromatic|camphor|herbal|musky,citrus,aromatic|citrus|fresh spicy|green,True
463262,Coach for Men,199,2,False,True,False,True,True,citrus|warm spicy,citrus,amber|animalic|aromatic|citrus|fresh spicy|fruity|warm spicy|woody,True
463302,Coach for Men,14,4,False,True,False,False,True,aromatic|herbal|minty|spicy,citrus,amber|animalic|aromatic|citrus|fresh spicy|fruity|warm spicy|woody,True
463464,Coach for Men,84,4,True,False,False,False,False,clean|lactonic|milky|soapy,citrus,amber|animalic|aromatic|citrus|fresh spicy|fruity|warm spicy|woody,False
463465,Coach for Men,83,4,True,False,False,False,False,clean|lactonic|milky|soapy,citrus,amber|animalic|aromatic|citrus|fresh spicy|fruity|warm spicy|woody,False
463619,Coach for Men,37,0,False,True,False,False,False,,citrus,amber|animalic|aromatic|citrus|fresh spicy|fruity|warm spicy|woody,False
463744,Coach for Men,21,0,False,False,False,False,False,,citrus,amber|animalic|aromatic|citrus|fresh spicy|fruity|warm spicy|woody,False
463841,Coach for Men,13,3,True,False,False,False,False,clean|powdery|soapy,citrus,amber|animalic|aromatic|citrus|fresh spicy|fruity|warm spicy|woody,False
464025,Coach for Men,63,1,False,True,False,False,False,powdery,citrus,amber|animalic|aromatic|citrus|fresh spicy|fruity|warm spicy|woody,False
464100,Coach for Men,52,2,False,True,False,False,False,minty|tea,citrus,amber|animalic|aromatic|citrus|fresh spicy|fruity|warm spicy|woody,True
464123,Coach for Men,11,0,False,True,False,False,False,,citrus,amber|animalic|aromatic|citrus|fresh spicy|fruity|warm spicy|woody,False
464194,Coach for Men,13,0,False,False,False,False,False,,citrus,amber|animalic|aromatic|citrus|fresh spicy|fruity|warm spicy|woody,False
464261,Coach for Men,30,2,False,True,False,False,False,clean|fresh,citrus,amber|animalic|aromatic|citrus|fresh spicy|fruity|warm spicy|woody,True
464479,Coach for Men,21,0,False,True,False,False,False,,citrus,amber|animalic|aromatic|citrus|fresh spicy|fruity|warm spicy|woody,False
464652,Coach for Men,9,0,False,True,False,False,False,,citrus,amber|animalic|aromatic|citrus|fresh spicy|fruity|warm spicy|woody,False
464937,Coach for Men,18,0,False,True,False,False,False,,citrus,amber|animalic|aromatic|citrus|fresh spicy|fruity|warm spicy|woody,False
465227,Coach for Men,49,5,False,True,False,False,True,amber|clean|fresh|iris|oud,citrus,amber|animalic|aromatic|citrus|fresh spicy|fruity|warm spicy|woody,True
465236,Coach for Men,170,6,False,True,False,False,True,camphor|clean|herbal|soapy|sweet|woody,citrus,amber|animalic|aromatic|citrus|fresh spicy|fruity|warm spicy|woody,True
465329,Coach for Men,78,2,False,True,False,False,False,green|tea,citrus,amber|animalic|aromatic|citrus|fresh spicy|fruity|warm spicy|woody,True
465330,Coach for Men,62,2,False,True,False,True,True,citrus|clean,citrus,amber|animalic|aromatic|citrus|fresh spicy|fruity|warm spicy|woody,True
465530,Elizabeth Arden Green Tea,21,5,False,True,False,False,False,camphor|clean|fresh|minty|soapy,citrus,aromatic|citrus|fresh spicy|green,True
465733,Narciso Rodriguez For Her,22,0,False,True,True,False,False,,,amber|fruity|powdery|rose|warm spicy|woody,False
465906,Coach for Men,203,8,False,True,False,False,True,amber|aromatic|clean|fresh spicy|iris|musky|oud|soapy,citrus,amber|animalic|aromatic|citrus|fresh spicy|fruity|warm spicy|woody,True
466063,Coach for Men,19,0,False,False,False,False,False,,citrus,amber|animalic|aromatic|citrus|fresh spicy|fruity|warm spicy|woody,False
466119,Coach for Men,12,0,False,False,False,False,False,,citrus,amber|animalic|aromatic|citrus|fresh spicy|fruity|warm spicy|woody,False
466144,Coach for Men,169,4,False,True,False,False,False,aldehydic|floral|musky|powdery,citrus,amber|animalic|aromatic|citrus|fresh spicy|fruity|warm spicy|woody,True
466287,Coach for Men,21,2,False,True,False,False,False,clean|musky,citrus,amber|animalic|aromatic|citrus|fresh spicy|fruity|warm spicy|woody,True
466334,Coach for Men,105,21,False,True,False,True,True,amber|aromatic|balsamic|boozy|cardamom|citrus|fruity|herbal|incense|musky|patchouli|powdery|resinous|rose|sandalwood|spicy|sweet|vanilla|warm|warm spicy|woody,citrus,amber|animalic|aromatic|citrus|fresh spicy|fruity|warm spicy|woody,True
466647,Coach for Men,68,3,False,True,False,True,True,aromatic|citrus|herbal,citrus,amber|animalic|aromatic|citrus|fresh spicy|fruity|warm spicy|woody,True
466905,Coach for Men,30,0,True,False,False,False,False,,citrus,amber|animalic|aromatic|citrus|fresh spicy|fruity|warm spicy|woody,False
467192,Coach for Men,53,0,False,True,False,False,False,,citrus,amber|animalic|aromatic|citrus|fresh spicy|fruity|warm spicy|woody,False
467338,Coach for Men,28,3,False,True,False,False,True,amber|resinous|warm spicy,citrus,amber|animalic|aromatic|citrus|fresh spicy|fruity|warm spicy|woody,True
467423,Coach for Men,23,3,False,True,False,False,True,amber|resinous|warm spicy,citrus,amber|animalic|aromatic|citrus|fresh spicy|fruity|warm spicy|woody,True
468078,Coach for Men,59,0,False,False,False,False,False,,citrus,amber|animalic|aromatic|citrus|fresh spicy|fruity|warm spicy|woody,False
468689,Coach for Men,40,0,False,True,False,False,False,,citrus,amber|animalic|aromatic|citrus|fresh spicy|fruity|warm spicy|woody,False
468790,Coach for Men,74,1,False,True,False,False,False,leather,citrus,amber|animalic|aromatic|citrus|fresh spicy|fruity|warm spicy|woody,False
468791,Coach for Men,11,0,False,False,False,False,False,,citrus,amber|animalic|aromatic|citrus|fresh spicy|fruity|warm spicy|woody,False
468792,Coach for Men,38,0,False,True,False,False,False,,citrus,amber|animalic|aromatic|citrus|fresh spicy|fruity|warm spicy|woody,False
468804,Coach for Men,11,0,False,False,False,False,False,,citrus,amber|animalic|aromatic|citrus|fresh spicy|fruity|warm spicy|woody,False
468818,Coach for Men,8,0,False,True,False,False,False,,citrus,amber|animalic|aromatic|citrus|fresh spicy|fruity|warm spicy|woody,False
468825,Coach for Men,25,0,False,True,False,False,False,,citrus,amber|animalic|aromatic|citrus|fresh spicy|fruity|warm spicy|woody,False
469497,Coach for Men,31,1,False,True,False,False,False,clean,citrus,amber|animalic|aromatic|citrus|fresh spicy|fruity|warm spicy|woody,False
469582,Coach for Men,13,0,False,True,False,False,False,,citrus,amber|animalic|aromatic|citrus|fresh spicy|fruity|warm spicy|woody,False
469684,Coach for Men,39,0,False,True,False,False,False,,citrus,amber|animalic|aromatic|citrus|fresh spicy|fruity|warm spicy|woody,False
469840,Coach for Men,21,0,False,True,False,False,False,,citrus,amber|animalic|aromatic|citrus|fresh spicy|fruity|warm spicy|woody,False
469981,Coach for Men,14,1,False,True,False,False,True,fruity,citrus,amber|animalic|aromatic|citrus|fresh spicy|fruity|warm spicy|woody,False
470035,Coach for Men,89,2,False,True,False,False,False,fresh|minty,citrus,amber|animalic|aromatic|citrus|fresh spicy|fruity|warm spicy|woody,True
470163,Narciso Rodriguez For Her,22,3,True,False,True,False,False,gourmand|sweet|vanilla,,amber|fruity|powdery|rose|warm spicy|woody,False
470280,Coach for Men,51,2,False,True,False,False,False,clean|fresh,citrus,amber|animalic|aromatic|citrus|fresh spicy|fruity|warm spicy|woody,True
470466,Coach for Men,31,2,False,True,False,False,False,clean|soapy,citrus,amber|animalic|aromatic|citrus|fresh spicy|fruity|warm spicy|woody,True
470513,Coach for Men,38,1,False,True,False,False,False,musky,citrus,amber|animalic|aromatic|citrus|fresh spicy|fruity|warm spicy|woody,False
470571,Coach for Men,31,4,False,True,False,False,True,clean|soapy|tobacco|woody,citrus,amber|animalic|aromatic|citrus|fresh spicy|fruity|warm spicy|woody,True
470596,Coach for Men,18,0,False,True,False,False,False,,citrus,amber|animalic|aromatic|citrus|fresh spicy|fruity|warm spicy|woody,False
470661,Coach for Men,58,0,False,True,False,False,False,,citrus,amber|animalic|aromatic|citrus|fresh spicy|fruity|warm spicy|woody,False
470690,Coach for Men,34,2,False,True,False,True,True,citrus|fresh,citrus,amber|animalic|aromatic|citrus|fresh spicy|fruity|warm spicy|woody,True
470692,Coach for Men,12,0,False,True,False,False,False,,citrus,amber|animalic|aromatic|citrus|fresh spicy|fruity|warm spicy|woody,False
470808,Coach for Men,21,1,False,True,False,False,False,clean,citrus,amber|animalic|aromatic|citrus|fresh spicy|fruity|warm spicy|woody,False
470823,Tom Ford Oud Wood,35,0,False,True,False,False,False,,woody,amber|aromatic|fresh spicy|oud|powdery|vanilla|warm spicy|woody,False
470881,Coach for Men,13,0,False,False,False,False,False,,citrus,amber|animalic|aromatic|citrus|fresh spicy|fruity|warm spicy|woody,False
470918,Coach for Men,17,2,False,True,False,False,False,clean|soapy,citrus,amber|animalic|aromatic|citrus|fresh spicy|fruity|warm spicy|woody,True
471355,Coach for Men,19,0,False,False,False,False,False,,citrus,amber|animalic|aromatic|citrus|fresh spicy|fruity|warm spicy|woody,False
471608,Elizabeth Arden Green Tea,30,2,True,False,False,False,False,earthy|herbal,citrus,aromatic|citrus|fresh spicy|green,False
471677,Coach for Men,160,8,False,True,False,True,True,aromatic|citrus|fruity|herbal|minty|spicy|tobacco|woody,citrus,amber|animalic|aromatic|citrus|fresh spicy|fruity|warm spicy|woody,True
471688,Coach for Men,145,5,False,True,False,False,False,aquatic|clean|fresh|minty|soapy,citrus,amber|animalic|aromatic|citrus|fresh spicy|fruity|warm spicy|woody,True
471827,Coach for Men,21,0,False,True,False,False,False,,citrus,amber|animalic|aromatic|citrus|fresh spicy|fruity|warm spicy|woody,False
471877,Coach for Men,63,0,False,True,False,False,False,,citrus,amber|animalic|aromatic|citrus|fresh spicy|fruity|warm spicy|woody,False
472175,Coach for Men,12,0,False,True,False,False,False,,citrus,amber|animalic|aromatic|citrus|fresh spicy|fruity|warm spicy|woody,False
472176,Coach for Men,12,0,False,True,False,False,False,,citrus,amber|animalic|aromatic|citrus|fresh spicy|fruity|warm spicy|woody,False
472198,Coach for Men,9,0,False,True,False,False,False,,citrus,amber|animalic|aromatic|citrus|fresh spicy|fruity|warm spicy|woody,False
472328,Coach for Men,68,4,False,True,False,False,False,aquatic|fresh|green|minty,citrus,amber|animalic|aromatic|citrus|fresh spicy|fruity|warm spicy|woody,True
472351,Coach for Men,13,1,False,True,False,False,False,clean,citrus,amber|animalic|aromatic|citrus|fresh spicy|fruity|warm spicy|woody,False
472533,Coach for Men,23,4,True,False,False,False,True,clean|coffee|fruity|soapy,citrus,amber|animalic|aromatic|citrus|fresh spicy|fruity|warm spicy|woody,False
472599,Coach for Men,10,0,False,False,False,False,False,,citrus,amber|animalic|aromatic|citrus|fresh spicy|fruity|warm spicy|woody,False
472835,Coach for Men,88,4,False,False,False,False,True,aromatic|herbal|minty|spicy,citrus,amber|animalic|aromatic|citrus|fresh spicy|fruity|warm spicy|woody,True
472841,Coach for Men,63,6,False,True,False,False,True,balsamic|powdery|sandalwood|sweet|vanilla|woody,citrus,amber|animalic|aromatic|citrus|fresh spicy|fruity|warm spicy|woody,True
473147,Coach for Men,52,4,False,True,False,False,False,aquatic|fresh|marine|minty,citrus,amber|animalic|aromatic|citrus|fresh spicy|fruity|warm spicy|woody,True
473537,Coach for Men,14,0,False,True,False,False,False,,citrus,amber|animalic|aromatic|citrus|fresh spicy|fruity|warm spicy|woody,False
473742,Azzaro Pour Homme,9,0,False,True,False,False,False,,aromatic,aromatic|citrus|earthy|fresh spicy|leather|mossy|powdery|warm spicy|woody,False
473849,Coach for Men,84,4,False,True,False,False,False,clean|fresh|minty|soapy,citrus,amber|animalic|aromatic|citrus|fresh spicy|fruity|warm spicy|woody,True
473996,Coach for Men,43,0,False,True,False,False,False,,citrus,amber|animalic|aromatic|citrus|fresh spicy|fruity|warm spicy|woody,False
474135,Coach for Men,35,0,False,False,False,False,False,,citrus,amber|animalic|aromatic|citrus|fresh spicy|fruity|warm spicy|woody,False
474190,Coach for Men,16,0,False,False,False,False,False,,citrus,amber|animalic|aromatic|citrus|fresh spicy|fruity|warm spicy|woody,False
474334,Coach for Men,11,0,False,True,False,False,False,,citrus,amber|animalic|aromatic|citrus|fresh spicy|fruity|warm spicy|woody,False
474359,Coach for Men,26,3,False,True,False,False,False,clean|musky|soapy,citrus,amber|animalic|aromatic|citrus|fresh spicy|fruity|warm spicy|woody,True
474414,Coach for Men,37,0,False,False,False,False,False,,citrus,amber|animalic|aromatic|citrus|fresh spicy|fruity|warm spicy|woody,False
474498,Coach for Men,43,1,False,True,False,False,False,fresh,citrus,amber|animalic|aromatic|citrus|fresh spicy|fruity|warm spicy|woody,False
474562,Coach for Men,16,2,False,False,False,False,True,fruity|sweet,citrus,amber|animalic|aromatic|citrus|fresh spicy|fruity|warm spicy|woody,True
474688,Coach for Men,64,0,False,True,False,False,False,,citrus,amber|animalic|aromatic|citrus|fresh spicy|fruity|warm spicy|woody,False
474743,Coach for Men,49,5,False,True,False,False,True,amber|clean|fresh|sandalwood|woody,citrus,amber|animalic|aromatic|citrus|fresh spicy|fruity|warm spicy|woody,True
475120,Coach for Men,71,0,False,True,False,False,False,,citrus,amber|animalic|aromatic|citrus|fresh spicy|fruity|warm spicy|woody,False
475139,Coach for Men,19,0,False,True,False,False,False,,citrus,amber|animalic|aromatic|citrus|fresh spicy|fruity|warm spicy|woody,False
475298,Elizabeth Arden Green Tea,49,1,False,True,False,False,False,musky,citrus,aromatic|citrus|fresh spicy|green,False
475422,Coach for Men,81,5,False,True,False,False,False,incense|leather|musky|oud|smoky,citrus,amber|animalic|aromatic|citrus|fresh spicy|fruity|warm spicy|woody,True
475469,Coach for Men,38,4,False,True,False,False,True,aromatic|clean|fresh spicy|woody,citrus,amber|animalic|aromatic|citrus|fresh spicy|fruity|warm spicy|woody,True
475582,Coach for Men,48,0,False,True,False,False,False,,citrus,amber|animalic|aromatic|citrus|fresh spicy|fruity|warm spicy|woody,False
475957,Coach for Men,51,4,False,True,False,False,True,amber|spicy|vanilla|warm,citrus,amber|animalic|aromatic|citrus|fresh spicy|fruity|warm spicy|woody,True
476007,Coach for Men,14,0,False,False,False,False,False,,citrus,amber|animalic|aromatic|citrus|fresh spicy|fruity|warm spicy|woody,False
476095,Elizabeth Arden Green Tea,43,3,False,True,False,False,False,clean|fruity|soapy,citrus,aromatic|citrus|fresh spicy|green,True
476109,Coach for Men,56,3,False,True,False,True,True,citrus|fruity|warm,citrus,amber|animalic|aromatic|citrus|fresh spicy|fruity|warm spicy|woody,True
476150,Coach for Men,28,2,False,True,False,False,False,lactonic|milky,citrus,amber|animalic|aromatic|citrus|fresh spicy|fruity|warm spicy|woody,True
476249,Elizabeth Arden Green Tea,60,5,False,True,False,False,True,floral|fresh|green|rose|tea,citrus,aromatic|citrus|fresh spicy|green,True
476420,Coach for Men,36,0,False,True,False,False,False,,citrus,amber|animalic|aromatic|citrus|fresh spicy|fruity|warm spicy|woody,False
476683,Elizabeth Arden Green Tea,39,0,False,False,False,False,False,,citrus,aromatic|citrus|fresh spicy|green,False
476866,Narciso Rodriguez For Her,11,2,False,True,True,False,False,clean|fresh,,amber|fruity|powdery|rose|warm spicy|woody,False
476867,Narciso Rodriguez For Her,11,2,False,True,True,False,False,clean|fresh,,amber|fruity|powdery|rose|warm spicy|woody,False
477016,Narciso Rodriguez For Her,210,8,False,True,True,False,False,alcohol|caramel|citrus|clean|fresh|musky|vanilla|warm,,amber|fruity|powdery|rose|warm spicy|woody,False
477326,Coach for Men,14,0,False,True,False,False,False,,citrus,amber|animalic|aromatic|citrus|fresh spicy|fruity|warm spicy|woody,False
477383,Coach for Men,109,3,False,False,False,False,False,clean|fresh|soapy,citrus,amber|animalic|aromatic|citrus|fresh spicy|fruity|warm spicy|woody,True
477426,Coach for Men,15,0,False,True,False,False,False,,citrus,amber|animalic|aromatic|citrus|fresh spicy|fruity|warm spicy|woody,False
477662,Coach for Men,12,0,False,True,False,False,False,,citrus,amber|animalic|aromatic|citrus|fresh spicy|fruity|warm spicy|woody,False
477751,Elizabeth Arden Green Tea,9,1,False,True,False,False,False,clean,citrus,aromatic|citrus|fresh spicy|green,False
477757,Elizabeth Arden Green Tea,76,2,False,True,False,False,False,clean|fresh,citrus,aromatic|citrus|fresh spicy|green,True
477889,Narciso Rodriguez For Her,33,0,False,True,True,False,False,,,amber|fruity|powdery|rose|warm spicy|woody,False
477969,Coach for Men,90,0,False,True,False,False,False,,citrus,amber|animalic|aromatic|citrus|fresh spicy|fruity|warm spicy|woody,False
478014,Elizabeth Arden Green Tea,15,0,False,False,False,False,False,,citrus,aromatic|citrus|fresh spicy|green,False
478038,Gucci Bloom,18,1,False,True,False,False,False,fresh,white floral,animalic|green|white floral,False
478403,Coach for Men,13,5,False,True,False,True,True,aromatic|citrus|fresh spicy|leather|woody,citrus,amber|animalic|aromatic|citrus|fresh spicy|fruity|warm spicy|woody,True
478641,Coach for Men,379,0,False,False,False,False,False,,citrus,amber|animalic|aromatic|citrus|fresh spicy|fruity|warm spicy|woody,False
478668,Coach for Men,40,0,False,False,False,False,False,,citrus,amber|animalic|aromatic|citrus|fresh spicy|fruity|warm spicy|woody,False
478671,Coach for Men,72,0,False,True,False,False,False,,citrus,amber|animalic|aromatic|citrus|fresh spicy|fruity|warm spicy|woody,False
478842,Coach for Men,105,4,False,True,False,False,False,clean|fresh|musky|soapy,citrus,amber|animalic|aromatic|citrus|fresh spicy|fruity|warm spicy|woody,True
479198,Coach for Men,15,0,False,True,False,False,False,,citrus,amber|animalic|aromatic|citrus|fresh spicy|fruity|warm spicy|woody,False
479326,Coach for Men,127,7,False,True,False,False,True,amber|aromatic|herbal|lavender|oud|sweet|warm,citrus,amber|animalic|aromatic|citrus|fresh spicy|fruity|warm spicy|woody,True
479408,Coach for Men,55,2,False,False,False,False,False,clean|fresh,citrus,amber|animalic|aromatic|citrus|fresh spicy|fruity|warm spicy|woody,True
479516,Coach for Men,55,3,False,False,False,False,True,clean|fruity|soapy,citrus,amber|animalic|aromatic|citrus|fresh spicy|fruity|warm spicy|woody,True
479523,Coach for Men,110,3,False,True,False,False,False,clean|fresh|musky,citrus,amber|animalic|aromatic|citrus|fresh spicy|fruity|warm spicy|woody,True
479682,Coach for Men,37,0,False,True,False,False,False,,citrus,amber|animalic|aromatic|citrus|fresh spicy|fruity|warm spicy|woody,False
480132,Coach for Men,11,0,False,True,False,False,False,,citrus,amber|animalic|aromatic|citrus|fresh spicy|fruity|warm spicy|woody,False
480355,Coach for Men,50,3,False,True,False,False,False,clean|fresh|soapy,citrus,amber|animalic|aromatic|citrus|fresh spicy|fruity|warm spicy|woody,True
480395,Elizabeth Arden Green Tea,180,0,False,True,False,False,False,,citrus,aromatic|citrus|fresh spicy|green,False
480415,Coach for Men,8,2,False,False,False,False,False,alcohol|fresh,citrus,amber|animalic|aromatic|citrus|fresh spicy|fruity|warm spicy|woody,True
480504,Coach for Men,150,4,False,True,False,True,True,citrus|fruity|musky|sweet,citrus,amber|animalic|aromatic|citrus|fresh spicy|fruity|warm spicy|woody,True
481013,Coach for Men,35,0,False,True,False,False,False,,citrus,amber|animalic|aromatic|citrus|fresh spicy|fruity|warm spicy|woody,False
481194,Coach for Men,14,0,False,False,False,False,False,,citrus,amber|animalic|aromatic|citrus|fresh spicy|fruity|warm spicy|woody,False
481272,Coach for Men,55,4,False,True,False,False,True,balsamic|coniferous|resinous|woody,citrus,amber|animalic|aromatic|citrus|fresh spicy|fruity|warm spicy|woody,True
481317,Elizabeth Arden Green Tea,26,0,False,True,False,False,False,,citrus,aromatic|citrus|fresh spicy|green,False
481510,Creed Silver Mountain Water,64,1,False,True,False,False,False,smoky,citrus,aromatic|citrus|fresh spicy|fruity|green|powdery|woody,False
481621,Coach for Men,60,6,False,True,False,False,True,amber|clean|fresh|oud|sweet|woody,citrus,amber|animalic|aromatic|citrus|fresh spicy|fruity|warm spicy|woody,True
481670,Coach for Men,19,0,False,True,False,False,False,,citrus,amber|animalic|aromatic|citrus|fresh spicy|fruity|warm spicy|woody,False
481671,Coach for Men,19,0,False,True,False,False,False,,citrus,amber|animalic|aromatic|citrus|fresh spicy|fruity|warm spicy|woody,False
481970,Gucci Guilty Absolute,12,0,False,False,False,False,False,,woody,animalic|aromatic|earthy|leather|smoky|woody,False
482283,Narciso Rodriguez For Her,31,0,False,False,True,False,False,,,amber|fruity|powdery|rose|warm spicy|woody,False
482309,Coach for Men,13,2,False,True,False,False,False,clean|soapy,citrus,amber|animalic|aromatic|citrus|fresh spicy|fruity|warm spicy|woody,True
482340,Coach for Men,58,3,True,False,False,False,True,clean|fruity|soapy,citrus,amber|animalic|aromatic|citrus|fresh spicy|fruity|warm spicy|woody,False
482369,Coach for Men,18,0,False,False,False,False,False,,citrus,amber|animalic|aromatic|citrus|fresh spicy|fruity|warm spicy|woody,False
482373,Coach for Men,48,0,False,True,False,False,False,,citrus,amber|animalic|aromatic|citrus|fresh spicy|fruity|warm spicy|woody,False
482632,Coach for Men,20,1,False,True,False,False,False,fresh,citrus,amber|animalic|aromatic|citrus|fresh spicy|fruity|warm spicy|woody,False
482661,Coach for Men,132,2,True,False,False,False,False,fresh|musky,citrus,amber|animalic|aromatic|citrus|fresh spicy|fruity|warm spicy|woody,False
482840,Coach for Men,19,0,False,False,False,False,False,,citrus,amber|animalic|aromatic|citrus|fresh spicy|fruity|warm spicy|woody,False
483166,Coach for Men,53,4,False,True,False,False,False,iris|powdery|rose|violet,citrus,amber|animalic|aromatic|citrus|fresh spicy|fruity|warm spicy|woody,True
483217,Coach for Men,51,0,False,True,False,False,False,,citrus,amber|animalic|aromatic|citrus|fresh spicy|fruity|warm spicy|woody,False
483294,Coach for Men,84,0,False,True,False,False,False,,citrus,amber|animalic|aromatic|citrus|fresh spicy|fruity|warm spicy|woody,False
483992,Coach for Men,72,1,False,True,False,False,False,fresh,citrus,amber|animalic|aromatic|citrus|fresh spicy|fruity|warm spicy|woody,False
484037,Coach for Men,165,7,False,True,False,False,True,aromatic|floral|herbal|lavender|rose|white floral|woody,citrus,amber|animalic|aromatic|citrus|fresh spicy|fruity|warm spicy|woody,True
484117,Coach for Men,27,0,False,True,False,False,False,,citrus,amber|animalic|aromatic|citrus|fresh spicy|fruity|warm spicy|woody,False
484234,Coach for Men,9,0,False,True,False,False,False,,citrus,amber|animalic|aromatic|citrus|fresh spicy|fruity|warm spicy|woody,False
484303,Elizabeth Arden Green Tea,59,4,False,True,False,False,True,clean|fresh|green|soapy,citrus,aromatic|citrus|fresh spicy|green,True
484417,Coach for Men,63,3,True,False,False,False,False,lactonic|milky|musky,citrus,amber|animalic|aromatic|citrus|fresh spicy|fruity|warm spicy|woody,False
484581,Elizabeth Arden Green Tea,109,5,False,True,False,False,False,clean|iris|musky|powdery|violet,citrus,aromatic|citrus|fresh spicy|green,True
484596,Narciso Rodriguez For Her,85,0,False,True,True,False,False,,,amber|fruity|powdery|rose|warm spicy|woody,False
484776,Coach for Men,37,3,False,True,False,False,True,clean|fruity|soapy,citrus,amber|animalic|aromatic|citrus|fresh spicy|fruity|warm spicy|woody,True
484851,Coach for Men,17,0,False,False,False,False,False,,citrus,amber|animalic|aromatic|citrus|fresh spicy|fruity|warm spicy|woody,False
485034,Coach for Men,9,0,False,True,False,False,False,,citrus,amber|animalic|aromatic|citrus|fresh spicy|fruity|warm spicy|woody,False
485343,Coach for Men,37,2,False,True,False,False,False,clean|fresh,citrus,amber|animalic|aromatic|citrus|fresh spicy|fruity|warm spicy|woody,True
485673,Coach for Men,22,0,False,True,False,False,False,,citrus,amber|animalic|aromatic|citrus|fresh spicy|fruity|warm spicy|woody,False
485698,Coach for Men,29,0,False,True,False,False,False,,citrus,amber|animalic|aromatic|citrus|fresh spicy|fruity|warm spicy|woody,False
486395,Coach for Men,23,2,False,True,False,False,False,clean|fresh,citrus,amber|animalic|aromatic|citrus|fresh spicy|fruity|warm spicy|woody,True
486432,Narciso Rodriguez For Her,10,0,False,True,True,False,False,,,amber|fruity|powdery|rose|warm spicy|woody,False
486460,Coach for Men,46,3,False,True,False,False,False,clean|fresh|soapy,citrus,amber|animalic|aromatic|citrus|fresh spicy|fruity|warm spicy|woody,True
486638,Elizabeth Arden Green Tea,42,2,True,False,False,False,False,clean|fresh,citrus,aromatic|citrus|fresh spicy|green,False
486773,Coach for Men,32,8,False,True,False,True,True,aldehydic|aquatic|chypre|citrus|floral|fresh|green|minty,citrus,amber|animalic|aromatic|citrus|fresh spicy|fruity|warm spicy|woody,True
486776,Coach for Men,65,13,False,True,False,True,True,animalic|aromatic|citrus|earthy|fresh spicy|iris|lactonic|milky|musky|oud|powdery|vetiver|woody,citrus,amber|animalic|aromatic|citrus|fresh spicy|fruity|warm spicy|woody,True
487056,Coach for Men,9,0,False,True,False,False,False,,citrus,amber|animalic|aromatic|citrus|fresh spicy|fruity|warm spicy|woody,False
487560,Coach for Men,90,0,False,False,False,False,False,,citrus,amber|animalic|aromatic|citrus|fresh spicy|fruity|warm spicy|woody,False
487740,Narciso Rodriguez For Her,86,1,False,True,True,False,False,sweet,,amber|fruity|powdery|rose|warm spicy|woody,False
487929,Coach for Men,133,7,False,True,False,False,True,aromatic|herbal|inky|metallic|minty|spicy|sweet,citrus,amber|animalic|aromatic|citrus|fresh spicy|fruity|warm spicy|woody,True
488164,Coach for Men,19,2,False,True,False,False,False,earthy|vetiver,citrus,amber|animalic|aromatic|citrus|fresh spicy|fruity|warm spicy|woody,True
488228,Coach for Men,30,0,False,True,False,False,False,,citrus,amber|animalic|aromatic|citrus|fresh spicy|fruity|warm spicy|woody,False
488589,Coach for Men,36,0,False,False,False,False,False,,citrus,amber|animalic|aromatic|citrus|fresh spicy|fruity|warm spicy|woody,False
488752,Coach for Men,11,0,False,False,False,False,False,,citrus,amber|animalic|aromatic|citrus|fresh spicy|fruity|warm spicy|woody,False
489032,Coach for Men,8,0,False,True,False,False,False,,citrus,amber|animalic|aromatic|citrus|fresh spicy|fruity|warm spicy|woody,False
489036,Coach for Men,24,5,False,True,False,False,False,clean|floral|fresh|green|soapy,citrus,amber|animalic|aromatic|citrus|fresh spicy|fruity|warm spicy|woody,True
489100,Coach for Men,93,4,False,True,False,False,False,clean|inky|metallic|soapy,citrus,amber|animalic|aromatic|citrus|fresh spicy|fruity|warm spicy|woody,True
489156,Coach for Men,15,0,False,True,False,False,False,,citrus,amber|animalic|aromatic|citrus|fresh spicy|fruity|warm spicy|woody,False
489426,Coach for Men,26,0,False,False,False,False,False,,citrus,amber|animalic|aromatic|citrus|fresh spicy|fruity|warm spicy|woody,False
489500,Coach for Men,13,2,False,True,False,False,False,clean|soapy,citrus,amber|animalic|aromatic|citrus|fresh spicy|fruity|warm spicy|woody,True
490271,Coach for Men,39,2,False,True,False,False,False,clean|musky,citrus,amber|animalic|aromatic|citrus|fresh spicy|fruity|warm spicy|woody,True
490317,Coach for Men,46,8,False,True,False,False,True,aromatic|balsamic|clean|coniferous|fresh spicy|resinous|soapy|woody,citrus,amber|animalic|aromatic|citrus|fresh spicy|fruity|warm spicy|woody,True
490430,Coach for Men,17,0,False,True,False,False,False,,citrus,amber|animalic|aromatic|citrus|fresh spicy|fruity|warm spicy|woody,False
490465,Coach for Men,146,4,False,True,False,False,True,clean|fresh|fruity|soapy,citrus,amber|animalic|aromatic|citrus|fresh spicy|fruity|warm spicy|woody,True
490924,Coach for Men,57,3,False,True,False,True,True,camphor|citrus|herbal,citrus,amber|animalic|aromatic|citrus|fresh spicy|fruity|warm spicy|woody,True
490925,Coach for Men,47,7,False,True,False,True,True,aldehydic|citrus|coconut|floral|powdery|tea|tropical,citrus,amber|animalic|aromatic|citrus|fresh spicy|fruity|warm spicy|woody,True
491046,Coach for Men,37,3,False,True,False,False,False,boozy|bourbon|clean,citrus,amber|animalic|aromatic|citrus|fresh spicy|fruity|warm spicy|woody,True
491187,Coach for Men,86,0,False,True,False,False,False,,citrus,amber|animalic|aromatic|citrus|fresh spicy|fruity|warm spicy|woody,False
491242,Coach for Men,20,3,False,True,False,False,False,clean|fresh|soft spicy,citrus,amber|animalic|aromatic|citrus|fresh spicy|fruity|warm spicy|woody,True
491273,Coach for Men,12,1,False,False,False,False,False,clean,citrus,amber|animalic|aromatic|citrus|fresh spicy|fruity|warm spicy|woody,False
491403,Coach for Men,15,0,False,True,False,False,False,,citrus,amber|animalic|aromatic|citrus|fresh spicy|fruity|warm spicy|woody,False
491441,Coach for Men,33,0,True,False,False,False,False,,citrus,amber|animalic|aromatic|citrus|fresh spicy|fruity|warm spicy|woody,False
491487,Coach for Men,12,0,False,False,False,False,False,,citrus,amber|animalic|aromatic|citrus|fresh spicy|fruity|warm spicy|woody,False
491610,Coach for Men,112,1,False,True,False,False,False,sweet,citrus,amber|animalic|aromatic|citrus|fresh spicy|fruity|warm spicy|woody,False
491623,Coach for Men,25,0,False,False,False,False,False,,citrus,amber|animalic|aromatic|citrus|fresh spicy|fruity|warm spicy|woody,False
491732,Versace Dylan Blue,13,0,False,True,False,False,False,,amber,amber|aquatic|aromatic|citrus|fresh spicy|smoky|warm spicy|woody,False
491752,Coach for Men,10,2,False,False,False,False,False,clean|fresh,citrus,amber|animalic|aromatic|citrus|fresh spicy|fruity|warm spicy|woody,True
491833,Coach for Men,27,3,False,False,False,False,False,clean|musky|soapy,citrus,amber|animalic|aromatic|citrus|fresh spicy|fruity|warm spicy|woody,True
491846,Coach for Men,225,11,False,True,False,True,True,aquatic|citrus|clean|coconut|fresh|fruity|green|lactonic|milky|musky|tropical,citrus,amber|animalic|aromatic|citrus|fresh spicy|fruity|warm spicy|woody,True
491881,Coach for Men,31,6,False,False,False,False,True,camphor|clean|fresh|herbal|sandalwood|woody,citrus,amber|animalic|aromatic|citrus|fresh spicy|fruity|warm spicy|woody,True
492102,Coach for Men,41,2,False,True,False,False,False,clean|fresh,citrus,amber|animalic|aromatic|citrus|fresh spicy|fruity|warm spicy|woody,True
492136,Coach for Men,23,0,False,True,False,False,False,,citrus,amber|animalic|aromatic|citrus|fresh spicy|fruity|warm spicy|woody,False
492692,Parfums de Marly Delina,9,0,False,True,False,False,False,,rose,aromatic|fruity|green|powdery|rose|woody,False
492837,Coach for Men,26,0,False,True,False,False,False,,citrus,amber|animalic|aromatic|citrus|fresh spicy|fruity|warm spicy|woody,False
492846,Coach for Men,15,0,False,False,False,False,False,,citrus,amber|animalic|aromatic|citrus|fresh spicy|fruity|warm spicy|woody,False
493070,Coach for Men,36,0,False,False,False,False,False,,citrus,amber|animalic|aromatic|citrus|fresh spicy|fruity|warm spicy|woody,False
493296,Coach for Men,25,0,False,True,False,False,False,,citrus,amber|animalic|aromatic|citrus|fresh spicy|fruity|warm spicy|woody,False
493332,Coach for Men,31,1,False,True,False,False,False,musky,citrus,amber|animalic|aromatic|citrus|fresh spicy|fruity|warm spicy|woody,False
493385,Narciso Rodriguez For Her,10,0,False,True,True,False,False,,,amber|fruity|powdery|rose|warm spicy|woody,False
493413,Coach for Men,81,4,False,True,False,False,True,clean|fresh|fruity|soapy,citrus,amber|animalic|aromatic|citrus|fresh spicy|fruity|warm spicy|woody,True
493793,Elizabeth Arden Green Tea,48,2,False,True,False,False,False,clean|musky,citrus,aromatic|citrus|fresh spicy|green,True
493854,Coach for Men,235,3,False,True,False,False,False,earthy|inky|metallic,citrus,amber|animalic|aromatic|citrus|fresh spicy|fruity|warm spicy|woody,True
493910,Coach for Men,103,2,False,True,False,False,False,musk|musky,citrus,amber|animalic|aromatic|citrus|fresh spicy|fruity|warm spicy|woody,True
494189,Coach for Men,23,1,False,True,False,False,False,fresh,citrus,amber|animalic|aromatic|citrus|fresh spicy|fruity|warm spicy|woody,False
494609,Elizabeth Arden Green Tea,48,0,False,False,False,False,False,,citrus,aromatic|citrus|fresh spicy|green,False
494692,Coach for Men,12,0,False,False,False,False,False,,citrus,amber|animalic|aromatic|citrus|fresh spicy|fruity|warm spicy|woody,False
495076,Elizabeth Arden Green Tea,58,3,True,False,False,False,False,clean|fruity|soapy,citrus,aromatic|citrus|fresh spicy|green,False
495154,Tom Ford Oud Wood,23,0,False,True,False,False,False,,woody,amber|aromatic|fresh spicy|oud|powdery|vanilla|warm spicy|woody,False
495329,Coach for Men,34,0,False,True,False,False,False,,citrus,amber|animalic|aromatic|citrus|fresh spicy|fruity|warm spicy|woody,False
495366,Coach for Men,36,0,False,True,False,False,False,,citrus,amber|animalic|aromatic|citrus|fresh spicy|fruity|warm spicy|woody,False
495454,Coach for Men,76,0,False,True,False,False,False,,citrus,amber|animalic|aromatic|citrus|fresh spicy|fruity|warm spicy|woody,False
495475,Coach for Men,39,0,False,True,False,False,False,,citrus,amber|animalic|aromatic|citrus|fresh spicy|fruity|warm spicy|woody,False
495550,Coach for Men,254,6,False,True,False,False,True,aromatic|clean|fresh spicy|fruity|soapy|woody,citrus,amber|animalic|aromatic|citrus|fresh spicy|fruity|warm spicy|woody,True
495604,Coach for Men,16,0,False,True,False,False,False,,citrus,amber|animalic|aromatic|citrus|fresh spicy|fruity|warm spicy|woody,False
495703,Coach for Men,30,2,False,True,False,False,False,clean|fresh,citrus,amber|animalic|aromatic|citrus|fresh spicy|fruity|warm spicy|woody,True
495839,Coach for Men,9,0,False,True,False,False,False,,citrus,amber|animalic|aromatic|citrus|fresh spicy|fruity|warm spicy|woody,False
495956,Coach for Men,16,9,False,True,False,False,True,aromatic|balsamic|herbal|minty|powdery|spicy|sweet|tea|vanilla,citrus,amber|animalic|aromatic|citrus|fresh spicy|fruity|warm spicy|woody,True
496046,Coach for Men,13,0,False,False,False,False,False,,citrus,amber|animalic|aromatic|citrus|fresh spicy|fruity|warm spicy|woody,False
496149,Coach for Men,58,6,False,True,False,False,True,balsamic|powdery|sandalwood|sweet|vanilla|woody,citrus,amber|animalic|aromatic|citrus|fresh spicy|fruity|warm spicy|woody,True
496665,Elizabeth Arden Green Tea,48,0,False,True,False,False,False,,citrus,aromatic|citrus|fresh spicy|green,False
496686,Mugler Angel,26,0,False,True,True,False,False,,,caramel|fruity|honey|powdery|vanilla|warm spicy|woody,False
496802,Narciso Rodriguez For Her,8,0,False,True,True,False,False,,,amber|fruity|powdery|rose|warm spicy|woody,False
496826,Coach for Men,65,3,False,False,False,False,True,clean|soapy|woody,citrus,amber|animalic|aromatic|citrus|fresh spicy|fruity|warm spicy|woody,True
496865,Coach for Men,46,0,False,True,False,False,False,,citrus,amber|animalic|aromatic|citrus|fresh spicy|fruity|warm spicy|woody,False
497178,Coach for Men,12,0,False,True,False,False,False,,citrus,amber|animalic|aromatic|citrus|fresh spicy|fruity|warm spicy|woody,False
497202,Elizabeth Arden Green Tea,40,0,False,False,False,False,False,,citrus,aromatic|citrus|fresh spicy|green,False
497368,Elizabeth Arden Green Tea,19,2,False,True,False,False,False,minty|musky,citrus,aromatic|citrus|fresh spicy|green,True
497478,Coach for Men,27,0,False,True,False,False,False,,citrus,amber|animalic|aromatic|citrus|fresh spicy|fruity|warm spicy|woody,False
497645,Coach for Men,41,2,False,True,False,False,False,clean|fresh,citrus,amber|animalic|aromatic|citrus|fresh spicy|fruity|warm spicy|woody,True
497964,Coach for Men,11,2,False,False,False,False,False,musky|powdery,citrus,amber|animalic|aromatic|citrus|fresh spicy|fruity|warm spicy|woody,True
498111,Coach for Men,161,2,False,True,False,False,False,clean|fresh,citrus,amber|animalic|aromatic|citrus|fresh spicy|fruity|warm spicy|woody,True
498151,Coach for Men,32,3,False,False,False,False,True,clean|fresh|woody,citrus,amber|animalic|aromatic|citrus|fresh spicy|fruity|warm spicy|woody,True
498253,Coach for Men,16,0,False,False,False,False,False,,citrus,amber|animalic|aromatic|citrus|fresh spicy|fruity|warm spicy|woody,False
498315,Coach for Men,70,0,False,False,False,False,False,,citrus,amber|animalic|aromatic|citrus|fresh spicy|fruity|warm spicy|woody,False
498455,Elizabeth Arden Green Tea,282,5,False,True,False,False,False,camphor|herbal|inky|powdery|rose,citrus,aromatic|citrus|fresh spicy|green,True
498606,Coach for Men,11,0,False,False,False,False,False,,citrus,amber|animalic|aromatic|citrus|fresh spicy|fruity|warm spicy|woody,False
498831,Coach for Men,83,2,False,True,False,False,False,clean|fresh,citrus,amber|animalic|aromatic|citrus|fresh spicy|fruity|warm spicy|woody,True
498924,Coach for Men,16,0,False,True,False,False,False,,citrus,amber|animalic|aromatic|citrus|fresh spicy|fruity|warm spicy|woody,False
498967,Coach for Men,13,0,False,True,False,False,False,,citrus,amber|animalic|aromatic|citrus|fresh spicy|fruity|warm spicy|woody,False
499027,Coach for Men,58,2,False,True,False,False,False,fresh|musky,citrus,amber|animalic|aromatic|citrus|fresh spicy|fruity|warm spicy|woody,True
499353,Coach for Men,59,2,False,True,False,False,False,clean|fresh,citrus,amber|animalic|aromatic|citrus|fresh spicy|fruity|warm spicy|woody,True
499475,Coach for Men,24,0,False,False,False,False,False,,citrus,amber|animalic|aromatic|citrus|fresh spicy|fruity|warm spicy|woody,False
499515,Coach for Men,12,0,False,True,False,False,False,,citrus,amber|animalic|aromatic|citrus|fresh spicy|fruity|warm spicy|woody,False
499563,Coach for Men,45,0,False,True,False,False,False,,citrus,amber|animalic|aromatic|citrus|fresh spicy|fruity|warm spicy|woody,False
499738,Coach for Men,51,0,False,True,False,False,False,,citrus,amber|animalic|aromatic|citrus|fresh spicy|fruity|warm spicy|woody,False
499817,Coach for Men,26,1,False,True,False,False,False,nutty,citrus,amber|animalic|aromatic|citrus|fresh spicy|fruity|warm spicy|woody,False
499943,Elizabeth Arden Green Tea,63,0,False,True,False,False,False,,citrus,aromatic|citrus|fresh spicy|green,False
500113,Coach for Men,59,2,False,True,False,False,False,clean|fresh,citrus,amber|animalic|aromatic|citrus|fresh spicy|fruity|warm spicy|woody,True
500279,Coach for Men,27,2,False,False,False,False,False,clean|fresh,citrus,amber|animalic|aromatic|citrus|fresh spicy|fruity|warm spicy|woody,True
500368,Coach for Men,211,12,False,True,False,True,True,aquatic|aromatic|balsamic|citrus|floral|fresh|fresh spicy|musky|powdery|sweet|vanilla|woody,citrus,amber|animalic|aromatic|citrus|fresh spicy|fruity|warm spicy|woody,True
500425,Coach for Men,115,6,False,True,False,False,True,amber|clean|musky|soapy|vanilla|warm spicy,citrus,amber|animalic|aromatic|citrus|fresh spicy|fruity|warm spicy|woody,True
500843,Narciso Rodriguez For Her,14,3,False,False,True,False,False,aldehydic|floral|iris,,amber|fruity|powdery|rose|warm spicy|woody,False
500933,Coach for Men,41,0,False,True,False,False,False,,citrus,amber|animalic|aromatic|citrus|fresh spicy|fruity|warm spicy|woody,False
500935,Coach for Men,13,0,True,False,False,False,False,,citrus,amber|animalic|aromatic|citrus|fresh spicy|fruity|warm spicy|woody,False
500992,Coach for Men,25,1,False,True,False,False,False,spicy,citrus,amber|animalic|aromatic|citrus|fresh spicy|fruity|warm spicy|woody,False
501157,Azzaro Pour Homme,22,0,False,True,False,False,False,,aromatic,aromatic|citrus|earthy|fresh spicy|leather|mossy|powdery|warm spicy|woody,False
501239,Coach for Men,22,0,False,True,False,False,False,,citrus,amber|animalic|aromatic|citrus|fresh spicy|fruity|warm spicy|woody,False
502717,Coach for Men,19,2,False,True,False,False,False,clean|fresh,citrus,amber|animalic|aromatic|citrus|fresh spicy|fruity|warm spicy|woody,True
502856,Elizabeth Arden Green Tea,79,2,True,False,False,False,False,clean|fruity,citrus,aromatic|citrus|fresh spicy|green,False
502865,Elizabeth Arden Green Tea,36,0,False,True,False,False,False,,citrus,aromatic|citrus|fresh spicy|green,False
502938,Coach for Men,139,3,False,True,False,False,True,animalic|oud|woody,citrus,amber|animalic|aromatic|citrus|fresh spicy|fruity|warm spicy|woody,True
503311,Elizabeth Arden Green Tea,155,3,False,True,False,False,False,lactonic|milky|musky,citrus,aromatic|citrus|fresh spicy|green,True
503568,Coach for Men,15,1,False,True,False,False,False,clean,citrus,amber|animalic|aromatic|citrus|fresh spicy|fruity|warm spicy|woody,False
503589,Elizabeth Arden Green Tea,14,3,False,False,False,False,False,alcohol|fresh|musky,citrus,aromatic|citrus|fresh spicy|green,True
503612,Coach for Men,19,0,False,False,False,False,False,,citrus,amber|animalic|aromatic|citrus|fresh spicy|fruity|warm spicy|woody,False
503647,Coach for Men,32,3,False,True,False,False,True,clean|fruity|soapy,citrus,amber|animalic|aromatic|citrus|fresh spicy|fruity|warm spicy|woody,True
503708,Coach for Men,35,1,False,True,False,False,False,musky,citrus,amber|animalic|aromatic|citrus|fresh spicy|fruity|warm spicy|woody,False
503729,Coach for Men,66,1,False,True,False,False,False,musky,citrus,amber|animalic|aromatic|citrus|fresh spicy|fruity|warm spicy|woody,False
503866,Coach for Men,50,0,False,True,False,False,False,,citrus,amber|animalic|aromatic|citrus|fresh spicy|fruity|warm spicy|woody,False
504016,Coach for Men,18,2,False,True,False,False,False,clean|fresh,citrus,amber|animalic|aromatic|citrus|fresh spicy|fruity|warm spicy|woody,True
504112,Coach for Men,18,6,False,True,False,False,True,balsamic|clean|coniferous|resinous|soapy|woody,citrus,amber|animalic|aromatic|citrus|fresh spicy|fruity|warm spicy|woody,True
504354,Coach for Men,32,0,False,True,False,False,False,,citrus,amber|animalic|aromatic|citrus|fresh spicy|fruity|warm spicy|woody,False
504914,Narciso Rodriguez For Her,14,1,False,True,True,False,False,floral,,amber|fruity|powdery|rose|warm spicy|woody,False
505243,Coach for Men,47,2,False,True,False,False,False,lactonic|milky,citrus,amber|animalic|aromatic|citrus|fresh spicy|fruity|warm spicy|woody,True
505395,Coach for Men,16,0,False,True,False,False,False,,citrus,amber|animalic|aromatic|citrus|fresh spicy|fruity|warm spicy|woody,False
505399,Coach for Men,26,1,False,True,False,False,False,minty,citrus,amber|animalic|aromatic|citrus|fresh spicy|fruity|warm spicy|woody,False
505431,Coach for Men,97,0,False,True,False,False,False,,citrus,amber|animalic|aromatic|citrus|fresh spicy|fruity|warm spicy|woody,False
505753,Coach for Men,31,4,False,True,False,False,True,animalic|clean|earthy|fresh,citrus,amber|animalic|aromatic|citrus|fresh spicy|fruity|warm spicy|woody,True
506300,Coach for Men,77,2,False,True,False,False,False,clean|fresh,citrus,amber|animalic|aromatic|citrus|fresh spicy|fruity|warm spicy|woody,True
506471,Coach for Men,16,0,False,True,False,False,False,,citrus,amber|animalic|aromatic|citrus|fresh spicy|fruity|warm spicy|woody,False
506735,Coach for Men,201,4,False,True,False,False,False,aquatic|marine|musky|salty,citrus,amber|animalic|aromatic|citrus|fresh spicy|fruity|warm spicy|woody,True
506822,Coach for Men,25,0,False,True,False,False,False,,citrus,amber|animalic|aromatic|citrus|fresh spicy|fruity|warm spicy|woody,False
507352,Narciso Rodriguez For Her,12,0,False,False,True,False,False,,,amber|fruity|powdery|rose|warm spicy|woody,False
507367,Coach for Men,32,0,False,True,False,False,False,,citrus,amber|animalic|aromatic|citrus|fresh spicy|fruity|warm spicy|woody,False
507550,Coach for Men,51,7,False,True,False,False,True,balsamic|clean|coniferous|musky|resinous|soapy|woody,citrus,amber|animalic|aromatic|citrus|fresh spicy|fruity|warm spicy|woody,True
507881,Coach for Men,56,2,False,True,False,False,False,clean|fresh,citrus,amber|animalic|aromatic|citrus|fresh spicy|fruity|warm spicy|woody,True
508802,Creed Royal Oud,21,3,False,True,False,False,True,animalic|musky|oud,citrus,citrus|oud|woody,True
508866,Coach for Men,52,0,False,True,False,False,False,,citrus,amber|animalic|aromatic|citrus|fresh spicy|fruity|warm spicy|woody,False
508881,Coach for Men,63,2,False,True,False,False,False,clean|fresh,citrus,amber|animalic|aromatic|citrus|fresh spicy|fruity|warm spicy|woody,True
508992,Coach for Men,86,3,False,False,False,True,True,citrus|fresh|soft spicy,citrus,amber|animalic|aromatic|citrus|fresh spicy|fruity|warm spicy|woody,True
508996,Coach for Men,214,6,False,True,False,False,True,animalic|leather|oud|smoky|warm|woody,citrus,amber|animalic|aromatic|citrus|fresh spicy|fruity|warm spicy|woody,True
509040,Juliette Has a Gun Vanilla Vibes,179,8,False,True,False,True,True,balsamic|honey|lactonic|milky|musky|powdery|sweet|vanilla,vanilla,amber|powdery|vanilla|warm spicy|woody,True
509169,Coach for Men,215,2,False,True,False,False,False,lactonic|musky,citrus,amber|animalic|aromatic|citrus|fresh spicy|fruity|warm spicy|woody,True
509229,Coach for Men,51,8,False,True,False,False,True,aldehydic|earthy|floral|iris|nutty|warm|warm spicy|woody,citrus,amber|animalic|aromatic|citrus|fresh spicy|fruity|warm spicy|woody,True
509325,Coach for Men,358,11,False,True,False,False,True,amber|aromatic|camphor|clean|fresh|herbal|inky|metallic|musky|sensual|soapy,citrus,amber|animalic|aromatic|citrus|fresh spicy|fruity|warm spicy|woody,True
509357,Coach for Men,194,4,False,True,False,False,False,clean|floral|fresh|soapy,citrus,amber|animalic|aromatic|citrus|fresh spicy|fruity|warm spicy|woody,True
509579,Coach for Men,337,6,False,True,False,False,True,aromatic|clean|fresh|herbal|rose|soapy,citrus,amber|animalic|aromatic|citrus|fresh spicy|fruity|warm spicy|woody,True
509627,Coach for Men,75,1,False,False,False,False,False,mineral,citrus,amber|animalic|aromatic|citrus|fresh spicy|fruity|warm spicy|woody,False
509632,Coach for Men,40,1,False,True,False,False,False,musky,citrus,amber|animalic|aromatic|citrus|fresh spicy|fruity|warm spicy|woody,False
509636,Coach for Men,80,2,False,True,False,False,False,clean|fresh,citrus,amber|animalic|aromatic|citrus|fresh spicy|fruity|warm spicy|woody,True
509786,Coach for Men,70,0,False,False,False,False,False,,citrus,amber|animalic|aromatic|citrus|fresh spicy|fruity|warm spicy|woody,False
509848,Coach for Men,42,2,False,True,False,False,True,fruity|sweet,citrus,amber|animalic|aromatic|citrus|fresh spicy|fruity|warm spicy|woody,True
510035,Coach for Men,137,0,False,True,False,False,False,,citrus,amber|animalic|aromatic|citrus|fresh spicy|fruity|warm spicy|woody,False
510144,Coach for Men,172,0,False,True,False,False,False,,citrus,amber|animalic|aromatic|citrus|fresh spicy|fruity|warm spicy|woody,False
510170,Coach for Men,118,6,False,True,False,False,False,coconut|lactonic|milky|mineral|powdery|tropical,citrus,amber|animalic|aromatic|citrus|fresh spicy|fruity|warm spicy|woody,True
510171,Coach for Men,333,5,False,True,False,False,False,aquatic|clean|fresh|marine|salty,citrus,amber|animalic|aromatic|citrus|fresh spicy|fruity|warm spicy|woody,True
510217,Elizabeth Arden Green Tea,105,3,False,True,False,False,True,fresh|green|tea,citrus,aromatic|citrus|fresh spicy|green,True
510338,Elizabeth Arden Green Tea,92,1,False,True,False,False,False,musky,citrus,aromatic|citrus|fresh spicy|green,False
510354,Coach for Men,94,6,False,False,False,False,True,amber|clean|fresh|musky|oud|sweet,citrus,amber|animalic|aromatic|citrus|fresh spicy|fruity|warm spicy|woody,True
510384,Coach for Men,19,4,False,False,False,False,False,aquatic|clean|fresh|minty,citrus,amber|animalic|aromatic|citrus|fresh spicy|fruity|warm spicy|woody,True
510513,Coach for Men,86,5,False,True,False,False,True,clean|minty|sandalwood|soapy|woody,citrus,amber|animalic|aromatic|citrus|fresh spicy|fruity|warm spicy|woody,True
510768,Coach for Men,62,4,False,True,False,False,True,aromatic|herbal|minty|spicy,citrus,amber|animalic|aromatic|citrus|fresh spicy|fruity|warm spicy|woody,True
511566,Coach for Men,71,3,False,False,False,False,False,clean|fresh|soapy,citrus,amber|animalic|aromatic|citrus|fresh spicy|fruity|warm spicy|woody,True
511661,Coach for Men,12,0,False,False,False,False,False,,citrus,amber|animalic|aromatic|citrus|fresh spicy|fruity|warm spicy|woody,False
511702,Coach for Men,62,0,False,True,False,False,False,,citrus,amber|animalic|aromatic|citrus|fresh spicy|fruity|warm spicy|woody,False
511943,Azzaro Pour Homme,11,0,False,True,False,False,False,,aromatic,aromatic|citrus|earthy|fresh spicy|leather|mossy|powdery|warm spicy|woody,False
512586,Coach for Men,17,0,False,True,False,False,False,,citrus,amber|animalic|aromatic|citrus|fresh spicy|fruity|warm spicy|woody,False
512619,Coach for Men,16,0,False,True,False,False,False,,citrus,amber|animalic|aromatic|citrus|fresh spicy|fruity|warm spicy|woody,False
512655,Coach for Men,102,3,True,False,False,False,False,clean|fresh|tea,citrus,amber|animalic|aromatic|citrus|fresh spicy|fruity|warm spicy|woody,False
512674,Coach for Men,11,0,False,True,False,False,False,,citrus,amber|animalic|aromatic|citrus|fresh spicy|fruity|warm spicy|woody,False
512721,Coach for Men,14,0,False,True,False,False,False,,citrus,amber|animalic|aromatic|citrus|fresh spicy|fruity|warm spicy|woody,False
512782,Coach for Men,44,0,False,True,False,False,False,,citrus,amber|animalic|aromatic|citrus|fresh spicy|fruity|warm spicy|woody,False
512848,Coach for Men,51,2,False,True,False,False,False,clean|soapy,citrus,amber|animalic|aromatic|citrus|fresh spicy|fruity|warm spicy|woody,True
512921,Coach for Men,10,0,False,True,False,False,False,,citrus,amber|animalic|aromatic|citrus|fresh spicy|fruity|warm spicy|woody,False
512942,Coach for Men,47,0,False,True,False,False,False,,citrus,amber|animalic|aromatic|citrus|fresh spicy|fruity|warm spicy|woody,False
513184,Coach for Men,21,0,False,False,False,False,False,,citrus,amber|animalic|aromatic|citrus|fresh spicy|fruity|warm spicy|woody,False
513240,Elizabeth Arden Green Tea,28,5,False,True,False,False,True,clean|fresh|green|soapy|tea,citrus,aromatic|citrus|fresh spicy|green,True
513414,Coach for Men,81,7,False,True,False,False,True,amber|iris|lactonic|milky|musky|oud|sweet,citrus,amber|animalic|aromatic|citrus|fresh spicy|fruity|warm spicy|woody,True
513540,Elizabeth Arden Green Tea,61,5,False,True,False,True,True,citrus|clean|fresh|musky|woody,citrus,aromatic|citrus|fresh spicy|green,True
513678,Coach for Men,278,7,False,True,False,False,False,clean|fresh|incense|inky|metallic|soapy|spicy,citrus,amber|animalic|aromatic|citrus|fresh spicy|fruity|warm spicy|woody,True
513738,Coach for Men,30,0,False,True,False,False,False,,citrus,amber|animalic|aromatic|citrus|fresh spicy|fruity|warm spicy|woody,False
513739,Coach for Men,30,0,False,True,False,False,False,,citrus,amber|animalic|aromatic|citrus|fresh spicy|fruity|warm spicy|woody,False
514477,Coach for Men,69,1,False,True,False,False,False,musky,citrus,amber|animalic|aromatic|citrus|fresh spicy|fruity|warm spicy|woody,False
514945,Coach for Men,131,10,False,True,False,False,True,amber|aromatic|fresh spicy|iris|lactonic|milky|musky|oud|sweet|woody,citrus,amber|animalic|aromatic|citrus|fresh spicy|fruity|warm spicy|woody,True
515739,Coach for Men,38,0,False,True,False,False,False,,citrus,amber|animalic|aromatic|citrus|fresh spicy|fruity|warm spicy|woody,False
516008,Coach for Men,89,1,False,False,False,False,False,musky,citrus,amber|animalic|aromatic|citrus|fresh spicy|fruity|warm spicy|woody,False
516073,Elizabeth Arden Green Tea,18,0,True,False,False,False,False,,citrus,aromatic|citrus|fresh spicy|green,False
516246,Coach for Men,26,1,False,True,False,False,False,resinous,citrus,amber|animalic|aromatic|citrus|fresh spicy|fruity|warm spicy|woody,False
516300,Coach for Men,135,7,False,True,False,False,True,cardamom|clean|coconut|soapy|spicy|tropical|warm spicy,citrus,amber|animalic|aromatic|citrus|fresh spicy|fruity|warm spicy|woody,True
516308,Coach for Men,10,0,False,True,False,False,False,,citrus,amber|animalic|aromatic|citrus|fresh spicy|fruity|warm spicy|woody,False
516321,Coach for Men,111,4,False,True,False,False,True,clean|fresh|fruity|soapy,citrus,amber|animalic|aromatic|citrus|fresh spicy|fruity|warm spicy|woody,True
516529,Coach for Men,15,2,False,True,False,False,False,clean|musky,citrus,amber|animalic|aromatic|citrus|fresh spicy|fruity|warm spicy|woody,True
516632,Coach for Men,192,4,False,True,False,False,True,amber|musky|vanilla|warm spicy,citrus,amber|animalic|aromatic|citrus|fresh spicy|fruity|warm spicy|woody,True
516810,Coach for Men,8,0,False,True,False,False,False,,citrus,amber|animalic|aromatic|citrus|fresh spicy|fruity|warm spicy|woody,False
516873,Coach for Men,9,0,False,True,False,False,False,,citrus,amber|animalic|aromatic|citrus|fresh spicy|fruity|warm spicy|woody,False
517365,Coach for Men,15,1,False,True,False,False,False,musky,citrus,amber|animalic|aromatic|citrus|fresh spicy|fruity|warm spicy|woody,False
517384,Coach for Men,18,0,False,False,False,False,False,,citrus,amber|animalic|aromatic|citrus|fresh spicy|fruity|warm spicy|woody,False
517398,Coach for Men,18,0,False,True,False,False,False,,citrus,amber|animalic|aromatic|citrus|fresh spicy|fruity|warm spicy|woody,False
517752,Coach for Men,24,4,False,False,False,False,False,aquatic|clean|fresh|minty,citrus,amber|animalic|aromatic|citrus|fresh spicy|fruity|warm spicy|woody,True
518056,Coach for Men,14,1,False,True,False,False,True,warm spicy,citrus,amber|animalic|aromatic|citrus|fresh spicy|fruity|warm spicy|woody,False
518221,Coach for Men,52,7,False,True,False,True,True,aquatic|citrus|clean|fresh|green|lactonic|milky,citrus,amber|animalic|aromatic|citrus|fresh spicy|fruity|warm spicy|woody,True
518235,Coach for Men,104,6,False,True,False,False,True,amber|clean|fresh|green|oud|sweet,citrus,amber|animalic|aromatic|citrus|fresh spicy|fruity|warm spicy|woody,True
518251,Coach for Men,50,0,False,True,False,False,False,,citrus,amber|animalic|aromatic|citrus|fresh spicy|fruity|warm spicy|woody,False
518283,Coach for Men,20,0,False,True,False,False,False,,citrus,amber|animalic|aromatic|citrus|fresh spicy|fruity|warm spicy|woody,False
518364,Coach for Men,15,0,False,True,False,False,False,,citrus,amber|animalic|aromatic|citrus|fresh spicy|fruity|warm spicy|woody,False
518419,Coach for Men,10,0,False,True,False,False,False,,citrus,amber|animalic|aromatic|citrus|fresh spicy|fruity|warm spicy|woody,False
518620,Coach for Men,30,0,False,False,False,False,False,,citrus,amber|animalic|aromatic|citrus|fresh spicy|fruity|warm spicy|woody,False
518765,Coach for Men,60,6,False,True,False,True,True,citrus|clean|coconut|fruity|soapy|tropical,citrus,amber|animalic|aromatic|citrus|fresh spicy|fruity|warm spicy|woody,True
519135,Coach for Men,18,2,False,True,False,False,False,clean|fresh,citrus,amber|animalic|aromatic|citrus|fresh spicy|fruity|warm spicy|woody,True
519203,Coach for Men,12,1,False,True,False,False,False,aquatic,citrus,amber|animalic|aromatic|citrus|fresh spicy|fruity|warm spicy|woody,False
519262,Coach for Men,23,0,False,True,False,False,False,,citrus,amber|animalic|aromatic|citrus|fresh spicy|fruity|warm spicy|woody,False
519281,Coach for Men,40,0,False,True,False,False,False,,citrus,amber|animalic|aromatic|citrus|fresh spicy|fruity|warm spicy|woody,False
519409,Narciso Rodriguez For Her,19,0,False,True,True,False,False,,,amber|fruity|powdery|rose|warm spicy|woody,False
519436,Coach for Men,70,1,True,False,False,False,False,musky,citrus,amber|animalic|aromatic|citrus|fresh spicy|fruity|warm spicy|woody,False
519629,Coach for Men,29,1,False,True,False,False,False,tea,citrus,amber|animalic|aromatic|citrus|fresh spicy|fruity|warm spicy|woody,False
519756,Coach for Men,17,0,False,True,False,False,False,,citrus,amber|animalic|aromatic|citrus|fresh spicy|fruity|warm spicy|woody,False
519878,Narciso Rodriguez For Her,28,1,False,True,True,False,False,fresh,,amber|fruity|powdery|rose|warm spicy|woody,False
520072,Coach for Men,88,0,False,True,False,False,False,,citrus,amber|animalic|aromatic|citrus|fresh spicy|fruity|warm spicy|woody,False
520122,Narciso Rodriguez For Her,51,0,False,True,True,False,False,,,amber|fruity|powdery|rose|warm spicy|woody,False
520301,Bvlgari Rose Goldea,19,0,False,True,False,False,False,,rose,fresh spicy|powdery|rose|white floral|woody,False
520345,Elizabeth Arden Green Tea,23,3,True,False,False,True,True,citrus|coconut|tropical,citrus,aromatic|citrus|fresh spicy|green,False
520378,Coach for Men,60,1,False,True,False,False,False,clean,citrus,amber|animalic|aromatic|citrus|fresh spicy|fruity|warm spicy|woody,False
520464,Coach for Men,27,0,False,True,False,False,False,,citrus,amber|animalic|aromatic|citrus|fresh spicy|fruity|warm spicy|woody,False
520471,Coach for Men,64,0,False,True,False,False,False,,citrus,amber|animalic|aromatic|citrus|fresh spicy|fruity|warm spicy|woody,False
520503,Coach for Men,65,2,False,True,False,False,False,clean|fresh,citrus,amber|animalic|aromatic|citrus|fresh spicy|fruity|warm spicy|woody,True
520623,Coach for Men,31,0,False,True,False,False,False,,citrus,amber|animalic|aromatic|citrus|fresh spicy|fruity|warm spicy|woody,False
520650,Coach for Men,30,2,False,True,False,False,False,clean|fresh,citrus,amber|animalic|aromatic|citrus|fresh spicy|fruity|warm spicy|woody,True
520790,Elizabeth Arden Green Tea,101,1,False,True,False,False,False,fruity,citrus,aromatic|citrus|fresh spicy|green,False
520831,Coach for Men,37,0,False,True,False,False,False,,citrus,amber|animalic|aromatic|citrus|fresh spicy|fruity|warm spicy|woody,False
521120,Coach for Men,10,0,False,False,False,False,False,,citrus,amber|animalic|aromatic|citrus|fresh spicy|fruity|warm spicy|woody,False
521405,Elizabeth Arden Green Tea,156,3,False,True,False,False,False,damp|earthy|musky,citrus,aromatic|citrus|fresh spicy|green,True
521713,Tom Ford Tobacco Vanille,62,1,False,True,False,False,False,smoky,vanilla,fruity|powdery|tobacco|vanilla|warm spicy|woody,False
521742,Coach for Men,25,0,False,True,False,False,False,,citrus,amber|animalic|aromatic|citrus|fresh spicy|fruity|warm spicy|woody,False
521796,Elizabeth Arden Green Tea,38,0,False,True,False,False,False,,citrus,aromatic|citrus|fresh spicy|green,False
521989,Coach for Men,12,0,False,True,False,False,False,,citrus,amber|animalic|aromatic|citrus|fresh spicy|fruity|warm spicy|woody,False
522026,Coach for Men,10,0,False,True,False,False,False,,citrus,amber|animalic|aromatic|citrus|fresh spicy|fruity|warm spicy|woody,False
522369,Azzaro Pour Homme,19,0,False,True,False,False,False,,aromatic,aromatic|citrus|earthy|fresh spicy|leather|mossy|powdery|warm spicy|woody,False
522655,Coach for Men,35,2,False,True,False,False,False,clean|fresh,citrus,amber|animalic|aromatic|citrus|fresh spicy|fruity|warm spicy|woody,True
522888,Coach for Men,9,3,False,True,False,False,False,fresh|green|tea,citrus,amber|animalic|aromatic|citrus|fresh spicy|fruity|warm spicy|woody,True
522933,Coach for Men,9,0,False,True,False,False,False,,citrus,amber|animalic|aromatic|citrus|fresh spicy|fruity|warm spicy|woody,False
523090,Coach for Men,26,0,False,False,False,False,False,,citrus,amber|animalic|aromatic|citrus|fresh spicy|fruity|warm spicy|woody,False
523126,Coach for Men,11,0,False,True,False,False,False,,citrus,amber|animalic|aromatic|citrus|fresh spicy|fruity|warm spicy|woody,False
523150,Coach for Men,118,7,False,True,False,True,True,citrus|clean|coconut|fresh|fruity|musky|tropical,citrus,amber|animalic|aromatic|citrus|fresh spicy|fruity|warm spicy|woody,True
523166,Coach for Men,18,0,False,True,False,False,False,,citrus,amber|animalic|aromatic|citrus|fresh spicy|fruity|warm spicy|woody,False
523650,Elizabeth Arden Green Tea,32,2,False,True,False,False,False,clean|fresh,citrus,aromatic|citrus|fresh spicy|green,True
523864,Coach for Men,87,2,False,False,False,False,False,clean|fresh,citrus,amber|animalic|aromatic|citrus|fresh spicy|fruity|warm spicy|woody,True
523971,Coach for Men,14,0,False,False,False,False,False,,citrus,amber|animalic|aromatic|citrus|fresh spicy|fruity|warm spicy|woody,False
524377,Elizabeth Arden Green Tea,8,0,False,False,False,False,False,,citrus,aromatic|citrus|fresh spicy|green,False
525067,Coach for Men,9,0,False,False,False,False,False,,citrus,amber|animalic|aromatic|citrus|fresh spicy|fruity|warm spicy|woody,False
525093,Elizabeth Arden Green Tea,37,2,False,True,False,False,False,clean|fresh,citrus,aromatic|citrus|fresh spicy|green,True
525286,Coach for Men,22,2,False,True,False,False,False,clean|soapy,citrus,amber|animalic|aromatic|citrus|fresh spicy|fruity|warm spicy|woody,True
525628,Elizabeth Arden Green Tea,18,2,False,False,False,True,True,citrus|fruity,citrus,aromatic|citrus|fresh spicy|green,True
525781,Coach for Men,59,0,False,True,False,False,False,,citrus,amber|animalic|aromatic|citrus|fresh spicy|fruity|warm spicy|woody,False
525790,Coach for Men,67,0,False,True,False,False,False,,citrus,amber|animalic|aromatic|citrus|fresh spicy|fruity|warm spicy|woody,False
525816,Coach for Men,48,0,False,True,False,False,False,,citrus,amber|animalic|aromatic|citrus|fresh spicy|fruity|warm spicy|woody,False
525965,Coach for Men,11,0,False,True,False,False,False,,citrus,amber|animalic|aromatic|citrus|fresh spicy|fruity|warm spicy|woody,False
526169,Coach for Men,11,0,False,True,False,False,False,,citrus,amber|animalic|aromatic|citrus|fresh spicy|fruity|warm spicy|woody,False
526220,Coach for Men,14,0,False,True,False,False,False,,citrus,amber|animalic|aromatic|citrus|fresh spicy|fruity|warm spicy|woody,False
526495,Coach for Men,51,0,False,True,False,False,False,,citrus,amber|animalic|aromatic|citrus|fresh spicy|fruity|warm spicy|woody,False
526499,Coach for Men,22,0,False,False,False,False,False,,citrus,amber|animalic|aromatic|citrus|fresh spicy|fruity|warm spicy|woody,False
526508,Coach for Men,12,0,False,True,False,False,False,,citrus,amber|animalic|aromatic|citrus|fresh spicy|fruity|warm spicy|woody,False
526846,Coach for Men,95,5,False,True,False,False,True,alcohol|amber|fresh|iris|oud,citrus,amber|animalic|aromatic|citrus|fresh spicy|fruity|warm spicy|woody,True
526892,Coach for Men,34,0,False,False,False,False,False,,citrus,amber|animalic|aromatic|citrus|fresh spicy|fruity|warm spicy|woody,False
526962,Narciso Rodriguez For Her,34,0,False,True,True,False,False,,,amber|fruity|powdery|rose|warm spicy|woody,False
527215,Coach for Men,51,3,False,True,False,False,True,amber|iris|oud,citrus,amber|animalic|aromatic|citrus|fresh spicy|fruity|warm spicy|woody,True
527216,Coach for Men,49,2,False,True,False,False,False,cacao|chocolate,citrus,amber|animalic|aromatic|citrus|fresh spicy|fruity|warm spicy|woody,True
527217,Coach for Men,62,3,False,True,False,False,False,clean|fresh|musky,citrus,amber|animalic|aromatic|citrus|fresh spicy|fruity|warm spicy|woody,True
527281,Narciso Rodriguez For Her,39,0,False,True,True,False,False,,,amber|fruity|powdery|rose|warm spicy|woody,False
527291,Coach for Men,14,2,False,True,False,False,False,clean|fresh,citrus,amber|animalic|aromatic|citrus|fresh spicy|fruity|warm spicy|woody,True
527319,Coach for Men,51,2,False,True,False,False,True,leather|woody,citrus,amber|animalic|aromatic|citrus|fresh spicy|fruity|warm spicy|woody,True
527369,Coach for Men,79,11,False,True,False,True,True,amber|citrus|earthy|fresh|green|iris|oud|resinous|warm|warm spicy|woody,citrus,amber|animalic|aromatic|citrus|fresh spicy|fruity|warm spicy|woody,True
527490,Coach for Men,73,3,False,True,False,False,False,clean|fresh|soapy,citrus,amber|animalic|aromatic|citrus|fresh spicy|fruity|warm spicy|woody,True
527526,Coach for Men,87,2,False,True,False,False,True,animalic|oud,citrus,amber|animalic|aromatic|citrus|fresh spicy|fruity|warm spicy|woody,True
527637,Calvin Klein CK One,182,9,False,True,False,False,False,aldehydic|amber|chypre|clean|floral|fresh|oud|soft spicy|sweet,citrus,aromatic|citrus|green,True
527745,Coach for Men,89,4,False,True,False,False,True,boozy|bourbon|incense|woody,citrus,amber|animalic|aromatic|citrus|fresh spicy|fruity|warm spicy|woody,True
528677,Coach for Men,96,3,False,True,False,False,True,aromatic|fresh spicy|woody,citrus,amber|animalic|aromatic|citrus|fresh spicy|fruity|warm spicy|woody,True
529559,Elizabeth Arden Green Tea,130,6,False,True,False,False,True,aromatic|camphor|damp|earthy|herbal|minty,citrus,aromatic|citrus|fresh spicy|green,True
529588,Coach for Men,13,0,False,True,False,False,False,,citrus,amber|animalic|aromatic|citrus|fresh spicy|fruity|warm spicy|woody,False
529627,Coach for Men,61,0,False,False,False,False,False,,citrus,amber|animalic|aromatic|citrus|fresh spicy|fruity|warm spicy|woody,False
529868,Carolina Herrera Good Girl,37,1,False,True,True,False,False,sweet,,almond|amber|powdery|vanilla|warm spicy|white floral|woody,False
529898,Coach for Men,20,0,False,False,False,False,False,,citrus,amber|animalic|aromatic|citrus|fresh spicy|fruity|warm spicy|woody,False
529974,Coach for Men,61,0,False,True,False,False,False,,citrus,amber|animalic|aromatic|citrus|fresh spicy|fruity|warm spicy|woody,False
530168,Coach for Men,96,2,False,True,False,False,False,clean|fresh,citrus,amber|animalic|aromatic|citrus|fresh spicy|fruity|warm spicy|woody,True
530311,Coach for Men,17,0,False,False,False,False,False,,citrus,amber|animalic|aromatic|citrus|fresh spicy|fruity|warm spicy|woody,False
530344,Coach for Men,40,0,False,True,False,False,False,,citrus,amber|animalic|aromatic|citrus|fresh spicy|fruity|warm spicy|woody,False
530439,Coach for Men,21,3,False,True,False,False,False,clean|musky|soapy,citrus,amber|animalic|aromatic|citrus|fresh spicy|fruity|warm spicy|woody,True
530588,Coach for Men,11,0,False,True,False,False,False,,citrus,amber|animalic|aromatic|citrus|fresh spicy|fruity|warm spicy|woody,False
530629,Elizabeth Arden Green Tea,32,2,False,True,False,False,False,clean|soapy,citrus,aromatic|citrus|fresh spicy|green,True
531112,Elizabeth Arden Green Tea,25,3,False,True,False,False,True,fresh|green|tea,citrus,aromatic|citrus|fresh spicy|green,True
531287,Coach for Men,52,0,False,True,False,False,False,,citrus,amber|animalic|aromatic|citrus|fresh spicy|fruity|warm spicy|woody,False
531300,Coach for Men,44,2,False,True,False,False,False,clean|soapy,citrus,amber|animalic|aromatic|citrus|fresh spicy|fruity|warm spicy|woody,True
531399,Coach for Men,102,0,False,True,False,False,False,,citrus,amber|animalic|aromatic|citrus|fresh spicy|fruity|warm spicy|woody,False
531422,Elizabeth Arden Green Tea,12,1,False,False,False,False,False,musky,citrus,aromatic|citrus|fresh spicy|green,False
531428,Coach for Men,13,3,False,False,False,False,True,aromatic|herbal|lavender,citrus,amber|animalic|aromatic|citrus|fresh spicy|fruity|warm spicy|woody,True
531549,Coach for Men,46,0,False,False,False,False,False,,citrus,amber|animalic|aromatic|citrus|fresh spicy|fruity|warm spicy|woody,False
531559,Coach for Men,27,0,False,True,False,False,False,,citrus,amber|animalic|aromatic|citrus|fresh spicy|fruity|warm spicy|woody,False
531652,Coach for Men,17,0,False,True,False,False,False,,citrus,amber|animalic|aromatic|citrus|fresh spicy|fruity|warm spicy|woody,False
531770,Coach for Men,9,0,False,True,False,False,False,,citrus,amber|animalic|aromatic|citrus|fresh spicy|fruity|warm spicy|woody,False
531796,Coach for Men,11,0,False,True,False,False,False,,citrus,amber|animalic|aromatic|citrus|fresh spicy|fruity|warm spicy|woody,False
532005,Coach for Men,30,0,False,True,False,False,False,,citrus,amber|animalic|aromatic|citrus|fresh spicy|fruity|warm spicy|woody,False
532073,Coach for Men,43,0,False,True,False,False,False,,citrus,amber|animalic|aromatic|citrus|fresh spicy|fruity|warm spicy|woody,False
532076,Coach for Men,62,5,False,True,False,False,True,clean|fresh|fruity|inky|soapy,citrus,amber|animalic|aromatic|citrus|fresh spicy|fruity|warm spicy|woody,True
532092,Coach for Men,11,1,False,True,False,False,False,fresh,citrus,amber|animalic|aromatic|citrus|fresh spicy|fruity|warm spicy|woody,False
532141,Coach for Men,52,2,False,False,False,False,False,clean|soapy,citrus,amber|animalic|aromatic|citrus|fresh spicy|fruity|warm spicy|woody,True
532240,Coach for Men,159,4,True,False,False,False,True,clean|fruity|metallic|soapy,citrus,amber|animalic|aromatic|citrus|fresh spicy|fruity|warm spicy|woody,False
532791,Coach for Men,14,0,False,True,False,False,False,,citrus,amber|animalic|aromatic|citrus|fresh spicy|fruity|warm spicy|woody,False
533114,Coach for Men,25,0,False,True,False,False,False,,citrus,amber|animalic|aromatic|citrus|fresh spicy|fruity|warm spicy|woody,False
533142,Elizabeth Arden Green Tea,29,0,False,True,False,False,False,,citrus,aromatic|citrus|fresh spicy|green,False
533241,Coach for Men,21,0,False,True,False,False,False,,citrus,amber|animalic|aromatic|citrus|fresh spicy|fruity|warm spicy|woody,False
533454,Coach for Men,129,2,False,True,False,False,True,sandalwood|woody,citrus,amber|animalic|aromatic|citrus|fresh spicy|fruity|warm spicy|woody,True
533759,Coach for Men,27,0,False,True,False,False,False,,citrus,amber|animalic|aromatic|citrus|fresh spicy|fruity|warm spicy|woody,False
534022,Elizabeth Arden Green Tea,56,3,False,True,False,False,False,lactonic|milky|musky,citrus,aromatic|citrus|fresh spicy|green,True
534068,Coach for Men,38,1,False,True,False,False,False,leather,citrus,amber|animalic|aromatic|citrus|fresh spicy|fruity|warm spicy|woody,False
534355,Tom Ford Oud Wood,11,0,False,True,False,False,False,,woody,amber|aromatic|fresh spicy|oud|powdery|vanilla|warm spicy|woody,False
534412,Coach for Men,11,3,False,False,False,False,True,aromatic|fresh spicy|woody,citrus,amber|animalic|aromatic|citrus|fresh spicy|fruity|warm spicy|woody,True
534526,Coach for Men,141,4,False,True,False,False,False,alcohol|fresh|inky|metallic,citrus,amber|animalic|aromatic|citrus|fresh spicy|fruity|warm spicy|woody,True
534652,Coach for Men,18,2,False,False,False,False,False,clean|fresh,citrus,amber|animalic|aromatic|citrus|fresh spicy|fruity|warm spicy|woody,True
534804,Coach for Men,51,0,False,True,False,False,False,,citrus,amber|animalic|aromatic|citrus|fresh spicy|fruity|warm spicy|woody,False
534819,Elizabeth Arden Green Tea,109,2,False,True,False,False,False,lactonic|milky,citrus,aromatic|citrus|fresh spicy|green,True
534884,Calvin Klein CK One,8,0,False,True,False,False,False,,citrus,aromatic|citrus|green,False
534943,Coach for Men,37,0,False,True,False,False,False,,citrus,amber|animalic|aromatic|citrus|fresh spicy|fruity|warm spicy|woody,False
535035,Coach for Men,17,0,False,True,False,False,False,,citrus,amber|animalic|aromatic|citrus|fresh spicy|fruity|warm spicy|woody,False
535074,Elizabeth Arden Green Tea,11,2,True,False,False,False,False,lactonic|milky,citrus,aromatic|citrus|fresh spicy|green,False
535077,Coach for Men,88,0,False,True,False,False,False,,citrus,amber|animalic|aromatic|citrus|fresh spicy|fruity|warm spicy|woody,False
535087,Coach for Men,10,0,False,True,False,False,False,,citrus,amber|animalic|aromatic|citrus|fresh spicy|fruity|warm spicy|woody,False
535123,Coach for Men,28,0,False,True,False,False,False,,citrus,amber|animalic|aromatic|citrus|fresh spicy|fruity|warm spicy|woody,False
535141,Coach for Men,73,0,False,True,False,False,False,,citrus,amber|animalic|aromatic|citrus|fresh spicy|fruity|warm spicy|woody,False
535232,Coach for Men,23,7,False,True,False,True,True,balsamic|citrus|coniferous|fresh|mossy|resinous|woody,citrus,amber|animalic|aromatic|citrus|fresh spicy|fruity|warm spicy|woody,True
535798,Coach for Men,18,0,False,True,False,False,False,,citrus,amber|animalic|aromatic|citrus|fresh spicy|fruity|warm spicy|woody,False
535855,Azzaro Pour Homme,9,0,False,False,False,False,False,,aromatic,aromatic|citrus|earthy|fresh spicy|leather|mossy|powdery|warm spicy|woody,False
535873,Coach for Men,87,8,False,True,False,False,True,aromatic|balsamic|clean|coniferous|fresh|fresh spicy|resinous|woody,citrus,amber|animalic|aromatic|citrus|fresh spicy|fruity|warm spicy|woody,True
535927,Coach for Men,14,0,False,True,False,False,False,,citrus,amber|animalic|aromatic|citrus|fresh spicy|fruity|warm spicy|woody,False
535951,Coach for Men,31,0,False,True,False,False,False,,citrus,amber|animalic|aromatic|citrus|fresh spicy|fruity|warm spicy|woody,False
535985,Coach for Men,58,4,False,True,False,False,True,aromatic|fresh|fresh spicy|woody,citrus,amber|animalic|aromatic|citrus|fresh spicy|fruity|warm spicy|woody,True
536027,Coach for Men,43,0,False,True,False,False,False,,citrus,amber|animalic|aromatic|citrus|fresh spicy|fruity|warm spicy|woody,False
536282,Coach for Men,33,0,False,True,False,False,False,,citrus,amber|animalic|aromatic|citrus|fresh spicy|fruity|warm spicy|woody,False
536339,Coach for Men,70,0,False,True,False,False,False,,citrus,amber|animalic|aromatic|citrus|fresh spicy|fruity|warm spicy|woody,False
536561,Coach for Men,80,9,False,True,False,False,True,aromatic|clean|coconut|fresh|fresh spicy|powdery|rum|tropical|woody,citrus,amber|animalic|aromatic|citrus|fresh spicy|fruity|warm spicy|woody,True
536634,Coach for Men,26,0,False,True,False,False,False,,citrus,amber|animalic|aromatic|citrus|fresh spicy|fruity|warm spicy|woody,False
536890,Coach for Men,40,0,False,True,False,False,False,,citrus,amber|animalic|aromatic|citrus|fresh spicy|fruity|warm spicy|woody,False
536892,Coach for Men,26,0,False,True,False,False,False,,citrus,amber|animalic|aromatic|citrus|fresh spicy|fruity|warm spicy|woody,False
537078,Coach for Men,24,0,False,False,False,False,False,,citrus,amber|animalic|aromatic|citrus|fresh spicy|fruity|warm spicy|woody,False
537186,Coach for Men,19,3,False,True,False,False,True,clean|fruity|soapy,citrus,amber|animalic|aromatic|citrus|fresh spicy|fruity|warm spicy|woody,True
537317,Coach for Men,29,3,False,False,False,False,False,clean|musky|soapy,citrus,amber|animalic|aromatic|citrus|fresh spicy|fruity|warm spicy|woody,True
537702,Coach for Men,211,4,False,True,False,False,True,animalic|clean|fresh|oud,citrus,amber|animalic|aromatic|citrus|fresh spicy|fruity|warm spicy|woody,True
537844,Coach for Men,61,2,False,True,False,False,False,aldehydic|powdery,citrus,amber|animalic|aromatic|citrus|fresh spicy|fruity|warm spicy|woody,True
537846,Elizabeth Arden Green Tea,37,0,False,True,False,False,False,,citrus,aromatic|citrus|fresh spicy|green,False
537853,Narciso Rodriguez For Her,16,0,False,True,True,False,False,,,amber|fruity|powdery|rose|warm spicy|woody,False
538273,Coach for Men,53,0,False,False,False,False,False,,citrus,amber|animalic|aromatic|citrus|fresh spicy|fruity|warm spicy|woody,False
538331,Narciso Rodriguez For Her,24,0,False,True,True,False,False,,,amber|fruity|powdery|rose|warm spicy|woody,False
538341,Coach for Men,20,0,False,False,False,False,False,,citrus,amber|animalic|aromatic|citrus|fresh spicy|fruity|warm spicy|woody,False
538554,Coach for Men,11,0,False,False,False,False,False,,citrus,amber|animalic|aromatic|citrus|fresh spicy|fruity|warm spicy|woody,False
538671,Coach for Men,27,0,False,True,False,False,False,,citrus,amber|animalic|aromatic|citrus|fresh spicy|fruity|warm spicy|woody,False
538754,Elizabeth Arden Green Tea,32,0,False,True,False,False,False,,citrus,aromatic|citrus|fresh spicy|green,False
538755,Elizabeth Arden Green Tea,66,4,False,True,False,False,True,fresh|green|musky|tea,citrus,aromatic|citrus|fresh spicy|green,True
538782,Coach for Men,14,0,False,False,False,False,False,,citrus,amber|animalic|aromatic|citrus|fresh spicy|fruity|warm spicy|woody,False
538901,Narciso Rodriguez For Her,29,7,False,True,True,False,True,amber|balsamic|iris|oud|powdery|sweet|vanilla,,amber|fruity|powdery|rose|warm spicy|woody,False
539197,Coach for Men,98,3,False,True,False,False,True,aromatic|fresh spicy|woody,citrus,amber|animalic|aromatic|citrus|fresh spicy|fruity|warm spicy|woody,True
539430,Coach for Men,37,2,False,False,False,False,False,clean|fresh,citrus,amber|animalic|aromatic|citrus|fresh spicy|fruity|warm spicy|woody,True
539534,Elizabeth Arden Green Tea,73,2,False,True,False,False,False,fresh|musky,citrus,aromatic|citrus|fresh spicy|green,True
539569,Coach for Men,24,0,False,True,False,False,False,,citrus,amber|animalic|aromatic|citrus|fresh spicy|fruity|warm spicy|woody,False
539720,Azzaro Pour Homme,50,0,False,True,False,False,False,,aromatic,aromatic|citrus|earthy|fresh spicy|leather|mossy|powdery|warm spicy|woody,False
539844,Coach for Men,32,0,False,True,False,False,False,,citrus,amber|animalic|aromatic|citrus|fresh spicy|fruity|warm spicy|woody,False
539988,Coach for Men,48,2,False,True,False,False,False,clean|fresh,citrus,amber|animalic|aromatic|citrus|fresh spicy|fruity|warm spicy|woody,True
540002,Coach for Men,32,4,False,True,False,False,False,camphor|clean|minty|soapy,citrus,amber|animalic|aromatic|citrus|fresh spicy|fruity|warm spicy|woody,True
540028,Azzaro Pour Homme,19,0,False,True,False,False,False,,aromatic,aromatic|citrus|earthy|fresh spicy|leather|mossy|powdery|warm spicy|woody,False
540153,Coach for Men,51,3,False,False,False,False,True,amber|vanilla|warm spicy,citrus,amber|animalic|aromatic|citrus|fresh spicy|fruity|warm spicy|woody,True
540692,Coach for Men,8,0,False,True,False,False,False,,citrus,amber|animalic|aromatic|citrus|fresh spicy|fruity|warm spicy|woody,False
540836,Coach for Men,106,2,False,True,False,False,True,animalic|beeswax,citrus,amber|animalic|aromatic|citrus|fresh spicy|fruity|warm spicy|woody,True
540849,Coach for Men,12,0,False,False,False,False,False,,citrus,amber|animalic|aromatic|citrus|fresh spicy|fruity|warm spicy|woody,False
540924,Coach for Men,35,1,False,False,False,False,False,leather,citrus,amber|animalic|aromatic|citrus|fresh spicy|fruity|warm spicy|woody,False
540972,Narciso Rodriguez For Her,13,1,False,False,True,False,False,clean,,amber|fruity|powdery|rose|warm spicy|woody,False
541049,Coach for Men,20,2,False,True,False,False,False,clean|soapy,citrus,amber|animalic|aromatic|citrus|fresh spicy|fruity|warm spicy|woody,True
541173,Coach for Men,17,0,False,True,False,False,False,,citrus,amber|animalic|aromatic|citrus|fresh spicy|fruity|warm spicy|woody,False
541210,Elizabeth Arden Green Tea,230,4,False,True,False,False,True,aromatic|herbal|lavender|musky,citrus,aromatic|citrus|fresh spicy|green,True
541315,Coach for Men,254,6,False,True,False,True,True,citrus|clean|fresh|fruity|musky|soapy,citrus,amber|animalic|aromatic|citrus|fresh spicy|fruity|warm spicy|woody,True
541389,Coach for Men,336,10,False,True,False,True,True,amber|camphor|citrus|clean|fresh|fruity|herbal|iris|musky|oud,citrus,amber|animalic|aromatic|citrus|fresh spicy|fruity|warm spicy|woody,True
541500,Coach for Men,36,3,False,True,False,False,True,aromatic|fresh spicy|woody,citrus,amber|animalic|aromatic|citrus|fresh spicy|fruity|warm spicy|woody,True
541517,Coach for Men,55,3,False,True,False,False,False,clean|fresh|soapy,citrus,amber|animalic|aromatic|citrus|fresh spicy|fruity|warm spicy|woody,True
541527,Elizabeth Arden Green Tea,119,1,False,False,False,False,False,musky,citrus,aromatic|citrus|fresh spicy|green,False
541758,Coach for Men,32,0,False,False,False,False,False,,citrus,amber|animalic|aromatic|citrus|fresh spicy|fruity|warm spicy|woody,False
541967,Coach for Men,37,1,False,True,False,False,False,musky,citrus,amber|animalic|aromatic|citrus|fresh spicy|fruity|warm spicy|woody,False
542008,Creed Silver Mountain Water,13,0,False,True,False,False,False,,citrus,aromatic|citrus|fresh spicy|fruity|green|powdery|woody,False
542144,Coach for Men,74,6,True,False,False,True,True,aromatic|citrus|fruity|herbal|minty|spicy,citrus,amber|animalic|aromatic|citrus|fresh spicy|fruity|warm spicy|woody,False
542177,Coach for Men,34,0,False,True,False,False,False,,citrus,amber|animalic|aromatic|citrus|fresh spicy|fruity|warm spicy|woody,False
542251,Coach for Men,64,2,False,True,False,False,False,clean|fresh,citrus,amber|animalic|aromatic|citrus|fresh spicy|fruity|warm spicy|woody,True
542261,Coach for Men,11,0,False,True,False,False,False,,citrus,amber|animalic|aromatic|citrus|fresh spicy|fruity|warm spicy|woody,False
542494,Coach for Men,10,0,False,True,False,False,False,,citrus,amber|animalic|aromatic|citrus|fresh spicy|fruity|warm spicy|woody,False
542638,Coach for Men,57,2,False,True,False,False,False,lactonic|milky,citrus,amber|animalic|aromatic|citrus|fresh spicy|fruity|warm spicy|woody,True
543017,Coach for Men,36,3,False,True,False,False,False,clean|musky|soapy,citrus,amber|animalic|aromatic|citrus|fresh spicy|fruity|warm spicy|woody,True
543063,Prada Candy,9,0,False,False,False,False,False,,caramel,amber|caramel|powdery|vanilla|warm spicy,False
543134,Coach for Men,17,3,False,True,False,False,True,amber|musky|sensual,citrus,amber|animalic|aromatic|citrus|fresh spicy|fruity|warm spicy|woody,True
543155,Paco Rabanne Pure XS,23,0,False,True,False,False,False,,vanilla,amber|aromatic|citrus|fresh spicy|vanilla|warm spicy|woody,False
543191,Coach for Men,108,0,False,True,False,False,False,,citrus,amber|animalic|aromatic|citrus|fresh spicy|fruity|warm spicy|woody,False
543258,Coach for Men,99,4,False,True,False,False,True,balsamic|coniferous|resinous|woody,citrus,amber|animalic|aromatic|citrus|fresh spicy|fruity|warm spicy|woody,True
543323,Coach for Men,192,5,False,False,False,False,True,balsamic|coniferous|green|mossy|woody,citrus,amber|animalic|aromatic|citrus|fresh spicy|fruity|warm spicy|woody,True
543481,Coach for Men,23,0,False,True,False,False,False,,citrus,amber|animalic|aromatic|citrus|fresh spicy|fruity|warm spicy|woody,False
543482,Coach for Men,8,0,False,False,False,False,False,,citrus,amber|animalic|aromatic|citrus|fresh spicy|fruity|warm spicy|woody,False
543512,Coach for Men,85,3,False,True,False,False,False,clean|fresh|soapy,citrus,amber|animalic|aromatic|citrus|fresh spicy|fruity|warm spicy|woody,True
543560,Coach for Men,30,0,False,True,False,False,False,,citrus,amber|animalic|aromatic|citrus|fresh spicy|fruity|warm spicy|woody,False
543598,Coach for Men,76,10,False,True,False,False,True,amber|aquatic|clean|fresh|minty|spicy|vanilla|warm|warm spicy|woody,citrus,amber|animalic|aromatic|citrus|fresh spicy|fruity|warm spicy|woody,True
543750,Coach for Men,160,0,False,True,False,False,False,,citrus,amber|animalic|aromatic|citrus|fresh spicy|fruity|warm spicy|woody,False
543864,Coach for Men,10,0,False,True,False,False,False,,citrus,amber|animalic|aromatic|citrus|fresh spicy|fruity|warm spicy|woody,False
543951,Coach for Men,34,2,False,False,False,False,False,clean|fresh,citrus,amber|animalic|aromatic|citrus|fresh spicy|fruity|warm spicy|woody,True
544024,Coach for Men,59,5,False,True,False,False,False,clean|iris|musky|powdery|violet,citrus,amber|animalic|aromatic|citrus|fresh spicy|fruity|warm spicy|woody,True
544069,Coach for Men,28,0,False,True,False,False,False,,citrus,amber|animalic|aromatic|citrus|fresh spicy|fruity|warm spicy|woody,False
544073,Coach for Men,16,0,False,True,False,False,False,,citrus,amber|animalic|aromatic|citrus|fresh spicy|fruity|warm spicy|woody,False
544233,Coach for Men,16,2,False,True,False,False,False,clean|fresh,citrus,amber|animalic|aromatic|citrus|fresh spicy|fruity|warm spicy|woody,True
544815,Elizabeth Arden Green Tea,60,3,False,True,False,False,False,clean|fresh|ozonic,citrus,aromatic|citrus|fresh spicy|green,True
545085,Coach for Men,15,1,False,True,False,False,False,fresh,citrus,amber|animalic|aromatic|citrus|fresh spicy|fruity|warm spicy|woody,False
545370,Coach for Men,9,0,False,True,False,False,False,,citrus,amber|animalic|aromatic|citrus|fresh spicy|fruity|warm spicy|woody,False
545514,Coach for Men,54,3,False,True,False,False,False,clean|fresh|musky,citrus,amber|animalic|aromatic|citrus|fresh spicy|fruity|warm spicy|woody,True
545516,Coach for Men,55,0,False,True,False,False,False,,citrus,amber|animalic|aromatic|citrus|fresh spicy|fruity|warm spicy|woody,False
545518,Coach for Men,24,1,False,False,False,False,False,tea,citrus,amber|animalic|aromatic|citrus|fresh spicy|fruity|warm spicy|woody,False
545535,Coach for Men,144,8,False,False,False,False,True,animalic|aromatic|damp|earthy|fresh|fresh spicy|musky|woody,citrus,amber|animalic|aromatic|citrus|fresh spicy|fruity|warm spicy|woody,True
545537,Coach for Men,85,3,False,True,False,False,False,clean|fresh|soapy,citrus,amber|animalic|aromatic|citrus|fresh spicy|fruity|warm spicy|woody,True
545538,Coach for Men,26,1,False,True,False,False,False,clean,citrus,amber|animalic|aromatic|citrus|fresh spicy|fruity|warm spicy|woody,False
545539,Coach for Men,94,3,False,True,False,False,False,clean|fresh|soapy,citrus,amber|animalic|aromatic|citrus|fresh spicy|fruity|warm spicy|woody,True
545555,Coach for Men,38,0,False,True,False,False,False,,citrus,amber|animalic|aromatic|citrus|fresh spicy|fruity|warm spicy|woody,False
545561,Coach for Men,38,0,False,True,False,False,False,,citrus,amber|animalic|aromatic|citrus|fresh spicy|fruity|warm spicy|woody,False
545562,Coach for Men,53,4,False,True,False,False,False,clean|earthy|fresh|soapy,citrus,amber|animalic|aromatic|citrus|fresh spicy|fruity|warm spicy|woody,True
545569,Coach for Men,23,0,False,True,False,False,False,,citrus,amber|animalic|aromatic|citrus|fresh spicy|fruity|warm spicy|woody,False
545759,Coach for Men,24,0,False,True,False,False,False,,citrus,amber|animalic|aromatic|citrus|fresh spicy|fruity|warm spicy|woody,False
545786,Coach for Men,14,0,False,True,False,False,False,,citrus,amber|animalic|aromatic|citrus|fresh spicy|fruity|warm spicy|woody,False
545819,Tom Ford Oud Wood,25,0,False,False,False,False,False,,woody,amber|aromatic|fresh spicy|oud|powdery|vanilla|warm spicy|woody,False
545974,Coach for Men,27,0,False,True,False,False,False,,citrus,amber|animalic|aromatic|citrus|fresh spicy|fruity|warm spicy|woody,False
546115,Elizabeth Arden Green Tea,44,1,False,False,False,False,False,musky,citrus,aromatic|citrus|fresh spicy|green,False
546121,Coach for Men,47,0,False,False,False,False,False,,citrus,amber|animalic|aromatic|citrus|fresh spicy|fruity|warm spicy|woody,False
546178,Coach for Men,12,0,False,False,False,False,False,,citrus,amber|animalic|aromatic|citrus|fresh spicy|fruity|warm spicy|woody,False
546303,Coach for Men,33,0,False,True,False,False,False,,citrus,amber|animalic|aromatic|citrus|fresh spicy|fruity|warm spicy|woody,False
546554,Coach for Men,123,2,False,True,False,False,False,clean|fresh,citrus,amber|animalic|aromatic|citrus|fresh spicy|fruity|warm spicy|woody,True
546751,Coach for Men,77,2,False,False,False,False,False,clean|fresh,citrus,amber|animalic|aromatic|citrus|fresh spicy|fruity|warm spicy|woody,True
546780,Coach for Men,140,0,False,False,False,False,False,,citrus,amber|animalic|aromatic|citrus|fresh spicy|fruity|warm spicy|woody,False
546836,Coach for Men,17,0,False,True,False,False,False,,citrus,amber|animalic|aromatic|citrus|fresh spicy|fruity|warm spicy|woody,False
546895,Coach for Men,13,2,False,True,False,False,False,inky|metallic,citrus,amber|animalic|aromatic|citrus|fresh spicy|fruity|warm spicy|woody,True
547014,Coach for Men,103,8,False,True,False,True,True,amber|aquatic|citrus|clean|fresh|green|vanilla|warm spicy,citrus,amber|animalic|aromatic|citrus|fresh spicy|fruity|warm spicy|woody,True
547035,Coach for Men,28,0,False,True,False,False,False,,citrus,amber|animalic|aromatic|citrus|fresh spicy|fruity|warm spicy|woody,False
547071,Coach for Men,46,0,False,True,False,False,False,,citrus,amber|animalic|aromatic|citrus|fresh spicy|fruity|warm spicy|woody,False
547522,Coach for Men,11,0,False,False,False,False,False,,citrus,amber|animalic|aromatic|citrus|fresh spicy|fruity|warm spicy|woody,False
547541,Coach for Men,172,0,False,True,False,False,False,,citrus,amber|animalic|aromatic|citrus|fresh spicy|fruity|warm spicy|woody,False
547599,Coach for Men,48,8,False,True,False,True,True,aquatic|aromatic|citrus|clean|fresh|fresh spicy|soapy|woody,citrus,amber|animalic|aromatic|citrus|fresh spicy|fruity|warm spicy|woody,True
547629,Coach for Men,34,1,False,True,False,False,True,woody,citrus,amber|animalic|aromatic|citrus|fresh spicy|fruity|warm spicy|woody,False
547646,Coach for Men,28,0,False,True,False,False,False,,citrus,amber|animalic|aromatic|citrus|fresh spicy|fruity|warm spicy|woody,False
547738,Coach for Men,14,0,False,True,False,False,False,,citrus,amber|animalic|aromatic|citrus|fresh spicy|fruity|warm spicy|woody,False
548134,Coach for Men,45,0,False,True,False,False,False,,citrus,amber|animalic|aromatic|citrus|fresh spicy|fruity|warm spicy|woody,False
548229,Coach for Men,110,1,False,False,False,False,False,musky,citrus,amber|animalic|aromatic|citrus|fresh spicy|fruity|warm spicy|woody,False
548254,Coach for Men,17,0,False,True,False,False,False,,citrus,amber|animalic|aromatic|citrus|fresh spicy|fruity|warm spicy|woody,False
548370,Coach for Men,81,0,False,True,False,False,False,,citrus,amber|animalic|aromatic|citrus|fresh spicy|fruity|warm spicy|woody,False
548533,Coach for Men,186,10,False,True,False,False,True,amber|clean|fresh|lactonic|milky|musky|oud|powdery|soft spicy|sweet,citrus,amber|animalic|aromatic|citrus|fresh spicy|fruity|warm spicy|woody,True
548884,Coach for Men,33,3,False,True,False,False,False,clean|fresh|soapy,citrus,amber|animalic|aromatic|citrus|fresh spicy|fruity|warm spicy|woody,True
548962,Creed Silver Mountain Water,24,0,False,True,False,False,False,,citrus,aromatic|citrus|fresh spicy|fruity|green|powdery|woody,False
549147,Coach for Men,62,0,False,False,False,False,False,,citrus,amber|animalic|aromatic|citrus|fresh spicy|fruity|warm spicy|woody,False
549169,Coach for Men,13,0,False,True,False,False,False,,citrus,amber|animalic|aromatic|citrus|fresh spicy|fruity|warm spicy|woody,False
549683,Coach for Men,67,0,False,True,False,False,False,,citrus,amber|animalic|aromatic|citrus|fresh spicy|fruity|warm spicy|woody,False
549806,Narciso Rodriguez For Her,37,2,False,True,True,False,False,alcohol|fresh,,amber|fruity|powdery|rose|warm spicy|woody,False
549984,Coach for Men,41,4,False,True,False,False,True,aromatic|herbal|minty|spicy,citrus,amber|animalic|aromatic|citrus|fresh spicy|fruity|warm spicy|woody,True
550072,Coach for Men,78,3,False,True,False,False,True,aromatic|fresh spicy|woody,citrus,amber|animalic|aromatic|citrus|fresh spicy|fruity|warm spicy|woody,True
550073,Coach for Men,78,3,False,True,False,False,True,aromatic|fresh spicy|woody,citrus,amber|animalic|aromatic|citrus|fresh spicy|fruity|warm spicy|woody,True
550212,Elizabeth Arden Green Tea,93,7,False,True,False,False,False,amber|iris|musky|powdery|vanilla|violet|warm spicy,citrus,aromatic|citrus|fresh spicy|green,True
550514,Elizabeth Arden Green Tea,26,2,False,True,False,False,False,clean|soapy,citrus,aromatic|citrus|fresh spicy|green,True
550533,Coach for Men,51,0,False,True,False,False,False,,citrus,amber|animalic|aromatic|citrus|fresh spicy|fruity|warm spicy|woody,False
551231,Coach for Men,59,2,False,True,False,False,False,clean|soapy,citrus,amber|animalic|aromatic|citrus|fresh spicy|fruity|warm spicy|woody,True
551350,Prada Candy,16,2,False,False,False,False,False,clean|fresh,caramel,amber|caramel|powdery|vanilla|warm spicy,True
551393,Elizabeth Arden Green Tea,45,5,False,True,False,True,True,citrus|clean|fresh|green|soapy,citrus,aromatic|citrus|fresh spicy|green,True
552135,Coach for Men,40,2,False,True,False,False,False,clean|fresh,citrus,amber|animalic|aromatic|citrus|fresh spicy|fruity|warm spicy|woody,True
552227,Coach for Men,18,2,False,True,False,False,False,clean|fresh,citrus,amber|animalic|aromatic|citrus|fresh spicy|fruity|warm spicy|woody,True
552349,Narciso Rodriguez For Her,20,0,False,True,True,False,False,,,amber|fruity|powdery|rose|warm spicy|woody,False
552417,Coach for Men,35,0,False,False,False,False,False,,citrus,amber|animalic|aromatic|citrus|fresh spicy|fruity|warm spicy|woody,False
552440,Coach for Men,15,0,False,True,False,False,False,,citrus,amber|animalic|aromatic|citrus|fresh spicy|fruity|warm spicy|woody,False
552484,Elizabeth Arden Green Tea,27,3,True,False,False,False,False,clean|fruity|soapy,citrus,aromatic|citrus|fresh spicy|green,False
552506,Elizabeth Arden Green Tea,51,0,False,True,False,False,False,,citrus,aromatic|citrus|fresh spicy|green,False
552546,Coach for Men,30,2,False,True,False,False,False,jasmine|white floral,citrus,amber|animalic|aromatic|citrus|fresh spicy|fruity|warm spicy|woody,True
552818,Elizabeth Arden Green Tea,48,2,False,True,False,False,False,fresh|musky,citrus,aromatic|citrus|fresh spicy|green,True
553418,Coach for Men,13,0,False,True,False,False,False,,citrus,amber|animalic|aromatic|citrus|fresh spicy|fruity|warm spicy|woody,False
553685,Coach for Men,54,0,False,True,False,False,False,,citrus,amber|animalic|aromatic|citrus|fresh spicy|fruity|warm spicy|woody,False
553717,Coach for Men,18,1,False,True,False,False,False,clean,citrus,amber|animalic|aromatic|citrus|fresh spicy|fruity|warm spicy|woody,False
554045,Narciso Rodriguez For Her,18,1,False,True,True,False,False,fresh,,amber|fruity|powdery|rose|warm spicy|woody,False
554047,Coach for Men,12,0,False,False,False,False,False,,citrus,amber|animalic|aromatic|citrus|fresh spicy|fruity|warm spicy|woody,False
554323,Coach for Men,50,5,False,True,False,False,False,aquatic|clean|fresh|minty|musky,citrus,amber|animalic|aromatic|citrus|fresh spicy|fruity|warm spicy|woody,True
554338,Narciso Rodriguez For Her,131,2,False,True,True,False,False,clean|soapy,,amber|fruity|powdery|rose|warm spicy|woody,False
554397,Coach for Men,41,0,False,False,False,False,False,,citrus,amber|animalic|aromatic|citrus|fresh spicy|fruity|warm spicy|woody,False
554534,Coach for Men,11,0,False,False,False,False,False,,citrus,amber|animalic|aromatic|citrus|fresh spicy|fruity|warm spicy|woody,False
555003,Coach for Men,106,6,False,True,False,False,True,aromatic|clean|fresh|herbal|minty|spicy,citrus,amber|animalic|aromatic|citrus|fresh spicy|fruity|warm spicy|woody,True
555004,Coach for Men,106,6,False,True,False,False,True,aromatic|clean|fresh|herbal|minty|spicy,citrus,amber|animalic|aromatic|citrus|fresh spicy|fruity|warm spicy|woody,True
555058,Coach for Men,24,0,False,True,False,False,False,,citrus,amber|animalic|aromatic|citrus|fresh spicy|fruity|warm spicy|woody,False
555068,Coach for Men,28,0,False,True,False,False,False,,citrus,amber|animalic|aromatic|citrus|fresh spicy|fruity|warm spicy|woody,False
555325,Coach for Men,73,2,False,True,False,False,False,clean|fresh,citrus,amber|animalic|aromatic|citrus|fresh spicy|fruity|warm spicy|woody,True
555432,Coach for Men,24,2,False,True,False,False,False,clean|soapy,citrus,amber|animalic|aromatic|citrus|fresh spicy|fruity|warm spicy|woody,True
555586,Coach for Men,68,1,False,True,False,False,False,musky,citrus,amber|animalic|aromatic|citrus|fresh spicy|fruity|warm spicy|woody,False
555942,Coach for Men,11,0,False,True,False,False,False,,citrus,amber|animalic|aromatic|citrus|fresh spicy|fruity|warm spicy|woody,False
556161,Coach for Men,62,1,False,True,False,False,False,musky,citrus,amber|animalic|aromatic|citrus|fresh spicy|fruity|warm spicy|woody,False
556164,Coach for Men,27,0,False,True,False,False,False,,citrus,amber|animalic|aromatic|citrus|fresh spicy|fruity|warm spicy|woody,False
556241,Coach for Men,65,0,False,True,False,False,False,,citrus,amber|animalic|aromatic|citrus|fresh spicy|fruity|warm spicy|woody,False
556273,Coach for Men,14,0,False,False,False,False,False,,citrus,amber|animalic|aromatic|citrus|fresh spicy|fruity|warm spicy|woody,False
556527,Coach for Men,66,0,False,True,False,False,False,,citrus,amber|animalic|aromatic|citrus|fresh spicy|fruity|warm spicy|woody,False
556618,Coach for Men,24,0,False,True,False,False,False,,citrus,amber|animalic|aromatic|citrus|fresh spicy|fruity|warm spicy|woody,False
556679,Elizabeth Arden Green Tea,9,0,False,True,False,False,False,,citrus,aromatic|citrus|fresh spicy|green,False
557075,Coach for Men,9,0,False,True,False,False,False,,citrus,amber|animalic|aromatic|citrus|fresh spicy|fruity|warm spicy|woody,False
557363,Coach for Men,15,2,False,False,False,False,False,clean|fresh,citrus,amber|animalic|aromatic|citrus|fresh spicy|fruity|warm spicy|woody,True
557425,Coach for Men,27,2,False,True,False,False,False,clean|soapy,citrus,amber|animalic|aromatic|citrus|fresh spicy|fruity|warm spicy|woody,True
557435,Coach for Men,69,3,False,True,False,False,False,aquatic|marine|salty,citrus,amber|animalic|aromatic|citrus|fresh spicy|fruity|warm spicy|woody,True
557552,Coach for Men,17,0,False,True,False,False,False,,citrus,amber|animalic|aromatic|citrus|fresh spicy|fruity|warm spicy|woody,False
557618,Coach for Men,9,0,False,True,False,False,False,,citrus,amber|animalic|aromatic|citrus|fresh spicy|fruity|warm spicy|woody,False
557632,Coach for Men,37,2,False,False,False,False,False,incense|smoky,citrus,amber|animalic|aromatic|citrus|fresh spicy|fruity|warm spicy|woody,True
557746,Coach for Men,8,2,False,True,False,False,False,clean|fresh,citrus,amber|animalic|aromatic|citrus|fresh spicy|fruity|warm spicy|woody,True
557976,Coach for Men,16,2,False,True,False,False,False,lactonic|milky,citrus,amber|animalic|aromatic|citrus|fresh spicy|fruity|warm spicy|woody,True
557989,Narciso Rodriguez For Her,34,0,False,True,True,False,False,,,amber|fruity|powdery|rose|warm spicy|woody,False
558081,Coach for Men,26,0,False,True,False,False,False,,citrus,amber|animalic|aromatic|citrus|fresh spicy|fruity|warm spicy|woody,False
558660,Coach for Men,73,7,False,True,False,False,True,aldehydic|amber|floral|powdery|vanilla|warm spicy|woody,citrus,amber|animalic|aromatic|citrus|fresh spicy|fruity|warm spicy|woody,True
558673,Coach for Men,11,3,False,True,False,False,True,amber|oud|sweet,citrus,amber|animalic|aromatic|citrus|fresh spicy|fruity|warm spicy|woody,True
558699,Coach for Men,9,0,False,True,False,False,False,,citrus,amber|animalic|aromatic|citrus|fresh spicy|fruity|warm spicy|woody,False
558807,Coach for Men,8,0,False,False,False,False,False,,citrus,amber|animalic|aromatic|citrus|fresh spicy|fruity|warm spicy|woody,False
558828,Coach for Men,25,0,False,True,False,False,False,,citrus,amber|animalic|aromatic|citrus|fresh spicy|fruity|warm spicy|woody,False
558842,Coach for Men,75,3,False,True,False,False,False,clean|fresh|musky,citrus,amber|animalic|aromatic|citrus|fresh spicy|fruity|warm spicy|woody,True
558873,Tom Ford Oud Wood,43,1,False,True,False,False,False,musky,woody,amber|aromatic|fresh spicy|oud|powdery|vanilla|warm spicy|woody,False
558889,Coach for Men,38,0,False,False,False,False,False,,citrus,amber|animalic|aromatic|citrus|fresh spicy|fruity|warm spicy|woody,False
559288,Coach for Men,30,0,False,True,False,False,False,,citrus,amber|animalic|aromatic|citrus|fresh spicy|fruity|warm spicy|woody,False
559581,Coach for Men,38,0,False,True,False,False,False,,citrus,amber|animalic|aromatic|citrus|fresh spicy|fruity|warm spicy|woody,False
559674,Coach for Men,312,8,True,False,False,False,True,almond|clean|fresh|fruity|lactonic|milky|soapy|warm,citrus,amber|animalic|aromatic|citrus|fresh spicy|fruity|warm spicy|woody,False
559675,Coach for Men,312,8,True,False,False,False,True,almond|clean|fresh|fruity|lactonic|milky|soapy|warm,citrus,amber|animalic|aromatic|citrus|fresh spicy|fruity|warm spicy|woody,False
559781,Coach for Men,57,0,False,False,False,False,False,,citrus,amber|animalic|aromatic|citrus|fresh spicy|fruity|warm spicy|woody,False
559784,Coach for Men,57,0,False,False,False,False,False,,citrus,amber|animalic|aromatic|citrus|fresh spicy|fruity|warm spicy|woody,False
559971,Coach for Men,36,0,False,True,False,False,False,,citrus,amber|animalic|aromatic|citrus|fresh spicy|fruity|warm spicy|woody,False
560004,Coach for Men,40,0,True,False,False,False,False,,citrus,amber|animalic|aromatic|citrus|fresh spicy|fruity|warm spicy|woody,False
560328,Coach for Men,24,0,False,True,False,False,False,,citrus,amber|animalic|aromatic|citrus|fresh spicy|fruity|warm spicy|woody,False
560691,Coach for Men,25,0,False,True,False,False,False,,citrus,amber|animalic|aromatic|citrus|fresh spicy|fruity|warm spicy|woody,False
560756,Coach for Men,74,4,False,True,False,False,False,clean|fresh|gourmand|sweet,citrus,amber|animalic|aromatic|citrus|fresh spicy|fruity|warm spicy|woody,True
560768,Coach for Men,33,2,False,True,False,False,False,earthy|fresh,citrus,amber|animalic|aromatic|citrus|fresh spicy|fruity|warm spicy|woody,True
560978,Coach for Men,47,0,False,False,False,False,False,,citrus,amber|animalic|aromatic|citrus|fresh spicy|fruity|warm spicy|woody,False
560980,Coach for Men,19,0,False,False,False,False,False,,citrus,amber|animalic|aromatic|citrus|fresh spicy|fruity|warm spicy|woody,False
560981,Coach for Men,19,0,False,False,False,False,False,,citrus,amber|animalic|aromatic|citrus|fresh spicy|fruity|warm spicy|woody,False
561080,Coach for Men,76,1,False,True,False,False,False,musky,citrus,amber|animalic|aromatic|citrus|fresh spicy|fruity|warm spicy|woody,False
561134,Coach for Men,8,0,False,False,False,False,False,,citrus,amber|animalic|aromatic|citrus|fresh spicy|fruity|warm spicy|woody,False
561135,Coach for Men,8,0,False,False,False,False,False,,citrus,amber|animalic|aromatic|citrus|fresh spicy|fruity|warm spicy|woody,False
561136,Coach for Men,8,0,False,False,False,False,False,,citrus,amber|animalic|aromatic|citrus|fresh spicy|fruity|warm spicy|woody,False
561655,Coach for Men,19,1,False,True,False,False,False,fresh,citrus,amber|animalic|aromatic|citrus|fresh spicy|fruity|warm spicy|woody,False
561685,Coach for Men,45,4,False,True,False,False,False,aldehydic|floral|fresh|powdery,citrus,amber|animalic|aromatic|citrus|fresh spicy|fruity|warm spicy|woody,True
561992,Coach for Men,13,3,False,True,False,False,False,clean|fresh|minty,citrus,amber|animalic|aromatic|citrus|fresh spicy|fruity|warm spicy|woody,True
562063,Elizabeth Arden Green Tea,24,0,False,False,False,False,False,,citrus,aromatic|citrus|fresh spicy|green,False
562169,Creed Silver Mountain Water,26,0,False,False,False,False,False,,citrus,aromatic|citrus|fresh spicy|fruity|green|powdery|woody,False
562273,Coach for Men,161,3,False,True,False,True,True,citrus|tea|woody,citrus,amber|animalic|aromatic|citrus|fresh spicy|fruity|warm spicy|woody,True
562274,Coach for Men,137,1,False,True,False,False,False,minty,citrus,amber|animalic|aromatic|citrus|fresh spicy|fruity|warm spicy|woody,False
562285,Coach for Men,12,2,False,False,False,False,False,clean|fresh,citrus,amber|animalic|aromatic|citrus|fresh spicy|fruity|warm spicy|woody,True
562289,Coach for Men,75,0,False,True,False,False,False,,citrus,amber|animalic|aromatic|citrus|fresh spicy|fruity|warm spicy|woody,False
562393,Coach for Men,121,6,False,True,False,False,False,clean|earthy|fresh|inky|metallic|soapy,citrus,amber|animalic|aromatic|citrus|fresh spicy|fruity|warm spicy|woody,True
562519,Coach for Men,14,3,False,True,False,False,False,aldehydic|chypre|floral,citrus,amber|animalic|aromatic|citrus|fresh spicy|fruity|warm spicy|woody,True
562526,Coach for Men,17,0,False,True,False,False,False,,citrus,amber|animalic|aromatic|citrus|fresh spicy|fruity|warm spicy|woody,False
562664,Coach for Men,60,3,False,True,False,False,False,clean|fresh|musky,citrus,amber|animalic|aromatic|citrus|fresh spicy|fruity|warm spicy|woody,True
562804,Coach for Men,113,0,False,True,False,False,False,,citrus,amber|animalic|aromatic|citrus|fresh spicy|fruity|warm spicy|woody,False
562818,Coach for Men,13,0,False,False,False,False,False,,citrus,amber|animalic|aromatic|citrus|fresh spicy|fruity|warm spicy|woody,False
562819,Coach for Men,57,1,False,True,False,False,False,musky,citrus,amber|animalic|aromatic|citrus|fresh spicy|fruity|warm spicy|woody,False
562820,Coach for Men,29,2,False,True,False,False,False,clean|fresh,citrus,amber|animalic|aromatic|citrus|fresh spicy|fruity|warm spicy|woody,True
562821,Coach for Men,36,0,False,True,False,False,False,,citrus,amber|animalic|aromatic|citrus|fresh spicy|fruity|warm spicy|woody,False
562822,Coach for Men,34,0,False,True,False,False,False,,citrus,amber|animalic|aromatic|citrus|fresh spicy|fruity|warm spicy|woody,False
562824,Coach for Men,9,0,False,True,False,False,False,,citrus,amber|animalic|aromatic|citrus|fresh spicy|fruity|warm spicy|woody,False
562835,Coach for Men,12,2,False,False,False,False,False,clean|fresh,citrus,amber|animalic|aromatic|citrus|fresh spicy|fruity|warm spicy|woody,True
562838,Coach for Men,95,8,False,True,False,False,True,aquatic|clean|fresh|inky|metallic|minty|soapy|woody,citrus,amber|animalic|aromatic|citrus|fresh spicy|fruity|warm spicy|woody,True
562839,Coach for Men,18,0,False,True,False,False,False,,citrus,amber|animalic|aromatic|citrus|fresh spicy|fruity|warm spicy|woody,False
562840,Coach for Men,44,5,False,True,False,False,True,clean|fresh|musk|musky|woody,citrus,amber|animalic|aromatic|citrus|fresh spicy|fruity|warm spicy|woody,True
562843,Coach for Men,12,2,False,False,False,False,False,clean|fresh,citrus,amber|animalic|aromatic|citrus|fresh spicy|fruity|warm spicy|woody,True
562845,Coach for Men,8,0,False,False,False,False,False,,citrus,amber|animalic|aromatic|citrus|fresh spicy|fruity|warm spicy|woody,False
562847,Coach for Men,23,0,False,False,False,False,False,,citrus,amber|animalic|aromatic|citrus|fresh spicy|fruity|warm spicy|woody,False
562848,Coach for Men,9,0,False,False,False,False,False,,citrus,amber|animalic|aromatic|citrus|fresh spicy|fruity|warm spicy|woody,False
562849,Coach for Men,62,6,False,True,False,True,True,citrus|clean|fresh|sandalwood|sweet|woody,citrus,amber|animalic|aromatic|citrus|fresh spicy|fruity|warm spicy|woody,True
562852,Coach for Men,119,4,False,True,False,True,True,aromatic|citrus|fresh spicy|woody,citrus,amber|animalic|aromatic|citrus|fresh spicy|fruity|warm spicy|woody,True
562857,Coach for Men,10,2,False,True,False,False,False,clean|fresh,citrus,amber|animalic|aromatic|citrus|fresh spicy|fruity|warm spicy|woody,True
562858,Coach for Men,14,0,False,False,False,False,False,,citrus,amber|animalic|aromatic|citrus|fresh spicy|fruity|warm spicy|woody,False
562864,Coach for Men,35,0,False,False,False,False,False,,citrus,amber|animalic|aromatic|citrus|fresh spicy|fruity|warm spicy|woody,False
562866,Coach for Men,46,0,False,True,False,False,False,,citrus,amber|animalic|aromatic|citrus|fresh spicy|fruity|warm spicy|woody,False
562868,Coach for Men,11,2,False,False,False,False,False,clean|fresh,citrus,amber|animalic|aromatic|citrus|fresh spicy|fruity|warm spicy|woody,True
562870,Coach for Men,61,2,False,True,False,False,True,musky|woody,citrus,amber|animalic|aromatic|citrus|fresh spicy|fruity|warm spicy|woody,True
562876,Coach for Men,38,0,False,False,False,False,False,,citrus,amber|animalic|aromatic|citrus|fresh spicy|fruity|warm spicy|woody,False
562878,Coach for Men,22,1,False,False,False,False,False,clean,citrus,amber|animalic|aromatic|citrus|fresh spicy|fruity|warm spicy|woody,False
562879,Coach for Men,30,0,False,True,False,False,False,,citrus,amber|animalic|aromatic|citrus|fresh spicy|fruity|warm spicy|woody,False
562882,Coach for Men,32,0,False,True,False,False,False,,citrus,amber|animalic|aromatic|citrus|fresh spicy|fruity|warm spicy|woody,False
562883,Coach for Men,11,0,False,False,False,False,False,,citrus,amber|animalic|aromatic|citrus|fresh spicy|fruity|warm spicy|woody,False
562884,Coach for Men,22,0,False,True,False,False,False,,citrus,amber|animalic|aromatic|citrus|fresh spicy|fruity|warm spicy|woody,False
562885,Coach for Men,40,0,False,False,False,False,False,,citrus,amber|animalic|aromatic|citrus|fresh spicy|fruity|warm spicy|woody,False
562887,Coach for Men,60,0,False,True,False,False,False,,citrus,amber|animalic|aromatic|citrus|fresh spicy|fruity|warm spicy|woody,False
562888,Coach for Men,71,0,False,True,False,False,False,,citrus,amber|animalic|aromatic|citrus|fresh spicy|fruity|warm spicy|woody,False
562893,Coach for Men,32,2,False,True,False,False,False,clean|fresh,citrus,amber|animalic|aromatic|citrus|fresh spicy|fruity|warm spicy|woody,True
562894,Coach for Men,12,2,False,False,False,False,False,clean|fresh,citrus,amber|animalic|aromatic|citrus|fresh spicy|fruity|warm spicy|woody,True
562895,Coach for Men,17,2,False,False,False,False,False,clean|fresh,citrus,amber|animalic|aromatic|citrus|fresh spicy|fruity|warm spicy|woody,True
562896,Coach for Men,15,3,False,True,False,False,True,aromatic|fresh spicy|woody,citrus,amber|animalic|aromatic|citrus|fresh spicy|fruity|warm spicy|woody,True
562897,Coach for Men,57,4,False,True,False,False,True,musk|musky|powdery|woody,citrus,amber|animalic|aromatic|citrus|fresh spicy|fruity|warm spicy|woody,True
562906,Coach for Men,18,0,False,True,False,False,False,,citrus,amber|animalic|aromatic|citrus|fresh spicy|fruity|warm spicy|woody,False
563038,Coach for Men,8,0,False,True,False,False,False,,citrus,amber|animalic|aromatic|citrus|fresh spicy|fruity|warm spicy|woody,False
563231,Coach for Men,19,0,False,True,False,False,False,,citrus,amber|animalic|aromatic|citrus|fresh spicy|fruity|warm spicy|woody,False
563325,Coach for Men,43,2,False,True,False,False,False,clean|soapy,citrus,amber|animalic|aromatic|citrus|fresh spicy|fruity|warm spicy|woody,True
563572,Coach for Men,62,6,False,True,False,False,True,amber|clean|fresh|musky|vanilla|warm spicy,citrus,amber|animalic|aromatic|citrus|fresh spicy|fruity|warm spicy|woody,True
563601,Coach for Men,56,0,False,True,False,False,False,,citrus,amber|animalic|aromatic|citrus|fresh spicy|fruity|warm spicy|woody,False
564284,Coach for Men,15,0,False,False,False,False,False,,citrus,amber|animalic|aromatic|citrus|fresh spicy|fruity|warm spicy|woody,False
564310,Azzaro Pour Homme,102,0,False,True,False,False,False,,aromatic,aromatic|citrus|earthy|fresh spicy|leather|mossy|powdery|warm spicy|woody,False
564339,Carolina Herrera Good Girl,33,0,False,False,True,False,False,,,almond|amber|powdery|vanilla|warm spicy|white floral|woody,False
564379,Coach for Men,19,0,False,True,False,False,False,,citrus,amber|animalic|aromatic|citrus|fresh spicy|fruity|warm spicy|woody,False
564434,Coach for Men,52,0,False,True,False,False,False,,citrus,amber|animalic|aromatic|citrus|fresh spicy|fruity|warm spicy|woody,False
564533,Coach for Men,27,0,False,True,False,False,False,,citrus,amber|animalic|aromatic|citrus|fresh spicy|fruity|warm spicy|woody,False
564543,Mugler Angel,61,3,False,True,True,False,True,floral|powdery|sweet,,caramel|fruity|honey|powdery|vanilla|warm spicy|woody,False
564595,Coach for Men,20,0,False,True,False,False,False,,citrus,amber|animalic|aromatic|citrus|fresh spicy|fruity|warm spicy|woody,False
564625,Coach for Men,13,0,False,True,False,False,False,,citrus,amber|animalic|aromatic|citrus|fresh spicy|fruity|warm spicy|woody,False
564659,Coach for Men,64,5,False,True,False,False,True,amber|fresh|lactonic|milky|musky,citrus,amber|animalic|aromatic|citrus|fresh spicy|fruity|warm spicy|woody,True
564725,Coach for Men,31,3,False,True,False,False,True,clean|fruity|soapy,citrus,amber|animalic|aromatic|citrus|fresh spicy|fruity|warm spicy|woody,True
565037,Coach for Men,20,3,False,True,False,False,False,clean|fresh|soft spicy,citrus,amber|animalic|aromatic|citrus|fresh spicy|fruity|warm spicy|woody,True
565258,Elizabeth Arden Green Tea,77,3,True,False,False,False,True,aromatic|herbal|lavender,citrus,aromatic|citrus|fresh spicy|green,False
565259,Elizabeth Arden Green Tea,77,3,True,False,False,False,True,aromatic|herbal|lavender,citrus,aromatic|citrus|fresh spicy|green,False
565260,Elizabeth Arden Green Tea,77,3,True,False,False,False,True,aromatic|herbal|lavender,citrus,aromatic|citrus|fresh spicy|green,False
565522,Elizabeth Arden Green Tea,77,1,False,False,False,False,False,musky,citrus,aromatic|citrus|fresh spicy|green,False
565908,Coach for Men,114,7,False,True,False,False,True,amber|aromatic|clean|lavender|soapy|sweet|warm spicy,citrus,amber|animalic|aromatic|citrus|fresh spicy|fruity|warm spicy|woody,True
566009,Coach for Men,49,2,False,True,False,False,False,clean|fresh,citrus,amber|animalic|aromatic|citrus|fresh spicy|fruity|warm spicy|woody,True
566013,Coach for Men,36,0,False,True,False,False,False,,citrus,amber|animalic|aromatic|citrus|fresh spicy|fruity|warm spicy|woody,False
566139,Coach for Men,43,0,False,True,False,False,False,,citrus,amber|animalic|aromatic|citrus|fresh spicy|fruity|warm spicy|woody,False
566415,Coach for Men,86,3,False,True,False,True,True,aquatic|citrus|fresh,citrus,amber|animalic|aromatic|citrus|fresh spicy|fruity|warm spicy|woody,True
566557,Coach for Men,27,0,False,False,False,False,False,,citrus,amber|animalic|aromatic|citrus|fresh spicy|fruity|warm spicy|woody,False
566561,Elizabeth Arden Green Tea,12,2,False,True,False,False,False,clean|musky,citrus,aromatic|citrus|fresh spicy|green,True
566641,Coach for Men,31,1,False,False,False,False,False,clean,citrus,amber|animalic|aromatic|citrus|fresh spicy|fruity|warm spicy|woody,False
566642,Coach for Men,84,0,False,True,False,False,False,,citrus,amber|animalic|aromatic|citrus|fresh spicy|fruity|warm spicy|woody,False
566720,Coach for Men,30,0,False,False,False,False,False,,citrus,amber|animalic|aromatic|citrus|fresh spicy|fruity|warm spicy|woody,False
566845,Elizabeth Arden Green Tea,11,1,False,True,False,False,False,clean,citrus,aromatic|citrus|fresh spicy|green,False
566921,Coach for Men,123,5,False,True,False,False,True,aromatic|herbal|minty|spicy|tea,citrus,amber|animalic|aromatic|citrus|fresh spicy|fruity|warm spicy|woody,True
566998,Coach for Men,15,0,False,True,False,False,False,,citrus,amber|animalic|aromatic|citrus|fresh spicy|fruity|warm spicy|woody,False
567551,Coach for Men,294,11,False,True,False,False,True,amber|aromatic|clean|fresh|fresh spicy|iris|musky|oud|soapy|tobacco|woody,citrus,amber|animalic|aromatic|citrus|fresh spicy|fruity|warm spicy|woody,True
567641,Creed Silver Mountain Water,13,0,False,True,False,False,False,,citrus,aromatic|citrus|fresh spicy|fruity|green|powdery|woody,False
567714,Coach for Men,11,0,False,True,False,False,False,,citrus,amber|animalic|aromatic|citrus|fresh spicy|fruity|warm spicy|woody,False
567823,Coach for Men,11,2,False,True,False,False,False,clean|fresh,citrus,amber|animalic|aromatic|citrus|fresh spicy|fruity|warm spicy|woody,True
568353,Coach for Men,8,0,False,True,False,False,False,,citrus,amber|animalic|aromatic|citrus|fresh spicy|fruity|warm spicy|woody,False
568375,Coach for Men,353,5,False,True,False,False,False,balsamic|musky|powdery|sweet|vanilla,citrus,amber|animalic|aromatic|citrus|fresh spicy|fruity|warm spicy|woody,True
568886,Coach for Men,45,0,False,True,False,False,False,,citrus,amber|animalic|aromatic|citrus|fresh spicy|fruity|warm spicy|woody,False
568910,Narciso Rodriguez For Her,88,2,False,True,True,False,False,fresh|musky,,amber|fruity|powdery|rose|warm spicy|woody,False
569060,Coach for Men,52,0,False,True,False,False,False,,citrus,amber|animalic|aromatic|citrus|fresh spicy|fruity|warm spicy|woody,False
569099,Coach for Men,56,0,False,True,False,False,False,,citrus,amber|animalic|aromatic|citrus|fresh spicy|fruity|warm spicy|woody,False
569276,Coach for Men,8,3,False,True,False,False,True,aromatic|fresh spicy|woody,citrus,amber|animalic|aromatic|citrus|fresh spicy|fruity|warm spicy|woody,True
569493,Coach for Men,9,2,False,False,False,False,False,clean|fresh,citrus,amber|animalic|aromatic|citrus|fresh spicy|fruity|warm spicy|woody,True
569722,Coach for Men,48,2,False,False,False,False,False,aldehydic|powdery,citrus,amber|animalic|aromatic|citrus|fresh spicy|fruity|warm spicy|woody,True
569768,Coach for Men,157,3,False,True,False,False,True,animalic|metallic|musky,citrus,amber|animalic|aromatic|citrus|fresh spicy|fruity|warm spicy|woody,True
569862,Coach for Men,29,0,False,True,False,False,False,,citrus,amber|animalic|aromatic|citrus|fresh spicy|fruity|warm spicy|woody,False
570265,Coach for Men,36,0,False,True,False,False,False,,citrus,amber|animalic|aromatic|citrus|fresh spicy|fruity|warm spicy|woody,False
570296,Coach for Men,18,0,False,True,False,False,False,,citrus,amber|animalic|aromatic|citrus|fresh spicy|fruity|warm spicy|woody,False
570628,Coach for Men,147,7,False,True,False,False,True,aquatic|clean|fresh|leather|minty|sandalwood|woody,citrus,amber|animalic|aromatic|citrus|fresh spicy|fruity|warm spicy|woody,True
570742,Coach for Men,20,0,False,True,False,False,False,,citrus,amber|animalic|aromatic|citrus|fresh spicy|fruity|warm spicy|woody,False
570753,Coach for Men,43,6,False,True,False,False,True,aromatic|floral|herbal|lavender|powdery|sweet,citrus,amber|animalic|aromatic|citrus|fresh spicy|fruity|warm spicy|woody,True
570800,Coach for Men,23,2,False,False,False,False,False,clean|fresh,citrus,amber|animalic|aromatic|citrus|fresh spicy|fruity|warm spicy|woody,True
570934,Elizabeth Arden Green Tea,37,1,False,True,False,False,False,musky,citrus,aromatic|citrus|fresh spicy|green,False
571026,Coach for Men,44,3,False,True,False,False,True,animalic|oud|woody,citrus,amber|animalic|aromatic|citrus|fresh spicy|fruity|warm spicy|woody,True
571027,Coach for Men,44,3,False,True,False,False,True,animalic|oud|woody,citrus,amber|animalic|aromatic|citrus|fresh spicy|fruity|warm spicy|woody,True
571039,Narciso Rodriguez For Her,28,0,False,True,True,False,False,,,amber|fruity|powdery|rose|warm spicy|woody,False
571073,Coach for Men,16,2,False,False,False,False,False,clean|soapy,citrus,amber|animalic|aromatic|citrus|fresh spicy|fruity|warm spicy|woody,True
571261,Elizabeth Arden Green Tea,102,3,False,False,False,False,False,clean|fresh|musky,citrus,aromatic|citrus|fresh spicy|green,True
571555,Coach for Men,94,4,False,True,False,False,False,clean|fresh|minty|musky,citrus,amber|animalic|aromatic|citrus|fresh spicy|fruity|warm spicy|woody,True
571646,Coach for Men,122,1,False,True,False,False,False,clean,citrus,amber|animalic|aromatic|citrus|fresh spicy|fruity|warm spicy|woody,False
571753,Coach for Men,282,4,False,False,False,False,True,balsamic|coniferous|resinous|woody,citrus,amber|animalic|aromatic|citrus|fresh spicy|fruity|warm spicy|woody,True
571815,Narciso Rodriguez For Her,21,0,False,True,True,False,False,,,amber|fruity|powdery|rose|warm spicy|woody,False
571876,Elizabeth Arden Green Tea,53,3,True,False,False,False,False,clean|fruity|soapy,citrus,aromatic|citrus|fresh spicy|green,False
571899,Elizabeth Arden Green Tea,53,3,True,False,False,False,False,clean|fruity|soapy,citrus,aromatic|citrus|fresh spicy|green,False
572207,Coach for Men,15,0,False,False,False,False,False,,citrus,amber|animalic|aromatic|citrus|fresh spicy|fruity|warm spicy|woody,False
572452,Coach for Men,19,3,False,False,False,False,True,aromatic|fresh spicy|woody,citrus,amber|animalic|aromatic|citrus|fresh spicy|fruity|warm spicy|woody,True
572453,Coach for Men,9,0,False,True,False,False,False,,citrus,amber|animalic|aromatic|citrus|fresh spicy|fruity|warm spicy|woody,False
572608,Coach for Men,21,2,False,True,False,False,False,clean|fresh,citrus,amber|animalic|aromatic|citrus|fresh spicy|fruity|warm spicy|woody,True
572616,Coach for Men,11,2,False,False,False,False,False,clean|fresh,citrus,amber|animalic|aromatic|citrus|fresh spicy|fruity|warm spicy|woody,True
572764,Coach for Men,116,0,False,True,False,False,False,,citrus,amber|animalic|aromatic|citrus|fresh spicy|fruity|warm spicy|woody,False
572853,Ajmal Amber Wood,34,1,False,True,False,False,True,woody,oud,amber|oud|woody,False
572951,Coach for Men,9,0,False,True,False,False,False,,citrus,amber|animalic|aromatic|citrus|fresh spicy|fruity|warm spicy|woody,False
573015,Coach for Men,23,0,False,True,False,False,False,,citrus,amber|animalic|aromatic|citrus|fresh spicy|fruity|warm spicy|woody,False
573521,Coach for Men,74,3,False,True,False,False,False,clean|fresh|soapy,citrus,amber|animalic|aromatic|citrus|fresh spicy|fruity|warm spicy|woody,True
573626,Coach for Men,89,3,False,True,False,False,False,clean|fresh|musky,citrus,amber|animalic|aromatic|citrus|fresh spicy|fruity|warm spicy|woody,True
573662,Coach for Men,8,0,False,False,False,False,False,,citrus,amber|animalic|aromatic|citrus|fresh spicy|fruity|warm spicy|woody,False
573827,Azzaro Pour Homme,42,0,False,True,False,False,False,,aromatic,aromatic|citrus|earthy|fresh spicy|leather|mossy|powdery|warm spicy|woody,False
574196,Elizabeth Arden Green Tea,55,0,False,False,False,False,False,,citrus,aromatic|citrus|fresh spicy|green,False
574388,Creed Silver Mountain Water,28,0,False,False,False,False,False,,citrus,aromatic|citrus|fresh spicy|fruity|green|powdery|woody,False
574418,Coach for Men,37,0,False,True,False,False,False,,citrus,amber|animalic|aromatic|citrus|fresh spicy|fruity|warm spicy|woody,False
574465,Coach for Men,36,0,False,True,False,False,False,,citrus,amber|animalic|aromatic|citrus|fresh spicy|fruity|warm spicy|woody,False
574516,Coach for Men,93,2,False,True,False,False,False,lactonic|musky,citrus,amber|animalic|aromatic|citrus|fresh spicy|fruity|warm spicy|woody,True
574663,Coach for Men,41,2,False,True,False,False,False,floral|rose,citrus,amber|animalic|aromatic|citrus|fresh spicy|fruity|warm spicy|woody,True
574698,Coach for Men,19,1,False,False,False,False,False,tea,citrus,amber|animalic|aromatic|citrus|fresh spicy|fruity|warm spicy|woody,False
574775,Coach for Men,71,3,False,True,False,False,True,amber|musky|sensual,citrus,amber|animalic|aromatic|citrus|fresh spicy|fruity|warm spicy|woody,True
574853,Coach for Men,23,2,False,True,False,False,False,clean|fresh,citrus,amber|animalic|aromatic|citrus|fresh spicy|fruity|warm spicy|woody,True
574862,Coach for Men,26,2,False,True,False,False,False,clean|soapy,citrus,amber|animalic|aromatic|citrus|fresh spicy|fruity|warm spicy|woody,True
575517,Coach for Men,49,4,False,True,False,False,True,coniferous|green|mossy|woody,citrus,amber|animalic|aromatic|citrus|fresh spicy|fruity|warm spicy|woody,True
575595,Coach for Men,66,0,False,True,False,False,False,,citrus,amber|animalic|aromatic|citrus|fresh spicy|fruity|warm spicy|woody,False
575680,Elizabeth Arden Green Tea,40,2,False,True,False,False,False,clean|fresh,citrus,aromatic|citrus|fresh spicy|green,True
575778,Coach for Men,23,0,False,True,False,False,False,,citrus,amber|animalic|aromatic|citrus|fresh spicy|fruity|warm spicy|woody,False
575842,Narciso Rodriguez For Her,115,4,False,True,True,False,False,aromatic|clean|herbal|soapy,,amber|fruity|powdery|rose|warm spicy|woody,False
576028,Coach for Men,48,2,False,True,False,False,False,boozy|bourbon,citrus,amber|animalic|aromatic|citrus|fresh spicy|fruity|warm spicy|woody,True
576166,Coach for Men,13,0,False,True,False,False,False,,citrus,amber|animalic|aromatic|citrus|fresh spicy|fruity|warm spicy|woody,False
576183,Coach for Men,46,2,False,True,False,False,False,clean|fresh,citrus,amber|animalic|aromatic|citrus|fresh spicy|fruity|warm spicy|woody,True
576210,Coach for Men,27,0,False,True,False,False,False,,citrus,amber|animalic|aromatic|citrus|fresh spicy|fruity|warm spicy|woody,False
576277,Coach for Men,30,2,False,True,False,False,False,clean|soapy,citrus,amber|animalic|aromatic|citrus|fresh spicy|fruity|warm spicy|woody,True
576284,Coach for Men,36,0,False,True,False,False,False,,citrus,amber|animalic|aromatic|citrus|fresh spicy|fruity|warm spicy|woody,False
576309,Elizabeth Arden Green Tea,182,4,False,True,False,False,False,clean|fresh|musky|smoky,citrus,aromatic|citrus|fresh spicy|green,True
576341,Coach for Men,72,5,False,True,False,False,True,aromatic|herbal|lavender|minty|spicy,citrus,amber|animalic|aromatic|citrus|fresh spicy|fruity|warm spicy|woody,True
576574,Coach for Men,10,2,False,True,False,False,True,patchouli|woody,citrus,amber|animalic|aromatic|citrus|fresh spicy|fruity|warm spicy|woody,True
576575,Coach for Men,9,2,False,True,False,False,True,patchouli|woody,citrus,amber|animalic|aromatic|citrus|fresh spicy|fruity|warm spicy|woody,True
576732,Narciso Rodriguez For Her,14,0,False,True,True,False,False,,,amber|fruity|powdery|rose|warm spicy|woody,False
577071,Coach for Men,10,0,False,True,False,False,False,,citrus,amber|animalic|aromatic|citrus|fresh spicy|fruity|warm spicy|woody,False
577335,Coach for Men,18,2,False,True,False,False,False,clean|soapy,citrus,amber|animalic|aromatic|citrus|fresh spicy|fruity|warm spicy|woody,True
577591,Coach for Men,54,1,False,True,False,False,False,minty,citrus,amber|animalic|aromatic|citrus|fresh spicy|fruity|warm spicy|woody,False
577838,Coach for Men,9,0,False,False,False,False,False,,citrus,amber|animalic|aromatic|citrus|fresh spicy|fruity|warm spicy|woody,False
577945,Coach for Men,13,0,False,True,False,False,False,,citrus,amber|animalic|aromatic|citrus|fresh spicy|fruity|warm spicy|woody,False
578274,Coach for Men,17,0,False,True,False,False,False,,citrus,amber|animalic|aromatic|citrus|fresh spicy|fruity|warm spicy|woody,False
578362,Coach for Men,26,0,False,True,False,False,False,,citrus,amber|animalic|aromatic|citrus|fresh spicy|fruity|warm spicy|woody,False
578392,Coach for Men,29,0,False,True,False,False,False,,citrus,amber|animalic|aromatic|citrus|fresh spicy|fruity|warm spicy|woody,False
578494,Coach for Men,375,3,False,True,False,False,False,clean|coffee|fresh,citrus,amber|animalic|aromatic|citrus|fresh spicy|fruity|warm spicy|woody,True
578495,Coach for Men,297,1,False,True,False,False,False,fresh,citrus,amber|animalic|aromatic|citrus|fresh spicy|fruity|warm spicy|woody,False
578717,Chanel Coco Mademoiselle,14,0,False,False,False,False,False,,citrus,citrus|earthy|rose|vanilla|warm spicy|white floral|woody,False
578737,Coach for Men,53,1,False,True,False,False,False,coniferous,citrus,amber|animalic|aromatic|citrus|fresh spicy|fruity|warm spicy|woody,False
578907,Coach for Men,56,3,True,False,False,False,True,clean|fruity|soapy,citrus,amber|animalic|aromatic|citrus|fresh spicy|fruity|warm spicy|woody,False
579308,Coach for Men,74,0,False,True,False,False,False,,citrus,amber|animalic|aromatic|citrus|fresh spicy|fruity|warm spicy|woody,False
579677,Coach for Men,21,8,False,True,False,False,True,clean|coniferous|damp|green|mossy|ozonic|soapy|woody,citrus,amber|animalic|aromatic|citrus|fresh spicy|fruity|warm spicy|woody,True
579955,Narciso Rodriguez For Her,9,3,False,True,True,False,True,amber|musky|sensual,,amber|fruity|powdery|rose|warm spicy|woody,False
580413,Coach for Men,17,0,False,True,False,False,False,,citrus,amber|animalic|aromatic|citrus|fresh spicy|fruity|warm spicy|woody,False
580415,Coach for Men,65,4,False,True,False,False,True,coniferous|green|mossy|woody,citrus,amber|animalic|aromatic|citrus|fresh spicy|fruity|warm spicy|woody,True
580434,Coach for Men,88,3,False,True,False,True,True,citrus|clean|fresh,citrus,amber|animalic|aromatic|citrus|fresh spicy|fruity|warm spicy|woody,True
580632,Coach for Men,12,0,False,True,False,False,False,,citrus,amber|animalic|aromatic|citrus|fresh spicy|fruity|warm spicy|woody,False
581252,Coach for Men,14,0,False,False,False,False,False,,citrus,amber|animalic|aromatic|citrus|fresh spicy|fruity|warm spicy|woody,False
581305,Coach for Men,34,1,False,True,False,False,False,sweet,citrus,amber|animalic|aromatic|citrus|fresh spicy|fruity|warm spicy|woody,False
581839,Mugler Angel,11,3,True,False,True,False,False,clean|fresh|soapy,,caramel|fruity|honey|powdery|vanilla|warm spicy|woody,False
582206,Coach for Men,38,0,False,True,False,False,False,,citrus,amber|animalic|aromatic|citrus|fresh spicy|fruity|warm spicy|woody,False
582470,Coach for Men,205,0,False,True,False,False,False,,citrus,amber|animalic|aromatic|citrus|fresh spicy|fruity|warm spicy|woody,False
582714,Coach for Men,48,3,False,True,False,False,True,clean|fruity|soapy,citrus,amber|animalic|aromatic|citrus|fresh spicy|fruity|warm spicy|woody,True
582880,Coach for Men,140,7,False,True,False,False,True,amber|aromatic|clean|fresh spicy|iris|oud|woody,citrus,amber|animalic|aromatic|citrus|fresh spicy|fruity|warm spicy|woody,True
583061,Coach for Men,16,0,False,False,False,False,False,,citrus,amber|animalic|aromatic|citrus|fresh spicy|fruity|warm spicy|woody,False
583093,Coach for Men,38,1,False,True,False,False,False,musky,citrus,amber|animalic|aromatic|citrus|fresh spicy|fruity|warm spicy|woody,False
583262,Coach for Men,18,0,False,True,False,False,False,,citrus,amber|animalic|aromatic|citrus|fresh spicy|fruity|warm spicy|woody,False
583315,Coach for Men,15,0,False,True,False,False,False,,citrus,amber|animalic|aromatic|citrus|fresh spicy|fruity|warm spicy|woody,False
583354,Coach for Men,60,2,False,True,False,False,False,minty|tea,citrus,amber|animalic|aromatic|citrus|fresh spicy|fruity|warm spicy|woody,True
583475,Coach for Men,33,1,False,True,False,False,False,musky,citrus,amber|animalic|aromatic|citrus|fresh spicy|fruity|warm spicy|woody,False
583476,Coach for Men,33,1,False,True,False,False,False,musky,citrus,amber|animalic|aromatic|citrus|fresh spicy|fruity|warm spicy|woody,False
583477,Coach for Men,33,1,False,True,False,False,False,musky,citrus,amber|animalic|aromatic|citrus|fresh spicy|fruity|warm spicy|woody,False
583487,Coach for Men,62,4,False,True,False,False,True,aquatic|clean|fruity|soapy,citrus,amber|animalic|aromatic|citrus|fresh spicy|fruity|warm spicy|woody,True
583658,Coach for Men,20,0,False,True,False,False,False,,citrus,amber|animalic|aromatic|citrus|fresh spicy|fruity|warm spicy|woody,False
583850,Coach for Men,10,2,False,True,False,False,False,clean|fresh,citrus,amber|animalic|aromatic|citrus|fresh spicy|fruity|warm spicy|woody,True
584743,Coach for Men,8,2,False,True,False,False,False,clean|fresh,citrus,amber|animalic|aromatic|citrus|fresh spicy|fruity|warm spicy|woody,True
585054,Coach for Men,41,4,False,True,False,False,False,clean|fresh|soapy|tea,citrus,amber|animalic|aromatic|citrus|fresh spicy|fruity|warm spicy|woody,True
585056,Coach for Men,17,0,False,True,False,False,False,,citrus,amber|animalic|aromatic|citrus|fresh spicy|fruity|warm spicy|woody,False
585057,Coach for Men,27,0,False,True,False,False,False,,citrus,amber|animalic|aromatic|citrus|fresh spicy|fruity|warm spicy|woody,False
585058,Coach for Men,14,0,False,True,False,False,False,,citrus,amber|animalic|aromatic|citrus|fresh spicy|fruity|warm spicy|woody,False
585080,Coach for Men,26,1,False,True,False,False,True,woody,citrus,amber|animalic|aromatic|citrus|fresh spicy|fruity|warm spicy|woody,False
585127,Coach for Men,149,5,False,True,False,True,True,citrus|clean|fresh|fruity|woody,citrus,amber|animalic|aromatic|citrus|fresh spicy|fruity|warm spicy|woody,True
585319,Elizabeth Arden Green Tea,90,4,False,True,False,False,True,aromatic|fresh|herbal|lavender,citrus,aromatic|citrus|fresh spicy|green,True
585351,Coach for Men,29,0,False,True,False,False,False,,citrus,amber|animalic|aromatic|citrus|fresh spicy|fruity|warm spicy|woody,False
585458,Coach for Men,13,3,False,True,False,False,True,aromatic|fresh spicy|woody,citrus,amber|animalic|aromatic|citrus|fresh spicy|fruity|warm spicy|woody,True
585498,Coach for Men,30,0,False,True,False,False,False,,citrus,amber|animalic|aromatic|citrus|fresh spicy|fruity|warm spicy|woody,False
585499,Coach for Men,38,3,False,True,False,False,False,clean|fresh|musky,citrus,amber|animalic|aromatic|citrus|fresh spicy|fruity|warm spicy|woody,True
585586,Coach for Men,23,0,False,True,False,False,False,,citrus,amber|animalic|aromatic|citrus|fresh spicy|fruity|warm spicy|woody,False
585601,Elizabeth Arden Green Tea,30,2,False,True,False,False,False,clean|musky,citrus,aromatic|citrus|fresh spicy|green,True
585647,Coach for Men,70,0,False,True,False,False,False,,citrus,amber|animalic|aromatic|citrus|fresh spicy|fruity|warm spicy|woody,False
585764,Coach for Men,42,0,False,True,False,False,False,,citrus,amber|animalic|aromatic|citrus|fresh spicy|fruity|warm spicy|woody,False
585767,Coach for Men,13,0,False,True,False,False,False,,citrus,amber|animalic|aromatic|citrus|fresh spicy|fruity|warm spicy|woody,False
585769,Coach for Men,11,0,False,False,False,False,False,,citrus,amber|animalic|aromatic|citrus|fresh spicy|fruity|warm spicy|woody,False
585771,Coach for Men,13,0,False,False,False,False,False,,citrus,amber|animalic|aromatic|citrus|fresh spicy|fruity|warm spicy|woody,False
585772,Coach for Men,117,6,False,True,False,False,True,clean|fresh|fruity|minty|soapy|tea,citrus,amber|animalic|aromatic|citrus|fresh spicy|fruity|warm spicy|woody,True
585774,Coach for Men,29,0,False,False,False,False,False,,citrus,amber|animalic|aromatic|citrus|fresh spicy|fruity|warm spicy|woody,False
585775,Coach for Men,73,0,False,True,False,False,False,,citrus,amber|animalic|aromatic|citrus|fresh spicy|fruity|warm spicy|woody,False
585811,Coach for Men,17,0,False,False,False,False,False,,citrus,amber|animalic|aromatic|citrus|fresh spicy|fruity|warm spicy|woody,False
585872,Coach for Men,68,3,False,True,False,False,False,clean|musky|soapy,citrus,amber|animalic|aromatic|citrus|fresh spicy|fruity|warm spicy|woody,True
585873,Coach for Men,21,2,False,True,False,False,False,clean|soapy,citrus,amber|animalic|aromatic|citrus|fresh spicy|fruity|warm spicy|woody,True
585874,Coach for Men,9,0,False,True,False,False,False,,citrus,amber|animalic|aromatic|citrus|fresh spicy|fruity|warm spicy|woody,False
585875,Coach for Men,114,4,False,True,False,False,False,clean|fresh|musky|soapy,citrus,amber|animalic|aromatic|citrus|fresh spicy|fruity|warm spicy|woody,True
585878,Coach for Men,47,6,False,True,False,False,True,clean|coniferous|green|mossy|soapy|woody,citrus,amber|animalic|aromatic|citrus|fresh spicy|fruity|warm spicy|woody,True
585880,Coach for Men,10,0,False,False,False,False,False,,citrus,amber|animalic|aromatic|citrus|fresh spicy|fruity|warm spicy|woody,False
585929,Coach for Men,36,1,False,True,False,False,False,tea,citrus,amber|animalic|aromatic|citrus|fresh spicy|fruity|warm spicy|woody,False
585930,Coach for Men,52,2,False,True,False,False,False,musky|tea,citrus,amber|animalic|aromatic|citrus|fresh spicy|fruity|warm spicy|woody,True
585931,Coach for Men,37,0,False,True,False,False,False,,citrus,amber|animalic|aromatic|citrus|fresh spicy|fruity|warm spicy|woody,False
585933,Coach for Men,35,0,False,True,False,False,False,,citrus,amber|animalic|aromatic|citrus|fresh spicy|fruity|warm spicy|woody,False
585934,Coach for Men,8,0,False,False,False,False,False,,citrus,amber|animalic|aromatic|citrus|fresh spicy|fruity|warm spicy|woody,False
585935,Coach for Men,131,0,False,False,False,False,False,,citrus,amber|animalic|aromatic|citrus|fresh spicy|fruity|warm spicy|woody,False
585936,Coach for Men,156,5,False,True,False,False,True,coniferous|musky|vanilla|warm|woody,citrus,amber|animalic|aromatic|citrus|fresh spicy|fruity|warm spicy|woody,True
585938,Coach for Men,46,1,False,True,False,False,False,smoky,citrus,amber|animalic|aromatic|citrus|fresh spicy|fruity|warm spicy|woody,False
585939,Coach for Men,47,1,False,True,False,False,False,tea,citrus,amber|animalic|aromatic|citrus|fresh spicy|fruity|warm spicy|woody,False
585940,Coach for Men,83,10,False,True,False,False,True,aromatic|balsamic|clean|fresh|herbal|minty|powdery|spicy|sweet|vanilla,citrus,amber|animalic|aromatic|citrus|fresh spicy|fruity|warm spicy|woody,True
585942,Coach for Men,12,0,False,True,False,False,False,,citrus,amber|animalic|aromatic|citrus|fresh spicy|fruity|warm spicy|woody,False
585943,Coach for Men,27,0,False,True,False,False,False,,citrus,amber|animalic|aromatic|citrus|fresh spicy|fruity|warm spicy|woody,False
585946,Coach for Men,124,4,False,True,False,False,True,amber|fruity|minty|sweet,citrus,amber|animalic|aromatic|citrus|fresh spicy|fruity|warm spicy|woody,True
585948,Coach for Men,29,0,False,False,False,False,False,,citrus,amber|animalic|aromatic|citrus|fresh spicy|fruity|warm spicy|woody,False
585950,Coach for Men,11,6,False,True,False,False,False,balsamic|minty|powdery|sweet|tea|vanilla,citrus,amber|animalic|aromatic|citrus|fresh spicy|fruity|warm spicy|woody,True
585952,Coach for Men,15,0,False,True,False,False,False,,citrus,amber|animalic|aromatic|citrus|fresh spicy|fruity|warm spicy|woody,False
585953,Coach for Men,143,8,False,True,False,False,True,aromatic|clean|fresh|fruity|herbal|minty|spicy|sweet,citrus,amber|animalic|aromatic|citrus|fresh spicy|fruity|warm spicy|woody,True
585955,Coach for Men,188,3,False,True,False,False,False,musk|musky|tea,citrus,amber|animalic|aromatic|citrus|fresh spicy|fruity|warm spicy|woody,True
585956,Coach for Men,15,0,False,False,False,False,False,,citrus,amber|animalic|aromatic|citrus|fresh spicy|fruity|warm spicy|woody,False
585958,Coach for Men,64,2,False,True,False,False,False,clean|soapy,citrus,amber|animalic|aromatic|citrus|fresh spicy|fruity|warm spicy|woody,True
585959,Coach for Men,24,1,False,True,False,False,False,tea,citrus,amber|animalic|aromatic|citrus|fresh spicy|fruity|warm spicy|woody,False
585970,Coach for Men,54,6,False,True,False,False,True,aldehydic|floral|fresh|green|iris|woody,citrus,amber|animalic|aromatic|citrus|fresh spicy|fruity|warm spicy|woody,True
585971,Coach for Men,34,0,False,False,False,False,False,,citrus,amber|animalic|aromatic|citrus|fresh spicy|fruity|warm spicy|woody,False
586031,Coach for Men,18,0,False,True,False,False,False,,citrus,amber|animalic|aromatic|citrus|fresh spicy|fruity|warm spicy|woody,False
586148,Coach for Men,46,2,False,True,False,False,True,sandalwood|woody,citrus,amber|animalic|aromatic|citrus|fresh spicy|fruity|warm spicy|woody,True
586422,Elizabeth Arden Green Tea,50,2,False,True,False,False,False,clean|fresh,citrus,aromatic|citrus|fresh spicy|green,True
586561,Coach for Men,10,0,False,True,False,False,False,,citrus,amber|animalic|aromatic|citrus|fresh spicy|fruity|warm spicy|woody,False
586955,Coach for Men,11,0,False,True,False,False,False,,citrus,amber|animalic|aromatic|citrus|fresh spicy|fruity|warm spicy|woody,False
587100,Coach for Men,11,0,False,True,False,False,False,,citrus,amber|animalic|aromatic|citrus|fresh spicy|fruity|warm spicy|woody,False
587288,Coach for Men,24,0,False,False,False,False,False,,citrus,amber|animalic|aromatic|citrus|fresh spicy|fruity|warm spicy|woody,False
587395,Coach for Men,9,0,False,True,False,False,False,,citrus,amber|animalic|aromatic|citrus|fresh spicy|fruity|warm spicy|woody,False
587437,Coach for Men,32,0,False,True,False,False,False,,citrus,amber|animalic|aromatic|citrus|fresh spicy|fruity|warm spicy|woody,False
587521,Elizabeth Arden Green Tea,57,4,False,True,False,False,True,clean|fruity|green|soapy,citrus,aromatic|citrus|fresh spicy|green,True
587522,Coach for Men,45,1,False,True,False,False,False,sweet,citrus,amber|animalic|aromatic|citrus|fresh spicy|fruity|warm spicy|woody,False
587691,Coach for Men,42,0,False,True,False,False,False,,citrus,amber|animalic|aromatic|citrus|fresh spicy|fruity|warm spicy|woody,False
587841,Coach for Men,19,0,False,True,False,False,False,,citrus,amber|animalic|aromatic|citrus|fresh spicy|fruity|warm spicy|woody,False
588457,Coach for Men,65,1,False,True,False,False,False,tea,citrus,amber|animalic|aromatic|citrus|fresh spicy|fruity|warm spicy|woody,False
588464,Coach for Men,47,0,False,True,False,False,False,,citrus,amber|animalic|aromatic|citrus|fresh spicy|fruity|warm spicy|woody,False
588526,Coach for Men,50,2,False,True,False,False,False,fresh|soapy,citrus,amber|animalic|aromatic|citrus|fresh spicy|fruity|warm spicy|woody,True
588735,Coach for Men,32,0,False,True,False,False,False,,citrus,amber|animalic|aromatic|citrus|fresh spicy|fruity|warm spicy|woody,False
588996,Coach for Men,29,0,False,True,False,False,False,,citrus,amber|animalic|aromatic|citrus|fresh spicy|fruity|warm spicy|woody,False
588998,Coach for Men,73,6,False,True,False,False,True,aquatic|aromatic|fresh|herbal|minty|spicy,citrus,amber|animalic|aromatic|citrus|fresh spicy|fruity|warm spicy|woody,True
589063,Coach for Men,37,1,False,True,False,False,False,clean,citrus,amber|animalic|aromatic|citrus|fresh spicy|fruity|warm spicy|woody,False
589237,Coach for Men,77,6,False,True,False,False,True,amber|earthy|resinous|sweet|warm spicy|woody,citrus,amber|animalic|aromatic|citrus|fresh spicy|fruity|warm spicy|woody,True
589315,Coach for Men,30,1,False,True,False,False,False,musky,citrus,amber|animalic|aromatic|citrus|fresh spicy|fruity|warm spicy|woody,False
589390,Coach for Men,11,3,False,True,False,True,True,citrus|musky|woody,citrus,amber|animalic|aromatic|citrus|fresh spicy|fruity|warm spicy|woody,True
589530,Elizabeth Arden Green Tea,19,4,False,True,False,True,True,citrus|clean|fresh|fruity,citrus,aromatic|citrus|fresh spicy|green,True
589557,Coach for Men,15,1,False,True,False,False,False,fresh,citrus,amber|animalic|aromatic|citrus|fresh spicy|fruity|warm spicy|woody,False
589727,Coach for Men,20,1,False,True,False,False,False,musky,citrus,amber|animalic|aromatic|citrus|fresh spicy|fruity|warm spicy|woody,False
589815,Coach for Men,24,4,False,True,False,False,False,clean|jasmine|soapy|white floral,citrus,amber|animalic|aromatic|citrus|fresh spicy|fruity|warm spicy|woody,True
590075,Mugler Angel,29,3,False,True,True,False,False,clean|fresh|soapy,,caramel|fruity|honey|powdery|vanilla|warm spicy|woody,False
590322,Coach for Men,24,5,False,True,False,False,True,amber|earthy|vanilla|warm spicy|woody,citrus,amber|animalic|aromatic|citrus|fresh spicy|fruity|warm spicy|woody,True
590473,Coach for Men,24,2,False,True,False,False,False,clean|soapy,citrus,amber|animalic|aromatic|citrus|fresh spicy|fruity|warm spicy|woody,True
590502,Coach for Men,73,0,False,True,False,False,False,,citrus,amber|animalic|aromatic|citrus|fresh spicy|fruity|warm spicy|woody,False
590574,Coach for Men,87,5,False,True,False,False,True,clean|fruity|inky|metallic|soapy,citrus,amber|animalic|aromatic|citrus|fresh spicy|fruity|warm spicy|woody,True
590784,Coach for Men,48,1,False,True,False,False,False,clean,citrus,amber|animalic|aromatic|citrus|fresh spicy|fruity|warm spicy|woody,False
590791,Coach for Men,15,0,False,True,False,False,False,,citrus,amber|animalic|aromatic|citrus|fresh spicy|fruity|warm spicy|woody,False
590836,Coach for Men,101,8,False,True,False,False,True,amber|aromatic|clean|fresh spicy|musky|sensual|sweet|woody,citrus,amber|animalic|aromatic|citrus|fresh spicy|fruity|warm spicy|woody,True
590977,Coach for Men,100,1,False,True,False,False,False,minty,citrus,amber|animalic|aromatic|citrus|fresh spicy|fruity|warm spicy|woody,False
591049,Coach for Men,90,6,False,True,False,False,True,amber|clean|musky|soapy|vanilla|warm spicy,citrus,amber|animalic|aromatic|citrus|fresh spicy|fruity|warm spicy|woody,True
591296,Coach for Men,24,0,False,True,False,False,False,,citrus,amber|animalic|aromatic|citrus|fresh spicy|fruity|warm spicy|woody,False
591517,Coach for Men,19,0,False,True,False,False,False,,citrus,amber|animalic|aromatic|citrus|fresh spicy|fruity|warm spicy|woody,False
591585,Coach for Men,31,5,True,False,False,False,True,clean|fruity|inky|metallic|soapy,citrus,amber|animalic|aromatic|citrus|fresh spicy|fruity|warm spicy|woody,False
591620,Coach for Men,61,0,False,True,False,False,False,,citrus,amber|animalic|aromatic|citrus|fresh spicy|fruity|warm spicy|woody,False
591720,Coach for Men,190,1,False,True,False,False,False,musky,citrus,amber|animalic|aromatic|citrus|fresh spicy|fruity|warm spicy|woody,False
591965,Elizabeth Arden Green Tea,48,1,False,True,False,False,False,clean,citrus,aromatic|citrus|fresh spicy|green,False
592140,Coach for Men,19,0,False,False,False,False,False,,citrus,amber|animalic|aromatic|citrus|fresh spicy|fruity|warm spicy|woody,False
592152,Coach for Men,33,0,False,True,False,False,False,,citrus,amber|animalic|aromatic|citrus|fresh spicy|fruity|warm spicy|woody,False
592453,Coach for Men,48,0,False,False,False,False,False,,citrus,amber|animalic|aromatic|citrus|fresh spicy|fruity|warm spicy|woody,False
592527,Coach for Men,36,0,False,True,False,False,False,,citrus,amber|animalic|aromatic|citrus|fresh spicy|fruity|warm spicy|woody,False
592543,Coach for Men,34,3,False,False,False,False,False,aldehydic|chypre|floral,citrus,amber|animalic|aromatic|citrus|fresh spicy|fruity|warm spicy|woody,True
592724,Coach for Men,77,4,False,True,False,True,True,aquatic|citrus|clean|fresh,citrus,amber|animalic|aromatic|citrus|fresh spicy|fruity|warm spicy|woody,True
592758,Coach for Men,28,0,False,True,False,False,False,,citrus,amber|animalic|aromatic|citrus|fresh spicy|fruity|warm spicy|woody,False
592764,Coach for Men,56,0,False,True,False,False,False,,citrus,amber|animalic|aromatic|citrus|fresh spicy|fruity|warm spicy|woody,False
592972,Coach for Men,34,1,False,True,False,False,False,musky,citrus,amber|animalic|aromatic|citrus|fresh spicy|fruity|warm spicy|woody,False
593102,Coach for Men,40,2,False,False,False,False,False,clean|soapy,citrus,amber|animalic|aromatic|citrus|fresh spicy|fruity|warm spicy|woody,True
593104,Coach for Men,180,3,False,True,False,False,True,earthy|warm spicy|woody,citrus,amber|animalic|aromatic|citrus|fresh spicy|fruity|warm spicy|woody,True
593218,Coach for Men,56,1,False,True,False,True,True,citrus,citrus,amber|animalic|aromatic|citrus|fresh spicy|fruity|warm spicy|woody,False
593229,Coach for Men,28,0,False,False,False,False,False,,citrus,amber|animalic|aromatic|citrus|fresh spicy|fruity|warm spicy|woody,False
593262,Coach for Men,51,2,False,True,False,False,False,clean|fresh,citrus,amber|animalic|aromatic|citrus|fresh spicy|fruity|warm spicy|woody,True
593319,Coach for Men,21,0,False,True,False,False,False,,citrus,amber|animalic|aromatic|citrus|fresh spicy|fruity|warm spicy|woody,False
593336,Coach for Men,64,4,False,True,False,False,False,aquatic|clean|fresh|green,citrus,amber|animalic|aromatic|citrus|fresh spicy|fruity|warm spicy|woody,True
593406,Coach for Men,8,0,False,True,False,False,False,,citrus,amber|animalic|aromatic|citrus|fresh spicy|fruity|warm spicy|woody,False
593553,Coach for Men,29,0,False,True,False,False,False,,citrus,amber|animalic|aromatic|citrus|fresh spicy|fruity|warm spicy|woody,False
593612,Coach for Men,21,0,False,True,False,False,False,,citrus,amber|animalic|aromatic|citrus|fresh spicy|fruity|warm spicy|woody,False
593762,Coach for Men,12,3,False,True,False,True,True,citrus|fresh|green,citrus,amber|animalic|aromatic|citrus|fresh spicy|fruity|warm spicy|woody,True
593848,Coach for Men,31,0,False,True,False,False,False,,citrus,amber|animalic|aromatic|citrus|fresh spicy|fruity|warm spicy|woody,False
594862,Coach for Men,24,1,False,True,False,True,True,citrus,citrus,amber|animalic|aromatic|citrus|fresh spicy|fruity|warm spicy|woody,False
594885,Coach for Men,95,6,False,True,False,False,True,clean|coffee|musk|musky|soapy|woody,citrus,amber|animalic|aromatic|citrus|fresh spicy|fruity|warm spicy|woody,True
594974,Elizabeth Arden Green Tea,78,4,False,True,False,False,False,coconut|musky|powdery|tropical,citrus,aromatic|citrus|fresh spicy|green,True
595170,Coach for Men,43,1,False,True,False,False,True,warm spicy,citrus,amber|animalic|aromatic|citrus|fresh spicy|fruity|warm spicy|woody,False
595545,Coach for Men,37,0,False,True,False,False,False,,citrus,amber|animalic|aromatic|citrus|fresh spicy|fruity|warm spicy|woody,False
595649,Coach for Men,14,0,False,True,False,False,False,,citrus,amber|animalic|aromatic|citrus|fresh spicy|fruity|warm spicy|woody,False
595682,Coach for Men,33,3,False,True,False,False,True,clean|fruity|soapy,citrus,amber|animalic|aromatic|citrus|fresh spicy|fruity|warm spicy|woody,True
595783,Coach for Men,9,0,False,False,False,False,False,,citrus,amber|animalic|aromatic|citrus|fresh spicy|fruity|warm spicy|woody,False
595891,Coach for Men,9,3,False,True,False,False,False,clean|fresh|soapy,citrus,amber|animalic|aromatic|citrus|fresh spicy|fruity|warm spicy|woody,True
595917,Coach for Men,8,0,False,True,False,False,False,,citrus,amber|animalic|aromatic|citrus|fresh spicy|fruity|warm spicy|woody,False
596050,Coach for Men,14,0,False,False,False,False,False,,citrus,amber|animalic|aromatic|citrus|fresh spicy|fruity|warm spicy|woody,False
596699,Coach for Men,8,0,False,True,False,False,False,,citrus,amber|animalic|aromatic|citrus|fresh spicy|fruity|warm spicy|woody,False
596841,Elizabeth Arden Green Tea,12,4,True,False,False,False,False,clean|fresh|fruity|soapy,citrus,aromatic|citrus|fresh spicy|green,False
596927,Coach for Men,28,2,False,False,False,False,False,clean|soapy,citrus,amber|animalic|aromatic|citrus|fresh spicy|fruity|warm spicy|woody,True
596999,Coach for Men,124,0,False,True,False,False,False,,citrus,amber|animalic|aromatic|citrus|fresh spicy|fruity|warm spicy|woody,False
597093,Coach for Men,17,3,False,False,False,False,False,clean|soapy|tea,citrus,amber|animalic|aromatic|citrus|fresh spicy|fruity|warm spicy|woody,True
597120,Coach for Men,95,0,True,False,False,False,False,,citrus,amber|animalic|aromatic|citrus|fresh spicy|fruity|warm spicy|woody,False
597610,Coach for Men,21,0,False,False,False,False,False,,citrus,amber|animalic|aromatic|citrus|fresh spicy|fruity|warm spicy|woody,False
597615,Carolina Herrera Good Girl,39,0,False,True,True,False,False,,,almond|amber|powdery|vanilla|warm spicy|white floral|woody,False
597627,Coach for Men,87,0,False,True,False,False,False,,citrus,amber|animalic|aromatic|citrus|fresh spicy|fruity|warm spicy|woody,False
597989,Coach for Men,27,0,False,True,False,False,False,,citrus,amber|animalic|aromatic|citrus|fresh spicy|fruity|warm spicy|woody,False
598235,Coach for Men,32,0,False,True,False,False,False,,citrus,amber|animalic|aromatic|citrus|fresh spicy|fruity|warm spicy|woody,False
598317,Coach for Men,32,0,False,True,False,False,False,,citrus,amber|animalic|aromatic|citrus|fresh spicy|fruity|warm spicy|woody,False
598442,Coach for Men,12,0,False,False,False,False,False,,citrus,amber|animalic|aromatic|citrus|fresh spicy|fruity|warm spicy|woody,False
598662,Coach for Men,16,1,False,True,False,False,False,minty,citrus,amber|animalic|aromatic|citrus|fresh spicy|fruity|warm spicy|woody,False
599027,Narciso Rodriguez For Her,17,3,False,False,True,False,True,amber|musky|sensual,,amber|fruity|powdery|rose|warm spicy|woody,False
599139,Coach for Men,11,2,False,True,False,False,False,clean|soapy,citrus,amber|animalic|aromatic|citrus|fresh spicy|fruity|warm spicy|woody,True
599211,Jean Paul Gaultier Ultra Male,102,0,False,True,False,False,False,,vanilla,aromatic|fresh spicy|fruity|green|powdery|vanilla|warm spicy,False
599321,Coach for Men,130,5,False,True,False,False,True,animalic|clean|earthy|fresh|soapy,citrus,amber|animalic|aromatic|citrus|fresh spicy|fruity|warm spicy|woody,True
599446,Elizabeth Arden Green Tea,29,3,False,False,False,False,False,clean|musky|soapy,citrus,aromatic|citrus|fresh spicy|green,True
599574,Diptyque Tam Dao,8,0,False,True,False,False,False,,woody,amber|aromatic|powdery|warm spicy|woody,False
599758,Calvin Klein CK One,10,0,False,True,False,False,False,,citrus,aromatic|citrus|green,False
599803,Coach for Men,108,2,False,True,False,False,False,clean|fresh,citrus,amber|animalic|aromatic|citrus|fresh spicy|fruity|warm spicy|woody,True
600268,Coach for Men,18,0,False,True,False,False,False,,citrus,amber|animalic|aromatic|citrus|fresh spicy|fruity|warm spicy|woody,False
600391,Coach for Men,208,2,False,False,False,False,False,clean|fresh,citrus,amber|animalic|aromatic|citrus|fresh spicy|fruity|warm spicy|woody,True
600455,Coach for Men,88,0,False,True,False,False,False,,citrus,amber|animalic|aromatic|citrus|fresh spicy|fruity|warm spicy|woody,False
600690,Coach for Men,72,0,False,False,False,False,False,,citrus,amber|animalic|aromatic|citrus|fresh spicy|fruity|warm spicy|woody,False
600847,Coach for Men,119,12,False,True,False,False,True,amber|aquatic|balsamic|fresh|minty|patchouli|powdery|spicy|sweet|vanilla|warm spicy|woody,citrus,amber|animalic|aromatic|citrus|fresh spicy|fruity|warm spicy|woody,True
600857,Coach for Men,15,0,False,True,False,False,False,,citrus,amber|animalic|aromatic|citrus|fresh spicy|fruity|warm spicy|woody,False
600929,Coach for Men,33,0,False,True,False,False,False,,citrus,amber|animalic|aromatic|citrus|fresh spicy|fruity|warm spicy|woody,False
600990,Coach for Men,30,0,False,True,False,False,False,,citrus,amber|animalic|aromatic|citrus|fresh spicy|fruity|warm spicy|woody,False
601059,Coach for Men,83,0,False,True,False,False,False,,citrus,amber|animalic|aromatic|citrus|fresh spicy|fruity|warm spicy|woody,False
601648,Coach for Men,36,3,False,True,False,False,True,clean|soapy|woody,citrus,amber|animalic|aromatic|citrus|fresh spicy|fruity|warm spicy|woody,True
601929,Coach for Men,33,0,False,True,False,False,False,,citrus,amber|animalic|aromatic|citrus|fresh spicy|fruity|warm spicy|woody,False
602064,Elizabeth Arden Green Tea,169,6,False,True,False,False,True,clean|fresh|green|soapy|sweet|tea,citrus,aromatic|citrus|fresh spicy|green,True
602267,Coach for Men,28,3,False,True,False,False,True,aromatic|herbal|lavender,citrus,amber|animalic|aromatic|citrus|fresh spicy|fruity|warm spicy|woody,True
602414,Coach for Men,35,0,False,True,False,False,False,,citrus,amber|animalic|aromatic|citrus|fresh spicy|fruity|warm spicy|woody,False
602471,Narciso Rodriguez For Her,47,0,False,False,True,False,False,,,amber|fruity|powdery|rose|warm spicy|woody,False
602489,Coach for Men,74,0,False,True,False,False,False,,citrus,amber|animalic|aromatic|citrus|fresh spicy|fruity|warm spicy|woody,False
602817,Coach for Men,29,0,False,True,False,False,False,,citrus,amber|animalic|aromatic|citrus|fresh spicy|fruity|warm spicy|woody,False
603004,Coach for Men,60,4,False,True,False,False,True,clean|fresh|fruity|soapy,citrus,amber|animalic|aromatic|citrus|fresh spicy|fruity|warm spicy|woody,True
603017,Coach for Men,18,0,False,True,False,False,False,,citrus,amber|animalic|aromatic|citrus|fresh spicy|fruity|warm spicy|woody,False
603482,Coach for Men,46,1,False,True,False,False,False,clean,citrus,amber|animalic|aromatic|citrus|fresh spicy|fruity|warm spicy|woody,False
603760,Coach for Men,20,0,False,True,False,False,False,,citrus,amber|animalic|aromatic|citrus|fresh spicy|fruity|warm spicy|woody,False
603977,Coach for Men,42,0,False,True,False,False,False,,citrus,amber|animalic|aromatic|citrus|fresh spicy|fruity|warm spicy|woody,False
603978,Coach for Men,42,0,False,True,False,False,False,,citrus,amber|animalic|aromatic|citrus|fresh spicy|fruity|warm spicy|woody,False
604060,Coach for Men,50,0,False,True,False,False,False,,citrus,amber|animalic|aromatic|citrus|fresh spicy|fruity|warm spicy|woody,False
604153,Coach for Men,17,0,False,False,False,False,False,,citrus,amber|animalic|aromatic|citrus|fresh spicy|fruity|warm spicy|woody,False
604277,Coach for Men,20,3,False,True,False,False,False,clean|floral|fresh,citrus,amber|animalic|aromatic|citrus|fresh spicy|fruity|warm spicy|woody,True
604462,Coach for Men,25,2,False,False,False,False,False,clean|fresh,citrus,amber|animalic|aromatic|citrus|fresh spicy|fruity|warm spicy|woody,True
604750,Coach for Men,64,0,True,False,False,False,False,,citrus,amber|animalic|aromatic|citrus|fresh spicy|fruity|warm spicy|woody,False
604774,Coach for Men,23,2,False,True,False,False,False,clean|fresh,citrus,amber|animalic|aromatic|citrus|fresh spicy|fruity|warm spicy|woody,True
604982,Coach for Men,46,0,False,False,False,False,False,,citrus,amber|animalic|aromatic|citrus|fresh spicy|fruity|warm spicy|woody,False
605215,Coach for Men,28,2,False,True,False,False,False,clean|fresh,citrus,amber|animalic|aromatic|citrus|fresh spicy|fruity|warm spicy|woody,True
605334,Coach for Men,74,0,False,True,False,False,False,,citrus,amber|animalic|aromatic|citrus|fresh spicy|fruity|warm spicy|woody,False
605419,Narciso Rodriguez For Her,34,1,False,True,True,False,True,rose,,amber|fruity|powdery|rose|warm spicy|woody,False
605439,Elizabeth Arden Green Tea,69,3,False,True,False,False,True,fresh|green|tea,citrus,aromatic|citrus|fresh spicy|green,True
605613,Narciso Rodriguez For Her,68,0,False,True,True,False,False,,,amber|fruity|powdery|rose|warm spicy|woody,False
605851,Coach for Men,29,0,False,True,False,False,False,,citrus,amber|animalic|aromatic|citrus|fresh spicy|fruity|warm spicy|woody,False
605900,Coach for Men,55,2,False,True,False,False,True,animalic|earthy,citrus,amber|animalic|aromatic|citrus|fresh spicy|fruity|warm spicy|woody,True
605973,Coach for Men,71,5,False,True,False,False,False,balsamic|musky|powdery|sweet|vanilla,citrus,amber|animalic|aromatic|citrus|fresh spicy|fruity|warm spicy|woody,True
606270,Coach for Men,58,1,False,True,False,False,False,clean,citrus,amber|animalic|aromatic|citrus|fresh spicy|fruity|warm spicy|woody,False
606453,Coach for Men,18,2,False,False,False,False,False,clean|fresh,citrus,amber|animalic|aromatic|citrus|fresh spicy|fruity|warm spicy|woody,True
606770,Coach for Men,9,0,False,True,False,False,False,,citrus,amber|animalic|aromatic|citrus|fresh spicy|fruity|warm spicy|woody,False
607351,Coach for Men,53,2,False,True,False,False,False,clean|soapy,citrus,amber|animalic|aromatic|citrus|fresh spicy|fruity|warm spicy|woody,True
607622,Coach for Men,80,6,False,True,False,True,True,aquatic|citrus|clean|fresh|fruity|soapy,citrus,amber|animalic|aromatic|citrus|fresh spicy|fruity|warm spicy|woody,True
607902,Coach for Men,15,3,False,True,False,False,True,fresh|tobacco|woody,citrus,amber|animalic|aromatic|citrus|fresh spicy|fruity|warm spicy|woody,True
608314,Coach for Men,11,0,False,False,False,False,False,,citrus,amber|animalic|aromatic|citrus|fresh spicy|fruity|warm spicy|woody,False
608462,Coach for Men,11,0,False,False,False,False,False,,citrus,amber|animalic|aromatic|citrus|fresh spicy|fruity|warm spicy|woody,False
608480,Elizabeth Arden Green Tea,48,5,False,True,False,False,True,aromatic|herbal|minty|musky|spicy,citrus,aromatic|citrus|fresh spicy|green,True
608614,Jean Paul Gaultier La Belle,113,2,False,True,False,False,False,clean|fresh,vanilla,amber|aquatic|aromatic|fruity|powdery|vanilla|woody,True
608737,Elizabeth Arden Green Tea,29,3,False,True,False,False,True,fresh|green|tea,citrus,aromatic|citrus|fresh spicy|green,True
608800,Coach for Men,27,0,False,True,False,False,False,,citrus,amber|animalic|aromatic|citrus|fresh spicy|fruity|warm spicy|woody,False
608953,Coach for Men,56,3,False,True,False,False,True,aromatic|fresh spicy|woody,citrus,amber|animalic|aromatic|citrus|fresh spicy|fruity|warm spicy|woody,True
609590,Azzaro Pour Homme,17,0,False,True,False,False,False,,aromatic,aromatic|citrus|earthy|fresh spicy|leather|mossy|powdery|warm spicy|woody,False
609744,Elizabeth Arden Green Tea,35,3,False,True,False,False,False,clean|musky|soapy,citrus,aromatic|citrus|fresh spicy|green,True
609960,Coach for Men,20,3,False,True,False,False,False,incense|musk|musky,citrus,amber|animalic|aromatic|citrus|fresh spicy|fruity|warm spicy|woody,True
610143,Elizabeth Arden Green Tea,40,3,False,True,False,False,False,clean|fruity|soapy,citrus,aromatic|citrus|fresh spicy|green,True
610212,Coach for Men,8,0,False,True,False,False,False,,citrus,amber|animalic|aromatic|citrus|fresh spicy|fruity|warm spicy|woody,False
610287,Coach for Men,8,3,True,False,False,False,True,clean|fruity|soapy,citrus,amber|animalic|aromatic|citrus|fresh spicy|fruity|warm spicy|woody,False
610338,Mugler Angel,32,2,False,True,True,False,False,lactonic|milky,,caramel|fruity|honey|powdery|vanilla|warm spicy|woody,False
610484,Coach for Men,36,1,False,True,False,False,False,musky,citrus,amber|animalic|aromatic|citrus|fresh spicy|fruity|warm spicy|woody,False
610738,Elizabeth Arden Green Tea,74,4,True,False,False,False,False,clean|damp|earthy|musky,citrus,aromatic|citrus|fresh spicy|green,False
610877,Versace Dylan Blue,9,1,False,True,False,False,False,fresh,amber,amber|aquatic|aromatic|citrus|fresh spicy|smoky|warm spicy|woody,False
611092,Coach for Men,34,4,False,True,False,False,False,clean|fresh|lactonic|milky,citrus,amber|animalic|aromatic|citrus|fresh spicy|fruity|warm spicy|woody,True
611251,Coach for Men,75,0,False,True,False,False,False,,citrus,amber|animalic|aromatic|citrus|fresh spicy|fruity|warm spicy|woody,False
611337,Elizabeth Arden Green Tea,19,2,False,True,False,False,False,lactonic|milky,citrus,aromatic|citrus|fresh spicy|green,True
611411,Coach for Men,21,3,False,True,False,False,False,clean|fresh|soapy,citrus,amber|animalic|aromatic|citrus|fresh spicy|fruity|warm spicy|woody,True
611996,Coach for Men,12,0,False,True,False,False,False,,citrus,amber|animalic|aromatic|citrus|fresh spicy|fruity|warm spicy|woody,False
612252,Elizabeth Arden Green Tea,208,5,True,False,False,False,False,amber|clean|fresh|oud|sweet,citrus,aromatic|citrus|fresh spicy|green,False
612580,Elizabeth Arden Green Tea,76,2,False,True,False,True,True,citrus|musky,citrus,aromatic|citrus|fresh spicy|green,True
612582,Elizabeth Arden Green Tea,76,2,False,True,False,True,True,citrus|musky,citrus,aromatic|citrus|fresh spicy|green,True
612586,Elizabeth Arden Green Tea,38,0,True,False,False,False,False,,citrus,aromatic|citrus|fresh spicy|green,False
612771,Narciso Rodriguez For Her,93,0,False,True,True,False,False,,,amber|fruity|powdery|rose|warm spicy|woody,False
612810,Coach for Men,18,2,False,False,False,False,False,clean|fresh,citrus,amber|animalic|aromatic|citrus|fresh spicy|fruity|warm spicy|woody,True
613342,Coach for Men,9,0,False,True,False,False,False,,citrus,amber|animalic|aromatic|citrus|fresh spicy|fruity|warm spicy|woody,False
613459,Coach for Men,28,0,False,False,False,False,False,,citrus,amber|animalic|aromatic|citrus|fresh spicy|fruity|warm spicy|woody,False
613579,Coach for Men,9,0,False,True,False,False,False,,citrus,amber|animalic|aromatic|citrus|fresh spicy|fruity|warm spicy|woody,False
613876,Narciso Rodriguez For Her,29,0,False,True,True,False,False,,,amber|fruity|powdery|rose|warm spicy|woody,False
613963,Coach for Men,21,0,False,False,False,False,False,,citrus,amber|animalic|aromatic|citrus|fresh spicy|fruity|warm spicy|woody,False
614727,Elizabeth Arden Green Tea,73,3,False,True,False,False,False,clean|fresh|soapy,citrus,aromatic|citrus|fresh spicy|green,True
614857,Coach for Men,18,0,False,True,False,False,False,,citrus,amber|animalic|aromatic|citrus|fresh spicy|fruity|warm spicy|woody,False
614980,Juliette Has a Gun Vanilla Vibes,239,5,False,True,False,True,True,balsamic|musky|powdery|sweet|vanilla,vanilla,amber|powdery|vanilla|warm spicy|woody,True
615051,Coach for Men,127,8,False,True,False,False,True,balsamic|clean|coniferous|fresh|musky|resinous|soapy|woody,citrus,amber|animalic|aromatic|citrus|fresh spicy|fruity|warm spicy|woody,True
615255,Coach for Men,92,7,False,True,False,True,True,aquatic|citrus|clean|floral|fresh|green|soapy,citrus,amber|animalic|aromatic|citrus|fresh spicy|fruity|warm spicy|woody,True
615364,Coach for Men,47,0,False,True,False,False,False,,citrus,amber|animalic|aromatic|citrus|fresh spicy|fruity|warm spicy|woody,False
615478,Coach for Men,49,0,False,True,False,False,False,,citrus,amber|animalic|aromatic|citrus|fresh spicy|fruity|warm spicy|woody,False
615705,Coach for Men,42,1,False,False,False,False,False,musky,citrus,amber|animalic|aromatic|citrus|fresh spicy|fruity|warm spicy|woody,False
615859,Coach for Men,10,2,False,False,False,False,False,clean|fresh,citrus,amber|animalic|aromatic|citrus|fresh spicy|fruity|warm spicy|woody,True
615898,Coach for Men,55,4,True,False,False,False,True,amber|musky|vanilla|warm spicy,citrus,amber|animalic|aromatic|citrus|fresh spicy|fruity|warm spicy|woody,False
615963,Coach for Men,25,0,False,True,False,False,False,,citrus,amber|animalic|aromatic|citrus|fresh spicy|fruity|warm spicy|woody,False
616013,Elizabeth Arden Green Tea,11,0,False,False,False,False,False,,citrus,aromatic|citrus|fresh spicy|green,False
616081,Elizabeth Arden Green Tea,93,2,False,False,False,False,False,clean|musky,citrus,aromatic|citrus|fresh spicy|green,True
616138,Coach for Men,38,0,False,True,False,False,False,,citrus,amber|animalic|aromatic|citrus|fresh spicy|fruity|warm spicy|woody,False
616166,Elizabeth Arden Green Tea,57,6,False,True,False,False,False,amber|damp|earthy|iris|musky|oud,citrus,aromatic|citrus|fresh spicy|green,True
616283,Coach for Men,172,3,False,True,False,False,False,clean|inky|metallic,citrus,amber|animalic|aromatic|citrus|fresh spicy|fruity|warm spicy|woody,True
616370,Coach for Men,8,0,False,False,False,False,False,,citrus,amber|animalic|aromatic|citrus|fresh spicy|fruity|warm spicy|woody,False
616513,Coach for Men,56,0,False,True,False,False,False,,citrus,amber|animalic|aromatic|citrus|fresh spicy|fruity|warm spicy|woody,False
616734,Coach for Men,202,1,False,True,False,False,False,fresh,citrus,amber|animalic|aromatic|citrus|fresh spicy|fruity|warm spicy|woody,False
616971,Elizabeth Arden Green Tea,19,2,False,True,False,False,False,lactonic|milky,citrus,aromatic|citrus|fresh spicy|green,True
616972,Elizabeth Arden Green Tea,11,0,False,True,False,False,False,,citrus,aromatic|citrus|fresh spicy|green,False
616974,Elizabeth Arden Green Tea,55,1,False,True,False,False,False,musky,citrus,aromatic|citrus|fresh spicy|green,False
617453,Coach for Men,15,0,False,False,False,False,False,,citrus,amber|animalic|aromatic|citrus|fresh spicy|fruity|warm spicy|woody,False
617628,Coach for Men,45,2,False,True,False,False,False,clean|fresh,citrus,amber|animalic|aromatic|citrus|fresh spicy|fruity|warm spicy|woody,True
617629,Coach for Men,29,0,False,True,False,False,False,,citrus,amber|animalic|aromatic|citrus|fresh spicy|fruity|warm spicy|woody,False
617630,Coach for Men,176,2,False,True,False,False,False,clean|fresh,citrus,amber|animalic|aromatic|citrus|fresh spicy|fruity|warm spicy|woody,True
617632,Coach for Men,8,0,False,True,False,False,False,,citrus,amber|animalic|aromatic|citrus|fresh spicy|fruity|warm spicy|woody,False
617633,Coach for Men,20,0,False,False,False,False,False,,citrus,amber|animalic|aromatic|citrus|fresh spicy|fruity|warm spicy|woody,False
617634,Coach for Men,176,2,False,True,False,False,False,inky|metallic,citrus,amber|animalic|aromatic|citrus|fresh spicy|fruity|warm spicy|woody,True
617637,Coach for Men,16,2,False,False,False,False,False,clean|fresh,citrus,amber|animalic|aromatic|citrus|fresh spicy|fruity|warm spicy|woody,True
617638,Coach for Men,106,0,False,True,False,False,False,,citrus,amber|animalic|aromatic|citrus|fresh spicy|fruity|warm spicy|woody,False
617639,Coach for Men,13,0,False,False,False,False,False,,citrus,amber|animalic|aromatic|citrus|fresh spicy|fruity|warm spicy|woody,False
617640,Coach for Men,48,0,False,False,False,False,False,,citrus,amber|animalic|aromatic|citrus|fresh spicy|fruity|warm spicy|woody,False
617762,Elizabeth Arden Green Tea,19,5,False,True,False,False,True,fresh|green|inky|metallic|tea,citrus,aromatic|citrus|fresh spicy|green,True
617881,Coach for Men,84,0,False,False,False,False,False,,citrus,amber|animalic|aromatic|citrus|fresh spicy|fruity|warm spicy|woody,False
617883,Coach for Men,22,2,False,False,False,False,False,clean|soapy,citrus,amber|animalic|aromatic|citrus|fresh spicy|fruity|warm spicy|woody,True
618643,Coach for Men,159,2,False,True,False,True,True,citrus|mineral,citrus,amber|animalic|aromatic|citrus|fresh spicy|fruity|warm spicy|woody,True
619096,Coach for Men,43,5,False,True,False,True,True,citrus|clean|fruity|musky|soapy,citrus,amber|animalic|aromatic|citrus|fresh spicy|fruity|warm spicy|woody,True
619315,Coach for Men,20,0,False,True,False,False,False,,citrus,amber|animalic|aromatic|citrus|fresh spicy|fruity|warm spicy|woody,False
619774,Coach for Men,15,1,False,False,False,False,True,animalic,citrus,amber|animalic|aromatic|citrus|fresh spicy|fruity|warm spicy|woody,False
619777,Coach for Men,15,1,False,False,False,False,True,animalic,citrus,amber|animalic|aromatic|citrus|fresh spicy|fruity|warm spicy|woody,False
619978,Parfums de Marly Delina,141,0,False,True,False,False,False,,rose,aromatic|fruity|green|powdery|rose|woody,False
620571,Narciso Rodriguez For Her,11,0,False,True,True,False,False,,,amber|fruity|powdery|rose|warm spicy|woody,False
620705,Coach for Men,14,0,False,True,False,False,False,,citrus,amber|animalic|aromatic|citrus|fresh spicy|fruity|warm spicy|woody,False
620998,Coach for Men,19,0,False,True,False,False,False,,citrus,amber|animalic|aromatic|citrus|fresh spicy|fruity|warm spicy|woody,False
621062,Coach for Men,15,2,False,False,False,False,False,clean|soapy,citrus,amber|animalic|aromatic|citrus|fresh spicy|fruity|warm spicy|woody,True
621496,Coach for Men,105,0,False,True,False,False,False,,citrus,amber|animalic|aromatic|citrus|fresh spicy|fruity|warm spicy|woody,False
622034,Juliette Has a Gun Vanilla Vibes,57,2,False,False,False,False,True,powdery|sweet,vanilla,amber|powdery|vanilla|warm spicy|woody,True
622038,Juliette Has a Gun Vanilla Vibes,84,1,False,True,False,False,False,clean,vanilla,amber|powdery|vanilla|warm spicy|woody,False
622611,Coach for Men,23,0,False,True,False,False,False,,citrus,amber|animalic|aromatic|citrus|fresh spicy|fruity|warm spicy|woody,False
622651,Coach for Men,42,3,False,False,False,False,False,clean|fresh|smoky,citrus,amber|animalic|aromatic|citrus|fresh spicy|fruity|warm spicy|woody,True
622715,Coach for Men,96,4,False,True,False,False,True,animalic|lactonic|milky|musky,citrus,amber|animalic|aromatic|citrus|fresh spicy|fruity|warm spicy|woody,True
622776,Coach for Men,19,0,False,True,False,False,False,,citrus,amber|animalic|aromatic|citrus|fresh spicy|fruity|warm spicy|woody,False
622814,Coach for Men,27,1,False,True,False,False,False,musky,citrus,amber|animalic|aromatic|citrus|fresh spicy|fruity|warm spicy|woody,False
623321,Coach for Men,17,1,False,True,False,False,False,sweet,citrus,amber|animalic|aromatic|citrus|fresh spicy|fruity|warm spicy|woody,False
623687,Coach for Men,39,3,False,True,False,True,True,aquatic|citrus|fresh,citrus,amber|animalic|aromatic|citrus|fresh spicy|fruity|warm spicy|woody,True
623691,Coach for Men,21,0,False,True,False,False,False,,citrus,amber|animalic|aromatic|citrus|fresh spicy|fruity|warm spicy|woody,False
623692,Coach for Men,62,8,False,True,False,False,True,aromatic|clean|fruity|herbal|lavender|minty|soapy|spicy,citrus,amber|animalic|aromatic|citrus|fresh spicy|fruity|warm spicy|woody,True
623694,Coach for Men,85,6,False,True,False,False,True,aromatic|clean|fruity|herbal|minty|spicy,citrus,amber|animalic|aromatic|citrus|fresh spicy|fruity|warm spicy|woody,True
623697,Coach for Men,46,0,False,True,False,False,False,,citrus,amber|animalic|aromatic|citrus|fresh spicy|fruity|warm spicy|woody,False
623827,Coach for Men,54,0,False,True,False,False,False,,citrus,amber|animalic|aromatic|citrus|fresh spicy|fruity|warm spicy|woody,False
624096,Coach for Men,8,0,False,True,False,False,False,,citrus,amber|animalic|aromatic|citrus|fresh spicy|fruity|warm spicy|woody,False
624099,Coach for Men,12,1,False,True,False,False,False,clean,citrus,amber|animalic|aromatic|citrus|fresh spicy|fruity|warm spicy|woody,False
624113,Narciso Rodriguez For Her,25,0,False,True,True,False,False,,,amber|fruity|powdery|rose|warm spicy|woody,False
624208,Elizabeth Arden Green Tea,29,0,False,True,False,False,False,,citrus,aromatic|citrus|fresh spicy|green,False
624270,Elizabeth Arden Green Tea,52,8,False,True,False,False,True,amber|clean|fresh|green|iris|oud|soapy|tea,citrus,aromatic|citrus|fresh spicy|green,True
624459,Coach for Men,34,3,False,True,False,False,False,clean|soapy|spicy,citrus,amber|animalic|aromatic|citrus|fresh spicy|fruity|warm spicy|woody,True
624672,Elizabeth Arden Green Tea,82,4,False,True,False,False,True,clean|fresh|green|tea,citrus,aromatic|citrus|fresh spicy|green,True
624684,Narciso Rodriguez For Her,56,5,False,True,True,False,False,aromatic|clean|herbal|lavender|soapy,,amber|fruity|powdery|rose|warm spicy|woody,False
624700,Coach for Men,84,8,False,True,False,True,True,aldehydic|chypre|citrus|clean|fresh|fruity|mossy|soapy,citrus,amber|animalic|aromatic|citrus|fresh spicy|fruity|warm spicy|woody,True
624868,Coach for Men,58,1,False,True,False,False,True,fruity,citrus,amber|animalic|aromatic|citrus|fresh spicy|fruity|warm spicy|woody,False
624880,Coach for Men,16,0,False,True,False,False,False,,citrus,amber|animalic|aromatic|citrus|fresh spicy|fruity|warm spicy|woody,False
624928,Coach for Men,26,1,False,False,False,False,False,fresh,citrus,amber|animalic|aromatic|citrus|fresh spicy|fruity|warm spicy|woody,False
625055,Coach for Men,24,0,False,True,False,False,False,,citrus,amber|animalic|aromatic|citrus|fresh spicy|fruity|warm spicy|woody,False
625380,Coach for Men,76,3,False,True,False,False,False,floral|powdery|sweet,citrus,amber|animalic|aromatic|citrus|fresh spicy|fruity|warm spicy|woody,True
625381,Coach for Men,76,3,False,True,False,False,False,floral|powdery|sweet,citrus,amber|animalic|aromatic|citrus|fresh spicy|fruity|warm spicy|woody,True
625397,Coach for Men,55,1,False,True,False,False,False,fresh,citrus,amber|animalic|aromatic|citrus|fresh spicy|fruity|warm spicy|woody,False
625488,Coach for Men,11,0,False,True,False,False,False,,citrus,amber|animalic|aromatic|citrus|fresh spicy|fruity|warm spicy|woody,False
625542,Coach for Men,9,0,False,False,False,False,False,,citrus,amber|animalic|aromatic|citrus|fresh spicy|fruity|warm spicy|woody,False
625576,Coach for Men,337,1,False,True,False,False,False,tobacco,citrus,amber|animalic|aromatic|citrus|fresh spicy|fruity|warm spicy|woody,False
625657,Coach for Men,69,0,False,True,False,False,False,,citrus,amber|animalic|aromatic|citrus|fresh spicy|fruity|warm spicy|woody,False
625752,Elizabeth Arden Green Tea,23,4,False,True,False,True,True,citrus|fresh|green|tea,citrus,aromatic|citrus|fresh spicy|green,True
625891,Coach for Men,12,0,False,True,False,False,False,,citrus,amber|animalic|aromatic|citrus|fresh spicy|fruity|warm spicy|woody,False
625900,Coach for Men,57,3,False,True,False,False,True,aromatic|herbal|lavender,citrus,amber|animalic|aromatic|citrus|fresh spicy|fruity|warm spicy|woody,True
626206,Parfums de Marly Delina,25,3,False,True,False,False,True,floral|fresh|green,rose,aromatic|fruity|green|powdery|rose|woody,True
626337,Coach for Men,69,5,False,True,False,False,False,alcohol|clean|fresh|green|musky,citrus,amber|animalic|aromatic|citrus|fresh spicy|fruity|warm spicy|woody,True
626397,Coach for Men,44,0,False,False,False,False,False,,citrus,amber|animalic|aromatic|citrus|fresh spicy|fruity|warm spicy|woody,False
626484,Coach for Men,29,3,False,True,False,False,False,clean|fresh|soapy,citrus,amber|animalic|aromatic|citrus|fresh spicy|fruity|warm spicy|woody,True
626615,Coach for Men,8,0,False,False,False,False,False,,citrus,amber|animalic|aromatic|citrus|fresh spicy|fruity|warm spicy|woody,False
626633,Coach for Men,9,0,False,False,False,False,False,,citrus,amber|animalic|aromatic|citrus|fresh spicy|fruity|warm spicy|woody,False
626634,Coach for Men,36,5,False,False,False,False,True,aromatic|herbal|minty|musky|spicy,citrus,amber|animalic|aromatic|citrus|fresh spicy|fruity|warm spicy|woody,True
626933,Gucci Guilty Absolute,11,1,False,True,False,False,False,powdery,woody,animalic|aromatic|earthy|leather|smoky|woody,False
627048,Coach for Men,68,3,False,True,False,False,True,clean|fruity|soapy,citrus,amber|animalic|aromatic|citrus|fresh spicy|fruity|warm spicy|woody,True
627151,Coach for Men,25,2,False,True,False,False,False,clean|fresh,citrus,amber|animalic|aromatic|citrus|fresh spicy|fruity|warm spicy|woody,True
627339,Coach for Men,30,0,False,True,False,False,False,,citrus,amber|animalic|aromatic|citrus|fresh spicy|fruity|warm spicy|woody,False
627434,Coach for Men,15,0,False,True,False,False,False,,citrus,amber|animalic|aromatic|citrus|fresh spicy|fruity|warm spicy|woody,False
627439,Coach for Men,80,4,False,True,False,True,True,citrus|clean|fresh|musky,citrus,amber|animalic|aromatic|citrus|fresh spicy|fruity|warm spicy|woody,True
627458,Coach for Men,23,0,False,True,False,False,False,,citrus,amber|animalic|aromatic|citrus|fresh spicy|fruity|warm spicy|woody,False
627801,Coach for Men,59,1,False,False,False,False,False,musky,citrus,amber|animalic|aromatic|citrus|fresh spicy|fruity|warm spicy|woody,False
627812,Coach for Men,65,0,False,True,False,False,False,,citrus,amber|animalic|aromatic|citrus|fresh spicy|fruity|warm spicy|woody,False
627926,Coach for Men,36,0,False,True,False,False,False,,citrus,amber|animalic|aromatic|citrus|fresh spicy|fruity|warm spicy|woody,False
628045,Coach for Men,105,0,False,True,False,False,False,,citrus,amber|animalic|aromatic|citrus|fresh spicy|fruity|warm spicy|woody,False
628454,Coach for Men,20,5,False,True,False,False,True,clean|fruity|smoky|soapy|tobacco,citrus,amber|animalic|aromatic|citrus|fresh spicy|fruity|warm spicy|woody,True
628658,Tom Ford Tobacco Vanille,12,0,False,True,False,False,False,,vanilla,fruity|powdery|tobacco|vanilla|warm spicy|woody,False
628666,Elizabeth Arden Green Tea,10,0,False,True,False,False,False,,citrus,aromatic|citrus|fresh spicy|green,False
628857,Coach for Men,24,0,False,False,False,False,False,,citrus,amber|animalic|aromatic|citrus|fresh spicy|fruity|warm spicy|woody,False
628908,Coach for Men,48,2,False,True,False,False,False,clean|fresh,citrus,amber|animalic|aromatic|citrus|fresh spicy|fruity|warm spicy|woody,True
628969,Coach for Men,17,0,False,True,False,False,False,,citrus,amber|animalic|aromatic|citrus|fresh spicy|fruity|warm spicy|woody,False
629159,Coach for Men,10,0,False,True,False,False,False,,citrus,amber|animalic|aromatic|citrus|fresh spicy|fruity|warm spicy|woody,False
629172,Coach for Men,26,1,False,True,False,False,False,musky,citrus,amber|animalic|aromatic|citrus|fresh spicy|fruity|warm spicy|woody,False
629236,Coach for Men,84,2,False,True,False,False,False,inky|metallic,citrus,amber|animalic|aromatic|citrus|fresh spicy|fruity|warm spicy|woody,True
629359,Coach for Men,83,2,False,True,False,False,False,clean|fresh,citrus,amber|animalic|aromatic|citrus|fresh spicy|fruity|warm spicy|woody,True
629463,Coach for Men,12,0,False,False,False,False,False,,citrus,amber|animalic|aromatic|citrus|fresh spicy|fruity|warm spicy|woody,False
629633,Coach for Men,11,0,False,True,False,False,False,,citrus,amber|animalic|aromatic|citrus|fresh spicy|fruity|warm spicy|woody,False
629694,Coach for Men,17,1,False,True,False,False,False,sweet,citrus,amber|animalic|aromatic|citrus|fresh spicy|fruity|warm spicy|woody,False
629744,Coach for Men,69,2,False,True,False,False,False,clean|fresh,citrus,amber|animalic|aromatic|citrus|fresh spicy|fruity|warm spicy|woody,True
630170,Coach for Men,177,0,False,True,False,False,False,,citrus,amber|animalic|aromatic|citrus|fresh spicy|fruity|warm spicy|woody,False
630260,Coach for Men,93,0,False,True,False,False,False,,citrus,amber|animalic|aromatic|citrus|fresh spicy|fruity|warm spicy|woody,False
630293,Coach for Men,140,1,False,True,False,False,False,fresh,citrus,amber|animalic|aromatic|citrus|fresh spicy|fruity|warm spicy|woody,False
630376,Coach for Men,46,0,False,True,False,False,False,,citrus,amber|animalic|aromatic|citrus|fresh spicy|fruity|warm spicy|woody,False
630690,Coach for Men,29,0,False,True,False,False,False,,citrus,amber|animalic|aromatic|citrus|fresh spicy|fruity|warm spicy|woody,False
630949,Coach for Men,11,0,False,True,False,False,False,,citrus,amber|animalic|aromatic|citrus|fresh spicy|fruity|warm spicy|woody,False
630989,Elizabeth Arden Green Tea,56,5,False,True,False,False,False,clean|fresh|lactonic|milky|musky,citrus,aromatic|citrus|fresh spicy|green,True
631039,Coach for Men,33,1,False,True,False,False,False,musky,citrus,amber|animalic|aromatic|citrus|fresh spicy|fruity|warm spicy|woody,False
631074,Coach for Men,70,3,False,True,False,False,True,clean|fruity|soapy,citrus,amber|animalic|aromatic|citrus|fresh spicy|fruity|warm spicy|woody,True
631444,Coach for Men,19,0,False,False,False,False,False,,citrus,amber|animalic|aromatic|citrus|fresh spicy|fruity|warm spicy|woody,False
631445,Coach for Men,10,0,False,True,False,False,False,,citrus,amber|animalic|aromatic|citrus|fresh spicy|fruity|warm spicy|woody,False
631889,Coach for Men,15,1,False,True,False,False,False,musky,citrus,amber|animalic|aromatic|citrus|fresh spicy|fruity|warm spicy|woody,False
631904,Coach for Men,36,0,False,True,False,False,False,,citrus,amber|animalic|aromatic|citrus|fresh spicy|fruity|warm spicy|woody,False
632059,Coach for Men,38,0,False,False,False,False,False,,citrus,amber|animalic|aromatic|citrus|fresh spicy|fruity|warm spicy|woody,False
632106,Coach for Men,15,0,False,True,False,False,False,,citrus,amber|animalic|aromatic|citrus|fresh spicy|fruity|warm spicy|woody,False
632132,Coach for Men,34,2,False,False,False,False,False,clean|fresh,citrus,amber|animalic|aromatic|citrus|fresh spicy|fruity|warm spicy|woody,True
632442,Coach for Men,24,0,False,False,False,False,False,,citrus,amber|animalic|aromatic|citrus|fresh spicy|fruity|warm spicy|woody,False
632581,Coach for Men,60,2,False,False,False,False,False,inky|metallic,citrus,amber|animalic|aromatic|citrus|fresh spicy|fruity|warm spicy|woody,True
632612,Creed Green Irish Tweed,13,0,False,True,False,False,False,,ozonic,amber|animalic|aquatic|green|ozonic|powdery|violet|woody,False
633022,Coach for Men,32,3,False,True,False,False,False,balsamic|powdery|sweet,citrus,amber|animalic|aromatic|citrus|fresh spicy|fruity|warm spicy|woody,True
633028,Elizabeth Arden Green Tea,311,11,False,True,False,False,False,amber|clean|earthy|fresh|mineral|oud|powdery|soapy|sweet|warm spicy|woody,citrus,aromatic|citrus|fresh spicy|green,True
633170,Coach for Men,17,0,False,True,False,False,False,,citrus,amber|animalic|aromatic|citrus|fresh spicy|fruity|warm spicy|woody,False
633317,Coach for Men,46,1,False,True,False,False,False,sweet,citrus,amber|animalic|aromatic|citrus|fresh spicy|fruity|warm spicy|woody,False
633791,Coach for Men,26,2,False,True,False,False,True,sandalwood|woody,citrus,amber|animalic|aromatic|citrus|fresh spicy|fruity|warm spicy|woody,True
633819,Coach for Men,23,0,False,False,False,False,False,,citrus,amber|animalic|aromatic|citrus|fresh spicy|fruity|warm spicy|woody,False
633844,Coach for Men,33,0,False,False,False,False,False,,citrus,amber|animalic|aromatic|citrus|fresh spicy|fruity|warm spicy|woody,False
633867,Coach for Men,55,6,False,True,False,False,True,clean|lactonic|milky|sandalwood|soapy|woody,citrus,amber|animalic|aromatic|citrus|fresh spicy|fruity|warm spicy|woody,True
633883,Jean Paul Gaultier Ultra Male,15,0,False,False,False,False,False,,vanilla,aromatic|fresh spicy|fruity|green|powdery|vanilla|warm spicy,False
634252,Coach for Men,33,0,False,True,False,False,False,,citrus,amber|animalic|aromatic|citrus|fresh spicy|fruity|warm spicy|woody,False
634390,Coach for Men,43,0,False,True,False,False,False,,citrus,amber|animalic|aromatic|citrus|fresh spicy|fruity|warm spicy|woody,False
634534,Coach for Men,13,0,False,False,False,False,False,,citrus,amber|animalic|aromatic|citrus|fresh spicy|fruity|warm spicy|woody,False
635035,Elizabeth Arden Green Tea,35,0,False,True,False,False,False,,citrus,aromatic|citrus|fresh spicy|green,False
635038,Coach for Men,36,0,False,True,False,False,False,,citrus,amber|animalic|aromatic|citrus|fresh spicy|fruity|warm spicy|woody,False
635365,Elizabeth Arden Green Tea,103,1,False,True,False,False,False,musky,citrus,aromatic|citrus|fresh spicy|green,False
635725,Coach for Men,37,0,False,True,False,False,False,,citrus,amber|animalic|aromatic|citrus|fresh spicy|fruity|warm spicy|woody,False
635763,Coach for Men,12,2,False,False,False,False,False,clean|musky,citrus,amber|animalic|aromatic|citrus|fresh spicy|fruity|warm spicy|woody,True
635784,Coach for Men,9,0,False,True,False,False,False,,citrus,amber|animalic|aromatic|citrus|fresh spicy|fruity|warm spicy|woody,False
635860,Coach for Men,14,0,True,False,False,False,False,,citrus,amber|animalic|aromatic|citrus|fresh spicy|fruity|warm spicy|woody,False
635914,Coach for Men,27,0,False,True,False,False,False,,citrus,amber|animalic|aromatic|citrus|fresh spicy|fruity|warm spicy|woody,False
635993,Coach for Men,20,1,False,True,False,True,True,citrus,citrus,amber|animalic|aromatic|citrus|fresh spicy|fruity|warm spicy|woody,False
636012,Coach for Men,77,0,False,True,False,False,False,,citrus,amber|animalic|aromatic|citrus|fresh spicy|fruity|warm spicy|woody,False
636290,Coach for Men,26,2,False,True,False,False,False,clean|fresh,citrus,amber|animalic|aromatic|citrus|fresh spicy|fruity|warm spicy|woody,True
636537,Coach for Men,13,3,False,True,False,False,True,clean|fruity|soapy,citrus,amber|animalic|aromatic|citrus|fresh spicy|fruity|warm spicy|woody,True
636548,Coach for Men,57,5,False,True,False,False,False,aquatic|clean|fresh|minty|soapy,citrus,amber|animalic|aromatic|citrus|fresh spicy|fruity|warm spicy|woody,True
636549,Coach for Men,60,2,False,True,False,False,False,clean|musky,citrus,amber|animalic|aromatic|citrus|fresh spicy|fruity|warm spicy|woody,True
636579,Coach for Men,84,0,False,True,False,False,False,,citrus,amber|animalic|aromatic|citrus|fresh spicy|fruity|warm spicy|woody,False
636601,Coach for Men,119,2,False,True,False,False,False,floral|smoky,citrus,amber|animalic|aromatic|citrus|fresh spicy|fruity|warm spicy|woody,True
637073,Coach for Men,66,3,False,True,False,False,True,amber|sweet|warm spicy,citrus,amber|animalic|aromatic|citrus|fresh spicy|fruity|warm spicy|woody,True
637117,Coach for Men,21,3,False,False,False,False,True,amber|iris|oud,citrus,amber|animalic|aromatic|citrus|fresh spicy|fruity|warm spicy|woody,True
637148,Coach for Men,74,0,False,True,False,False,False,,citrus,amber|animalic|aromatic|citrus|fresh spicy|fruity|warm spicy|woody,False
637219,Juliette Has a Gun Vanilla Vibes,74,10,False,True,False,True,True,balsamic|clean|fresh|lactonic|milky|musky|powdery|soapy|sweet|vanilla,vanilla,amber|powdery|vanilla|warm spicy|woody,True
637550,Coach for Men,109,2,False,True,False,False,False,clean|soapy,citrus,amber|animalic|aromatic|citrus|fresh spicy|fruity|warm spicy|woody,True
637623,Elizabeth Arden Green Tea,12,0,False,True,False,False,False,,citrus,aromatic|citrus|fresh spicy|green,False
638108,Coach for Men,29,2,False,False,False,False,False,clean|soapy,citrus,amber|animalic|aromatic|citrus|fresh spicy|fruity|warm spicy|woody,True
638301,Tom Ford Tobacco Vanille,9,0,False,True,False,False,False,,vanilla,fruity|powdery|tobacco|vanilla|warm spicy|woody,False
638584,Coach for Men,13,2,False,False,False,False,False,clean|fresh,citrus,amber|animalic|aromatic|citrus|fresh spicy|fruity|warm spicy|woody,True
638649,Coach for Men,35,0,False,True,False,False,False,,citrus,amber|animalic|aromatic|citrus|fresh spicy|fruity|warm spicy|woody,False
638838,Coach for Men,36,0,False,True,False,False,False,,citrus,amber|animalic|aromatic|citrus|fresh spicy|fruity|warm spicy|woody,False
638907,Coach for Men,117,9,False,True,False,True,True,animalic|aromatic|citrus|fresh spicy|fruity|oud|sandalwood|smoky|woody,citrus,amber|animalic|aromatic|citrus|fresh spicy|fruity|warm spicy|woody,True
638918,Coach for Men,94,7,False,True,False,False,True,clean|coffee|coniferous|fresh|green|mossy|woody,citrus,amber|animalic|aromatic|citrus|fresh spicy|fruity|warm spicy|woody,True
638919,Coach for Men,13,2,False,True,False,False,False,clean|fresh,citrus,amber|animalic|aromatic|citrus|fresh spicy|fruity|warm spicy|woody,True
638920,Coach for Men,67,0,False,True,False,False,False,,citrus,amber|animalic|aromatic|citrus|fresh spicy|fruity|warm spicy|woody,False
639224,Coach for Men,8,0,False,True,False,False,False,,citrus,amber|animalic|aromatic|citrus|fresh spicy|fruity|warm spicy|woody,False
639382,Coach for Men,46,0,False,False,False,False,False,,citrus,amber|animalic|aromatic|citrus|fresh spicy|fruity|warm spicy|woody,False
639385,Coach for Men,158,1,True,False,False,False,False,musky,citrus,amber|animalic|aromatic|citrus|fresh spicy|fruity|warm spicy|woody,False
639392,Coach for Men,68,0,False,True,False,False,False,,citrus,amber|animalic|aromatic|citrus|fresh spicy|fruity|warm spicy|woody,False
639399,Coach for Men,24,0,False,True,False,False,False,,citrus,amber|animalic|aromatic|citrus|fresh spicy|fruity|warm spicy|woody,False
639401,Coach for Men,100,1,False,True,False,False,False,musky,citrus,amber|animalic|aromatic|citrus|fresh spicy|fruity|warm spicy|woody,False
639430,Coach for Men,33,3,False,True,False,False,False,clean|fresh|minty,citrus,amber|animalic|aromatic|citrus|fresh spicy|fruity|warm spicy|woody,True
639437,Coach for Men,36,6,True,False,False,False,False,damp|earthy|iris|musky|powdery|violet,citrus,amber|animalic|aromatic|citrus|fresh spicy|fruity|warm spicy|woody,False
639442,Coach for Men,16,2,False,False,False,False,False,clean|fresh,citrus,amber|animalic|aromatic|citrus|fresh spicy|fruity|warm spicy|woody,True
639459,Coach for Men,102,5,False,True,False,False,True,amber|musky|soapy|vanilla|warm spicy,citrus,amber|animalic|aromatic|citrus|fresh spicy|fruity|warm spicy|woody,True
639565,Coach for Men,86,0,False,False,False,False,False,,citrus,amber|animalic|aromatic|citrus|fresh spicy|fruity|warm spicy|woody,False
639664,Elizabeth Arden Green Tea,206,5,False,True,False,False,False,aquatic|fresh|inky|minty|powdery,citrus,aromatic|citrus|fresh spicy|green,True
639842,Coach for Men,26,2,False,True,False,False,False,inky|metallic,citrus,amber|animalic|aromatic|citrus|fresh spicy|fruity|warm spicy|woody,True
640125,Coach for Men,12,0,False,True,False,False,False,,citrus,amber|animalic|aromatic|citrus|fresh spicy|fruity|warm spicy|woody,False
640181,Narciso Rodriguez For Her,40,3,False,True,True,False,False,clean|floral|soapy,,amber|fruity|powdery|rose|warm spicy|woody,False
640270,Elizabeth Arden Green Tea,8,2,False,True,False,False,False,clean|soapy,citrus,aromatic|citrus|fresh spicy|green,True
640302,Coach for Men,48,0,False,False,False,False,False,,citrus,amber|animalic|aromatic|citrus|fresh spicy|fruity|warm spicy|woody,False
640782,Coach for Men,17,0,False,True,False,False,False,,citrus,amber|animalic|aromatic|citrus|fresh spicy|fruity|warm spicy|woody,False
640917,Mugler Angel,35,0,False,True,True,False,False,,,caramel|fruity|honey|powdery|vanilla|warm spicy|woody,False
641024,Coach for Men,15,0,False,True,False,False,False,,citrus,amber|animalic|aromatic|citrus|fresh spicy|fruity|warm spicy|woody,False
641353,Coach for Men,63,9,False,True,False,True,True,aromatic|citrus|clean|fresh|fresh spicy|fruity|musk|musky|woody,citrus,amber|animalic|aromatic|citrus|fresh spicy|fruity|warm spicy|woody,True
642133,Coach for Men,28,3,False,True,False,False,True,clean|fruity|soapy,citrus,amber|animalic|aromatic|citrus|fresh spicy|fruity|warm spicy|woody,True
642324,Elizabeth Arden Green Tea,9,0,False,False,False,False,False,,citrus,aromatic|citrus|fresh spicy|green,False
643053,Coach for Men,16,0,False,False,False,False,False,,citrus,amber|animalic|aromatic|citrus|fresh spicy|fruity|warm spicy|woody,False
643290,Coach for Men,16,0,False,True,False,False,False,,citrus,amber|animalic|aromatic|citrus|fresh spicy|fruity|warm spicy|woody,False
643369,Coach for Men,54,2,False,True,False,False,False,inky|metallic,citrus,amber|animalic|aromatic|citrus|fresh spicy|fruity|warm spicy|woody,True
643451,Coach for Men,10,0,False,False,False,False,False,,citrus,amber|animalic|aromatic|citrus|fresh spicy|fruity|warm spicy|woody,False
643598,Coach for Men,138,2,False,True,False,True,True,citrus|musky,citrus,amber|animalic|aromatic|citrus|fresh spicy|fruity|warm spicy|woody,True
643669,Coach for Men,119,0,False,False,False,False,False,,citrus,amber|animalic|aromatic|citrus|fresh spicy|fruity|warm spicy|woody,False
643804,Coach for Men,73,1,False,True,False,False,False,earthy,citrus,amber|animalic|aromatic|citrus|fresh spicy|fruity|warm spicy|woody,False
643969,Coach for Men,18,2,False,True,False,False,False,clean|fresh,citrus,amber|animalic|aromatic|citrus|fresh spicy|fruity|warm spicy|woody,True
644679,Coach for Men,73,3,False,True,False,False,False,aldehydic|floral|powdery,citrus,amber|animalic|aromatic|citrus|fresh spicy|fruity|warm spicy|woody,True
644713,Coach for Men,38,0,False,True,False,False,False,,citrus,amber|animalic|aromatic|citrus|fresh spicy|fruity|warm spicy|woody,False
645781,Coach for Men,44,0,False,True,False,False,False,,citrus,amber|animalic|aromatic|citrus|fresh spicy|fruity|warm spicy|woody,False
645815,Coach for Men,121,0,False,True,False,False,False,,citrus,amber|animalic|aromatic|citrus|fresh spicy|fruity|warm spicy|woody,False
645818,Coach for Men,21,0,False,True,False,False,False,,citrus,amber|animalic|aromatic|citrus|fresh spicy|fruity|warm spicy|woody,False
645827,Coach for Men,9,0,False,False,False,False,False,,citrus,amber|animalic|aromatic|citrus|fresh spicy|fruity|warm spicy|woody,False
646224,Coach for Men,16,0,False,True,False,False,False,,citrus,amber|animalic|aromatic|citrus|fresh spicy|fruity|warm spicy|woody,False
646260,Coach for Men,11,0,False,True,False,False,False,,citrus,amber|animalic|aromatic|citrus|fresh spicy|fruity|warm spicy|woody,False
646558,Elizabeth Arden Green Tea,20,0,False,True,False,False,False,,citrus,aromatic|citrus|fresh spicy|green,False
646716,Coach for Men,112,2,False,True,False,False,False,clean|soapy,citrus,amber|animalic|aromatic|citrus|fresh spicy|fruity|warm spicy|woody,True
647264,Coach for Men,10,0,False,True,False,False,False,,citrus,amber|animalic|aromatic|citrus|fresh spicy|fruity|warm spicy|woody,False
647465,Coach for Men,16,0,False,False,False,False,False,,citrus,amber|animalic|aromatic|citrus|fresh spicy|fruity|warm spicy|woody,False
647932,Coach for Men,33,0,False,False,False,False,False,,citrus,amber|animalic|aromatic|citrus|fresh spicy|fruity|warm spicy|woody,False
648106,Coach for Men,28,0,False,True,False,False,False,,citrus,amber|animalic|aromatic|citrus|fresh spicy|fruity|warm spicy|woody,False
648187,Coach for Men,14,0,False,False,False,False,False,,citrus,amber|animalic|aromatic|citrus|fresh spicy|fruity|warm spicy|woody,False
648349,Coach for Men,97,2,False,True,False,False,True,sandalwood|woody,citrus,amber|animalic|aromatic|citrus|fresh spicy|fruity|warm spicy|woody,True
648414,Elizabeth Arden Green Tea,27,3,False,True,False,False,False,clean|musky|soapy,citrus,aromatic|citrus|fresh spicy|green,True
648429,Coach for Men,90,0,False,True,False,False,False,,citrus,amber|animalic|aromatic|citrus|fresh spicy|fruity|warm spicy|woody,False
648651,Coach for Men,16,0,False,True,False,False,False,,citrus,amber|animalic|aromatic|citrus|fresh spicy|fruity|warm spicy|woody,False
649359,Coach for Men,16,0,False,True,False,False,False,,citrus,amber|animalic|aromatic|citrus|fresh spicy|fruity|warm spicy|woody,False
649556,Coach for Men,45,3,False,True,False,False,False,inky|metallic|musky,citrus,amber|animalic|aromatic|citrus|fresh spicy|fruity|warm spicy|woody,True
650493,Coach for Men,16,0,False,True,False,False,False,,citrus,amber|animalic|aromatic|citrus|fresh spicy|fruity|warm spicy|woody,False
650685,Coach for Men,107,0,False,True,False,False,False,,citrus,amber|animalic|aromatic|citrus|fresh spicy|fruity|warm spicy|woody,False
651115,Coach for Men,28,1,False,True,False,False,False,musky,citrus,amber|animalic|aromatic|citrus|fresh spicy|fruity|warm spicy|woody,False
651204,Elizabeth Arden Green Tea,31,2,True,False,False,False,False,clean|fresh,citrus,aromatic|citrus|fresh spicy|green,False
651339,Coach for Men,96,3,True,False,False,False,True,clean|fruity|soapy,citrus,amber|animalic|aromatic|citrus|fresh spicy|fruity|warm spicy|woody,False
651503,Coach for Men,38,6,False,True,False,True,True,aquatic|citrus|clean|fresh|herbal|woody,citrus,amber|animalic|aromatic|citrus|fresh spicy|fruity|warm spicy|woody,True
651639,Coach for Men,22,3,False,False,False,False,False,clean|fresh|soapy,citrus,amber|animalic|aromatic|citrus|fresh spicy|fruity|warm spicy|woody,True
651789,Coach for Men,73,0,False,True,False,False,False,,citrus,amber|animalic|aromatic|citrus|fresh spicy|fruity|warm spicy|woody,False
651989,Coach for Men,39,0,False,False,False,False,False,,citrus,amber|animalic|aromatic|citrus|fresh spicy|fruity|warm spicy|woody,False
651992,Coach for Men,36,3,True,False,False,False,True,clean|fruity|soapy,citrus,amber|animalic|aromatic|citrus|fresh spicy|fruity|warm spicy|woody,False
652401,Coach for Men,102,0,False,True,False,False,False,,citrus,amber|animalic|aromatic|citrus|fresh spicy|fruity|warm spicy|woody,False
652430,Coach for Men,81,2,False,True,False,False,False,clean|fresh,citrus,amber|animalic|aromatic|citrus|fresh spicy|fruity|warm spicy|woody,True
652431,Coach for Men,93,4,False,True,False,False,False,clean|coconut|fresh|tropical,citrus,amber|animalic|aromatic|citrus|fresh spicy|fruity|warm spicy|woody,True
652432,Coach for Men,18,0,False,True,False,False,False,,citrus,amber|animalic|aromatic|citrus|fresh spicy|fruity|warm spicy|woody,False
652435,Coach for Men,13,2,False,True,False,False,False,clean|fresh,citrus,amber|animalic|aromatic|citrus|fresh spicy|fruity|warm spicy|woody,True
652877,Coach for Men,21,0,False,True,False,False,False,,citrus,amber|animalic|aromatic|citrus|fresh spicy|fruity|warm spicy|woody,False
652979,Coach for Men,23,0,False,True,False,False,False,,citrus,amber|animalic|aromatic|citrus|fresh spicy|fruity|warm spicy|woody,False
653306,Azzaro Pour Homme,39,4,False,False,False,False,True,incense|leather|oud|smoky,aromatic,aromatic|citrus|earthy|fresh spicy|leather|mossy|powdery|warm spicy|woody,True
653596,Coach for Men,25,0,False,True,False,False,False,,citrus,amber|animalic|aromatic|citrus|fresh spicy|fruity|warm spicy|woody,False
653782,Coach for Men,16,0,False,False,False,False,False,,citrus,amber|animalic|aromatic|citrus|fresh spicy|fruity|warm spicy|woody,False
654401,Coach for Men,30,2,False,True,False,False,True,animalic|earthy,citrus,amber|animalic|aromatic|citrus|fresh spicy|fruity|warm spicy|woody,True
654496,Coach for Men,35,5,False,True,False,True,True,aquatic|citrus|floral|fresh|green,citrus,amber|animalic|aromatic|citrus|fresh spicy|fruity|warm spicy|woody,True
654528,Narciso Rodriguez For Her,12,0,False,True,True,False,False,,,amber|fruity|powdery|rose|warm spicy|woody,False
654638,Coach for Men,17,0,False,True,False,False,False,,citrus,amber|animalic|aromatic|citrus|fresh spicy|fruity|warm spicy|woody,False
654868,Coach for Men,38,2,False,True,False,False,True,animalic|earthy,citrus,amber|animalic|aromatic|citrus|fresh spicy|fruity|warm spicy|woody,True
654869,Coach for Men,38,2,False,True,False,False,True,animalic|earthy,citrus,amber|animalic|aromatic|citrus|fresh spicy|fruity|warm spicy|woody,True
655375,Coach for Men,12,0,False,True,False,False,False,,citrus,amber|animalic|aromatic|citrus|fresh spicy|fruity|warm spicy|woody,False
655912,Coach for Men,18,0,False,True,False,False,False,,citrus,amber|animalic|aromatic|citrus|fresh spicy|fruity|warm spicy|woody,False
656039,Coach for Men,34,3,True,False,False,False,True,clean|fruity|soapy,citrus,amber|animalic|aromatic|citrus|fresh spicy|fruity|warm spicy|woody,False
656148,Diptyque Eau Rose,41,0,False,True,False,False,False,,rose,aromatic|citrus|fresh spicy|fruity|powdery|rose|woody,False
656557,Coach for Men,22,5,False,False,False,True,True,citrus|clean|fresh|musky|woody,citrus,amber|animalic|aromatic|citrus|fresh spicy|fruity|warm spicy|woody,True
656574,Coach for Men,60,2,False,True,False,False,True,animalic|metallic,citrus,amber|animalic|aromatic|citrus|fresh spicy|fruity|warm spicy|woody,True
656653,Coach for Men,93,2,False,False,False,False,False,clean|fresh,citrus,amber|animalic|aromatic|citrus|fresh spicy|fruity|warm spicy|woody,True
656726,Coach for Men,16,0,False,True,False,False,False,,citrus,amber|animalic|aromatic|citrus|fresh spicy|fruity|warm spicy|woody,False
656824,Coach for Men,34,0,False,True,False,False,False,,citrus,amber|animalic|aromatic|citrus|fresh spicy|fruity|warm spicy|woody,False
657150,Coach for Men,122,1,True,False,False,False,False,musky,citrus,amber|animalic|aromatic|citrus|fresh spicy|fruity|warm spicy|woody,False
657283,Coach for Men,19,0,False,False,False,False,False,,citrus,amber|animalic|aromatic|citrus|fresh spicy|fruity|warm spicy|woody,False
657355,Coach for Men,23,2,False,True,False,False,False,boozy|bourbon,citrus,amber|animalic|aromatic|citrus|fresh spicy|fruity|warm spicy|woody,True
657404,Coach for Men,97,2,False,True,False,False,False,clean|fresh,citrus,amber|animalic|aromatic|citrus|fresh spicy|fruity|warm spicy|woody,True
657592,Elizabeth Arden Green Tea,12,2,False,False,False,False,False,clean|fresh,citrus,aromatic|citrus|fresh spicy|green,True
657650,Coach for Men,13,1,False,True,False,False,False,earthy,citrus,amber|animalic|aromatic|citrus|fresh spicy|fruity|warm spicy|woody,False
657651,Coach for Men,25,1,False,True,False,False,False,musky,citrus,amber|animalic|aromatic|citrus|fresh spicy|fruity|warm spicy|woody,False
657652,Coach for Men,23,0,False,True,False,False,False,,citrus,amber|animalic|aromatic|citrus|fresh spicy|fruity|warm spicy|woody,False
657936,Coach for Men,54,0,False,True,False,False,False,,citrus,amber|animalic|aromatic|citrus|fresh spicy|fruity|warm spicy|woody,False
658066,Tom Ford Black Orchid,39,3,False,True,True,False,False,amber|resinous|warm spicy,,earthy|gourmand,False
658087,Coach for Men,11,0,False,True,False,False,False,,citrus,amber|animalic|aromatic|citrus|fresh spicy|fruity|warm spicy|woody,False
658198,Parfums de Marly Delina,66,6,False,True,False,False,True,aquatic|citrus|floral|fresh|green|sweet,rose,aromatic|fruity|green|powdery|rose|woody,True
658382,Coach for Men,20,0,False,True,False,False,False,,citrus,amber|animalic|aromatic|citrus|fresh spicy|fruity|warm spicy|woody,False
658811,Coach for Men,19,0,False,True,False,False,False,,citrus,amber|animalic|aromatic|citrus|fresh spicy|fruity|warm spicy|woody,False
658812,Coach for Men,19,0,False,True,False,False,False,,citrus,amber|animalic|aromatic|citrus|fresh spicy|fruity|warm spicy|woody,False
658831,Coach for Men,55,4,False,True,False,False,True,aromatic|fresh spicy|sweet|woody,citrus,amber|animalic|aromatic|citrus|fresh spicy|fruity|warm spicy|woody,True
658965,Coach for Men,37,5,False,False,False,False,False,floral|musky|smoky|tobacco|white floral,citrus,amber|animalic|aromatic|citrus|fresh spicy|fruity|warm spicy|woody,True
659041,Coach for Men,12,0,False,True,False,False,False,,citrus,amber|animalic|aromatic|citrus|fresh spicy|fruity|warm spicy|woody,False
659042,Coach for Men,33,3,False,True,False,False,True,clean|soapy|woody,citrus,amber|animalic|aromatic|citrus|fresh spicy|fruity|warm spicy|woody,True
659110,Mugler Angel,19,0,False,True,True,False,False,,,caramel|fruity|honey|powdery|vanilla|warm spicy|woody,False
659215,Coach for Men,151,9,False,True,False,False,False,aquatic|chocolate|clean|coffee|fresh|marine|musky|salty|soapy,citrus,amber|animalic|aromatic|citrus|fresh spicy|fruity|warm spicy|woody,True
659216,Coach for Men,85,8,False,True,False,False,True,amber|clean|coffee|fresh|iris|musky|oud|soapy,citrus,amber|animalic|aromatic|citrus|fresh spicy|fruity|warm spicy|woody,True
659381,Azzaro Pour Homme,15,0,False,True,False,False,False,,aromatic,aromatic|citrus|earthy|fresh spicy|leather|mossy|powdery|warm spicy|woody,False
659592,Coach for Men,58,3,False,True,False,False,False,clean|musk|musky,citrus,amber|animalic|aromatic|citrus|fresh spicy|fruity|warm spicy|woody,True
660448,Coach for Men,27,0,False,False,False,False,False,,citrus,amber|animalic|aromatic|citrus|fresh spicy|fruity|warm spicy|woody,False
660954,Coach for Men,62,0,False,True,False,False,False,,citrus,amber|animalic|aromatic|citrus|fresh spicy|fruity|warm spicy|woody,False
660974,Coach for Men,17,0,False,True,False,False,False,,citrus,amber|animalic|aromatic|citrus|fresh spicy|fruity|warm spicy|woody,False
660997,Coach for Men,44,0,False,True,False,False,False,,citrus,amber|animalic|aromatic|citrus|fresh spicy|fruity|warm spicy|woody,False
661225,Coach for Men,235,12,False,True,False,False,True,amber|aromatic|clean|coconut|fresh|herbal|iris|minty|musky|oud|spicy|tropical,citrus,amber|animalic|aromatic|citrus|fresh spicy|fruity|warm spicy|woody,True
661282,Coach for Men,13,2,False,True,False,False,False,clean|soapy,citrus,amber|animalic|aromatic|citrus|fresh spicy|fruity|warm spicy|woody,True
661500,Coach for Men,36,2,False,False,False,False,False,clean|fresh,citrus,amber|animalic|aromatic|citrus|fresh spicy|fruity|warm spicy|woody,True
661608,Azzaro Pour Homme,16,0,False,True,False,False,False,,aromatic,aromatic|citrus|earthy|fresh spicy|leather|mossy|powdery|warm spicy|woody,False
662089,Elizabeth Arden Green Tea,101,5,True,False,False,False,False,clean|fresh|fruity|musky|soapy,citrus,aromatic|citrus|fresh spicy|green,False
662246,Coach for Men,13,3,False,False,False,False,True,amber|sensual|sweet,citrus,amber|animalic|aromatic|citrus|fresh spicy|fruity|warm spicy|woody,True
662281,Coach for Men,9,2,False,True,False,False,False,clean|fresh,citrus,amber|animalic|aromatic|citrus|fresh spicy|fruity|warm spicy|woody,True
662365,Coach for Men,58,4,False,True,False,False,True,amber|musky|vanilla|warm spicy,citrus,amber|animalic|aromatic|citrus|fresh spicy|fruity|warm spicy|woody,True
662575,Coach for Men,67,0,False,True,False,False,False,,citrus,amber|animalic|aromatic|citrus|fresh spicy|fruity|warm spicy|woody,False
662903,Coach for Men,70,1,False,True,False,False,True,woody,citrus,amber|animalic|aromatic|citrus|fresh spicy|fruity|warm spicy|woody,False
662982,Coach for Men,10,0,False,True,False,False,False,,citrus,amber|animalic|aromatic|citrus|fresh spicy|fruity|warm spicy|woody,False
662986,Coach for Men,73,1,False,True,False,False,False,musky,citrus,amber|animalic|aromatic|citrus|fresh spicy|fruity|warm spicy|woody,False
662993,Coach for Men,10,0,False,True,False,False,False,,citrus,amber|animalic|aromatic|citrus|fresh spicy|fruity|warm spicy|woody,False
663054,Coach for Men,30,5,False,True,False,True,True,boozy|citrus|clean|fruity|rum,citrus,amber|animalic|aromatic|citrus|fresh spicy|fruity|warm spicy|woody,True
663191,Azzaro Pour Homme,15,0,False,False,False,False,False,,aromatic,aromatic|citrus|earthy|fresh spicy|leather|mossy|powdery|warm spicy|woody,False
663368,Coach for Men,188,2,False,True,False,False,False,inky|musky,citrus,amber|animalic|aromatic|citrus|fresh spicy|fruity|warm spicy|woody,True
663474,Juliette Has a Gun Vanilla Vibes,53,3,True,False,False,False,False,lactonic|milky|musky,vanilla,amber|powdery|vanilla|warm spicy|woody,False
663550,Gucci Bloom,41,0,False,True,False,False,False,,white floral,animalic|green|white floral,False
663623,Coach for Men,29,0,False,True,False,False,False,,citrus,amber|animalic|aromatic|citrus|fresh spicy|fruity|warm spicy|woody,False
664115,Coach for Men,66,0,False,True,False,False,False,,citrus,amber|animalic|aromatic|citrus|fresh spicy|fruity|warm spicy|woody,False
664210,Coach for Men,89,5,False,True,False,False,False,aldehydic|chypre|clean|floral|musky,citrus,amber|animalic|aromatic|citrus|fresh spicy|fruity|warm spicy|woody,True
664360,Coach for Men,20,0,False,True,False,False,False,,citrus,amber|animalic|aromatic|citrus|fresh spicy|fruity|warm spicy|woody,False
664371,Coach for Men,54,0,False,True,False,False,False,,citrus,amber|animalic|aromatic|citrus|fresh spicy|fruity|warm spicy|woody,False
664401,Coach for Men,31,1,False,True,False,True,True,citrus,citrus,amber|animalic|aromatic|citrus|fresh spicy|fruity|warm spicy|woody,False
664702,Coach for Men,9,0,False,True,False,False,False,,citrus,amber|animalic|aromatic|citrus|fresh spicy|fruity|warm spicy|woody,False
664839,Coach for Men,47,1,False,True,False,False,False,chocolate,citrus,amber|animalic|aromatic|citrus|fresh spicy|fruity|warm spicy|woody,False
665057,Coach for Men,54,8,False,True,False,False,True,amber|clean|incense|minty|musky|oud|smoky|woody,citrus,amber|animalic|aromatic|citrus|fresh spicy|fruity|warm spicy|woody,True
665679,Coach for Men,130,4,False,True,False,False,True,clean|fresh|fruity|soapy,citrus,amber|animalic|aromatic|citrus|fresh spicy|fruity|warm spicy|woody,True
665706,Chanel Coco Mademoiselle,109,0,False,True,False,False,False,,citrus,citrus|earthy|rose|vanilla|warm spicy|white floral|woody,False
665824,Coach for Men,54,0,True,False,False,False,False,,citrus,amber|animalic|aromatic|citrus|fresh spicy|fruity|warm spicy|woody,False
665916,Coach for Men,14,1,False,False,False,False,False,musky,citrus,amber|animalic|aromatic|citrus|fresh spicy|fruity|warm spicy|woody,False
666034,Mugler Angel,12,3,False,True,True,False,False,clean|fresh|soapy,,caramel|fruity|honey|powdery|vanilla|warm spicy|woody,False
666035,Mugler Angel,14,0,False,True,True,False,False,,,caramel|fruity|honey|powdery|vanilla|warm spicy|woody,False
666071,Coach for Men,78,6,False,True,False,False,True,clean|earthy|fruity|soapy|warm spicy|woody,citrus,amber|animalic|aromatic|citrus|fresh spicy|fruity|warm spicy|woody,True
666136,Coach for Men,93,12,False,True,False,False,True,boozy|bourbon|coniferous|earthy|green|inky|leather|metallic|mossy|tobacco|warm spicy|woody,citrus,amber|animalic|aromatic|citrus|fresh spicy|fruity|warm spicy|woody,True
666141,Coach for Men,44,0,False,True,False,False,False,,citrus,amber|animalic|aromatic|citrus|fresh spicy|fruity|warm spicy|woody,False
666262,Coach for Men,23,2,False,False,False,False,False,clean|fresh,citrus,amber|animalic|aromatic|citrus|fresh spicy|fruity|warm spicy|woody,True
666284,Coach for Men,12,2,False,True,False,False,False,earthy|vetiver,citrus,amber|animalic|aromatic|citrus|fresh spicy|fruity|warm spicy|woody,True
666350,Coach for Men,11,0,False,True,False,False,False,,citrus,amber|animalic|aromatic|citrus|fresh spicy|fruity|warm spicy|woody,False
666387,Coach for Men,25,6,False,True,False,False,False,aldehydic|floral|iris|spicy|sweet|warm,citrus,amber|animalic|aromatic|citrus|fresh spicy|fruity|warm spicy|woody,True
666584,Coach for Men,17,0,False,True,False,False,False,,citrus,amber|animalic|aromatic|citrus|fresh spicy|fruity|warm spicy|woody,False
666642,Coach for Men,12,0,False,True,False,False,False,,citrus,amber|animalic|aromatic|citrus|fresh spicy|fruity|warm spicy|woody,False
666668,Coach for Men,42,4,False,True,False,False,False,aquatic|clean|fresh|green,citrus,amber|animalic|aromatic|citrus|fresh spicy|fruity|warm spicy|woody,True
666671,Coach for Men,136,4,False,True,False,False,False,aquatic|clean|fresh|green,citrus,amber|animalic|aromatic|citrus|fresh spicy|fruity|warm spicy|woody,True
666674,Coach for Men,60,3,False,True,False,False,False,clean|musky|soapy,citrus,amber|animalic|aromatic|citrus|fresh spicy|fruity|warm spicy|woody,True
666675,Coach for Men,60,3,False,True,False,False,False,clean|musky|soapy,citrus,amber|animalic|aromatic|citrus|fresh spicy|fruity|warm spicy|woody,True
666680,Coach for Men,119,6,False,True,False,False,True,aromatic|fresh spicy|musky|powdery|sweet|woody,citrus,amber|animalic|aromatic|citrus|fresh spicy|fruity|warm spicy|woody,True
666812,Coach for Men,20,0,False,True,False,False,False,,citrus,amber|animalic|aromatic|citrus|fresh spicy|fruity|warm spicy|woody,False
666831,Coach for Men,61,0,False,True,False,False,False,,citrus,amber|animalic|aromatic|citrus|fresh spicy|fruity|warm spicy|woody,False
667021,Coach for Men,16,0,False,True,False,False,False,,citrus,amber|animalic|aromatic|citrus|fresh spicy|fruity|warm spicy|woody,False
667079,Coach for Men,16,0,False,True,False,False,False,,citrus,amber|animalic|aromatic|citrus|fresh spicy|fruity|warm spicy|woody,False
667097,Coach for Men,54,4,False,True,False,False,True,clean|floral|fruity|soapy,citrus,amber|animalic|aromatic|citrus|fresh spicy|fruity|warm spicy|woody,True
667157,Coach for Men,28,4,False,True,False,True,True,aquatic|citrus|clean|fresh,citrus,amber|animalic|aromatic|citrus|fresh spicy|fruity|warm spicy|woody,True
667191,Elizabeth Arden Green Tea,22,0,False,True,False,False,False,,citrus,aromatic|citrus|fresh spicy|green,False
667438,Coach for Men,46,3,False,False,False,False,True,animalic|oud|woody,citrus,amber|animalic|aromatic|citrus|fresh spicy|fruity|warm spicy|woody,True
667639,Coach for Men,18,0,False,False,False,False,False,,citrus,amber|animalic|aromatic|citrus|fresh spicy|fruity|warm spicy|woody,False
667645,Coach for Men,143,7,False,True,False,False,True,clean|fresh|fruity|lactonic|milky|musky|soapy,citrus,amber|animalic|aromatic|citrus|fresh spicy|fruity|warm spicy|woody,True
667646,Coach for Men,22,2,False,True,False,False,False,clean|soapy,citrus,amber|animalic|aromatic|citrus|fresh spicy|fruity|warm spicy|woody,True
667651,Coach for Men,45,1,True,False,False,False,False,fresh,citrus,amber|animalic|aromatic|citrus|fresh spicy|fruity|warm spicy|woody,False
667788,Coach for Men,76,0,False,True,False,False,False,,citrus,amber|animalic|aromatic|citrus|fresh spicy|fruity|warm spicy|woody,False
667821,Elizabeth Arden Green Tea,51,4,True,False,False,False,False,clean|fresh|lactonic|milky,citrus,aromatic|citrus|fresh spicy|green,False
668339,Coach for Men,9,0,False,False,False,False,False,,citrus,amber|animalic|aromatic|citrus|fresh spicy|fruity|warm spicy|woody,False
668504,Coach for Men,47,6,False,True,False,False,False,balsamic|clean|fresh|powdery|sweet|vanilla,citrus,amber|animalic|aromatic|citrus|fresh spicy|fruity|warm spicy|woody,True
668636,Coach for Men,25,0,False,True,False,False,False,,citrus,amber|animalic|aromatic|citrus|fresh spicy|fruity|warm spicy|woody,False
668638,Coach for Men,40,0,False,True,False,False,False,,citrus,amber|animalic|aromatic|citrus|fresh spicy|fruity|warm spicy|woody,False
669032,Coach for Men,22,0,False,True,False,False,False,,citrus,amber|animalic|aromatic|citrus|fresh spicy|fruity|warm spicy|woody,False
669350,Coach for Men,21,3,False,True,False,False,False,clean|fresh|soapy,citrus,amber|animalic|aromatic|citrus|fresh spicy|fruity|warm spicy|woody,True
669418,Coach for Men,36,2,True,False,False,False,False,inky|metallic,citrus,amber|animalic|aromatic|citrus|fresh spicy|fruity|warm spicy|woody,False
669511,Coach for Men,37,0,False,False,False,False,False,,citrus,amber|animalic|aromatic|citrus|fresh spicy|fruity|warm spicy|woody,False
669526,Coach for Men,14,0,False,True,False,False,False,,citrus,amber|animalic|aromatic|citrus|fresh spicy|fruity|warm spicy|woody,False
669611,Coach for Men,29,0,False,True,False,False,False,,citrus,amber|animalic|aromatic|citrus|fresh spicy|fruity|warm spicy|woody,False
669612,Coach for Men,29,0,False,True,False,False,False,,citrus,amber|animalic|aromatic|citrus|fresh spicy|fruity|warm spicy|woody,False
669613,Coach for Men,29,0,False,True,False,False,False,,citrus,amber|animalic|aromatic|citrus|fresh spicy|fruity|warm spicy|woody,False
669621,Coach for Men,17,0,False,False,False,False,False,,citrus,amber|animalic|aromatic|citrus|fresh spicy|fruity|warm spicy|woody,False
669744,Coach for Men,11,0,False,True,False,False,False,,citrus,amber|animalic|aromatic|citrus|fresh spicy|fruity|warm spicy|woody,False
670150,Coach for Men,59,1,False,True,False,False,False,leather,citrus,amber|animalic|aromatic|citrus|fresh spicy|fruity|warm spicy|woody,False
670152,Coach for Men,22,1,False,True,False,False,False,musky,citrus,amber|animalic|aromatic|citrus|fresh spicy|fruity|warm spicy|woody,False
670294,Coach for Men,30,0,False,False,False,False,False,,citrus,amber|animalic|aromatic|citrus|fresh spicy|fruity|warm spicy|woody,False
670316,Coach for Men,12,0,False,False,False,False,False,,citrus,amber|animalic|aromatic|citrus|fresh spicy|fruity|warm spicy|woody,False
670437,Coach for Men,26,3,False,False,False,False,False,clean|fresh|musky,citrus,amber|animalic|aromatic|citrus|fresh spicy|fruity|warm spicy|woody,True
670625,Coach for Men,26,5,False,True,False,False,False,aquatic|clean|fresh|minty|soft spicy,citrus,amber|animalic|aromatic|citrus|fresh spicy|fruity|warm spicy|woody,True
670992,Azzaro Pour Homme,59,1,False,True,False,False,False,musky,aromatic,aromatic|citrus|earthy|fresh spicy|leather|mossy|powdery|warm spicy|woody,False
671935,Coach for Men,8,2,False,False,False,False,False,clean|soapy,citrus,amber|animalic|aromatic|citrus|fresh spicy|fruity|warm spicy|woody,True
672154,Coach for Men,9,2,False,True,False,False,False,inky|metallic,citrus,amber|animalic|aromatic|citrus|fresh spicy|fruity|warm spicy|woody,True
672204,Coach for Men,29,3,False,True,False,False,True,animalic|oud|woody,citrus,amber|animalic|aromatic|citrus|fresh spicy|fruity|warm spicy|woody,True
672557,Coach for Men,49,0,False,True,False,False,False,,citrus,amber|animalic|aromatic|citrus|fresh spicy|fruity|warm spicy|woody,False
672558,Coach for Men,49,0,False,True,False,False,False,,citrus,amber|animalic|aromatic|citrus|fresh spicy|fruity|warm spicy|woody,False
672561,Coach for Men,41,0,False,True,False,False,False,,citrus,amber|animalic|aromatic|citrus|fresh spicy|fruity|warm spicy|woody,False
672574,Coach for Men,41,6,False,True,False,False,False,clean|fresh|inky|metallic|musky|soapy,citrus,amber|animalic|aromatic|citrus|fresh spicy|fruity|warm spicy|woody,True
672578,Coach for Men,12,1,False,True,False,False,False,clean,citrus,amber|animalic|aromatic|citrus|fresh spicy|fruity|warm spicy|woody,False
673155,Coach for Men,29,0,False,False,False,False,False,,citrus,amber|animalic|aromatic|citrus|fresh spicy|fruity|warm spicy|woody,False
673265,Coach for Men,39,0,False,True,False,False,False,,citrus,amber|animalic|aromatic|citrus|fresh spicy|fruity|warm spicy|woody,False
673422,Coach for Men,9,2,False,True,False,False,False,clean|soapy,citrus,amber|animalic|aromatic|citrus|fresh spicy|fruity|warm spicy|woody,True
673671,Coach for Men,41,0,False,True,False,False,False,,citrus,amber|animalic|aromatic|citrus|fresh spicy|fruity|warm spicy|woody,False
674168,Coach for Men,26,0,False,False,False,False,False,,citrus,amber|animalic|aromatic|citrus|fresh spicy|fruity|warm spicy|woody,False
674292,Coach for Men,23,0,False,True,False,False,False,,citrus,amber|animalic|aromatic|citrus|fresh spicy|fruity|warm spicy|woody,False
674353,Coach for Men,18,0,False,True,False,False,False,,citrus,amber|animalic|aromatic|citrus|fresh spicy|fruity|warm spicy|woody,False
674389,Narciso Rodriguez For Her,17,0,False,True,True,False,False,,,amber|fruity|powdery|rose|warm spicy|woody,False
674514,Coach for Men,14,0,False,False,False,False,False,,citrus,amber|animalic|aromatic|citrus|fresh spicy|fruity|warm spicy|woody,False
674515,Coach for Men,66,0,False,True,False,False,False,,citrus,amber|animalic|aromatic|citrus|fresh spicy|fruity|warm spicy|woody,False
674533,Coach for Men,70,2,False,False,False,False,False,clean|soapy,citrus,amber|animalic|aromatic|citrus|fresh spicy|fruity|warm spicy|woody,True
675154,Coach for Men,42,3,False,True,False,False,True,amber|resinous|warm spicy,citrus,amber|animalic|aromatic|citrus|fresh spicy|fruity|warm spicy|woody,True
675744,Coach for Men,16,0,False,True,False,False,False,,citrus,amber|animalic|aromatic|citrus|fresh spicy|fruity|warm spicy|woody,False
675745,Coach for Men,12,2,False,True,False,False,False,clean|fresh,citrus,amber|animalic|aromatic|citrus|fresh spicy|fruity|warm spicy|woody,True
675961,Coach for Men,17,0,False,True,False,False,False,,citrus,amber|animalic|aromatic|citrus|fresh spicy|fruity|warm spicy|woody,False
676080,Coach for Men,80,1,False,True,False,True,True,citrus,citrus,amber|animalic|aromatic|citrus|fresh spicy|fruity|warm spicy|woody,False
676081,Coach for Men,32,3,False,True,False,False,True,aromatic|fresh spicy|woody,citrus,amber|animalic|aromatic|citrus|fresh spicy|fruity|warm spicy|woody,True
676082,Coach for Men,23,2,False,True,False,False,False,clean|soapy,citrus,amber|animalic|aromatic|citrus|fresh spicy|fruity|warm spicy|woody,True
676084,Coach for Men,10,0,False,True,False,False,False,,citrus,amber|animalic|aromatic|citrus|fresh spicy|fruity|warm spicy|woody,False
676085,Coach for Men,35,6,False,True,False,True,True,aquatic|citrus|clean|fresh|fruity|soapy,citrus,amber|animalic|aromatic|citrus|fresh spicy|fruity|warm spicy|woody,True
676086,Coach for Men,29,0,False,True,False,False,False,,citrus,amber|animalic|aromatic|citrus|fresh spicy|fruity|warm spicy|woody,False
676087,Coach for Men,21,0,False,False,False,False,False,,citrus,amber|animalic|aromatic|citrus|fresh spicy|fruity|warm spicy|woody,False
676091,Coach for Men,26,1,True,False,False,False,False,clean,citrus,amber|animalic|aromatic|citrus|fresh spicy|fruity|warm spicy|woody,False
676092,Coach for Men,71,4,False,True,False,True,True,aquatic|citrus|clean|fresh,citrus,amber|animalic|aromatic|citrus|fresh spicy|fruity|warm spicy|woody,True
676093,Coach for Men,33,3,False,True,False,False,False,clean|fresh|soapy,citrus,amber|animalic|aromatic|citrus|fresh spicy|fruity|warm spicy|woody,True
676094,Coach for Men,39,0,False,True,False,False,False,,citrus,amber|animalic|aromatic|citrus|fresh spicy|fruity|warm spicy|woody,False
676095,Coach for Men,54,3,False,False,False,False,False,clean|fresh|soapy,citrus,amber|animalic|aromatic|citrus|fresh spicy|fruity|warm spicy|woody,True
676161,Coach for Men,33,0,False,True,False,False,False,,citrus,amber|animalic|aromatic|citrus|fresh spicy|fruity|warm spicy|woody,False
676162,Coach for Men,33,0,False,True,False,False,False,,citrus,amber|animalic|aromatic|citrus|fresh spicy|fruity|warm spicy|woody,False
676220,Coach for Men,115,3,False,True,False,False,True,amber|iris|oud,citrus,amber|animalic|aromatic|citrus|fresh spicy|fruity|warm spicy|woody,True
676379,Coach for Men,203,2,False,True,False,False,False,clean|fresh,citrus,amber|animalic|aromatic|citrus|fresh spicy|fruity|warm spicy|woody,True
676381,Coach for Men,10,0,False,True,False,False,False,,citrus,amber|animalic|aromatic|citrus|fresh spicy|fruity|warm spicy|woody,False
676390,Coach for Men,15,3,False,True,False,True,True,citrus|fresh|green,citrus,amber|animalic|aromatic|citrus|fresh spicy|fruity|warm spicy|woody,True
676391,Coach for Men,12,0,False,True,False,False,False,,citrus,amber|animalic|aromatic|citrus|fresh spicy|fruity|warm spicy|woody,False
676392,Coach for Men,33,0,False,True,False,False,False,,citrus,amber|animalic|aromatic|citrus|fresh spicy|fruity|warm spicy|woody,False
676395,Coach for Men,9,0,False,True,False,False,False,,citrus,amber|animalic|aromatic|citrus|fresh spicy|fruity|warm spicy|woody,False
676398,Coach for Men,13,3,False,True,False,False,False,clean|fresh|soapy,citrus,amber|animalic|aromatic|citrus|fresh spicy|fruity|warm spicy|woody,True
676399,Coach for Men,12,0,False,False,False,False,False,,citrus,amber|animalic|aromatic|citrus|fresh spicy|fruity|warm spicy|woody,False
676410,Coach for Men,40,0,False,False,False,False,False,,citrus,amber|animalic|aromatic|citrus|fresh spicy|fruity|warm spicy|woody,False
676416,Coach for Men,41,0,False,False,False,False,False,,citrus,amber|animalic|aromatic|citrus|fresh spicy|fruity|warm spicy|woody,False
676561,Coach for Men,22,0,False,True,False,False,False,,citrus,amber|animalic|aromatic|citrus|fresh spicy|fruity|warm spicy|woody,False
676562,Coach for Men,11,0,False,False,False,False,False,,citrus,amber|animalic|aromatic|citrus|fresh spicy|fruity|warm spicy|woody,False
676573,Coach for Men,19,0,False,True,False,False,False,,citrus,amber|animalic|aromatic|citrus|fresh spicy|fruity|warm spicy|woody,False
676659,Narciso Rodriguez For Her,12,0,False,True,True,False,False,,,amber|fruity|powdery|rose|warm spicy|woody,False
676660,Coach for Men,29,0,False,True,False,False,False,,citrus,amber|animalic|aromatic|citrus|fresh spicy|fruity|warm spicy|woody,False
676881,Mugler Alien,30,0,False,True,False,False,False,,amber,amber|white floral|woody,False
676887,Coach for Men,52,6,False,True,False,True,True,aquatic|citrus|clean|floral|fresh|green,citrus,amber|animalic|aromatic|citrus|fresh spicy|fruity|warm spicy|woody,True
676956,Coach for Men,24,0,False,True,False,False,False,,citrus,amber|animalic|aromatic|citrus|fresh spicy|fruity|warm spicy|woody,False
677040,Coach for Men,15,0,False,True,False,False,False,,citrus,amber|animalic|aromatic|citrus|fresh spicy|fruity|warm spicy|woody,False
677111,Elizabeth Arden Green Tea,19,0,False,True,False,False,False,,citrus,aromatic|citrus|fresh spicy|green,False
677128,Coach for Men,23,7,False,False,False,False,True,amber|aquatic|clean|iris|oud|ozonic|soapy,citrus,amber|animalic|aromatic|citrus|fresh spicy|fruity|warm spicy|woody,True
677588,Elizabeth Arden Green Tea,34,6,False,False,False,False,False,amber|clean|musky|resinous|soapy|warm spicy,citrus,aromatic|citrus|fresh spicy|green,True
677589,Elizabeth Arden Green Tea,34,6,False,False,False,False,False,amber|clean|musky|resinous|soapy|warm spicy,citrus,aromatic|citrus|fresh spicy|green,True
677592,Coach for Men,10,0,False,True,False,False,False,,citrus,amber|animalic|aromatic|citrus|fresh spicy|fruity|warm spicy|woody,False
677671,Coach for Men,30,2,False,True,False,False,False,clean|musky,citrus,amber|animalic|aromatic|citrus|fresh spicy|fruity|warm spicy|woody,True
677694,Coach for Men,8,6,False,False,False,False,True,amber|aromatic|fresh spicy|musky|sensual|woody,citrus,amber|animalic|aromatic|citrus|fresh spicy|fruity|warm spicy|woody,True
677839,Coach for Men,19,0,False,True,False,False,False,,citrus,amber|animalic|aromatic|citrus|fresh spicy|fruity|warm spicy|woody,False
677878,Azzaro Pour Homme,30,0,False,True,False,False,False,,aromatic,aromatic|citrus|earthy|fresh spicy|leather|mossy|powdery|warm spicy|woody,False
678023,Coach for Men,30,0,False,True,False,False,False,,citrus,amber|animalic|aromatic|citrus|fresh spicy|fruity|warm spicy|woody,False
678174,Coach for Men,34,1,False,True,False,False,False,musky,citrus,amber|animalic|aromatic|citrus|fresh spicy|fruity|warm spicy|woody,False
678175,Coach for Men,30,0,False,True,False,False,False,,citrus,amber|animalic|aromatic|citrus|fresh spicy|fruity|warm spicy|woody,False
678281,Coach for Men,26,7,False,True,False,False,True,animalic|aromatic|fruity|herbal|minty|spicy|sweet,citrus,amber|animalic|aromatic|citrus|fresh spicy|fruity|warm spicy|woody,True
678563,Elizabeth Arden Green Tea,73,1,False,True,False,False,False,musky,citrus,aromatic|citrus|fresh spicy|green,False
678825,Coach for Men,50,2,True,False,False,False,False,lactonic|milky,citrus,amber|animalic|aromatic|citrus|fresh spicy|fruity|warm spicy|woody,False
678999,Carolina Herrera Good Girl,37,2,False,True,True,False,False,inky|metallic,,almond|amber|powdery|vanilla|warm spicy|white floral|woody,False
679026,Coach for Men,16,0,False,True,False,False,False,,citrus,amber|animalic|aromatic|citrus|fresh spicy|fruity|warm spicy|woody,False
679062,Tom Ford Tobacco Vanille,32,0,False,True,False,False,False,,vanilla,fruity|powdery|tobacco|vanilla|warm spicy|woody,False
679074,Azzaro Pour Homme,20,0,False,True,False,False,False,,aromatic,aromatic|citrus|earthy|fresh spicy|leather|mossy|powdery|warm spicy|woody,False
679075,Azzaro Pour Homme,20,0,False,True,False,False,False,,aromatic,aromatic|citrus|earthy|fresh spicy|leather|mossy|powdery|warm spicy|woody,False
679076,Azzaro Pour Homme,20,0,False,True,False,False,False,,aromatic,aromatic|citrus|earthy|fresh spicy|leather|mossy|powdery|warm spicy|woody,False
679077,Azzaro Pour Homme,20,0,False,True,False,False,False,,aromatic,aromatic|citrus|earthy|fresh spicy|leather|mossy|powdery|warm spicy|woody,False
679078,Azzaro Pour Homme,20,0,False,True,False,False,False,,aromatic,aromatic|citrus|earthy|fresh spicy|leather|mossy|powdery|warm spicy|woody,False
679652,Narciso Rodriguez For Her,43,0,False,True,True,False,False,,,amber|fruity|powdery|rose|warm spicy|woody,False
680369,Coach for Men,13,0,False,True,False,False,False,,citrus,amber|animalic|aromatic|citrus|fresh spicy|fruity|warm spicy|woody,False
680531,Coach for Men,28,0,False,True,False,False,False,,citrus,amber|animalic|aromatic|citrus|fresh spicy|fruity|warm spicy|woody,False
680620,Coach for Men,96,2,False,True,False,False,False,clean|fresh,citrus,amber|animalic|aromatic|citrus|fresh spicy|fruity|warm spicy|woody,True
680635,Coach for Men,22,0,False,True,False,False,False,,citrus,amber|animalic|aromatic|citrus|fresh spicy|fruity|warm spicy|woody,False
680639,Coach for Men,99,2,False,False,False,False,False,clean|fresh,citrus,amber|animalic|aromatic|citrus|fresh spicy|fruity|warm spicy|woody,True
680762,Coach for Men,60,0,False,False,False,False,False,,citrus,amber|animalic|aromatic|citrus|fresh spicy|fruity|warm spicy|woody,False
680983,Coach for Men,29,0,False,True,False,False,False,,citrus,amber|animalic|aromatic|citrus|fresh spicy|fruity|warm spicy|woody,False
681439,Coach for Men,71,2,False,True,False,False,False,clean|soapy,citrus,amber|animalic|aromatic|citrus|fresh spicy|fruity|warm spicy|woody,True
681440,Coach for Men,173,13,False,True,False,True,True,aromatic|citrus|clean|coniferous|fruity|herbal|lavender|leather|musk|musky|patchouli|soapy|woody,citrus,amber|animalic|aromatic|citrus|fresh spicy|fruity|warm spicy|woody,True
681505,Creed Silver Mountain Water,28,2,False,True,False,True,True,citrus|fruity,citrus,aromatic|citrus|fresh spicy|fruity|green|powdery|woody,True
681638,Coach for Men,32,1,False,False,False,False,False,clean,citrus,amber|animalic|aromatic|citrus|fresh spicy|fruity|warm spicy|woody,False
681730,Coach for Men,20,0,False,True,False,False,False,,citrus,amber|animalic|aromatic|citrus|fresh spicy|fruity|warm spicy|woody,False
681740,Coach for Men,34,4,True,False,False,False,False,aquatic|marine|musky|salty,citrus,amber|animalic|aromatic|citrus|fresh spicy|fruity|warm spicy|woody,False
681840,Coach for Men,176,3,False,True,False,False,True,amber|iris|oud,citrus,amber|animalic|aromatic|citrus|fresh spicy|fruity|warm spicy|woody,True
682017,Coach for Men,45,0,False,True,False,False,False,,citrus,amber|animalic|aromatic|citrus|fresh spicy|fruity|warm spicy|woody,False
682020,Coach for Men,74,0,False,False,False,False,False,,citrus,amber|animalic|aromatic|citrus|fresh spicy|fruity|warm spicy|woody,False
682022,Coach for Men,55,0,False,True,False,False,False,,citrus,amber|animalic|aromatic|citrus|fresh spicy|fruity|warm spicy|woody,False
682024,Coach for Men,91,0,False,True,False,False,False,,citrus,amber|animalic|aromatic|citrus|fresh spicy|fruity|warm spicy|woody,False
682025,Coach for Men,21,1,False,True,False,False,False,leather,citrus,amber|animalic|aromatic|citrus|fresh spicy|fruity|warm spicy|woody,False
682026,Coach for Men,47,0,False,True,False,False,False,,citrus,amber|animalic|aromatic|citrus|fresh spicy|fruity|warm spicy|woody,False
682028,Coach for Men,74,0,False,True,False,False,False,,citrus,amber|animalic|aromatic|citrus|fresh spicy|fruity|warm spicy|woody,False
682031,Coach for Men,47,0,False,True,False,False,False,,citrus,amber|animalic|aromatic|citrus|fresh spicy|fruity|warm spicy|woody,False
682149,Coach for Men,13,0,False,True,False,False,False,,citrus,amber|animalic|aromatic|citrus|fresh spicy|fruity|warm spicy|woody,False
682385,Elizabeth Arden Green Tea,26,0,False,True,False,False,False,,citrus,aromatic|citrus|fresh spicy|green,False
683139,Coach for Men,36,3,False,True,False,True,True,citrus|clean|fresh,citrus,amber|animalic|aromatic|citrus|fresh spicy|fruity|warm spicy|woody,True
683192,Coach for Men,27,0,False,True,False,False,False,,citrus,amber|animalic|aromatic|citrus|fresh spicy|fruity|warm spicy|woody,False
683710,Elizabeth Arden Green Tea,48,3,False,True,False,False,False,clean|fruity|soapy,citrus,aromatic|citrus|fresh spicy|green,True
683769,Coach for Men,65,5,False,True,False,False,False,clean|fresh|green|minty|tea,citrus,amber|animalic|aromatic|citrus|fresh spicy|fruity|warm spicy|woody,True
684553,Coach for Men,31,0,False,True,False,False,False,,citrus,amber|animalic|aromatic|citrus|fresh spicy|fruity|warm spicy|woody,False
685012,Coach for Men,68,0,False,True,False,False,False,,citrus,amber|animalic|aromatic|citrus|fresh spicy|fruity|warm spicy|woody,False
685434,Coach for Men,24,0,False,True,False,False,False,,citrus,amber|animalic|aromatic|citrus|fresh spicy|fruity|warm spicy|woody,False
685457,Coach for Men,93,6,True,False,False,True,True,aquatic|citrus|clean|fresh|fruity|soapy,citrus,amber|animalic|aromatic|citrus|fresh spicy|fruity|warm spicy|woody,False
685587,Coach for Men,84,6,False,True,False,False,True,aromatic|clean|fresh|fresh spicy|soapy|woody,citrus,amber|animalic|aromatic|citrus|fresh spicy|fruity|warm spicy|woody,True
685775,Elizabeth Arden Green Tea,22,4,False,True,False,False,False,clean|fresh|fruity|soapy,citrus,aromatic|citrus|fresh spicy|green,True
686004,Coach for Men,27,4,False,True,False,False,True,amber|musky|vanilla|warm spicy,citrus,amber|animalic|aromatic|citrus|fresh spicy|fruity|warm spicy|woody,True
686188,Parfums de Marly Delina,123,8,False,True,False,True,True,amber|floral|fresh|iris|leather|oud|rose|suede,rose,aromatic|fruity|green|powdery|rose|woody,True
686258,Coach for Men,19,0,False,True,False,False,False,,citrus,amber|animalic|aromatic|citrus|fresh spicy|fruity|warm spicy|woody,False
686266,Coach for Men,9,1,False,False,False,False,True,fruity,citrus,amber|animalic|aromatic|citrus|fresh spicy|fruity|warm spicy|woody,False
686422,Coach for Men,43,3,False,True,False,False,False,clean|fresh|soapy,citrus,amber|animalic|aromatic|citrus|fresh spicy|fruity|warm spicy|woody,True
686529,Coach for Men,127,7,False,True,False,False,False,balsamic|clean|fresh|powdery|sweet|vanilla|warm,citrus,amber|animalic|aromatic|citrus|fresh spicy|fruity|warm spicy|woody,True
686576,Coach for Men,33,0,False,True,False,False,False,,citrus,amber|animalic|aromatic|citrus|fresh spicy|fruity|warm spicy|woody,False
686659,Elizabeth Arden Green Tea,70,1,False,True,False,False,False,musky,citrus,aromatic|citrus|fresh spicy|green,False
687253,Coach for Men,33,6,False,True,False,False,True,balsamic|caramel|coniferous|resinous|sweet|woody,citrus,amber|animalic|aromatic|citrus|fresh spicy|fruity|warm spicy|woody,True
687740,Coach for Men,24,0,False,True,False,False,False,,citrus,amber|animalic|aromatic|citrus|fresh spicy|fruity|warm spicy|woody,False
687900,Coach for Men,18,0,False,True,False,False,False,,citrus,amber|animalic|aromatic|citrus|fresh spicy|fruity|warm spicy|woody,False
688257,Coach for Men,77,3,False,True,False,False,False,clean|fresh|musky,citrus,amber|animalic|aromatic|citrus|fresh spicy|fruity|warm spicy|woody,True
689682,Coach for Men,105,2,False,False,False,False,False,clean|fresh,citrus,amber|animalic|aromatic|citrus|fresh spicy|fruity|warm spicy|woody,True
689683,Coach for Men,54,0,False,False,False,False,False,,citrus,amber|animalic|aromatic|citrus|fresh spicy|fruity|warm spicy|woody,False
689684,Coach for Men,23,0,False,False,False,False,False,,citrus,amber|animalic|aromatic|citrus|fresh spicy|fruity|warm spicy|woody,False
689693,Coach for Men,115,0,False,True,False,False,False,,citrus,amber|animalic|aromatic|citrus|fresh spicy|fruity|warm spicy|woody,False
689765,Coach for Men,16,0,True,False,False,False,False,,citrus,amber|animalic|aromatic|citrus|fresh spicy|fruity|warm spicy|woody,False
689921,Coach for Men,57,2,False,True,False,False,False,clean|fresh,citrus,amber|animalic|aromatic|citrus|fresh spicy|fruity|warm spicy|woody,True
689945,Coach for Men,18,0,False,True,False,False,False,,citrus,amber|animalic|aromatic|citrus|fresh spicy|fruity|warm spicy|woody,False
690191,Elizabeth Arden Green Tea,30,0,False,False,False,False,False,,citrus,aromatic|citrus|fresh spicy|green,False
690196,Elizabeth Arden Green Tea,54,3,False,True,False,False,True,aromatic|camphor|herbal,citrus,aromatic|citrus|fresh spicy|green,True
690776,Elizabeth Arden Green Tea,11,0,False,True,False,False,False,,citrus,aromatic|citrus|fresh spicy|green,False
690779,Elizabeth Arden Green Tea,14,0,False,True,False,False,False,,citrus,aromatic|citrus|fresh spicy|green,False
690781,Elizabeth Arden Green Tea,10,0,True,False,False,False,False,,citrus,aromatic|citrus|fresh spicy|green,False
690799,Elizabeth Arden Green Tea,110,5,False,True,False,False,False,clean|fresh|fruity|soapy|sweet,citrus,aromatic|citrus|fresh spicy|green,True
690963,Narciso Rodriguez For Her,14,0,False,False,True,False,False,,,amber|fruity|powdery|rose|warm spicy|woody,False
691049,Narciso Rodriguez For Her,9,0,False,True,True,False,False,,,amber|fruity|powdery|rose|warm spicy|woody,False
691444,Coach for Men,8,0,False,True,False,False,False,,citrus,amber|animalic|aromatic|citrus|fresh spicy|fruity|warm spicy|woody,False
691605,Coach for Men,15,0,False,False,False,False,False,,citrus,amber|animalic|aromatic|citrus|fresh spicy|fruity|warm spicy|woody,False
692036,Coach for Men,55,0,False,False,False,False,False,,citrus,amber|animalic|aromatic|citrus|fresh spicy|fruity|warm spicy|woody,False
692099,Coach for Men,93,2,False,True,False,False,False,lactonic|milky,citrus,amber|animalic|aromatic|citrus|fresh spicy|fruity|warm spicy|woody,True
692756,Coach for Men,54,1,False,True,False,False,False,sweet,citrus,amber|animalic|aromatic|citrus|fresh spicy|fruity|warm spicy|woody,False
692980,Tom Ford Black Orchid,305,7,True,False,True,False,True,aquatic|clean|earthy|fresh|minty|warm spicy|woody,,earthy|gourmand,False
693235,Coach for Men,79,2,False,True,False,False,False,clean|fresh,citrus,amber|animalic|aromatic|citrus|fresh spicy|fruity|warm spicy|woody,True
693283,Coach for Men,34,2,False,True,False,False,True,fresh|fruity,citrus,amber|animalic|aromatic|citrus|fresh spicy|fruity|warm spicy|woody,True
693428,Coach for Men,12,5,True,False,False,False,True,amber|lactonic|milky|resinous|warm spicy,citrus,amber|animalic|aromatic|citrus|fresh spicy|fruity|warm spicy|woody,False
693677,Coach for Men,32,0,False,True,False,False,False,,citrus,amber|animalic|aromatic|citrus|fresh spicy|fruity|warm spicy|woody,False
693911,Coach for Men,10,0,False,False,False,False,False,,citrus,amber|animalic|aromatic|citrus|fresh spicy|fruity|warm spicy|woody,False
694009,Coach for Men,32,0,False,True,False,False,False,,citrus,amber|animalic|aromatic|citrus|fresh spicy|fruity|warm spicy|woody,False
694124,Coach for Men,61,6,False,True,False,False,True,amber|aromatic|fresh spicy|musky|sensual|woody,citrus,amber|animalic|aromatic|citrus|fresh spicy|fruity|warm spicy|woody,True
694335,Coach for Men,27,1,False,True,False,False,False,musky,citrus,amber|animalic|aromatic|citrus|fresh spicy|fruity|warm spicy|woody,False
694665,Coach for Men,42,0,False,True,False,False,False,,citrus,amber|animalic|aromatic|citrus|fresh spicy|fruity|warm spicy|woody,False
695257,Coach for Men,36,2,False,True,False,False,True,animalic|oud,citrus,amber|animalic|aromatic|citrus|fresh spicy|fruity|warm spicy|woody,True
695709,Coach for Men,55,3,False,True,False,False,False,floral|powdery|sweet,citrus,amber|animalic|aromatic|citrus|fresh spicy|fruity|warm spicy|woody,True
695946,Coach for Men,15,0,False,False,False,False,False,,citrus,amber|animalic|aromatic|citrus|fresh spicy|fruity|warm spicy|woody,False
696323,Coach for Men,34,8,False,True,False,False,True,aquatic|clean|fresh|minty|soapy|sweet|warm|woody,citrus,amber|animalic|aromatic|citrus|fresh spicy|fruity|warm spicy|woody,True
696777,Coach for Men,29,0,False,True,False,False,False,,citrus,amber|animalic|aromatic|citrus|fresh spicy|fruity|warm spicy|woody,False
696837,Elizabeth Arden Green Tea,15,0,False,True,False,False,False,,citrus,aromatic|citrus|fresh spicy|green,False
697217,Elizabeth Arden Green Tea,15,0,False,True,False,False,False,,citrus,aromatic|citrus|fresh spicy|green,False
697305,Coach for Men,113,0,False,True,False,False,False,,citrus,amber|animalic|aromatic|citrus|fresh spicy|fruity|warm spicy|woody,False
697361,Coach for Men,39,0,False,True,False,False,False,,citrus,amber|animalic|aromatic|citrus|fresh spicy|fruity|warm spicy|woody,False
697403,Coach for Men,82,0,False,True,False,False,False,,citrus,amber|animalic|aromatic|citrus|fresh spicy|fruity|warm spicy|woody,False
697498,Coach for Men,27,5,False,True,False,False,True,amber|earthy|vanilla|warm spicy|woody,citrus,amber|animalic|aromatic|citrus|fresh spicy|fruity|warm spicy|woody,True
698181,Coach for Men,11,0,False,True,False,False,False,,citrus,amber|animalic|aromatic|citrus|fresh spicy|fruity|warm spicy|woody,False
698201,Elizabeth Arden Green Tea,63,0,False,False,False,False,False,,citrus,aromatic|citrus|fresh spicy|green,False
698251,Coach for Men,22,0,False,True,False,False,False,,citrus,amber|animalic|aromatic|citrus|fresh spicy|fruity|warm spicy|woody,False
698287,Coach for Men,40,3,False,True,False,True,True,citrus|clean|soapy,citrus,amber|animalic|aromatic|citrus|fresh spicy|fruity|warm spicy|woody,True
698464,Coach for Men,20,0,False,True,False,False,False,,citrus,amber|animalic|aromatic|citrus|fresh spicy|fruity|warm spicy|woody,False
698593,Coach for Men,31,2,False,True,False,False,False,clean|fresh,citrus,amber|animalic|aromatic|citrus|fresh spicy|fruity|warm spicy|woody,True
698727,Coach for Men,17,0,False,True,False,False,False,,citrus,amber|animalic|aromatic|citrus|fresh spicy|fruity|warm spicy|woody,False
698810,Coach for Men,10,0,False,True,False,False,False,,citrus,amber|animalic|aromatic|citrus|fresh spicy|fruity|warm spicy|woody,False
698811,Coach for Men,10,0,False,True,False,False,False,,citrus,amber|animalic|aromatic|citrus|fresh spicy|fruity|warm spicy|woody,False
698990,Narciso Rodriguez For Her,49,4,False,False,True,False,False,aromatic|clean|herbal|soapy,,amber|fruity|powdery|rose|warm spicy|woody,False
699334,Coach for Men,11,0,False,False,False,False,False,,citrus,amber|animalic|aromatic|citrus|fresh spicy|fruity|warm spicy|woody,False
699530,Coach for Men,151,1,False,True,False,False,False,fresh,citrus,amber|animalic|aromatic|citrus|fresh spicy|fruity|warm spicy|woody,False
699742,Le Labo e Labo Rose 31,25,1,False,True,False,False,False,musky,woody,amber|aromatic|earthy|fresh spicy|oud|powdery|rose|woody,False
699984,Coach for Men,47,0,False,True,False,False,False,,citrus,amber|animalic|aromatic|citrus|fresh spicy|fruity|warm spicy|woody,False
700417,Narciso Rodriguez For Her,13,1,False,True,True,False,False,clean,,amber|fruity|powdery|rose|warm spicy|woody,False
700640,Coach for Men,220,8,False,True,False,True,True,aquatic|citrus|clean|fresh|fruity|inky|metallic|soapy,citrus,amber|animalic|aromatic|citrus|fresh spicy|fruity|warm spicy|woody,True
700894,Coach for Men,70,0,False,True,False,False,False,,citrus,amber|animalic|aromatic|citrus|fresh spicy|fruity|warm spicy|woody,False
700951,Coach for Men,73,7,False,True,False,False,False,balsamic|clean|fresh|musky|powdery|sweet|vanilla,citrus,amber|animalic|aromatic|citrus|fresh spicy|fruity|warm spicy|woody,True
701207,Coach for Men,38,4,False,True,False,True,True,citrus|clean|fruity|soapy,citrus,amber|animalic|aromatic|citrus|fresh spicy|fruity|warm spicy|woody,True
701237,Elizabeth Arden Green Tea,47,8,False,True,False,False,False,clean|fresh|iris|lactonic|milky|musky|powdery|violet,citrus,aromatic|citrus|fresh spicy|green,True
701491,Elizabeth Arden Green Tea,62,3,False,True,False,False,False,clean|fresh|soapy,citrus,aromatic|citrus|fresh spicy|green,True
701517,Coach for Men,13,0,False,True,False,False,False,,citrus,amber|animalic|aromatic|citrus|fresh spicy|fruity|warm spicy|woody,False
