request_id,perfume_id,primary_accord,secondary_accord,primary_in_ref,any_in_ref,ref_accord_count
REQ-00001,P000174,ACC-0118,,False,False,6
REQ-00005,P000182,ACC-0195,ACC-0170,False,False,5
REQ-00006,P000031,ACC-0170,ACC-0156,False,False,5
REQ-00008,P000168,ACC-0244,ACC-0233,False,False,10
REQ-00009,P000027,ACC-0170,,False,False,7
REQ-00012,P000103,ACC-0141,,False,False,5
REQ-00013,P000312,ACC-0167,,False,False,5
REQ-00014,P000336,ACC-0181,,False,False,4
REQ-00015,P000198,ACC-0209,ACC-0007,False,False,4
REQ-00017,P000109,ACC-0118,ACC-0293,False,False,10
REQ-00018,P000247,ACC-0214,,False,False,4
REQ-00019,P000308,ACC-0166,,False,False,4
REQ-00020,P000268,ACC-0243,,False,False,4
REQ-00021,P000348,ACC-0199,,False,False,4
REQ-00025,P000201,ACC-0233,,False,False,4
REQ-00029,P000276,ACC-0114,,False,False,4
REQ-00030,P000237,ACC-0185,,False,False,5
REQ-00032,P000376,ACC-0184,,False,False,4
REQ-00033,P000322,ACC-0114,,False,False,4
REQ-00037,P000020,ACC-0170,,False,False,5
REQ-00038,P000233,ACC-0051,,False,False,5
REQ-00040,P000006,ACC-0181,,False,False,10
REQ-00041,P000238,ACC-0212,,False,False,5
REQ-00043,P000263,ACC-0112,,False,False,4
REQ-00045,P000236,ACC-0145,,False,False,5
REQ-00046,P000026,ACC-0132,ACC-0127,False,False,4
REQ-00048,P000178,ACC-0127,,False,False,5
REQ-00051,P000427,ACC-0112,,False,False,4
REQ-00053,P000057,ACC-0121,,False,False,9
REQ-00054,P000291,ACC-0249,ACC-0236,False,False,5
REQ-00057,P000385,ACC-0167,ACC-0063,False,False,4
REQ-00061,P000197,ACC-0167,ACC-0213,False,False,4
REQ-00062,P000144,ACC-0200,,False,False,6
REQ-00063,P000317,ACC-0280,ACC-0285,False,False,4
REQ-00067,P000301,ACC-0209,,False,False,5
REQ-00069,P000195,ACC-0187,ACC-0251,False,False,4
REQ-00070,P000432,ACC-0205,,False,False,4
REQ-00071,P000157,ACC-0293,,False,False,10
REQ-00073,P000147,ACC-0131,,False,False,7
REQ-00074,P000427,ACC-0063,,False,False,4
REQ-00075,P000090,ACC-0055,,False,False,10
REQ-00077,P000103,ACC-0281,,False,False,5
REQ-00079,P000127,ACC-0292,ACC-0277,False,False,10
REQ-00080,P000380,ACC-0131,,False,False,4
REQ-00084,P000450,ACC-0289,ACC-0127,False,False,4
REQ-00085,P000395,ACC-0170,ACC-0135,False,False,4
REQ-00086,P000206,ACC-0139,ACC-0051,False,False,4
REQ-00088,P000414,ACC-0281,,False,False,4
REQ-00089,P000328,ACC-0161,,False,False,4
REQ-00092,P000225,ACC-0004,,True,True,5
REQ-00093,P000172,ACC-0170,,False,False,4
REQ-00094,P000305,ACC-0281,ACC-0121,False,False,4
REQ-00103,P000005,ACC-0213,,False,False,10
REQ-00105,P000422,ACC-0166,,False,False,4
REQ-00106,P000029,ACC-0134,,False,False,6
REQ-00108,P000110,ACC-0111,ACC-0022,False,False,10
REQ-00109,P000098,ACC-0161,,False,False,9
REQ-00112,P000081,ACC-0007,ACC-0107,False,False,6
REQ-00113,P000326,ACC-0207,,False,False,4
REQ-00116,P000239,ACC-0171,,False,False,5
REQ-00118,P000143,ACC-0167,,False,False,10
REQ-00120,P000152,ACC-0195,ACC-0202,False,False,9
REQ-00122,P000041,ACC-0130,ACC-0185,False,False,5
REQ-00123,P000089,ACC-0210,,False,False,10
REQ-00127,P000379,ACC-0148,ACC-0123,False,False,4
REQ-00129,P000375,ACC-0144,,False,False,4
REQ-00132,P000366,ACC-0143,,False,False,4
REQ-00133,P000431,ACC-0239,ACC-0055,False,False,4
REQ-00134,P000331,ACC-0249,ACC-0275,False,False,4
REQ-00135,P000014,ACC-0199,ACC-0244,False,False,10
REQ-00137,P000328,ACC-0177,,False,False,4
REQ-00138,P000442,ACC-0207,ACC-0039,False,False,4
REQ-00140,P000038,ACC-0215,,False,False,10
REQ-00142,P000114,ACC-0233,,False,False,10
REQ-00144,P000141,ACC-0187,,False,False,9
REQ-00147,P000283,ACC-0007,ACC-0183,False,False,5
REQ-00152,P000158,ACC-0156,,False,False,7
REQ-00153,P000121,ACC-0243,,False,False,10
REQ-00154,P000440,ACC-0195,,False,False,4
REQ-00155,P000362,ACC-0112,ACC-0034,False,False,4
REQ-00156,P000207,ACC-0127,,False,False,4
REQ-00157,P000309,ACC-0161,ACC-0075,False,False,4
REQ-00158,P000151,ACC-0199,,False,False,9
REQ-00159,P000131,ACC-0199,,False,False,7
REQ-00161,P000063,ACC-0193,,False,False,6
REQ-00166,P000446,ACC-0277,,False,False,4
REQ-00168,P000316,ACC-0007,,False,False,4
REQ-00169,P000129,ACC-0149,,False,False,4
REQ-00170,P000212,ACC-0252,,False,False,5
REQ-00173,P000177,ACC-0112,ACC-0147,False,False,5
REQ-00174,P000003,ACC-0204,,False,False,10
REQ-00175,P000066,ACC-0194,,False,False,10
REQ-00178,P000033,ACC-0116,ACC-0156,False,False,9
REQ-00179,P000157,ACC-0196,,False,False,10
REQ-00180,P000400,ACC-0283,,False,False,4
REQ-00181,P000443,ACC-0182,,False,False,4
REQ-00182,P000251,ACC-0178,ACC-0055,False,False,4
REQ-00184,P000184,ACC-0236,,False,False,4
REQ-00185,P000299,ACC-0170,,False,False,5
REQ-00186,P000168,ACC-0134,,False,False,10
REQ-00188,P000017,ACC-0118,ACC-0249,False,False,10
REQ-00190,P000265,ACC-0007,,False,False,4
REQ-00193,P000204,ACC-0207,,False,False,4
REQ-00194,P000231,ACC-0204,,False,False,5
REQ-00195,P000068,ACC-0246,,False,False,5
REQ-00199,P000301,ACC-0172,,False,False,5
REQ-00202,P000413,ACC-0111,ACC-0161,False,False,4
REQ-00203,P000369,ACC-0160,,False,False,4
REQ-00206,P000022,ACC-0253,ACC-0004,False,False,10
REQ-00208,P000403,ACC-0022,ACC-0144,False,False,4
REQ-00209,P000252,ACC-0102,,False,False,4
REQ-00211,P000184,ACC-0282,,False,False,4
REQ-00213,P000149,ACC-0290,,False,False,5
REQ-00214,P000109,ACC-0174,ACC-0066,False,True,10
REQ-00216,P000290,ACC-0146,,False,False,4
REQ-00218,P000312,ACC-0032,,False,False,5
REQ-00219,P000068,ACC-0004,ACC-0112,False,False,5
REQ-00221,P000206,ACC-0107,,False,False,4
REQ-00222,P000245,ACC-0145,,False,False,4
REQ-00225,P000200,ACC-0058,ACC-0285,False,False,4
REQ-00226,P000352,ACC-0112,,False,False,4
REQ-00227,P000355,ACC-0097,,False,False,4
REQ-00228,P000077,ACC-0289,ACC-0130,False,False,10
REQ-00230,P000437,ACC-0164,,False,False,4
REQ-00231,P000422,ACC-0189,,False,False,4
REQ-00232,P000092,ACC-0107,ACC-0112,False,False,10
REQ-00233,P000330,ACC-0157,ACC-0063,False,False,4
REQ-00234,P000297,ACC-0148,,False,False,5
REQ-00235,P000050,ACC-0111,,False,False,6
REQ-00236,P000067,ACC-0134,,False,False,8
REQ-00238,P000120,ACC-0165,,False,False,10
REQ-00241,P000039,ACC-0007,ACC-0254,False,False,10
REQ-00243,P000010,ACC-0148,ACC-0290,False,False,7
REQ-00244,P000354,ACC-0162,ACC-0114,False,False,4
REQ-00245,P000118,ACC-0287,,False,False,8
REQ-00250,P000267,ACC-0195,ACC-0131,False,False,5
REQ-00251,P000225,ACC-0258,,False,False,5
REQ-00255,P000199,ACC-0285,,False,False,4
REQ-00256,P000374,ACC-0288,,False,False,4
REQ-00258,P000449,ACC-0131,ACC-0196,False,False,4
REQ-00261,P000254,ACC-0236,ACC-0278,False,False,4
REQ-00262,P000286,ACC-0118,ACC-0165,False,False,4
REQ-00263,P000314,ACC-0132,,False,False,4
REQ-00264,P000171,ACC-0282,,False,False,5
REQ-00265,P000066,ACC-0118,ACC-0121,False,False,10
REQ-00267,P000326,ACC-0111,ACC-0258,False,False,4
REQ-00268,P000427,ACC-0283,,False,False,4
REQ-00272,P000194,ACC-0075,,False,False,6
REQ-00273,P000424,ACC-0116,,False,False,4
REQ-00275,P000308,ACC-0210,,False,False,4
REQ-00280,P000283,ACC-0109,,False,False,5
REQ-00282,P000082,ACC-0264,ACC-0106,False,False,10
REQ-00284,P000257,ACC-0206,,False,False,4
REQ-00285,P000259,ACC-0212,,False,False,4
REQ-00289,P000132,ACC-0250,,False,False,10
REQ-00296,P000395,ACC-0082,,False,False,4
REQ-00297,P000315,ACC-0133,ACC-0095,False,False,4
REQ-00298,P000237,ACC-0109,,False,False,5
REQ-00299,P000156,ACC-0134,ACC-0183,False,False,10
REQ-00301,P000019,ACC-0212,ACC-0100,False,False,5
REQ-00302,P000146,ACC-0190,,False,False,6
REQ-00304,P000357,ACC-0289,ACC-0250,False,False,4
REQ-00306,P000262,ACC-0213,,False,False,4
REQ-00310,P000365,ACC-0213,,False,False,4
REQ-00311,P000361,ACC-0121,,False,False,4
REQ-00312,P000380,ACC-0278,,False,False,4
REQ-00314,P000245,ACC-0279,ACC-0129,False,False,4
REQ-00319,P000265,ACC-0217,ACC-0080,False,False,4
REQ-00320,P000150,ACC-0125,,False,False,10
REQ-00321,P000273,ACC-0283,ACC-0277,False,False,4
REQ-00322,P000392,ACC-0167,ACC-0193,False,False,4
REQ-00324,P000371,ACC-0189,,False,False,4
REQ-00325,P000181,ACC-0222,,False,False,5
REQ-00326,P000326,ACC-0118,,False,False,4
REQ-00329,P000030,ACC-0131,,False,False,10
REQ-00331,P000392,ACC-0207,ACC-0107,False,False,4
REQ-00333,P000323,ACC-0171,,False,False,4
REQ-00335,P000157,ACC-0147,,False,False,10
REQ-00338,P000249,ACC-0140,ACC-0124,False,False,4
REQ-00339,P000340,ACC-0028,,False,False,4
REQ-00340,P000284,ACC-0150,ACC-0202,False,False,4
REQ-00342,P000294,ACC-0114,,False,False,5
REQ-00343,P000197,ACC-0125,ACC-0118,False,False,4
REQ-00344,P000084,ACC-0134,,False,False,10
REQ-00345,P000349,ACC-0206,ACC-0210,False,False,4
REQ-00346,P000055,ACC-0246,,False,False,10
REQ-00347,P000267,ACC-0123,,False,False,5
REQ-00349,P000314,ACC-0170,,False,False,4
REQ-00352,P000432,ACC-0148,,False,False,4
REQ-00353,P000055,ACC-0004,,False,False,10
REQ-00356,P000024,ACC-0174,ACC-0157,False,False,10
REQ-00357,P000316,ACC-0063,,False,False,4
REQ-00360,P000305,ACC-0166,ACC-0229,False,False,4
REQ-00363,P000375,ACC-0266,,False,False,4
REQ-00365,P000070,ACC-0109,ACC-0022,False,True,10
REQ-00366,P000309,ACC-0138,,False,False,4
REQ-00367,P000082,ACC-0031,,True,True,10
REQ-00372,P000048,ACC-0257,ACC-0066,False,False,5
REQ-00373,P000138,ACC-0118,,False,False,5
REQ-00374,P000092,ACC-0245,ACC-0170,False,False,10
REQ-00376,P000388,ACC-0050,,False,False,4
REQ-00377,P000395,ACC-0281,ACC-0107,False,False,4
REQ-00379,P000171,ACC-0039,,False,False,5
REQ-00380,P000311,ACC-0138,ACC-0077,False,False,5
REQ-00382,P000054,ACC-0207,ACC-0257,False,False,10
REQ-00385,P000005,ACC-0034,ACC-0177,False,False,10
REQ-00386,P000303,ACC-0222,ACC-0206,False,False,5
REQ-00387,P000384,ACC-0127,,False,False,4
REQ-00388,P000011,ACC-0107,,False,False,10
REQ-00389,P000168,ACC-0028,,False,False,10
REQ-00393,P000140,ACC-0193,ACC-0063,False,False,5
REQ-00396,P000018,ACC-0106,,False,False,5
REQ-00397,P000112,ACC-0122,,False,False,10
REQ-00399,P000158,ACC-0120,,False,False,7
REQ-00400,P000274,ACC-0118,,False,False,4
REQ-00401,P000020,ACC-0248,,False,False,5
REQ-00402,P000124,ACC-0170,ACC-0123,False,False,8
REQ-00404,P000361,ACC-0118,ACC-0145,False,False,4
REQ-00405,P000027,ACC-0183,ACC-0253,False,False,7
REQ-00407,P000109,ACC-0063,ACC-0145,False,False,10
REQ-00411,P000349,ACC-0171,,False,False,4
REQ-00412,P000170,ACC-0229,,False,False,6
REQ-00413,P000344,ACC-0216,ACC-0147,False,False,4
REQ-00414,P000276,ACC-0108,,False,False,4
REQ-00415,P000356,ACC-0285,,False,False,4
REQ-00418,P000110,ACC-0207,,False,False,10
REQ-00419,P000096,ACC-0170,,False,False,8
REQ-00420,P000244,ACC-0281,,False,False,5
REQ-00422,P000077,ACC-0007,ACC-0170,False,False,10
REQ-00423,P000041,ACC-0283,,False,False,5
REQ-00425,P000240,ACC-0277,,False,False,5
REQ-00426,P000021,ACC-0282,,False,False,10
REQ-00427,P000383,ACC-0251,ACC-0188,False,False,4
REQ-00428,P000349,ACC-0150,,False,False,4
REQ-00429,P000082,ACC-0002,ACC-0264,False,False,10
REQ-00431,P000282,ACC-0147,,False,False,4
REQ-00432,P000295,ACC-0171,,False,False,5
REQ-00433,P000027,ACC-0171,,False,False,7
REQ-00435,P000001,ACC-0299,,False,False,10
REQ-00436,P000286,ACC-0066,,False,False,4
REQ-00438,P000104,ACC-0007,,False,False,10
REQ-00440,P000132,ACC-0209,,False,False,10
REQ-00441,P000355,ACC-0294,ACC-0144,False,False,4
REQ-00442,P000200,ACC-0122,,False,False,4
REQ-00443,P000401,ACC-0124,,False,False,4
REQ-00445,P000198,ACC-0102,,False,False,4
REQ-00446,P000320,ACC-0170,,False,False,4
REQ-00447,P000204,ACC-0170,,False,False,4
REQ-00448,P000441,ACC-0285,ACC-0180,False,False,4
REQ-00449,P000019,ACC-0170,,False,False,5
REQ-00450,P000427,ACC-0263,ACC-0292,False,False,4
REQ-00452,P000253,ACC-0194,ACC-0004,False,False,4
REQ-00453,P000166,ACC-0107,ACC-0079,False,False,10
REQ-00454,P000190,ACC-0213,ACC-0232,False,False,5
REQ-00457,P000321,ACC-0185,,False,False,4
REQ-00460,P000087,ACC-0112,,False,False,7
REQ-00462,P000324,ACC-0199,,False,False,4
REQ-00463,P000127,ACC-0062,ACC-0181,False,False,10
REQ-00464,P000014,ACC-0267,ACC-0250,False,False,10
REQ-00465,P000189,ACC-0182,,False,False,6
REQ-00466,P000280,ACC-0107,,False,False,4
REQ-00467,P000134,ACC-0127,ACC-0214,False,False,5
REQ-00468,P000450,ACC-0175,,False,False,4
REQ-00472,P000034,ACC-0209,ACC-0127,False,False,10
REQ-00473,P000312,ACC-0118,ACC-0178,False,False,5
REQ-00474,P000297,ACC-0161,,False,False,5
REQ-00475,P000027,ACC-0162,ACC-0112,False,False,7
REQ-00476,P000442,ACC-0284,,False,False,4
REQ-00477,P000249,ACC-0248,,False,False,4
REQ-00479,P000030,ACC-0114,,False,False,10
REQ-00484,P000180,ACC-0247,,False,False,4
REQ-00485,P000171,ACC-0063,ACC-0120,False,False,5
REQ-00486,P000091,ACC-0172,,False,False,8
REQ-00488,P000269,ACC-0095,ACC-0170,False,False,4
REQ-00490,P000122,ACC-0112,ACC-0150,False,False,10
REQ-00491,P000357,ACC-0157,,False,False,4
REQ-00492,P000157,ACC-0130,,False,False,10
REQ-00493,P000027,ACC-0171,,False,False,7
REQ-00496,P000138,ACC-0128,,False,False,5
REQ-00498,P000102,ACC-0158,ACC-0007,False,False,10
REQ-00499,P000228,ACC-0132,,False,False,5
REQ-00500,P000253,ACC-0288,,False,False,4
REQ-00501,P000399,ACC-0107,,False,False,4
REQ-00502,P000382,ACC-0118,ACC-0170,False,False,4
REQ-00503,P000286,ACC-0213,,False,False,4
REQ-00504,P000418,ACC-0129,,False,False,4
REQ-00505,P000332,ACC-0248,,False,False,4
REQ-00506,P000015,ACC-0063,,False,False,10
REQ-00509,P000424,ACC-0172,ACC-0058,False,False,4
REQ-00511,P000097,ACC-0290,,False,False,6
REQ-00512,P000012,ACC-0140,ACC-0155,False,False,10
REQ-00513,P000422,ACC-0292,,False,False,4
REQ-00514,P000050,ACC-0123,,False,False,6
REQ-00515,P000310,ACC-0257,ACC-0200,False,False,4
REQ-00516,P000277,ACC-0195,,False,False,4
REQ-00518,P000152,ACC-0277,,False,False,9
REQ-00519,P000263,ACC-0032,,True,True,4
REQ-00522,P000121,ACC-0239,ACC-0120,False,False,10
REQ-00523,P000381,ACC-0134,,False,False,4
REQ-00525,P000302,ACC-0055,,False,False,4
REQ-00527,P000201,ACC-0109,ACC-0112,False,False,4
REQ-00528,P000423,ACC-0253,,False,False,4
REQ-00530,P000286,ACC-0090,,False,False,4
REQ-00531,P000141,ACC-0202,,False,False,9
REQ-00532,P000371,ACC-0129,,False,False,4
REQ-00533,P000208,ACC-0200,ACC-0138,False,False,4
REQ-00537,P000184,ACC-0111,ACC-0162,False,False,4
REQ-00538,P000233,ACC-0214,,False,False,5
REQ-00539,P000144,ACC-0114,ACC-0112,False,False,6
REQ-00540,P000421,ACC-0251,ACC-0111,False,False,4
REQ-00541,P000304,ACC-0196,ACC-0062,False,True,5
REQ-00545,P000326,ACC-0282,,False,False,4
REQ-00547,P000026,ACC-0275,ACC-0212,False,False,4
REQ-00548,P000279,ACC-0123,ACC-0175,False,False,4
REQ-00549,P000106,ACC-0004,ACC-0210,True,True,10
REQ-00551,P000227,ACC-0247,,False,False,5
REQ-00552,P000004,ACC-0145,,False,False,10
REQ-00554,P000146,ACC-0166,,False,False,6
REQ-00555,P000084,ACC-0111,ACC-0055,False,False,10
REQ-00557,P000304,ACC-0163,,False,False,5
REQ-00560,P000292,ACC-0263,ACC-0008,False,True,5
REQ-00561,P000250,ACC-0167,ACC-0165,False,False,4
REQ-00563,P000399,ACC-0167,ACC-0122,False,False,4
REQ-00564,P000217,ACC-0157,,False,False,5
REQ-00565,P000080,ACC-0165,,False,False,10
REQ-00567,P000221,ACC-0170,,False,False,5
REQ-00568,P000214,ACC-0139,,False,False,4
REQ-00571,P000074,ACC-0170,,False,False,8
REQ-00572,P000428,ACC-0039,,False,False,4
REQ-00575,P000161,ACC-0058,,False,False,8
REQ-00576,P000101,ACC-0170,,False,False,8
REQ-00577,P000183,ACC-0187,ACC-0233,False,False,4
REQ-00578,P000008,ACC-0184,ACC-0157,False,False,10
REQ-00579,P000193,ACC-0207,ACC-0174,False,False,4
REQ-00580,P000106,ACC-0256,ACC-0114,False,False,10
REQ-00581,P000083,ACC-0277,ACC-0121,False,False,7
REQ-00582,P000064,ACC-0102,,False,False,5
REQ-00585,P000376,ACC-0135,,False,False,4
REQ-00586,P000120,ACC-0050,ACC-0128,False,False,10
REQ-00593,P000142,ACC-0063,,False,False,10
REQ-00597,P000177,ACC-0121,,False,False,5
REQ-00598,P000440,ACC-0121,,False,False,4
REQ-00599,P000224,ACC-0022,,True,True,5
REQ-00600,P000420,ACC-0200,ACC-0250,False,False,4
REQ-00601,P000107,ACC-0164,ACC-0248,False,False,10
REQ-00602,P000235,ACC-0199,ACC-0129,False,False,4
REQ-00603,P000157,ACC-0133,ACC-0161,False,False,10
REQ-00604,P000301,ACC-0050,ACC-0248,False,False,5
REQ-00605,P000015,ACC-0187,,False,False,10
REQ-00606,P000299,ACC-0277,,False,False,5
REQ-00608,P000275,ACC-0005,,False,False,4
REQ-00609,P000368,ACC-0253,ACC-0141,False,False,4
REQ-00616,P000136,ACC-0032,,False,False,5
REQ-00617,P000151,ACC-0112,,False,False,9
REQ-00621,P000333,ACC-0194,,False,False,4
REQ-00624,P000277,ACC-0125,,False,False,4
REQ-00627,P000402,ACC-0114,,False,False,4
REQ-00628,P000391,ACC-0161,,False,False,4
REQ-00629,P000157,ACC-0193,ACC-0251,False,False,10
REQ-00630,P000362,ACC-0134,,False,False,4
REQ-00631,P000133,ACC-0170,ACC-0140,False,False,10
REQ-00632,P000194,ACC-0055,,False,False,6
REQ-00639,P000392,ACC-0145,,False,False,4
REQ-00642,P000051,ACC-0278,ACC-0080,False,False,9
REQ-00644,P000305,ACC-0170,,False,False,4
REQ-00645,P000271,ACC-0167,,False,False,4
REQ-00649,P000320,ACC-0289,ACC-0286,False,False,4
REQ-00652,P000354,ACC-0283,,False,False,4
REQ-00653,P000306,ACC-0287,,False,False,4
REQ-00654,P000123,ACC-0161,,False,False,5
REQ-00655,P000419,ACC-0004,ACC-0233,False,False,4
REQ-00656,P000100,ACC-0233,,False,False,8
REQ-00658,P000197,ACC-0112,,False,False,4
REQ-00659,P000341,ACC-0130,,False,False,4
REQ-00662,P000277,ACC-0158,,False,False,4
REQ-00663,P000122,ACC-0022,,True,True,10
REQ-00664,P000113,ACC-0170,,False,False,10
REQ-00667,P000433,ACC-0246,ACC-0283,False,False,4
REQ-00669,P000033,ACC-0007,,False,False,9
REQ-00670,P000190,ACC-0163,ACC-0171,False,False,5
REQ-00672,P000416,ACC-0232,,False,False,4
REQ-00675,P000015,ACC-0184,,False,False,10
REQ-00677,P000396,ACC-0280,ACC-0191,False,False,4
REQ-00685,P000291,ACC-0288,,False,False,5
REQ-00689,P000320,ACC-0209,,False,False,4
REQ-00690,P000228,ACC-0293,,False,False,5
REQ-00694,P000445,ACC-0170,ACC-0200,False,False,4
REQ-00700,P000127,ACC-0200,ACC-0104,False,False,10
REQ-00703,P000085,ACC-0068,ACC-0295,False,False,10
REQ-00704,P000075,ACC-0068,,False,False,5
REQ-00705,P000072,ACC-0102,,False,False,10
REQ-00707,P000122,ACC-0222,,False,False,10
REQ-00708,P000150,ACC-0293,,False,False,10
REQ-00710,P000086,ACC-0112,,False,False,10
REQ-00715,P000279,ACC-0194,,False,False,4
REQ-00719,P000129,ACC-0075,ACC-0039,False,False,4
REQ-00720,P000046,ACC-0128,,False,False,5
REQ-00726,P000001,ACC-0164,,False,False,10
REQ-00727,P000213,ACC-0206,ACC-0197,False,False,4
REQ-00728,P000295,ACC-0171,,False,False,5
REQ-00729,P000099,ACC-0281,,False,False,9
REQ-00730,P000094,ACC-0295,ACC-0102,False,False,9
REQ-00731,P000315,ACC-0114,,False,False,4
REQ-00732,P000172,ACC-0187,ACC-0077,False,False,4
REQ-00734,P000179,ACC-0063,ACC-0258,False,False,5
REQ-00736,P000288,ACC-0127,,False,False,4
REQ-00737,P000094,ACC-0112,ACC-0170,False,False,9
REQ-00738,P000399,ACC-0112,ACC-0287,False,False,4
REQ-00739,P000305,ACC-0158,,False,False,4
REQ-00740,P000410,ACC-0062,ACC-0075,False,True,4
REQ-00742,P000411,ACC-0246,ACC-0162,False,False,4
REQ-00743,P000183,ACC-0002,,False,False,4
REQ-00744,P000296,ACC-0227,,False,False,5
REQ-00747,P000190,ACC-0174,,False,False,5
REQ-00748,P000231,ACC-0130,,False,False,5
REQ-00752,P000447,ACC-0276,ACC-0102,False,False,4
REQ-00753,P000385,ACC-0172,ACC-0063,False,False,4
REQ-00755,P000073,ACC-0233,,False,False,4
REQ-00759,P000428,ACC-0125,,False,False,4
REQ-00760,P000171,ACC-0111,ACC-0293,False,False,5
REQ-00765,P000062,ACC-0187,,False,False,10
REQ-00768,P000207,ACC-0184,ACC-0144,False,False,4
REQ-00769,P000397,ACC-0007,ACC-0227,False,False,4
REQ-00770,P000306,ACC-0233,ACC-0032,False,False,4
REQ-00771,P000079,ACC-0112,ACC-0033,False,False,10
REQ-00772,P000319,ACC-0288,ACC-0034,False,False,4
REQ-00773,P000208,ACC-0287,,False,False,4
REQ-00775,P000070,ACC-0190,,False,False,10
REQ-00776,P000072,ACC-0111,ACC-0170,False,False,10
REQ-00777,P000217,ACC-0257,ACC-0132,False,False,5
REQ-00778,P000264,ACC-0107,,False,False,4
REQ-00780,P000330,ACC-0158,ACC-0212,False,False,4
REQ-00781,P000004,ACC-0112,ACC-0151,False,False,10
REQ-00782,P000130,ACC-0004,,False,False,6
REQ-00785,P000431,ACC-0275,,False,False,4
REQ-00786,P000212,ACC-0149,,False,False,5
REQ-00788,P000235,ACC-0128,,False,False,4
REQ-00795,P000335,ACC-0120,ACC-0283,False,False,4
REQ-00796,P000445,ACC-0283,ACC-0227,False,False,4
REQ-00797,P000366,ACC-0254,ACC-0008,False,False,4
REQ-00798,P000347,ACC-0295,,False,False,4
REQ-00799,P000283,ACC-0112,,False,False,5
REQ-00801,P000195,ACC-0097,ACC-0295,False,False,4
REQ-00802,P000157,ACC-0149,ACC-0130,False,False,10
REQ-00803,P000051,ACC-0118,ACC-0068,False,False,9
REQ-00805,P000355,ACC-0121,ACC-0043,False,False,4
REQ-00806,P000413,ACC-0122,ACC-0039,False,False,4
REQ-00807,P000129,ACC-0284,,False,False,4
REQ-00808,P000063,ACC-0079,ACC-0170,False,False,6
REQ-00809,P000266,ACC-0299,,False,False,4
REQ-00810,P000358,ACC-0164,ACC-0157,False,False,4
REQ-00812,P000357,ACC-0209,,False,False,4
REQ-00816,P000119,ACC-0206,,False,False,5
REQ-00817,P000076,ACC-0130,,False,False,10
REQ-00818,P000349,ACC-0164,,False,False,4
REQ-00819,P000171,ACC-0254,,False,False,5
REQ-00823,P000278,ACC-0236,,False,False,4
REQ-00827,P000308,ACC-0292,,False,False,4
REQ-00828,P000428,ACC-0247,ACC-0195,False,False,4
REQ-00829,P000179,ACC-0252,,False,False,5
REQ-00830,P000243,ACC-0132,,False,False,5
REQ-00832,P000099,ACC-0181,ACC-0167,False,False,9
REQ-00834,P000405,ACC-0216,,False,False,4
REQ-00835,P000182,ACC-0023,,False,False,5
REQ-00838,P000100,ACC-0227,,False,False,8
REQ-00839,P000160,ACC-0287,,False,False,10
REQ-00842,P000034,ACC-0134,,False,False,10
REQ-00843,P000145,ACC-0105,,False,False,5
REQ-00845,P000428,ACC-0112,,False,False,4
REQ-00847,P000216,ACC-0161,,False,False,4
REQ-00849,P000060,ACC-0181,ACC-0213,False,False,10
REQ-00851,P000168,ACC-0130,,False,False,10
REQ-00852,P000375,ACC-0066,ACC-0197,False,False,4
REQ-00856,P000001,ACC-0287,,False,False,10
REQ-00857,P000337,ACC-0222,,False,False,4
REQ-00860,P000142,ACC-0104,,False,False,10
REQ-00862,P000328,ACC-0165,,False,False,4
REQ-00865,P000158,ACC-0122,ACC-0004,False,False,7
REQ-00869,P000127,ACC-0095,ACC-0308,True,True,10
REQ-00873,P000109,ACC-0168,ACC-0250,False,False,10
REQ-00876,P000036,ACC-0142,ACC-0155,False,False,7
REQ-00878,P000332,ACC-0134,,False,False,4
REQ-00880,P000425,ACC-0280,,False,False,4
REQ-00882,P000237,ACC-0132,,False,False,5
REQ-00884,P000110,ACC-0291,,False,False,10
REQ-00887,P000337,ACC-0281,ACC-0096,False,False,4
REQ-00890,P000069,ACC-0277,,False,False,10
REQ-00892,P000376,ACC-0112,,False,False,4
REQ-00893,P000398,ACC-0118,,False,False,4
REQ-00894,P000405,ACC-0109,ACC-0206,False,False,4
REQ-00895,P000339,ACC-0118,ACC-0286,False,False,4
REQ-00899,P000071,ACC-0134,,False,False,7
REQ-00904,P000053,ACC-0031,ACC-0280,True,True,5
REQ-00905,P000086,ACC-0007,,False,False,10
REQ-00909,P000282,ACC-0063,,False,False,4
REQ-00912,P000136,ACC-0131,ACC-0133,False,False,5
REQ-00913,P000189,ACC-0068,ACC-0138,False,False,6
REQ-00915,P000077,ACC-0247,,False,False,10
REQ-00916,P000047,ACC-0190,,False,False,10
REQ-00919,P000140,ACC-0022,,True,True,5
REQ-00921,P000324,ACC-0289,,False,False,4
REQ-00922,P000033,ACC-0228,ACC-0167,False,False,9
REQ-00923,P000430,ACC-0095,,True,True,4
REQ-00927,P000335,ACC-0229,,False,False,4
REQ-00928,P000359,ACC-0206,ACC-0248,False,False,4
REQ-00929,P000312,ACC-0193,ACC-0174,False,False,5
REQ-00931,P000020,ACC-0181,,False,False,5
REQ-00932,P000229,ACC-0292,ACC-0112,False,False,4
REQ-00933,P000432,ACC-0194,ACC-0127,False,False,4
REQ-00934,P000132,ACC-0229,ACC-0109,False,False,10
REQ-00936,P000278,ACC-0170,,False,False,4
REQ-00938,P000449,ACC-0196,,False,False,4
REQ-00939,P000434,ACC-0187,ACC-0111,False,False,4
REQ-00942,P000062,ACC-0262,,False,False,10
REQ-00943,P000303,ACC-0185,ACC-0281,False,False,5
REQ-00945,P000178,ACC-0112,,False,False,5
REQ-00946,P000077,ACC-0144,,False,False,10
REQ-00947,P000256,ACC-0171,,False,False,4
REQ-00949,P000190,ACC-0140,,False,False,5
REQ-00950,P000446,ACC-0204,ACC-0291,False,False,4
REQ-00951,P000373,ACC-0100,ACC-0118,False,False,4
REQ-00956,P000025,ACC-0129,,False,False,10
REQ-00958,P000410,ACC-0245,,False,False,4
REQ-00959,P000439,ACC-0253,ACC-0097,False,False,4
REQ-00961,P000424,ACC-0152,,False,False,4
REQ-00962,P000189,ACC-0102,ACC-0191,False,False,6
REQ-00963,P000187,ACC-0177,ACC-0166,False,False,5
REQ-00964,P000083,ACC-0264,,False,False,7
REQ-00965,P000016,ACC-0161,,False,False,9
REQ-00966,P000145,ACC-0248,,False,False,5
REQ-00972,P000086,ACC-0062,ACC-0209,False,False,10
REQ-00974,P000439,ACC-0130,ACC-0280,False,False,4
REQ-00976,P000002,ACC-0008,ACC-0170,True,True,10
REQ-00977,P000050,ACC-0112,,False,False,6
REQ-00978,P000267,ACC-0039,,True,True,5
REQ-00979,P000275,ACC-0248,ACC-0190,False,False,4
REQ-00980,P000240,ACC-0228,ACC-0229,False,False,5
REQ-00981,P000406,ACC-0167,,False,False,4
REQ-00982,P000338,ACC-0177,ACC-0295,False,False,4
REQ-00985,P000176,ACC-0107,,False,False,5
REQ-00986,P000336,ACC-0157,,False,False,4
REQ-00989,P000079,ACC-0258,ACC-0115,False,False,10
REQ-00990,P000075,ACC-0007,,False,False,5
REQ-00992,P000070,ACC-0237,,False,False,10
REQ-00993,P000151,ACC-0283,,False,False,9
REQ-00994,P000096,ACC-0239,,False,False,8
REQ-00995,P000313,ACC-0239,,False,False,5
REQ-00998,P000014,ACC-0111,,False,False,10
REQ-01001,P000430,ACC-0170,,False,False,4
REQ-01003,P000346,ACC-0004,,False,False,4
REQ-01004,P000052,ACC-0262,ACC-0288,False,False,10
REQ-01006,P000050,ACC-0267,ACC-0200,False,False,6
REQ-01007,P000137,ACC-0174,,False,False,7
REQ-01009,P000139,ACC-0161,ACC-0158,False,False,8
REQ-01010,P000168,ACC-0166,,False,False,10
REQ-01012,P000087,ACC-0167,,False,False,7
REQ-01014,P000117,ACC-0118,,False,False,8
REQ-01015,P000162,ACC-0166,ACC-0164,False,False,7
REQ-01016,P000152,ACC-0197,ACC-0148,False,False,9
REQ-01017,P000319,ACC-0066,,False,False,4
REQ-01018,P000222,ACC-0233,,False,False,5
REQ-01019,P000124,ACC-0182,,False,False,8
REQ-01020,P000405,ACC-0161,,False,False,4
REQ-01023,P000351,ACC-0112,,False,False,4
REQ-01028,P000081,ACC-0155,ACC-0166,False,False,6
REQ-01030,P000247,ACC-0118,,False,False,4
REQ-01031,P000175,ACC-0178,ACC-0185,False,False,5
REQ-01033,P000295,ACC-0252,ACC-0134,False,False,5
REQ-01035,P000419,ACC-0171,,False,False,4
REQ-01036,P000421,ACC-0131,,False,False,4
REQ-01037,P000137,ACC-0101,,False,False,7
REQ-01038,P000346,ACC-0130,,False,False,4
REQ-01039,P000176,ACC-0161,,False,False,5
REQ-01041,P000264,ACC-0007,,False,False,4
REQ-01042,P000240,ACC-0291,,False,False,5
REQ-01043,P000374,ACC-0212,,False,False,4
REQ-01044,P000286,ACC-0247,,False,False,4
REQ-01045,P000381,ACC-0055,,False,False,4
REQ-01046,P000216,ACC-0259,,False,False,4
REQ-01048,P000041,ACC-0055,,False,False,5
REQ-01049,P000028,ACC-0107,,False,False,6
REQ-01051,P000025,ACC-0142,,False,False,10
REQ-01053,P000266,ACC-0007,ACC-0207,False,False,4
REQ-01054,P000443,ACC-0170,,False,False,4
REQ-01055,P000260,ACC-0250,ACC-0095,False,True,4
REQ-01056,P000336,ACC-0132,,False,False,4
REQ-01057,P000409,ACC-0095,,True,True,4
REQ-01060,P000121,ACC-0007,,False,False,10
REQ-01065,P000209,ACC-0107,,False,False,4
REQ-01068,P000236,ACC-0207,,False,False,5
REQ-01069,P000309,ACC-0288,,False,False,4
REQ-01070,P000317,ACC-0277,,False,False,4
REQ-01071,P000140,ACC-0152,ACC-0131,False,False,5
REQ-01072,P000020,ACC-0163,,False,False,5
REQ-01073,P000383,ACC-0257,,False,False,4
REQ-01074,P000245,ACC-0007,,False,False,4
REQ-01075,P000333,ACC-0063,,False,False,4
REQ-01076,P000069,ACC-0112,,False,False,10
REQ-01079,P000218,ACC-0066,ACC-0178,False,False,5
REQ-01083,P000409,ACC-0140,ACC-0291,False,False,4
REQ-01084,P000380,ACC-0080,ACC-0022,False,False,4
REQ-01086,P000343,ACC-0175,,False,False,4
REQ-01088,P000445,ACC-0206,ACC-0131,False,False,4
REQ-01090,P000295,ACC-0109,,False,False,5
REQ-01091,P000373,ACC-0142,ACC-0077,False,False,4
REQ-01092,P000044,ACC-0150,,False,False,6
REQ-01094,P000185,ACC-0063,,False,False,6
REQ-01098,P000363,ACC-0284,ACC-0207,False,False,4
REQ-01102,P000401,ACC-0130,,False,False,4
REQ-01103,P000127,ACC-0293,,False,False,10
REQ-01104,P000325,ACC-0007,ACC-0063,False,False,4
REQ-01105,P000153,ACC-0243,ACC-0181,False,False,6
REQ-01106,P000417,ACC-0033,,False,False,4
REQ-01107,P000406,ACC-0096,ACC-0104,False,False,4
REQ-01108,P000294,ACC-0167,,False,False,5
REQ-01109,P000258,ACC-0050,,True,True,4
REQ-01114,P000065,ACC-0275,,False,False,9
REQ-01116,P000339,ACC-0164,,False,False,4
REQ-01118,P000434,ACC-0106,,False,False,4
REQ-01119,P000113,ACC-0288,,False,False,10
REQ-01120,P000374,ACC-0236,,False,False,4
REQ-01121,P000407,ACC-0278,ACC-0281,False,False,4
REQ-01122,P000041,ACC-0222,ACC-0292,False,False,5
REQ-01123,P000355,ACC-0259,ACC-0122,False,False,4
REQ-01130,P000282,ACC-0281,,False,False,4
REQ-01131,P000079,ACC-0063,,False,False,10
REQ-01132,P000125,ACC-0113,,False,False,10
REQ-01133,P000260,ACC-0149,ACC-0186,False,False,4
REQ-01134,P000032,ACC-0258,,False,False,9
REQ-01136,P000185,ACC-0206,,False,False,6
REQ-01139,P000255,ACC-0194,ACC-0172,False,False,4
REQ-01140,P000390,ACC-0039,ACC-0033,False,False,4
REQ-01141,P000358,ACC-0196,ACC-0219,False,False,4
REQ-01142,P000298,ACC-0095,,True,True,5
REQ-01143,P000249,ACC-0130,,False,False,4
REQ-01144,P000093,ACC-0293,,False,False,10
REQ-01146,P000091,ACC-0105,ACC-0171,False,False,8
REQ-01148,P000071,ACC-0177,,False,False,7
REQ-01150,P000131,ACC-0227,,False,False,7
REQ-01153,P000195,ACC-0195,,False,False,4
REQ-01156,P000421,ACC-0112,,False,False,4
REQ-01157,P000138,ACC-0170,,False,False,5
REQ-01158,P000121,ACC-0151,ACC-0139,False,False,10
REQ-01160,P000388,ACC-0112,,False,False,4
REQ-01162,P000406,ACC-0289,,False,False,4
REQ-01164,P000354,ACC-0168,,False,False,4
REQ-01165,P000428,ACC-0209,,False,False,4
REQ-01166,P000370,ACC-0160,,False,False,4
REQ-01167,P000238,ACC-0007,,False,False,5
REQ-01169,P000273,ACC-0293,ACC-0032,False,True,4
REQ-01172,P000330,ACC-0295,,False,False,4
REQ-01173,P000291,ACC-0157,,False,False,5
REQ-01175,P000148,ACC-0130,,False,False,10
REQ-01177,P000416,ACC-0051,,False,False,4
REQ-01180,P000160,ACC-0295,,False,False,10
REQ-01182,P000396,ACC-0063,ACC-0172,False,False,4
REQ-01184,P000300,ACC-0171,,False,False,5
REQ-01185,P000305,ACC-0102,ACC-0213,False,False,4
REQ-01188,P000004,ACC-0104,ACC-0193,False,False,10
REQ-01189,P000264,ACC-0109,,False,False,4
REQ-01190,P000224,ACC-0187,,False,False,5
REQ-01191,P000200,ACC-0095,,False,False,4
REQ-01192,P000366,ACC-0189,,False,False,4
REQ-01196,P000357,ACC-0144,,False,False,4
REQ-01197,P000010,ACC-0210,ACC-0118,False,False,7
REQ-01198,P000314,ACC-0131,,False,False,4
REQ-01200,P000448,ACC-0150,,False,False,4
REQ-01201,P000107,ACC-0282,ACC-0080,False,False,10
REQ-01203,P000063,ACC-0170,ACC-0167,False,False,6
REQ-01205,P000112,ACC-0144,,False,False,10
REQ-01206,P000323,ACC-0170,ACC-0171,False,False,4
REQ-01207,P000405,ACC-0285,ACC-0130,False,False,4
REQ-01208,P000277,ACC-0062,ACC-0075,False,False,4
REQ-01209,P000432,ACC-0292,,False,False,4
REQ-01211,P000045,ACC-0107,ACC-0090,False,False,8
REQ-01212,P000345,ACC-0007,ACC-0121,False,False,3
REQ-01213,P000166,ACC-0002,ACC-0112,False,False,10
REQ-01214,P000430,ACC-0112,ACC-0280,False,False,4
REQ-01218,P000095,ACC-0066,ACC-0111,True,True,10
REQ-01220,P000437,ACC-0229,ACC-0194,False,False,4
REQ-01223,P000348,ACC-0209,,False,False,4
REQ-01224,P000189,ACC-0174,ACC-0253,False,False,6
REQ-01226,P000130,ACC-0288,,False,False,6
REQ-01230,P000012,ACC-0130,,False,False,10
REQ-01232,P000425,ACC-0299,ACC-0007,False,False,4
REQ-01233,P000231,ACC-0090,ACC-0213,False,False,5
REQ-01234,P000036,ACC-0082,ACC-0102,False,False,7
REQ-01235,P000012,ACC-0022,ACC-0116,True,True,10
REQ-01236,P000012,ACC-0290,,False,False,10
REQ-01237,P000239,ACC-0147,,False,False,5
REQ-01241,P000401,ACC-0239,,False,False,4
REQ-01242,P000025,ACC-0127,,False,False,10
REQ-01243,P000007,ACC-0139,ACC-0112,False,False,10
REQ-01244,P000107,ACC-0209,ACC-0295,False,False,10
REQ-01246,P000431,ACC-0055,,False,False,4
REQ-01247,P000190,ACC-0204,,False,False,5
REQ-01249,P000362,ACC-0161,ACC-0182,False,False,4
REQ-01252,P000096,ACC-0249,,False,False,8
REQ-01253,P000206,ACC-0118,ACC-0172,False,False,4
REQ-01254,P000142,ACC-0246,,False,False,10
REQ-01257,P000232,ACC-0112,,False,False,5
REQ-01259,P000358,ACC-0101,ACC-0138,False,False,4
REQ-01260,P000266,ACC-0197,,False,False,4
REQ-01261,P000023,ACC-0183,,False,False,10
REQ-01264,P000064,ACC-0109,ACC-0170,False,False,5
REQ-01265,P000381,ACC-0102,,False,False,4
REQ-01266,P000003,ACC-0207,,False,False,10
REQ-01269,P000268,ACC-0193,,False,False,4
REQ-01271,P000167,ACC-0141,,False,False,8
REQ-01272,P000298,ACC-0123,ACC-0055,False,False,5
REQ-01273,P000020,ACC-0101,ACC-0033,False,True,5
REQ-01274,P000134,ACC-0105,,False,False,5
REQ-01275,P000383,ACC-0207,,False,False,4
REQ-01276,P000079,ACC-0112,,False,False,10
REQ-01277,P000129,ACC-0134,ACC-0112,False,False,4
REQ-01278,P000189,ACC-0253,,False,False,6
REQ-01279,P000051,ACC-0164,,False,False,9
REQ-01280,P000332,ACC-0155,,False,False,4
REQ-01282,P000062,ACC-0130,,False,False,10
REQ-01284,P000132,ACC-0290,,False,False,10
REQ-01285,P000282,ACC-0253,,False,False,4
REQ-01286,P000216,ACC-0253,,False,False,4
REQ-01289,P000398,ACC-0288,,False,False,4
REQ-01295,P000374,ACC-0109,ACC-0172,False,False,4
REQ-01296,P000350,ACC-0007,,False,False,4
REQ-01298,P000426,ACC-0102,,False,False,4
REQ-01300,P000420,ACC-0050,,False,False,4
REQ-01302,P000081,ACC-0161,,False,False,6
REQ-01307,P000122,ACC-0281,,False,False,10
REQ-01308,P000322,ACC-0130,ACC-0185,False,False,4
REQ-01309,P000292,ACC-0163,,False,False,5
REQ-01310,P000145,ACC-0181,,False,False,5
REQ-01312,P000170,ACC-0295,,False,False,6
REQ-01313,P000397,ACC-0039,ACC-0277,False,False,4
REQ-01315,P000210,ACC-0213,,False,False,4
REQ-01317,P000072,ACC-0147,ACC-0107,False,False,10
REQ-01318,P000369,ACC-0280,,False,False,4
REQ-01319,P000409,ACC-0158,,False,False,4
REQ-01322,P000118,ACC-0280,ACC-0118,False,False,8
REQ-01323,P000088,ACC-0194,,False,False,10
REQ-01326,P000200,ACC-0209,,False,False,4
REQ-01327,P000153,ACC-0233,,False,False,6
REQ-01328,P000414,ACC-0150,ACC-0106,False,False,4
REQ-01329,P000411,ACC-0142,ACC-0112,False,False,4
REQ-01330,P000259,ACC-0251,ACC-0200,False,False,4
REQ-01332,P000307,ACC-0107,ACC-0007,False,False,4
REQ-01335,P000448,ACC-0123,,False,False,4
REQ-01337,P000224,ACC-0075,,False,False,5
REQ-01338,P000242,ACC-0140,,False,False,4
REQ-01341,P000114,ACC-0022,ACC-0163,True,True,10
REQ-01342,P000114,ACC-0202,ACC-0058,False,False,10
REQ-01343,P000004,ACC-0199,,False,False,10
REQ-01344,P000309,ACC-0183,,False,False,4
REQ-01346,P000070,ACC-0007,,False,False,10
REQ-01347,P000325,ACC-0196,,False,False,4
REQ-01348,P000445,ACC-0007,,False,False,4
REQ-01350,P000249,ACC-0236,ACC-0058,False,False,4
REQ-01351,P000044,ACC-0159,ACC-0007,False,False,6
REQ-01354,P000325,ACC-0264,ACC-0177,False,False,4
REQ-01356,P000102,ACC-0289,,False,False,10
REQ-01357,P000065,ACC-0165,,False,False,9
REQ-01361,P000169,ACC-0004,,True,True,5
REQ-01364,P000102,ACC-0222,,False,False,10
REQ-01367,P000281,ACC-0140,ACC-0158,False,False,4
REQ-01368,P000031,ACC-0222,ACC-0077,False,False,5
REQ-01369,P000008,ACC-0287,,False,False,10
REQ-01370,P000121,ACC-0286,,False,False,10
REQ-01371,P000263,ACC-0141,,False,False,4
REQ-01372,P000132,ACC-0131,,False,False,10
REQ-01374,P000198,ACC-0283,ACC-0118,False,False,4
REQ-01375,P000293,ACC-0122,,False,False,5
REQ-01380,P000405,ACC-0090,ACC-0172,False,False,4
REQ-01383,P000360,ACC-0114,,False,False,4
REQ-01384,P000291,ACC-0118,,False,False,5
REQ-01385,P000364,ACC-0082,,False,False,4
REQ-01389,P000233,ACC-0112,,False,False,5
REQ-01391,P000230,ACC-0229,,False,False,5
REQ-01393,P000144,ACC-0148,,False,False,6
REQ-01397,P000217,ACC-0199,,False,False,5
REQ-01398,P000287,ACC-0166,,False,False,4
REQ-01399,P000252,ACC-0109,ACC-0168,False,False,4
REQ-01400,P000061,ACC-0124,ACC-0222,False,False,3
REQ-01401,P000212,ACC-0145,,False,False,5
REQ-01403,P000059,ACC-0112,ACC-0063,False,False,8
REQ-01404,P000005,ACC-0130,,False,False,10
REQ-01406,P000198,ACC-0212,ACC-0127,False,False,4
REQ-01408,P000221,ACC-0023,ACC-0213,False,False,5
REQ-01410,P000135,ACC-0213,ACC-0209,False,False,10
REQ-01412,P000141,ACC-0007,ACC-0186,True,True,9
REQ-01413,P000434,ACC-0140,,False,False,4
REQ-01416,P000167,ACC-0195,,False,False,8
REQ-01418,P000329,ACC-0068,,False,False,4
REQ-01420,P000371,ACC-0277,ACC-0157,False,False,4
REQ-01421,P000346,ACC-0148,,False,False,4
REQ-01422,P000071,ACC-0127,,False,False,7
REQ-01423,P000390,ACC-0181,,False,False,4
REQ-01425,P000001,ACC-0207,,False,False,10
REQ-01426,P000003,ACC-0063,ACC-0127,False,False,10
REQ-01427,P000215,ACC-0039,ACC-0131,False,False,4
REQ-01430,P000209,ACC-0219,ACC-0157,False,False,4
REQ-01433,P000196,ACC-0259,,False,False,3
REQ-01434,P000001,ACC-0249,,False,False,10
REQ-01435,P000304,ACC-0123,,False,False,5
REQ-01436,P000141,ACC-0287,ACC-0179,False,False,9
REQ-01439,P000054,ACC-0174,,False,False,10
REQ-01441,P000194,ACC-0206,,False,False,6
REQ-01444,P000075,ACC-0210,,False,False,5
REQ-01445,P000103,ACC-0112,ACC-0118,False,False,5
REQ-01448,P000297,ACC-0159,ACC-0252,False,False,5
REQ-01450,P000390,ACC-0155,ACC-0267,False,False,4
REQ-01451,P000144,ACC-0197,ACC-0188,False,False,6
REQ-01452,P000214,ACC-0151,,False,False,4
REQ-01453,P000283,ACC-0281,,False,False,5
REQ-01455,P000420,ACC-0063,,False,False,4
REQ-01456,P000236,ACC-0236,,False,False,5
REQ-01458,P000032,ACC-0157,ACC-0063,False,False,9
REQ-01459,P000250,ACC-0034,,False,False,4
REQ-01460,P000350,ACC-0248,,False,False,4
REQ-01462,P000097,ACC-0185,ACC-0145,False,False,6
REQ-01465,P000003,ACC-0055,,False,False,10
REQ-01468,P000158,ACC-0147,,False,False,7
REQ-01470,P000323,ACC-0266,ACC-0102,False,False,4
REQ-01472,P000382,ACC-0206,,False,False,4
REQ-01474,P000214,ACC-0055,,False,False,4
REQ-01475,P000145,ACC-0275,ACC-0112,False,False,5
REQ-01477,P000107,ACC-0171,,False,False,10
REQ-01479,P000365,ACC-0111,,False,False,4
REQ-01483,P000211,ACC-0293,,False,False,5
REQ-01485,P000151,ACC-0112,,False,False,9
REQ-01486,P000123,ACC-0163,,False,False,5
REQ-01487,P000354,ACC-0112,,False,False,4
REQ-01490,P000328,ACC-0179,ACC-0220,False,False,4
REQ-01493,P000427,ACC-0130,,False,False,4
REQ-01498,P000449,ACC-0254,ACC-0121,False,False,4
REQ-01499,P000003,ACC-0285,,False,False,10
REQ-01504,P000211,ACC-0112,,False,False,5
REQ-01507,P000116,ACC-0287,,False,False,8
REQ-01513,P000207,ACC-0253,ACC-0063,False,False,4
REQ-01514,P000271,ACC-0186,ACC-0055,False,False,4
REQ-01515,P000128,ACC-0195,,False,False,8
REQ-01517,P000122,ACC-0116,,False,False,10
REQ-01520,P000416,ACC-0253,ACC-0144,False,False,4
REQ-01521,P000140,ACC-0104,ACC-0252,False,False,5
REQ-01522,P000450,ACC-0161,,False,False,4
REQ-01523,P000400,ACC-0132,,False,False,4
REQ-01524,P000066,ACC-0227,,False,False,10
REQ-01526,P000215,ACC-0167,,False,False,4
REQ-01528,P000414,ACC-0166,ACC-0153,False,False,4
REQ-01529,P000186,ACC-0155,,False,False,4
REQ-01531,P000097,ACC-0112,ACC-0277,False,False,6
REQ-01532,P000200,ACC-0253,ACC-0248,False,False,4
REQ-01534,P000281,ACC-0112,,False,False,4
REQ-01535,P000019,ACC-0186,,False,False,5
REQ-01539,P000161,ACC-0233,ACC-0277,False,False,8
REQ-01540,P000252,ACC-0164,,False,False,4
REQ-01542,P000178,ACC-0279,,False,False,5
REQ-01544,P000180,ACC-0248,,False,False,4
REQ-01545,P000370,ACC-0092,ACC-0063,False,False,4
REQ-01546,P000016,ACC-0278,,False,False,9
REQ-01547,P000383,ACC-0194,,False,False,4
REQ-01548,P000010,ACC-0281,ACC-0170,False,False,7
REQ-01549,P000104,ACC-0116,ACC-0128,False,False,10
REQ-01550,P000277,ACC-0177,,False,False,4
REQ-01552,P000115,ACC-0222,,False,False,9
REQ-01553,P000237,ACC-0258,,False,False,5
REQ-01554,P000431,ACC-0107,,False,False,4
REQ-01555,P000235,ACC-0167,,False,False,4
REQ-01556,P000222,ACC-0249,,False,False,5
REQ-01557,P000418,ACC-0130,,False,False,4
REQ-01559,P000357,ACC-0177,,False,False,4
REQ-01561,P000057,ACC-0171,,False,False,9
REQ-01562,P000210,ACC-0280,,False,False,4
REQ-01563,P000333,ACC-0179,,False,False,4
REQ-01565,P000014,ACC-0112,,False,False,10
REQ-01566,P000134,ACC-0134,ACC-0286,False,False,5
REQ-01570,P000384,ACC-0209,,False,False,4
REQ-01573,P000382,ACC-0170,,False,False,4
REQ-01575,P000247,ACC-0170,,False,False,4
REQ-01576,P000081,ACC-0134,ACC-0147,False,False,6
REQ-01577,P000214,ACC-0180,,False,False,4
REQ-01578,P000035,ACC-0032,,True,True,8
REQ-01579,P000214,ACC-0033,,True,True,4
REQ-01580,P000064,ACC-0105,,False,False,5
REQ-01582,P000358,ACC-0281,,False,False,4
REQ-01583,P000226,ACC-0139,ACC-0275,False,False,4
REQ-01588,P000177,ACC-0229,,False,False,5
REQ-01590,P000408,ACC-0295,,False,False,4
REQ-01593,P000316,ACC-0197,,False,False,4
REQ-01597,P000217,ACC-0207,ACC-0132,False,False,5
REQ-01600,P000008,ACC-0156,ACC-0247,False,False,10
REQ-01603,P000281,ACC-0055,,False,False,4
REQ-01604,P000366,ACC-0212,ACC-0249,False,False,4
REQ-01606,P000104,ACC-0094,,False,False,10
REQ-01607,P000054,ACC-0283,,False,False,10
REQ-01608,P000173,ACC-0252,,False,False,5
REQ-01610,P000079,ACC-0209,ACC-0247,False,False,10
REQ-01611,P000211,ACC-0075,,False,False,5
REQ-01613,P000261,ACC-0207,ACC-0033,False,False,4
REQ-01616,P000126,ACC-0022,,False,False,10
REQ-01620,P000170,ACC-0243,,False,False,6
REQ-01622,P000173,ACC-0172,,False,False,5
REQ-01623,P000070,ACC-0229,ACC-0253,False,False,10
REQ-01624,P000105,ACC-0281,,False,False,6
REQ-01625,P000184,ACC-0155,ACC-0285,False,False,4
REQ-01626,P000319,ACC-0209,ACC-0229,False,False,4
REQ-01628,P000447,ACC-0075,ACC-0209,False,False,4
REQ-01629,P000165,ACC-0185,,False,False,9
REQ-01633,P000318,ACC-0109,,False,False,4
REQ-01635,P000385,ACC-0212,,False,False,4
REQ-01636,P000041,ACC-0148,ACC-0236,False,False,5
REQ-01637,P000018,ACC-0177,,False,False,5
REQ-01638,P000281,ACC-0007,ACC-0141,False,False,4
REQ-01639,P000200,ACC-0055,ACC-0257,False,False,4
REQ-01646,P000347,ACC-0055,,False,False,4
REQ-01648,P000174,ACC-0166,,False,False,6
REQ-01649,P000004,ACC-0160,ACC-0104,False,False,10
REQ-01650,P000192,ACC-0096,,False,False,6
REQ-01652,P000027,ACC-0133,,False,False,7
REQ-01653,P000417,ACC-0194,ACC-0278,False,False,4
REQ-01655,P000251,ACC-0118,ACC-0107,False,False,4
REQ-01656,P000320,ACC-0275,,False,False,4
REQ-01659,P000248,ACC-0295,ACC-0247,False,False,4
REQ-01660,P000161,ACC-0148,,False,False,8
REQ-01661,P000372,ACC-0055,ACC-0287,False,False,4
REQ-01663,P000295,ACC-0135,,False,False,5
REQ-01664,P000186,ACC-0092,ACC-0118,False,False,4
REQ-01666,P000085,ACC-0007,ACC-0294,False,False,10
REQ-01667,P000279,ACC-0134,ACC-0127,False,False,4
REQ-01672,P000286,ACC-0193,,False,False,4
REQ-01673,P000209,ACC-0134,,False,False,4
REQ-01676,P000288,ACC-0162,ACC-0095,False,True,4
REQ-01678,P000374,ACC-0112,ACC-0161,False,False,4
REQ-01679,P000227,ACC-0264,,False,False,5
REQ-01682,P000038,ACC-0162,,False,False,10
REQ-01683,P000350,ACC-0100,ACC-0107,False,False,4
REQ-01684,P000070,ACC-0107,,False,False,10
REQ-01686,P000101,ACC-0170,,False,False,8
REQ-01687,P000423,ACC-0159,,False,False,4
REQ-01689,P000400,ACC-0105,ACC-0239,False,False,4
REQ-01690,P000098,ACC-0138,,False,False,9
REQ-01691,P000173,ACC-0252,ACC-0007,False,False,5
REQ-01692,P000192,ACC-0212,,False,False,6
REQ-01695,P000359,ACC-0066,,False,False,4
REQ-01699,P000046,ACC-0112,,False,False,5
REQ-01704,P000404,ACC-0114,,False,False,4
REQ-01707,P000428,ACC-0063,ACC-0130,False,False,4
REQ-01708,P000391,ACC-0145,,False,False,4
REQ-01709,P000257,ACC-0170,,False,False,4
REQ-01710,P000029,ACC-0112,,False,False,6
REQ-01711,P000247,ACC-0277,,False,False,4
REQ-01712,P000246,ACC-0169,,False,False,4
REQ-01714,P000336,ACC-0247,,False,False,4
REQ-01715,P000016,ACC-0167,,False,False,9
REQ-01716,P000099,ACC-0246,ACC-0159,False,False,9
REQ-01717,P000426,ACC-0288,,False,False,4
REQ-01720,P000398,ACC-0159,,False,False,4
REQ-01721,P000082,ACC-0112,ACC-0155,False,False,10
REQ-01725,P000050,ACC-0142,ACC-0177,False,False,6
REQ-01728,P000233,ACC-0180,,False,False,5
REQ-01729,P000012,ACC-0171,,False,False,10
REQ-01732,P000369,ACC-0082,ACC-0149,False,False,4
REQ-01734,P000258,ACC-0115,,False,False,4
REQ-01735,P000049,ACC-0248,,False,False,10
REQ-01736,P000093,ACC-0131,,False,False,10
REQ-01737,P000099,ACC-0289,,False,False,9
REQ-01738,P000255,ACC-0177,,False,False,4
REQ-01739,P000287,ACC-0120,,False,False,4
REQ-01742,P000290,ACC-0147,,False,False,4
REQ-01744,P000334,ACC-0278,,False,False,4
REQ-01745,P000012,ACC-0034,,False,False,10
REQ-01747,P000270,ACC-0118,,False,False,4
REQ-01749,P000444,ACC-0148,,False,False,4
REQ-01750,P000025,ACC-0295,,False,False,10
REQ-01751,P000177,ACC-0282,ACC-0121,False,False,5
REQ-01752,P000001,ACC-0214,,False,False,10
REQ-01755,P000191,ACC-0277,,False,False,5
REQ-01765,P000011,ACC-0147,,False,False,10
REQ-01766,P000216,ACC-0219,,False,False,4
REQ-01768,P000351,ACC-0033,,False,False,4
REQ-01770,P000262,ACC-0114,,False,False,4
REQ-01771,P000206,ACC-0289,,False,False,4
REQ-01772,P000077,ACC-0151,,False,False,10
REQ-01773,P000366,ACC-0112,,False,False,4
REQ-01774,P000324,ACC-0289,ACC-0034,False,False,4
REQ-01775,P000339,ACC-0267,,False,False,4
REQ-01776,P000259,ACC-0194,ACC-0004,False,False,4
REQ-01779,P000192,ACC-0253,ACC-0164,False,False,6
REQ-01780,P000095,ACC-0167,,False,False,10
REQ-01782,P000205,ACC-0156,ACC-0197,False,False,4
REQ-01783,P000113,ACC-0130,,False,False,10
REQ-01784,P000119,ACC-0130,,False,False,5
REQ-01786,P000359,ACC-0174,,False,False,4
REQ-01787,P000399,ACC-0128,,False,False,4
REQ-01788,P000202,ACC-0207,ACC-0194,False,False,4
REQ-01790,P000433,ACC-0131,,False,False,4
REQ-01793,P000302,ACC-0186,,False,False,4
REQ-01796,P000331,ACC-0139,,False,False,4
REQ-01797,P000078,ACC-0148,,False,False,5
REQ-01798,P000233,ACC-0285,,False,False,5
REQ-01799,P000043,ACC-0008,ACC-0022,True,True,5
REQ-01803,P000287,ACC-0289,ACC-0096,False,False,4
REQ-01805,P000181,ACC-0289,,False,False,5
REQ-01807,P000123,ACC-0068,,False,False,5
REQ-01808,P000432,ACC-0153,,False,False,4
REQ-01812,P000240,ACC-0007,,False,False,5
REQ-01814,P000258,ACC-0229,ACC-0153,False,False,4
REQ-01816,P000425,ACC-0244,ACC-0209,False,False,4
REQ-01817,P000176,ACC-0161,,False,False,5
REQ-01820,P000047,ACC-0170,ACC-0104,False,False,10
REQ-01821,P000405,ACC-0101,ACC-0051,False,True,4
REQ-01822,P000437,ACC-0277,,False,False,4
REQ-01827,P000203,ACC-0039,,False,False,4
REQ-01831,P000150,ACC-0063,ACC-0204,False,False,10
REQ-01832,P000245,ACC-0166,ACC-0163,False,False,4
REQ-01833,P000066,ACC-0129,,False,False,10
REQ-01835,P000159,ACC-0112,,False,False,10
REQ-01838,P000243,ACC-0133,ACC-0112,False,False,5
REQ-01840,P000138,ACC-0127,,False,False,5
REQ-01841,P000207,ACC-0167,,False,False,4
REQ-01842,P000077,ACC-0109,ACC-0166,False,False,10
REQ-01844,P000402,ACC-0104,,False,False,4
REQ-01845,P000345,ACC-0245,,False,False,3
REQ-01846,P000224,ACC-0243,ACC-0248,False,False,5
REQ-01847,P000097,ACC-0155,,False,False,6
REQ-01848,P000112,ACC-0124,,False,False,10
REQ-01850,P000436,ACC-0080,,False,False,4
REQ-01851,P000221,ACC-0171,,False,False,5
REQ-01852,P000028,ACC-0031,,True,True,6
REQ-01855,P000002,ACC-0150,,False,False,10
REQ-01857,P000429,ACC-0281,,False,False,4
REQ-01861,P000422,ACC-0171,ACC-0288,False,False,4
REQ-01863,P000232,ACC-0156,,False,False,5
REQ-01865,P000127,ACC-0164,ACC-0144,False,False,10
REQ-01868,P000043,ACC-0206,,False,False,5
REQ-01870,P000170,ACC-0109,ACC-0170,False,False,6
REQ-01873,P000330,ACC-0144,,False,False,4
REQ-01875,P000017,ACC-0245,,False,False,10
REQ-01877,P000431,ACC-0239,ACC-0134,False,False,4
REQ-01880,P000052,ACC-0066,,False,False,10
REQ-01881,P000280,ACC-0128,,False,False,4
REQ-01884,P000122,ACC-0055,ACC-0279,False,False,10
REQ-01891,P000009,ACC-0107,,False,False,9
REQ-01894,P000183,ACC-0039,,False,False,4
REQ-01895,P000374,ACC-0192,,False,False,4
REQ-01898,P000034,ACC-0170,ACC-0130,False,False,10
REQ-01899,P000063,ACC-0172,,False,False,6
REQ-01900,P000035,ACC-0178,,False,False,8
REQ-01904,P000395,ACC-0148,ACC-0096,False,False,4
REQ-01905,P000021,ACC-0033,ACC-0032,True,True,10
REQ-01907,P000297,ACC-0111,,False,False,5
REQ-01909,P000295,ACC-0170,ACC-0118,False,False,5
REQ-01910,P000352,ACC-0148,,False,False,4
REQ-01912,P000022,ACC-0063,,False,False,10
REQ-01913,P000013,ACC-0168,,False,False,10
REQ-01914,P000320,ACC-0007,,False,False,4
REQ-01915,P000249,ACC-0282,ACC-0166,False,False,4
REQ-01916,P000188,ACC-0170,,False,False,5
REQ-01918,P000135,ACC-0181,ACC-0102,False,False,10
REQ-01919,P000283,ACC-0058,,False,False,5
REQ-01920,P000289,ACC-0182,,False,False,4
REQ-01921,P000222,ACC-0100,,False,False,5
REQ-01922,P000334,ACC-0295,,False,False,4
REQ-01923,P000383,ACC-0202,,False,False,4
REQ-01925,P000102,ACC-0170,ACC-0109,False,False,10
REQ-01927,P000440,ACC-0206,ACC-0124,False,False,4
REQ-01928,P000206,ACC-0170,,False,False,4
REQ-01931,P000139,ACC-0202,,False,False,8
REQ-01932,P000201,ACC-0066,,False,False,4
REQ-01934,P000145,ACC-0153,,False,False,5
REQ-01936,P000258,ACC-0286,ACC-0244,False,False,4
REQ-01937,P000223,ACC-0167,,False,False,5
REQ-01938,P000297,ACC-0167,,False,False,5
REQ-01940,P000165,ACC-0148,ACC-0166,False,False,9
REQ-01941,P000057,ACC-0181,ACC-0156,False,False,9
REQ-01943,P000391,ACC-0144,,False,False,4
REQ-01945,P000154,ACC-0161,,False,False,10
REQ-01947,P000123,ACC-0282,,False,False,5
REQ-01948,P000404,ACC-0172,ACC-0212,False,False,4
REQ-01949,P000067,ACC-0097,ACC-0167,False,False,8
REQ-01952,P000054,ACC-0100,ACC-0178,False,False,10
REQ-01954,P000262,ACC-0167,,False,False,4
REQ-01958,P000035,ACC-0181,,False,False,8
REQ-01961,P000407,ACC-0247,,False,False,4
REQ-01963,P000165,ACC-0204,,False,False,9
REQ-01964,P000346,ACC-0066,ACC-0116,False,False,4
REQ-01965,P000192,ACC-0109,,False,False,6
REQ-01966,P000347,ACC-0145,ACC-0150,False,False,4
REQ-01969,P000348,ACC-0289,,False,False,4
REQ-01972,P000075,ACC-0121,ACC-0050,False,False,5
REQ-01973,P000006,ACC-0281,,False,False,10
REQ-01976,P000096,ACC-0167,ACC-0153,False,False,8
REQ-01978,P000400,ACC-0112,,False,False,4
REQ-01982,P000075,ACC-0118,,False,False,5
REQ-01991,P000381,ACC-0177,ACC-0063,False,False,4
REQ-01992,P000386,ACC-0080,,False,False,4
REQ-01993,P000215,ACC-0289,,False,False,4
REQ-01997,P000134,ACC-0112,,False,False,5
REQ-02001,P000373,ACC-0186,ACC-0287,False,False,4
REQ-02002,P000117,ACC-0164,,False,False,8
REQ-02004,P000364,ACC-0275,ACC-0112,False,False,4
REQ-02005,P000034,ACC-0209,,False,False,10
REQ-02008,P000144,ACC-0068,,False,False,6
REQ-02009,P000100,ACC-0184,,False,False,8
REQ-02011,P000428,ACC-0206,,False,False,4
REQ-02012,P000410,ACC-0193,,False,False,4
REQ-02014,P000246,ACC-0252,ACC-0170,False,False,4
REQ-02016,P000428,ACC-0295,ACC-0287,False,False,4
REQ-02017,P000433,ACC-0285,,False,False,4
REQ-02020,P000091,ACC-0008,ACC-0107,False,False,8
REQ-02021,P000311,ACC-0290,ACC-0167,False,False,5
REQ-02024,P000141,ACC-0165,,False,False,9
REQ-02027,P000103,ACC-0207,,False,False,5
REQ-02028,P000033,ACC-0194,ACC-0140,False,False,9
REQ-02031,P000373,ACC-0133,ACC-0112,False,False,4
REQ-02033,P000249,ACC-0162,,False,False,4
REQ-02034,P000241,ACC-0161,ACC-0170,False,False,5
REQ-02038,P000023,ACC-0066,,True,True,10
REQ-02039,P000093,ACC-0178,,False,False,10
REQ-02040,P000299,ACC-0249,,False,False,5
REQ-02041,P000409,ACC-0222,,False,False,4
REQ-02042,P000166,ACC-0150,,False,False,10
REQ-02043,P000154,ACC-0250,,False,False,10
REQ-02047,P000093,ACC-0158,,False,False,10
REQ-02050,P000400,ACC-0055,,False,False,4
REQ-02051,P000437,ACC-0214,,False,False,4
REQ-02052,P000135,ACC-0181,,False,False,10
REQ-02053,P000293,ACC-0008,ACC-0280,True,True,5
REQ-02055,P000144,ACC-0178,,False,False,6
REQ-02056,P000376,ACC-0039,,False,False,4
REQ-02058,P000252,ACC-0279,,False,False,4
REQ-02059,P000260,ACC-0277,,False,False,4
REQ-02063,P000060,ACC-0251,ACC-0106,False,False,10
REQ-02065,P000413,ACC-0171,,False,False,4
REQ-02068,P000040,ACC-0243,,False,False,5
REQ-02069,P000120,ACC-0134,ACC-0253,False,False,10
REQ-02070,P000189,ACC-0279,,False,False,6
REQ-02072,P000443,ACC-0031,ACC-0206,False,False,4
REQ-02074,P000002,ACC-0161,ACC-0109,False,False,10
REQ-02075,P000321,ACC-0183,,False,False,4
REQ-02077,P000311,ACC-0227,ACC-0221,False,False,5
REQ-02079,P000265,ACC-0239,,False,False,4
REQ-02080,P000211,ACC-0131,,False,False,5
REQ-02083,P000217,ACC-0132,,False,False,5
REQ-02084,P000213,ACC-0219,,False,False,4
REQ-02085,P000257,ACC-0295,,False,False,4
REQ-02089,P000261,ACC-0101,,False,False,4
REQ-02090,P000071,ACC-0129,,False,False,7
REQ-02093,P000250,ACC-0266,,False,False,4
REQ-02097,P000012,ACC-0194,ACC-0150,False,False,10
REQ-02099,P000336,ACC-0122,,False,False,4
REQ-02100,P000203,ACC-0286,,False,False,4
REQ-02101,P000378,ACC-0092,,False,False,4
REQ-02102,P000162,ACC-0167,,False,False,7
REQ-02104,P000434,ACC-0283,,False,False,4
REQ-02105,P000049,ACC-0197,ACC-0082,False,True,10
REQ-02107,P000383,ACC-0152,ACC-0161,False,False,4
REQ-02108,P000078,ACC-0082,ACC-0051,False,False,5
REQ-02110,P000315,ACC-0023,,False,False,4
REQ-02113,P000204,ACC-0285,,False,False,4
REQ-02114,P000404,ACC-0265,ACC-0202,False,False,4
REQ-02115,P000217,ACC-0168,,False,False,5
REQ-02116,P000069,ACC-0007,,False,False,10
REQ-02117,P000007,ACC-0055,ACC-0161,False,False,10
REQ-02119,P000158,ACC-0227,,False,False,7
REQ-02120,P000072,ACC-0283,,False,False,10
REQ-02124,P000075,ACC-0159,,False,False,5
REQ-02126,P000337,ACC-0212,ACC-0170,False,False,4
REQ-02128,P000069,ACC-0264,,False,False,10
REQ-02129,P000180,ACC-0170,,False,False,4
REQ-02131,P000158,ACC-0170,ACC-0112,False,False,7
REQ-02132,P000233,ACC-0174,,False,False,5
REQ-02134,P000151,ACC-0256,,False,False,9
REQ-02135,P000073,ACC-0194,,False,False,4
REQ-02136,P000253,ACC-0294,ACC-0254,False,False,4
REQ-02137,P000398,ACC-0104,,False,False,4
REQ-02138,P000325,ACC-0075,,False,False,4
REQ-02139,P000163,ACC-0167,,False,False,10
REQ-02142,P000090,ACC-0106,ACC-0231,False,False,10
REQ-02143,P000291,ACC-0172,ACC-0182,False,False,5
REQ-02145,P000182,ACC-0281,,False,False,5
REQ-02146,P000388,ACC-0059,ACC-0275,False,False,4
REQ-02147,P000241,ACC-0166,,False,False,5
REQ-02148,P000190,ACC-0125,,False,False,5
REQ-02149,P000273,ACC-0066,,False,False,4
REQ-02152,P000441,ACC-0285,,False,False,4
REQ-02153,P000034,ACC-0104,ACC-0075,False,False,10
REQ-02155,P000042,ACC-0005,,False,False,8
REQ-02156,P000151,ACC-0161,ACC-0282,False,False,9
REQ-02157,P000073,ACC-0164,,False,False,4
REQ-02159,P000258,ACC-0121,,False,False,4
REQ-02160,P000349,ACC-0109,ACC-0170,False,False,4
REQ-02162,P000010,ACC-0121,,False,False,7
REQ-02163,P000280,ACC-0127,,False,False,4
REQ-02165,P000140,ACC-0178,,False,False,5
REQ-02166,P000239,ACC-0112,,False,False,5
REQ-02171,P000033,ACC-0283,,False,False,9
REQ-02172,P000299,ACC-0002,,False,False,5
REQ-02174,P000260,ACC-0212,,False,False,4
REQ-02175,P000387,ACC-0163,,False,False,4
REQ-02177,P000378,ACC-0135,,False,False,4
REQ-02178,P000442,ACC-0196,,False,False,4
REQ-02179,P000310,ACC-0200,ACC-0275,False,False,4
REQ-02180,P000375,ACC-0090,,False,False,4
REQ-02182,P000101,ACC-0145,ACC-0082,False,True,8
REQ-02183,P000357,ACC-0205,ACC-0166,False,False,4
REQ-02184,P000366,ACC-0185,,False,False,4
REQ-02186,P000178,ACC-0170,,False,False,5
REQ-02190,P000116,ACC-0295,,False,False,8
REQ-02191,P000261,ACC-0213,,False,False,4
REQ-02192,P000342,ACC-0277,ACC-0007,False,False,4
REQ-02193,P000011,ACC-0154,ACC-0112,False,False,10
REQ-02194,P000250,ACC-0184,ACC-0163,False,False,4
REQ-02195,P000282,ACC-0252,,False,False,4
REQ-02196,P000105,ACC-0175,ACC-0033,False,False,6
REQ-02197,P000323,ACC-0033,,False,False,4
REQ-02198,P000024,ACC-0106,ACC-0130,False,False,10
REQ-02199,P000028,ACC-0259,,False,False,6
REQ-02201,P000104,ACC-0295,,False,False,10
REQ-02202,P000214,ACC-0112,ACC-0156,False,False,4
REQ-02204,P000407,ACC-0171,,False,False,4
REQ-02207,P000251,ACC-0063,ACC-0285,False,False,4
REQ-02209,P000019,ACC-0267,,False,False,5
REQ-02210,P000179,ACC-0253,,False,False,5
REQ-02211,P000384,ACC-0167,ACC-0105,False,False,4
REQ-02215,P000060,ACC-0249,,False,False,10
REQ-02219,P000101,ACC-0239,,False,False,8
REQ-02220,P000370,ACC-0247,ACC-0050,False,False,4
REQ-02221,P000303,ACC-0121,,False,False,5
REQ-02222,P000224,ACC-0171,ACC-0258,False,False,5
REQ-02223,P000163,ACC-0066,ACC-0120,True,True,10
REQ-02224,P000187,ACC-0157,,False,False,5
REQ-02225,P000295,ACC-0121,,False,False,5
REQ-02227,P000447,ACC-0247,ACC-0258,False,False,4
REQ-02229,P000178,ACC-0171,,False,False,5
REQ-02230,P000448,ACC-0132,,False,False,4
REQ-02231,P000028,ACC-0144,ACC-0170,False,False,6
REQ-02232,P000225,ACC-0207,,False,False,5
REQ-02233,P000047,ACC-0277,,False,False,10
REQ-02236,P000131,ACC-0217,,False,False,7
REQ-02237,P000181,ACC-0187,,False,False,5
REQ-02238,P000417,ACC-0256,ACC-0022,False,False,4
REQ-02241,P000021,ACC-0283,ACC-0191,False,False,10
REQ-02242,P000028,ACC-0127,,False,False,6
REQ-02244,P000336,ACC-0183,,False,False,4
REQ-02246,P000172,ACC-0177,ACC-0179,False,False,4
REQ-02249,P000061,ACC-0206,,False,False,3
REQ-02251,P000432,ACC-0131,,False,False,4
REQ-02253,P000241,ACC-0187,,False,False,5
REQ-02258,P000020,ACC-0007,ACC-0195,False,False,5
REQ-02259,P000375,ACC-0278,ACC-0170,False,False,4
REQ-02261,P000139,ACC-0246,,False,False,8
REQ-02262,P000009,ACC-0194,,False,False,9
REQ-02264,P000202,ACC-0185,ACC-0285,False,False,4
REQ-02266,P000229,ACC-0130,,False,False,4
REQ-02267,P000334,ACC-0182,,False,False,4
REQ-02268,P000126,ACC-0007,ACC-0202,False,False,10
REQ-02270,P000043,ACC-0181,,False,False,5
REQ-02272,P000051,ACC-0007,,False,False,9
REQ-02274,P000269,ACC-0127,ACC-0180,False,False,4
REQ-02278,P000279,ACC-0154,,False,False,4
REQ-02280,P000428,ACC-0127,,False,False,4
REQ-02283,P000365,ACC-0183,,False,False,4
REQ-02284,P000353,ACC-0277,,False,False,4
REQ-02285,P000200,ACC-0007,ACC-0050,False,False,4
REQ-02286,P000071,ACC-0281,,False,False,7
REQ-02287,P000191,ACC-0162,,False,False,5
REQ-02288,P000033,ACC-0111,ACC-0124,False,False,9
REQ-02290,P000067,ACC-0210,ACC-0104,False,False,8
REQ-02293,P000288,ACC-0106,,False,False,4
REQ-02295,P000418,ACC-0285,,False,False,4
REQ-02297,P000203,ACC-0212,ACC-0171,False,False,4
REQ-02298,P000376,ACC-0007,,False,False,4
REQ-02299,P000157,ACC-0144,,False,False,10
REQ-02300,P000133,ACC-0146,,False,False,10
REQ-02301,P000275,ACC-0007,,False,False,4
REQ-02305,P000335,ACC-0112,,False,False,4
REQ-02309,P000159,ACC-0121,,False,False,10
REQ-02311,P000027,ACC-0055,,False,False,7
REQ-02313,P000387,ACC-0236,,False,False,4
REQ-02314,P000353,ACC-0102,,False,False,4
REQ-02315,P000074,ACC-0180,ACC-0172,False,False,8
REQ-02319,P000139,ACC-0210,ACC-0174,False,False,8
REQ-02320,P000264,ACC-0080,ACC-0186,False,False,4
REQ-02321,P000367,ACC-0094,,False,False,4
REQ-02322,P000251,ACC-0033,ACC-0066,False,False,4
REQ-02326,P000185,ACC-0275,ACC-0166,False,False,6
REQ-02329,P000049,ACC-0288,,False,False,10
REQ-02330,P000448,ACC-0023,,False,False,4
REQ-02331,P000436,ACC-0051,,False,False,4
REQ-02333,P000408,ACC-0111,ACC-0194,False,False,4
REQ-02334,P000329,ACC-0106,,False,False,4
REQ-02335,P000162,ACC-0283,ACC-0050,False,False,7
REQ-02336,P000307,ACC-0293,,False,False,4
REQ-02337,P000086,ACC-0144,ACC-0102,False,False,10
REQ-02338,P000433,ACC-0055,,False,False,4
REQ-02339,P000231,ACC-0160,ACC-0141,False,False,5
REQ-02340,P000022,ACC-0253,,False,False,10
REQ-02341,P000104,ACC-0250,,False,False,10
REQ-02342,P000358,ACC-0112,,False,False,4
REQ-02343,P000362,ACC-0082,,False,False,4
REQ-02345,P000102,ACC-0145,,False,False,10
REQ-02348,P000331,ACC-0167,ACC-0212,False,False,4
REQ-02349,P000115,ACC-0127,,False,False,9
REQ-02350,P000075,ACC-0156,,False,False,5
REQ-02352,P000241,ACC-0194,,False,False,5
REQ-02353,P000263,ACC-0161,ACC-0236,False,False,4
REQ-02354,P000422,ACC-0112,ACC-0191,False,False,4
REQ-02355,P000179,ACC-0278,,False,False,5
REQ-02356,P000186,ACC-0266,,False,False,4
REQ-02360,P000018,ACC-0034,,False,False,5
REQ-02361,P000415,ACC-0104,,False,False,4
REQ-02362,P000041,ACC-0177,,False,False,5
REQ-02363,P000409,ACC-0059,,False,False,4
REQ-02365,P000248,ACC-0263,ACC-0293,False,False,4
REQ-02366,P000283,ACC-0200,ACC-0158,False,False,5
REQ-02372,P000278,ACC-0095,ACC-0094,False,False,4
REQ-02373,P000002,ACC-0050,,False,False,10
REQ-02374,P000307,ACC-0286,,False,False,4
REQ-02375,P000413,ACC-0281,,False,False,4
REQ-02376,P000204,ACC-0094,ACC-0007,False,False,4
REQ-02379,P000216,ACC-0170,ACC-0055,False,False,4
REQ-02380,P000217,ACC-0178,,False,False,5
REQ-02381,P000079,ACC-0194,,False,False,10
REQ-02382,P000382,ACC-0112,,False,False,4
REQ-02383,P000169,ACC-0175,,False,False,5
REQ-02384,P000265,ACC-0170,ACC-0295,False,False,4
REQ-02385,P000076,ACC-0279,,False,False,10
REQ-02386,P000312,ACC-0161,ACC-0135,False,False,5
REQ-02387,P000148,ACC-0210,,False,False,10
REQ-02389,P000362,ACC-0002,ACC-0050,False,False,4
REQ-02393,P000358,ACC-0264,,False,False,4
REQ-02394,P000343,ACC-0130,,False,False,4
REQ-02395,P000285,ACC-0132,ACC-0058,False,False,4
REQ-02397,P000369,ACC-0204,ACC-0263,False,False,4
REQ-02399,P000332,ACC-0253,,False,False,4
REQ-02402,P000379,ACC-0282,,False,False,4
REQ-02404,P000396,ACC-0282,,False,False,4
REQ-02405,P000196,ACC-0059,,False,False,3
REQ-02406,P000181,ACC-0296,,False,False,5
REQ-02407,P000311,ACC-0283,,False,False,5
REQ-02409,P000370,ACC-0292,,False,False,4
REQ-02410,P000168,ACC-0295,,False,False,10
REQ-02412,P000411,ACC-0058,,False,False,4
REQ-02414,P000222,ACC-0216,,False,False,5
REQ-02416,P000367,ACC-0199,ACC-0293,False,False,4
REQ-02422,P000258,ACC-0138,ACC-0246,False,False,4
REQ-02428,P000087,ACC-0232,,False,False,7
REQ-02431,P000024,ACC-0188,,False,False,10
REQ-02433,P000406,ACC-0032,ACC-0185,False,False,4
REQ-02434,P000220,ACC-0213,,False,False,5
REQ-02435,P000236,ACC-0281,ACC-0207,False,False,5
REQ-02437,P000290,ACC-0109,ACC-0172,False,False,4
REQ-02439,P000036,ACC-0206,ACC-0118,False,False,7
REQ-02442,P000382,ACC-0142,ACC-0059,False,False,4
REQ-02443,P000094,ACC-0105,,False,False,9
REQ-02445,P000410,ACC-0252,,False,False,4
REQ-02446,P000239,ACC-0207,ACC-0007,False,False,5
REQ-02447,P000419,ACC-0102,ACC-0157,False,False,4
REQ-02448,P000150,ACC-0152,,False,False,10
REQ-02450,P000434,ACC-0180,,False,False,4
REQ-02453,P000281,ACC-0139,,False,False,4
REQ-02456,P000035,ACC-0125,,False,False,8
REQ-02458,P000160,ACC-0112,,False,False,10
REQ-02459,P000034,ACC-0257,ACC-0118,False,False,10
REQ-02461,P000390,ACC-0214,,False,False,4
REQ-02463,P000093,ACC-0161,,False,False,10
REQ-02464,P000137,ACC-0112,ACC-0125,False,False,7
REQ-02468,P000291,ACC-0075,,False,False,5
REQ-02469,P000220,ACC-0050,,False,False,5
REQ-02471,P000242,ACC-0063,,False,False,4
REQ-02473,P000429,ACC-0170,,False,False,4
REQ-02476,P000097,ACC-0059,ACC-0252,False,False,6
REQ-02478,P000384,ACC-0180,ACC-0082,False,False,4
REQ-02479,P000041,ACC-0101,,False,False,5
REQ-02480,P000334,ACC-0284,,False,False,4
REQ-02482,P000357,ACC-0132,,False,False,4
REQ-02486,P000132,ACC-0196,ACC-0184,False,False,10
REQ-02488,P000094,ACC-0200,,False,False,9
REQ-02489,P000221,ACC-0257,,False,False,5
REQ-02492,P000281,ACC-0075,,False,False,4
REQ-02493,P000071,ACC-0167,,False,False,7
REQ-02494,P000428,ACC-0258,,False,False,4
REQ-02498,P000327,ACC-0177,,False,False,4
REQ-02499,P000080,ACC-0196,,False,False,10
REQ-02500,P000104,ACC-0229,ACC-0147,False,False,10
REQ-02501,P000420,ACC-0246,ACC-0283,False,False,4
REQ-02503,P000326,ACC-0144,ACC-0299,False,False,4
REQ-02504,P000155,ACC-0190,,False,False,8
REQ-02511,P000223,ACC-0118,,False,False,5
REQ-02513,P000250,ACC-0207,,False,False,4
REQ-02516,P000198,ACC-0251,ACC-0134,False,False,4
REQ-02518,P000418,ACC-0281,,False,False,4
REQ-02520,P000025,ACC-0066,,False,False,10
REQ-02523,P000416,ACC-0134,,False,False,4
REQ-02525,P000377,ACC-0171,,False,False,4
REQ-02526,P000397,ACC-0250,ACC-0170,False,False,4
REQ-02527,P000316,ACC-0185,,False,False,4
REQ-02530,P000416,ACC-0066,ACC-0178,False,False,4
REQ-02531,P000129,ACC-0247,,False,False,4
REQ-02533,P000014,ACC-0077,,False,False,10
REQ-02539,P000093,ACC-0222,,False,False,10
REQ-02541,P000133,ACC-0090,ACC-0248,False,False,10
REQ-02542,P000146,ACC-0055,,False,False,6
REQ-02543,P000277,ACC-0112,ACC-0063,False,False,4
REQ-02544,P000145,ACC-0177,ACC-0109,False,False,5
REQ-02547,P000100,ACC-0292,,False,False,8
REQ-02548,P000226,ACC-0158,ACC-0066,False,False,4
REQ-02549,P000060,ACC-0180,,False,False,10
REQ-02550,P000362,ACC-0102,,False,False,4
REQ-02551,P000081,ACC-0118,ACC-0175,False,False,6
REQ-02552,P000146,ACC-0281,ACC-0283,False,False,6
REQ-02558,P000409,ACC-0207,,False,False,4
REQ-02559,P000293,ACC-0276,,False,False,5
REQ-02560,P000108,ACC-0143,,False,False,10
REQ-02561,P000297,ACC-0144,,False,False,5
REQ-02562,P000449,ACC-0131,,False,False,4
REQ-02563,P000435,ACC-0191,ACC-0210,False,False,4
REQ-02564,P000257,ACC-0197,,False,False,4
REQ-02569,P000369,ACC-0283,,False,False,4
REQ-02570,P000040,ACC-0248,,False,False,5
REQ-02571,P000003,ACC-0288,,False,False,10
REQ-02574,P000338,ACC-0163,ACC-0252,False,False,4
REQ-02576,P000423,ACC-0124,,False,False,4
REQ-02578,P000259,ACC-0212,ACC-0253,False,False,4
REQ-02579,P000001,ACC-0118,,False,False,10
REQ-02580,P000087,ACC-0251,,False,False,7
REQ-02583,P000022,ACC-0209,,False,False,10
REQ-02588,P000158,ACC-0063,,False,False,7
REQ-02590,P000288,ACC-0161,,False,False,4
REQ-02591,P000195,ACC-0144,ACC-0200,False,False,4
REQ-02592,P000211,ACC-0251,,False,False,5
REQ-02593,P000218,ACC-0112,,False,False,5
REQ-02594,P000104,ACC-0277,,False,False,10
REQ-02595,P000088,ACC-0121,ACC-0163,False,False,10
REQ-02596,P000366,ACC-0286,ACC-0197,False,False,4
REQ-02597,P000131,ACC-0195,,False,False,7
REQ-02598,P000426,ACC-0227,ACC-0079,False,False,4
REQ-02599,P000094,ACC-0148,,False,False,9
REQ-02600,P000401,ACC-0107,ACC-0059,False,False,4
REQ-02601,P000396,ACC-0289,,False,False,4
REQ-02602,P000166,ACC-0212,ACC-0170,False,False,10
REQ-02603,P000195,ACC-0159,,False,False,4
REQ-02604,P000204,ACC-0266,ACC-0206,False,False,4
REQ-02605,P000265,ACC-0292,,False,False,4
REQ-02607,P000095,ACC-0102,,False,False,10
REQ-02608,P000299,ACC-0250,ACC-0251,False,False,5
REQ-02610,P000195,ACC-0179,,False,False,4
REQ-02613,P000340,ACC-0066,,False,False,4
REQ-02615,P000030,ACC-0253,ACC-0134,False,False,10
REQ-02617,P000341,ACC-0184,ACC-0161,False,False,4
REQ-02624,P000397,ACC-0221,,False,False,4
REQ-02626,P000424,ACC-0249,ACC-0162,False,False,4
REQ-02627,P000395,ACC-0178,,False,False,4
REQ-02629,P000413,ACC-0108,,False,False,4
REQ-02630,P000376,ACC-0244,ACC-0293,False,False,4
REQ-02631,P000256,ACC-0139,,False,False,4
REQ-02634,P000005,ACC-0063,,False,False,10
REQ-02636,P000284,ACC-0182,,False,False,4
REQ-02637,P000149,ACC-0123,,False,False,5
REQ-02639,P000258,ACC-0200,,False,False,4
REQ-02641,P000125,ACC-0292,ACC-0107,False,False,10
REQ-02642,P000122,ACC-0140,ACC-0251,False,False,10
REQ-02644,P000124,ACC-0288,,False,False,8
REQ-02645,P000327,ACC-0213,ACC-0034,False,False,4
REQ-02647,P000325,ACC-0229,ACC-0034,False,False,4
REQ-02649,P000237,ACC-0033,,True,True,5
REQ-02654,P000427,ACC-0264,,False,False,4
REQ-02655,P000199,ACC-0264,ACC-0170,False,False,4
REQ-02656,P000342,ACC-0291,,False,False,4
REQ-02659,P000395,ACC-0116,ACC-0295,False,False,4
REQ-02660,P000225,ACC-0184,,False,False,5
REQ-02661,P000186,ACC-0288,,False,False,4
REQ-02662,P000301,ACC-0177,,False,False,5
REQ-02666,P000059,ACC-0236,,False,False,8
REQ-02669,P000368,ACC-0210,,False,False,4
REQ-02671,P000096,ACC-0209,,False,False,8
REQ-02675,P000113,ACC-0291,ACC-0139,False,False,10
REQ-02680,P000061,ACC-0212,,False,False,3
REQ-02684,P000095,ACC-0276,ACC-0131,False,False,10
REQ-02686,P000356,ACC-0134,ACC-0207,False,False,4
REQ-02687,P000408,ACC-0104,ACC-0251,False,False,4
REQ-02689,P000303,ACC-0174,ACC-0229,False,False,5
REQ-02690,P000377,ACC-0279,,False,False,4
REQ-02691,P000415,ACC-0151,ACC-0033,False,False,4
REQ-02696,P000387,ACC-0107,,False,False,4
REQ-02697,P000055,ACC-0293,,False,False,10
REQ-02698,P000232,ACC-0140,ACC-0148,False,False,5
REQ-02700,P000061,ACC-0152,,False,False,3
REQ-02701,P000386,ACC-0207,,False,False,4
REQ-02702,P000323,ACC-0233,,False,False,4
REQ-02704,P000436,ACC-0170,,False,False,4
REQ-02706,P000316,ACC-0292,,False,False,4
REQ-02707,P000394,ACC-0148,,False,False,4
REQ-02709,P000131,ACC-0033,,False,False,7
REQ-02711,P000328,ACC-0112,,False,False,4
REQ-02712,P000030,ACC-0184,ACC-0144,False,False,10
REQ-02713,P000195,ACC-0031,ACC-0096,False,False,4
REQ-02715,P000083,ACC-0166,,False,False,7
REQ-02716,P000424,ACC-0055,,False,False,4
REQ-02719,P000230,ACC-0182,ACC-0196,False,False,5
REQ-02723,P000118,ACC-0204,ACC-0134,False,False,8
REQ-02724,P000445,ACC-0275,,False,False,4
REQ-02726,P000028,ACC-0125,,False,False,6
REQ-02727,P000338,ACC-0051,,False,False,4
REQ-02729,P000351,ACC-0160,,False,False,4
REQ-02730,P000361,ACC-0167,,False,False,4
REQ-02734,P000008,ACC-0295,,False,False,10
REQ-02735,P000008,ACC-0112,,False,False,10
REQ-02736,P000297,ACC-0007,ACC-0292,False,False,5
REQ-02737,P000190,ACC-0157,,False,False,5
REQ-02738,P000126,ACC-0202,,False,False,10
REQ-02739,P000378,ACC-0063,,False,False,4
REQ-02742,P000214,ACC-0143,,False,False,4
REQ-02743,P000104,ACC-0128,,False,False,10
REQ-02744,P000420,ACC-0177,,False,False,4
REQ-02745,P000419,ACC-0170,ACC-0222,False,False,4
REQ-02748,P000365,ACC-0112,,False,False,4
REQ-02749,P000227,ACC-0286,,False,False,5
REQ-02750,P000383,ACC-0122,,False,False,4
REQ-02751,P000376,ACC-0055,,False,False,4
REQ-02754,P000275,ACC-0248,ACC-0133,False,False,4
REQ-02756,P000324,ACC-0142,,False,False,4
REQ-02760,P000220,ACC-0138,,False,False,5
REQ-02763,P000267,ACC-0215,,False,False,5
REQ-02764,P000380,ACC-0055,ACC-0170,False,False,4
REQ-02766,P000272,ACC-0106,,False,False,4
REQ-02768,P000121,ACC-0112,ACC-0034,False,False,10
REQ-02769,P000038,ACC-0150,,False,False,10
REQ-02772,P000219,ACC-0171,,False,False,5
REQ-02774,P000367,ACC-0160,ACC-0190,False,False,4
REQ-02777,P000397,ACC-0138,,False,False,4
REQ-02778,P000362,ACC-0075,,False,False,4
REQ-02779,P000200,ACC-0180,,False,False,4
REQ-02781,P000099,ACC-0178,,False,False,9
REQ-02782,P000350,ACC-0170,,False,False,4
REQ-02785,P000326,ACC-0166,ACC-0288,False,False,4
REQ-02786,P000201,ACC-0134,,False,False,4
REQ-02789,P000372,ACC-0179,ACC-0194,False,False,4
REQ-02790,P000369,ACC-0285,ACC-0177,False,False,4
REQ-02791,P000398,ACC-0106,ACC-0170,False,False,4
REQ-02792,P000414,ACC-0282,,False,False,4
REQ-02794,P000317,ACC-0109,,False,False,4
REQ-02795,P000257,ACC-0082,,True,True,4
REQ-02796,P000064,ACC-0112,,False,False,5
REQ-02797,P000189,ACC-0210,ACC-0281,False,False,6
REQ-02800,P000302,ACC-0063,ACC-0161,False,False,4
REQ-02801,P000110,ACC-0004,ACC-0212,True,True,10
REQ-02802,P000127,ACC-0291,,False,False,10
REQ-02804,P000337,ACC-0147,,False,False,4
REQ-02805,P000274,ACC-0166,,False,False,4
REQ-02807,P000391,ACC-0283,ACC-0253,False,False,4
REQ-02808,P000337,ACC-0263,ACC-0308,False,False,4
REQ-02809,P000413,ACC-0144,ACC-0222,False,False,4
REQ-02810,P000439,ACC-0172,ACC-0121,False,False,4
REQ-02813,P000069,ACC-0142,,False,False,10
REQ-02814,P000422,ACC-0170,,False,False,4
REQ-02817,P000384,ACC-0102,ACC-0248,False,False,4
REQ-02822,P000118,ACC-0182,ACC-0170,False,False,8
REQ-02823,P000429,ACC-0227,,False,False,4
REQ-02824,P000178,ACC-0144,,False,False,5
REQ-02826,P000094,ACC-0034,ACC-0140,False,False,9
REQ-02828,P000428,ACC-0171,ACC-0185,False,False,4
REQ-02830,P000115,ACC-0174,ACC-0215,False,False,9
REQ-02832,P000111,ACC-0291,,False,False,10
REQ-02834,P000320,ACC-0266,,False,False,4
REQ-02835,P000155,ACC-0095,ACC-0200,True,True,8
REQ-02837,P000335,ACC-0051,ACC-0170,False,False,4
REQ-02839,P000052,ACC-0179,,False,False,10
REQ-02840,P000178,ACC-0175,,False,False,5
REQ-02841,P000156,ACC-0294,ACC-0170,False,False,10
REQ-02842,P000418,ACC-0200,ACC-0239,False,False,4
REQ-02845,P000093,ACC-0007,,False,False,10
REQ-02846,P000145,ACC-0161,ACC-0210,False,False,5
REQ-02856,P000279,ACC-0005,,False,False,4
REQ-02857,P000072,ACC-0184,,False,False,10
REQ-02858,P000304,ACC-0106,,False,False,5
REQ-02859,P000328,ACC-0007,ACC-0199,False,False,4
REQ-02868,P000213,ACC-0183,,False,False,4
REQ-02870,P000196,ACC-0167,,False,False,3
REQ-02871,P000036,ACC-0112,ACC-0156,False,False,7
REQ-02875,P000349,ACC-0059,,False,False,4
REQ-02878,P000440,ACC-0102,,False,False,4
REQ-02879,P000383,ACC-0133,ACC-0206,False,False,4
REQ-02880,P000407,ACC-0280,ACC-0172,False,False,4
REQ-02881,P000050,ACC-0156,,False,False,6
REQ-02882,P000434,ACC-0289,,False,False,4
REQ-02884,P000021,ACC-0121,,False,False,10
REQ-02886,P000109,ACC-0007,ACC-0252,False,False,10
REQ-02887,P000177,ACC-0248,,False,False,5
REQ-02889,P000331,ACC-0212,ACC-0279,False,False,4
REQ-02890,P000128,ACC-0131,ACC-0111,False,False,8
REQ-02892,P000107,ACC-0125,,False,False,10
REQ-02893,P000155,ACC-0190,ACC-0095,False,True,8
REQ-02894,P000219,ACC-0102,ACC-0148,False,False,5
REQ-02895,P000040,ACC-0104,,False,False,5
REQ-02902,P000338,ACC-0177,,False,False,4
REQ-02903,P000139,ACC-0293,,False,False,8
REQ-02906,P000327,ACC-0228,,False,False,4
REQ-02907,P000108,ACC-0170,,False,False,10
REQ-02909,P000190,ACC-0167,,False,False,5
REQ-02911,P000398,ACC-0112,,False,False,4
REQ-02912,P000161,ACC-0144,ACC-0118,False,False,8
REQ-02913,P000203,ACC-0095,,True,True,4
REQ-02914,P000255,ACC-0257,,False,False,4
REQ-02915,P000169,ACC-0107,,False,False,5
REQ-02916,P000390,ACC-0264,,False,False,4
REQ-02918,P000051,ACC-0158,ACC-0236,False,False,9
REQ-02920,P000148,ACC-0092,,True,True,10
REQ-02921,P000297,ACC-0184,ACC-0292,False,False,5
REQ-02922,P000080,ACC-0112,,False,False,10
REQ-02923,P000043,ACC-0222,,False,False,5
REQ-02924,P000175,ACC-0134,,False,False,5
REQ-02925,P000301,ACC-0252,,False,False,5
REQ-02926,P000132,ACC-0007,,False,False,10
REQ-02929,P000320,ACC-0196,,False,False,4
REQ-02933,P000263,ACC-0127,ACC-0134,False,False,4
REQ-02934,P000135,ACC-0109,,False,False,10
REQ-02937,P000268,ACC-0265,,False,False,4
REQ-02938,P000132,ACC-0286,,False,False,10
REQ-02939,P000175,ACC-0170,ACC-0077,False,False,5
REQ-02940,P000070,ACC-0170,,False,False,10
REQ-02941,P000447,ACC-0007,,False,False,4
REQ-02942,P000087,ACC-0121,,False,False,7
REQ-02945,P000109,ACC-0125,,False,False,10
REQ-02950,P000209,ACC-0232,,False,False,4
REQ-02951,P000140,ACC-0284,ACC-0132,False,False,5
REQ-02952,P000077,ACC-0079,,False,False,10
REQ-02953,P000288,ACC-0102,ACC-0066,False,False,4
REQ-02956,P000363,ACC-0113,,False,False,4
REQ-02957,P000411,ACC-0167,ACC-0138,False,False,4
REQ-02958,P000180,ACC-0233,ACC-0063,False,False,4
REQ-02961,P000037,ACC-0104,,False,False,10
REQ-02963,P000317,ACC-0153,,False,False,4
REQ-02964,P000429,ACC-0282,,False,False,4
REQ-02965,P000235,ACC-0181,,False,False,4
REQ-02966,P000064,ACC-0160,,False,False,5
REQ-02967,P000422,ACC-0280,ACC-0180,False,False,4
REQ-02968,P000148,ACC-0183,ACC-0250,False,False,10
REQ-02969,P000035,ACC-0185,,False,False,8
REQ-02974,P000112,ACC-0231,,False,False,10
REQ-02975,P000278,ACC-0167,,False,False,4
REQ-02976,P000152,ACC-0050,,False,False,9
REQ-02979,P000035,ACC-0229,,False,False,8
REQ-02981,P000258,ACC-0170,,False,False,4
REQ-02984,P000182,ACC-0132,,False,False,5
REQ-02986,P000122,ACC-0254,,False,False,10
REQ-02987,P000327,ACC-0171,ACC-0249,False,False,4
REQ-02988,P000106,ACC-0066,,True,True,10
REQ-02990,P000287,ACC-0212,ACC-0163,False,False,4
REQ-02994,P000211,ACC-0295,,False,False,5
REQ-02995,P000330,ACC-0182,,False,False,4
REQ-03005,P000027,ACC-0180,,False,False,7
REQ-03006,P000306,ACC-0109,ACC-0004,False,True,4
REQ-03007,P000059,ACC-0138,,False,False,8
REQ-03009,P000435,ACC-0007,,False,False,4
REQ-03010,P000276,ACC-0213,,False,False,4
REQ-03011,P000052,ACC-0143,,False,False,10
REQ-03012,P000091,ACC-0286,,False,False,8
REQ-03015,P000127,ACC-0112,ACC-0256,False,False,10
REQ-03016,P000188,ACC-0163,,False,False,5
REQ-03018,P000028,ACC-0063,ACC-0256,False,False,6
REQ-03020,P000104,ACC-0107,ACC-0115,False,False,10
REQ-03021,P000032,ACC-0123,,False,False,9
REQ-03022,P000282,ACC-0170,ACC-0279,False,False,4
REQ-03023,P000301,ACC-0112,ACC-0182,False,False,5
REQ-03026,P000412,ACC-0107,,False,False,4
REQ-03027,P000205,ACC-0170,,False,False,4
REQ-03029,P000063,ACC-0180,,False,False,6
REQ-03030,P000059,ACC-0155,,False,False,8
REQ-03032,P000439,ACC-0127,,False,False,4
REQ-03033,P000241,ACC-0155,,False,False,5
REQ-03034,P000436,ACC-0265,ACC-0102,False,False,4
REQ-03036,P000197,ACC-0209,ACC-0207,False,False,4
REQ-03037,P000183,ACC-0144,,False,False,4
REQ-03038,P000413,ACC-0108,,False,False,4
REQ-03041,P000358,ACC-0275,ACC-0187,False,False,4
REQ-03042,P000115,ACC-0295,,False,False,9
REQ-03046,P000293,ACC-0170,,False,False,5
REQ-03050,P000164,ACC-0199,,False,False,4
REQ-03055,P000439,ACC-0106,,False,False,4
REQ-03058,P000024,ACC-0147,ACC-0184,False,False,10
REQ-03061,P000063,ACC-0253,,False,False,6
REQ-03065,P000362,ACC-0139,,False,False,4
REQ-03066,P000343,ACC-0161,,False,False,4
REQ-03067,P000235,ACC-0063,,False,False,4
REQ-03068,P000211,ACC-0231,,False,False,5
REQ-03070,P000249,ACC-0170,,False,False,4
REQ-03072,P000361,ACC-0179,ACC-0161,False,False,4
REQ-03074,P000366,ACC-0165,,False,False,4
REQ-03075,P000032,ACC-0122,ACC-0007,False,False,9
REQ-03080,P000011,ACC-0213,ACC-0183,False,False,10
REQ-03081,P000436,ACC-0134,ACC-0157,False,False,4
REQ-03083,P000088,ACC-0033,ACC-0111,False,False,10
REQ-03085,P000129,ACC-0141,ACC-0112,False,False,4
REQ-03087,P000088,ACC-0166,ACC-0279,False,False,10
REQ-03092,P000161,ACC-0007,ACC-0134,False,False,8
REQ-03093,P000093,ACC-0167,,False,False,10
REQ-03096,P000233,ACC-0127,ACC-0142,False,False,5
REQ-03097,P000376,ACC-0227,ACC-0281,False,False,4
REQ-03100,P000210,ACC-0280,,False,False,4
REQ-03104,P000123,ACC-0102,,False,False,5
REQ-03105,P000312,ACC-0104,ACC-0138,False,False,5
REQ-03107,P000080,ACC-0233,,False,False,10
REQ-03109,P000419,ACC-0280,ACC-0170,False,False,4
REQ-03110,P000448,ACC-0154,ACC-0111,False,False,4
REQ-03112,P000226,ACC-0202,,False,False,4
REQ-03114,P000029,ACC-0181,,False,False,6
REQ-03116,P000236,ACC-0130,ACC-0206,False,False,5
REQ-03118,P000259,ACC-0002,,False,False,4
REQ-03124,P000206,ACC-0177,ACC-0059,False,False,4
REQ-03125,P000039,ACC-0150,ACC-0127,False,False,10
REQ-03126,P000060,ACC-0063,,False,False,10
REQ-03127,P000356,ACC-0105,,False,False,4
REQ-03130,P000128,ACC-0121,ACC-0248,False,False,8
REQ-03131,P000416,ACC-0007,,False,False,4
REQ-03132,P000183,ACC-0102,ACC-0112,False,False,4
REQ-03134,P000450,ACC-0185,,False,False,4
REQ-03138,P000275,ACC-0195,,False,False,4
REQ-03139,P000198,ACC-0170,ACC-0150,False,False,4
REQ-03140,P000384,ACC-0182,ACC-0284,False,False,4
REQ-03141,P000277,ACC-0295,ACC-0254,False,False,4
REQ-03142,P000388,ACC-0066,ACC-0193,False,False,4
REQ-03144,P000080,ACC-0169,,False,False,10
REQ-03146,P000006,ACC-0284,ACC-0180,False,False,10
REQ-03149,P000336,ACC-0002,ACC-0171,False,False,4
REQ-03150,P000314,ACC-0131,,False,False,4
REQ-03151,P000226,ACC-0112,,False,False,4
REQ-03153,P000193,ACC-0170,,False,False,4
REQ-03154,P000206,ACC-0107,,False,False,4
REQ-03158,P000112,ACC-0258,ACC-0190,False,False,10
REQ-03160,P000167,ACC-0181,ACC-0207,False,False,8
REQ-03162,P000419,ACC-0216,,False,False,4
REQ-03169,P000069,ACC-0212,,False,False,10
REQ-03170,P000409,ACC-0122,,False,False,4
REQ-03172,P000164,ACC-0128,,False,False,4
REQ-03173,P000028,ACC-0159,ACC-0124,False,False,6
REQ-03174,P000261,ACC-0118,,False,False,4
REQ-03175,P000148,ACC-0275,,False,False,10
REQ-03178,P000435,ACC-0122,ACC-0102,False,False,4
REQ-03180,P000114,ACC-0163,ACC-0104,False,False,10
REQ-03181,P000018,ACC-0007,,False,False,5
REQ-03182,P000028,ACC-0105,,False,False,6
REQ-03188,P000162,ACC-0130,ACC-0295,False,False,7
REQ-03190,P000395,ACC-0257,,False,False,4
REQ-03192,P000138,ACC-0170,ACC-0007,False,False,5
REQ-03193,P000353,ACC-0166,,False,False,4
REQ-03195,P000015,ACC-0267,,False,False,10
REQ-03196,P000203,ACC-0171,,False,False,4
REQ-03197,P000092,ACC-0066,,False,False,10
REQ-03198,P000344,ACC-0055,,False,False,4
REQ-03199,P000355,ACC-0112,,False,False,4
REQ-03200,P000112,ACC-0243,ACC-0112,False,False,10
REQ-03203,P000259,ACC-0206,,False,False,4
REQ-03207,P000089,ACC-0159,ACC-0167,False,False,10
REQ-03208,P000384,ACC-0161,,False,False,4
REQ-03210,P000030,ACC-0170,,False,False,10
REQ-03212,P000405,ACC-0063,,False,False,4
REQ-03213,P000119,ACC-0127,,False,False,5
REQ-03214,P000305,ACC-0156,ACC-0109,False,False,4
REQ-03215,P000078,ACC-0252,ACC-0170,False,False,5
REQ-03216,P000180,ACC-0295,,False,False,4
REQ-03217,P000267,ACC-0162,ACC-0066,False,False,5
REQ-03218,P000299,ACC-0239,,False,False,5
REQ-03219,P000424,ACC-0236,,False,False,4
REQ-03221,P000086,ACC-0165,,False,False,10
REQ-03223,P000335,ACC-0105,,False,False,4
REQ-03225,P000367,ACC-0063,ACC-0118,False,False,4
REQ-03226,P000424,ACC-0292,,False,False,4
REQ-03227,P000183,ACC-0170,,False,False,4
REQ-03228,P000188,ACC-0055,,False,False,5
REQ-03229,P000342,ACC-0175,,False,False,4
REQ-03234,P000216,ACC-0039,,False,False,4
REQ-03235,P000131,ACC-0105,,False,False,7
REQ-03236,P000187,ACC-0039,,False,False,5
REQ-03241,P000228,ACC-0253,ACC-0104,False,False,5
REQ-03242,P000309,ACC-0157,,False,False,4
REQ-03243,P000196,ACC-0244,ACC-0243,False,False,3
REQ-03244,P000383,ACC-0247,,False,False,4
REQ-03245,P000021,ACC-0118,,False,False,10
REQ-03248,P000357,ACC-0080,ACC-0182,False,False,4
REQ-03249,P000432,ACC-0162,ACC-0187,False,False,4
REQ-03250,P000415,ACC-0112,ACC-0111,False,False,4
REQ-03251,P000036,ACC-0140,,False,False,7
REQ-03252,P000267,ACC-0209,,False,False,5
REQ-03253,P000059,ACC-0094,,False,False,8
REQ-03254,P000445,ACC-0213,,False,False,4
REQ-03255,P000333,ACC-0283,,False,False,4
REQ-03258,P000415,ACC-0107,,False,False,4
REQ-03260,P000396,ACC-0167,,False,False,4
REQ-03264,P000326,ACC-0175,,False,False,4
REQ-03268,P000208,ACC-0181,ACC-0280,False,False,4
REQ-03269,P000075,ACC-0287,ACC-0153,False,False,5
REQ-03270,P000428,ACC-0282,,False,False,4
REQ-03271,P000340,ACC-0294,,False,False,4
REQ-03275,P000173,ACC-0144,ACC-0112,False,False,5
REQ-03276,P000184,ACC-0279,,False,False,4
REQ-03277,P000283,ACC-0250,,False,False,5
REQ-03279,P000015,ACC-0063,ACC-0146,False,False,10
REQ-03280,P000289,ACC-0295,,False,False,4
REQ-03281,P000026,ACC-0275,,False,False,4
REQ-03282,P000052,ACC-0183,,False,False,10
REQ-03285,P000240,ACC-0245,,False,False,5
REQ-03287,P000384,ACC-0179,ACC-0249,False,False,4
REQ-03288,P000186,ACC-0207,,False,False,4
REQ-03289,P000442,ACC-0248,ACC-0175,False,False,4
REQ-03290,P000151,ACC-0267,,False,False,9
REQ-03291,P000054,ACC-0171,ACC-0175,False,False,10
REQ-03293,P000142,ACC-0102,,False,False,10
REQ-03294,P000075,ACC-0111,ACC-0102,False,False,5
REQ-03295,P000351,ACC-0130,ACC-0147,False,False,4
REQ-03296,P000341,ACC-0138,,False,False,4
REQ-03298,P000182,ACC-0112,ACC-0251,False,False,5
REQ-03302,P000278,ACC-0190,,False,False,4
REQ-03303,P000022,ACC-0118,,False,False,10
REQ-03307,P000343,ACC-0186,,False,False,4
REQ-03308,P000013,ACC-0190,ACC-0112,False,False,10
REQ-03310,P000019,ACC-0104,ACC-0259,False,False,5
REQ-03312,P000146,ACC-0287,,False,False,6
REQ-03313,P000427,ACC-0295,,False,False,4
REQ-03315,P000034,ACC-0007,,False,False,10
REQ-03318,P000414,ACC-0066,ACC-0055,False,False,4
REQ-03319,P000178,ACC-0293,,False,False,5
REQ-03327,P000292,ACC-0249,ACC-0262,False,False,5
REQ-03328,P000206,ACC-0007,,False,False,4
REQ-03329,P000099,ACC-0251,ACC-0281,False,False,9
REQ-03330,P000434,ACC-0248,,False,False,4
REQ-03333,P000261,ACC-0251,,False,False,4
REQ-03334,P000423,ACC-0114,,False,False,4
REQ-03335,P000438,ACC-0102,ACC-0165,False,False,4
REQ-03336,P000407,ACC-0050,,False,False,4
REQ-03337,P000435,ACC-0112,,False,False,4
REQ-03339,P000368,ACC-0112,,False,False,4
REQ-03341,P000106,ACC-0094,,False,False,10
REQ-03343,P000229,ACC-0141,ACC-0267,False,False,4
REQ-03344,P000443,ACC-0107,,False,False,4
REQ-03345,P000345,ACC-0244,ACC-0170,False,False,3
REQ-03346,P000001,ACC-0256,,False,False,10
REQ-03347,P000415,ACC-0112,,False,False,4
REQ-03348,P000119,ACC-0209,,False,False,5
REQ-03349,P000194,ACC-0193,,False,False,6
REQ-03351,P000240,ACC-0288,,False,False,5
REQ-03355,P000027,ACC-0063,ACC-0055,False,False,7
REQ-03357,P000431,ACC-0280,,False,False,4
REQ-03358,P000374,ACC-0282,,False,False,4
REQ-03360,P000109,ACC-0171,,False,False,10
REQ-03362,P000113,ACC-0115,,False,False,10
REQ-03365,P000409,ACC-0104,,False,False,4
REQ-03366,P000134,ACC-0179,,False,False,5
REQ-03367,P000143,ACC-0292,ACC-0171,False,False,10
REQ-03371,P000022,ACC-0212,ACC-0129,False,False,10
REQ-03372,P000215,ACC-0184,,False,False,4
REQ-03374,P000271,ACC-0104,,False,False,4
REQ-03375,P000209,ACC-0155,ACC-0248,False,False,4
REQ-03377,P000013,ACC-0039,,True,True,10
REQ-03378,P000020,ACC-0188,,False,False,5
REQ-03380,P000356,ACC-0292,ACC-0179,False,False,4
REQ-03382,P000361,ACC-0131,,False,False,4
REQ-03383,P000350,ACC-0105,,False,False,4
REQ-03385,P000233,ACC-0171,,False,False,5
REQ-03386,P000088,ACC-0165,,False,False,10
REQ-03387,P000102,ACC-0222,,False,False,10
REQ-03391,P000374,ACC-0050,,False,False,4
REQ-03392,P000315,ACC-0118,,False,False,4
REQ-03393,P000339,ACC-0299,,False,False,4
REQ-03395,P000069,ACC-0004,,False,False,10
REQ-03396,P000232,ACC-0170,,False,False,5
REQ-03397,P000299,ACC-0149,,False,False,5
REQ-03402,P000069,ACC-0295,,False,False,10
REQ-03407,P000158,ACC-0185,,False,False,7
REQ-03409,P000033,ACC-0222,,False,False,9
REQ-03410,P000180,ACC-0206,,False,False,4
REQ-03411,P000325,ACC-0164,,False,False,4
REQ-03412,P000446,ACC-0170,ACC-0254,False,False,4
REQ-03416,P000343,ACC-0207,,False,False,4
REQ-03417,P000346,ACC-0095,ACC-0107,True,True,4
REQ-03418,P000433,ACC-0178,ACC-0281,False,False,4
REQ-03419,P000449,ACC-0050,ACC-0279,False,False,4
REQ-03420,P000070,ACC-0102,ACC-0161,False,False,10
REQ-03421,P000346,ACC-0199,,False,False,4
REQ-03423,P000205,ACC-0184,,False,False,4
REQ-03425,P000114,ACC-0112,ACC-0280,False,False,10
REQ-03426,P000124,ACC-0055,ACC-0023,False,False,8
REQ-03427,P000269,ACC-0160,,False,False,4
REQ-03429,P000343,ACC-0282,,False,False,4
REQ-03431,P000287,ACC-0122,,False,False,4
REQ-03432,P000372,ACC-0118,,False,False,4
REQ-03436,P000190,ACC-0279,ACC-0179,False,False,5
REQ-03439,P000326,ACC-0058,,False,False,4
REQ-03440,P000140,ACC-0063,,False,False,5
REQ-03441,P000416,ACC-0134,,False,False,4
REQ-03442,P000380,ACC-0249,,False,False,4
REQ-03448,P000442,ACC-0213,,False,False,4
REQ-03449,P000132,ACC-0156,,False,False,10
REQ-03450,P000418,ACC-0248,ACC-0118,False,False,4
REQ-03451,P000332,ACC-0183,ACC-0141,False,False,4
REQ-03452,P000104,ACC-0171,,False,False,10
REQ-03456,P000368,ACC-0095,,True,True,4
REQ-03458,P000447,ACC-0159,,False,False,4
REQ-03462,P000027,ACC-0112,,False,False,7
REQ-03463,P000314,ACC-0134,,False,False,4
REQ-03466,P000154,ACC-0134,,False,False,10
REQ-03467,P000038,ACC-0179,,False,False,10
REQ-03469,P000285,ACC-0039,,False,False,4
REQ-03470,P000107,ACC-0022,ACC-0164,True,True,10
REQ-03476,P000212,ACC-0146,ACC-0285,False,False,5
REQ-03481,P000277,ACC-0210,ACC-0155,False,False,4
REQ-03482,P000060,ACC-0112,,False,False,10
REQ-03483,P000448,ACC-0050,ACC-0185,False,False,4
REQ-03485,P000335,ACC-0080,,False,False,4
REQ-03486,P000137,ACC-0116,ACC-0149,False,False,7
REQ-03487,P000130,ACC-0121,,False,False,6
REQ-03488,P000227,ACC-0128,ACC-0227,False,False,5
REQ-03492,P000356,ACC-0123,,False,False,4
REQ-03493,P000361,ACC-0233,,False,False,4
REQ-03497,P000140,ACC-0281,,False,False,5
REQ-03498,P000042,ACC-0121,,False,False,8
REQ-03499,P000212,ACC-0169,ACC-0233,False,False,5
REQ-03500,P000254,ACC-0131,,False,False,4
REQ-03502,P000383,ACC-0168,ACC-0295,False,False,4
REQ-03503,P000228,ACC-0207,,False,False,5
REQ-03505,P000135,ACC-0120,,False,False,10
REQ-03506,P000247,ACC-0153,,False,False,4
REQ-03508,P000027,ACC-0066,ACC-0265,False,False,7
REQ-03509,P000035,ACC-0148,ACC-0140,False,False,8
REQ-03510,P000376,ACC-0118,,False,False,4
REQ-03513,P000056,ACC-0102,ACC-0174,False,False,10
REQ-03514,P000277,ACC-0007,ACC-0283,False,False,4
REQ-03515,P000146,ACC-0169,ACC-0112,False,False,6
REQ-03519,P000322,ACC-0129,,False,False,4
REQ-03521,P000051,ACC-0250,ACC-0206,False,False,9
REQ-03522,P000400,ACC-0231,ACC-0280,False,False,4
REQ-03523,P000045,ACC-0105,,False,False,8
REQ-03525,P000385,ACC-0127,ACC-0254,False,False,4
REQ-03528,P000225,ACC-0193,,False,False,5
REQ-03529,P000130,ACC-0034,ACC-0170,False,False,6
REQ-03530,P000307,ACC-0177,ACC-0128,False,False,4
REQ-03531,P000430,ACC-0248,ACC-0146,False,False,4
REQ-03532,P000072,ACC-0139,,False,False,10
REQ-03535,P000388,ACC-0112,ACC-0144,False,False,4
REQ-03536,P000190,ACC-0184,,False,False,5
REQ-03538,P000377,ACC-0214,ACC-0168,False,False,4
REQ-03543,P000254,ACC-0125,,False,False,4
REQ-03546,P000339,ACC-0146,,False,False,4
REQ-03547,P000431,ACC-0164,,False,False,4
REQ-03549,P000218,ACC-0102,ACC-0112,False,False,5
REQ-03551,P000430,ACC-0247,ACC-0182,False,False,4
REQ-03552,P000238,ACC-0187,,False,False,5
REQ-03553,P000245,ACC-0118,ACC-0253,False,False,4
REQ-03555,P000070,ACC-0258,ACC-0131,False,False,10
REQ-03556,P000299,ACC-0197,ACC-0281,False,False,5
REQ-03557,P000081,ACC-0253,ACC-0022,False,False,6
REQ-03558,P000338,ACC-0134,,False,False,4
REQ-03561,P000158,ACC-0104,,False,False,7
REQ-03562,P000039,ACC-0105,ACC-0179,False,False,10
REQ-03563,P000264,ACC-0249,,False,False,4
REQ-03564,P000230,ACC-0206,,False,False,5
REQ-03567,P000445,ACC-0032,,False,False,4
REQ-03568,P000102,ACC-0283,,False,False,10
REQ-03570,P000373,ACC-0184,,False,False,4
REQ-03571,P000415,ACC-0168,,False,False,4
REQ-03572,P000120,ACC-0075,ACC-0039,False,False,10
REQ-03575,P000182,ACC-0286,,False,False,5
REQ-03576,P000295,ACC-0148,ACC-0187,False,False,5
REQ-03577,P000243,ACC-0172,,False,False,5
REQ-03578,P000399,ACC-0134,,False,False,4
REQ-03579,P000015,ACC-0111,,False,False,10
REQ-03581,P000444,ACC-0204,ACC-0277,False,False,4
REQ-03585,P000041,ACC-0062,ACC-0288,False,False,5
REQ-03586,P000146,ACC-0239,,False,False,6
REQ-03588,P000410,ACC-0166,,False,False,4
REQ-03590,P000055,ACC-0112,,False,False,10
REQ-03591,P000007,ACC-0118,,False,False,10
REQ-03594,P000224,ACC-0177,,False,False,5
REQ-03597,P000248,ACC-0232,,False,False,4
REQ-03598,P000402,ACC-0104,ACC-0138,False,False,4
REQ-03599,P000182,ACC-0187,,False,False,5
REQ-03602,P000221,ACC-0075,,True,True,5
REQ-03604,P000059,ACC-0175,ACC-0143,False,False,8
REQ-03607,P000345,ACC-0118,ACC-0277,False,False,3
REQ-03611,P000400,ACC-0202,,False,False,4
REQ-03612,P000210,ACC-0156,,False,False,4
REQ-03616,P000077,ACC-0170,,False,False,10
REQ-03618,P000310,ACC-0197,,False,False,4
REQ-03619,P000052,ACC-0282,,False,False,10
REQ-03621,P000122,ACC-0264,,False,False,10
REQ-03623,P000092,ACC-0109,ACC-0162,False,False,10
REQ-03624,P000083,ACC-0166,,False,False,7
REQ-03625,P000001,ACC-0102,,False,False,10
REQ-03626,P000401,ACC-0277,,False,False,4
REQ-03628,P000374,ACC-0112,,False,False,4
REQ-03630,P000167,ACC-0206,,False,False,8
REQ-03632,P000088,ACC-0123,,False,False,10
REQ-03633,P000107,ACC-0123,,False,False,10
REQ-03634,P000138,ACC-0275,,False,False,5
REQ-03635,P000034,ACC-0118,,False,False,10
REQ-03637,P000245,ACC-0170,ACC-0100,False,False,4
REQ-03640,P000285,ACC-0118,,False,False,4
REQ-03641,P000243,ACC-0118,,False,False,5
REQ-03642,P000113,ACC-0112,,False,False,10
REQ-03643,P000314,ACC-0059,,True,True,4
REQ-03645,P000305,ACC-0170,ACC-0192,False,False,4
REQ-03646,P000103,ACC-0172,,False,False,5
REQ-03649,P000298,ACC-0267,,False,False,5
REQ-03650,P000119,ACC-0134,,False,False,5
REQ-03651,P000372,ACC-0050,,False,False,4
REQ-03654,P000409,ACC-0190,,False,False,4
REQ-03655,P000258,ACC-0127,ACC-0063,False,False,4
REQ-03656,P000283,ACC-0197,ACC-0063,False,False,5
REQ-03657,P000315,ACC-0004,,False,False,4
REQ-03659,P000276,ACC-0167,,False,False,4
REQ-03660,P000133,ACC-0105,ACC-0267,False,False,10
REQ-03661,P000234,ACC-0115,,False,False,5
REQ-03662,P000436,ACC-0293,,False,False,4
REQ-03670,P000230,ACC-0236,,False,False,5
REQ-03672,P000145,ACC-0170,,False,False,5
REQ-03677,P000056,ACC-0129,,False,False,10
REQ-03678,P000043,ACC-0055,,False,False,5
REQ-03679,P000289,ACC-0156,ACC-0293,False,False,4
REQ-03683,P000165,ACC-0171,ACC-0187,False,False,9
REQ-03684,P000419,ACC-0112,,False,False,4
REQ-03685,P000322,ACC-0277,,False,False,4
REQ-03686,P000188,ACC-0285,ACC-0124,False,False,5
REQ-03688,P000138,ACC-0028,,False,False,5
REQ-03689,P000189,ACC-0128,ACC-0254,False,False,6
REQ-03693,P000060,ACC-0178,ACC-0022,False,True,10
REQ-03695,P000182,ACC-0166,,False,False,5
REQ-03696,P000117,ACC-0280,,False,False,8
REQ-03697,P000158,ACC-0127,ACC-0153,False,False,7
REQ-03698,P000383,ACC-0170,,False,False,4
REQ-03700,P000256,ACC-0171,ACC-0107,False,False,4
REQ-03701,P000061,ACC-0200,,False,False,3
REQ-03703,P000105,ACC-0170,,False,False,6
REQ-03705,P000354,ACC-0184,ACC-0177,False,False,4
REQ-03706,P000322,ACC-0250,ACC-0121,False,False,4
REQ-03707,P000427,ACC-0281,,False,False,4
REQ-03711,P000138,ACC-0118,ACC-0195,False,False,5
REQ-03712,P000128,ACC-0127,ACC-0135,False,False,8
REQ-03713,P000405,ACC-0118,ACC-0082,False,False,4
REQ-03714,P000378,ACC-0259,,False,False,4
REQ-03715,P000301,ACC-0171,ACC-0257,False,False,5
REQ-03717,P000251,ACC-0170,,False,False,4
REQ-03719,P000264,ACC-0075,,False,False,4
REQ-03721,P000285,ACC-0170,ACC-0157,False,False,4
REQ-03722,P000236,ACC-0181,ACC-0170,False,False,5
REQ-03724,P000151,ACC-0114,,False,False,9
REQ-03725,P000042,ACC-0142,,False,False,8
REQ-03727,P000135,ACC-0125,,False,False,10
REQ-03728,P000412,ACC-0222,,False,False,4
REQ-03729,P000104,ACC-0222,ACC-0031,False,False,10
REQ-03730,P000237,ACC-0090,ACC-0212,False,False,5
REQ-03731,P000187,ACC-0170,,False,False,5
REQ-03732,P000431,ACC-0195,ACC-0266,False,False,4
REQ-03733,P000177,ACC-0131,ACC-0244,False,False,5
REQ-03734,P000036,ACC-0280,ACC-0138,False,False,7
REQ-03735,P000111,ACC-0213,,False,False,10
REQ-03738,P000392,ACC-0112,,False,False,4
REQ-03742,P000207,ACC-0095,,False,False,4
REQ-03744,P000404,ACC-0292,,False,False,4
REQ-03745,P000412,ACC-0112,ACC-0075,False,True,4
REQ-03746,P000046,ACC-0295,ACC-0039,False,True,5
REQ-03747,P000027,ACC-0144,,False,False,7
REQ-03750,P000246,ACC-0205,,False,False,4
REQ-03752,P000067,ACC-0170,,False,False,8
REQ-03753,P000005,ACC-0286,ACC-0229,False,False,10
REQ-03754,P000424,ACC-0022,ACC-0178,False,False,4
REQ-03755,P000282,ACC-0138,,False,False,4
REQ-03756,P000424,ACC-0023,,False,False,4
REQ-03760,P000158,ACC-0171,ACC-0125,False,False,7
REQ-03761,P000415,ACC-0206,,False,False,4
REQ-03762,P000281,ACC-0158,,False,False,4
REQ-03764,P000089,ACC-0177,,False,False,10
REQ-03766,P000130,ACC-0107,,False,False,6
REQ-03767,P000360,ACC-0170,,False,False,4
REQ-03770,P000057,ACC-0122,,False,False,9
REQ-03772,P000147,ACC-0127,,False,False,7
REQ-03773,P000216,ACC-0179,,False,False,4
REQ-03774,P000285,ACC-0287,,False,False,4
REQ-03776,P000070,ACC-0290,,False,False,10
REQ-03780,P000373,ACC-0131,,False,False,4
REQ-03781,P000326,ACC-0075,,False,False,4
REQ-03782,P000049,ACC-0138,,False,False,10
REQ-03784,P000424,ACC-0289,ACC-0181,False,False,4
REQ-03786,P000239,ACC-0134,,False,False,5
REQ-03789,P000419,ACC-0295,ACC-0125,False,False,4
REQ-03792,P000324,ACC-0283,,False,False,4
REQ-03795,P000062,ACC-0213,ACC-0164,False,False,10
REQ-03796,P000214,ACC-0129,ACC-0183,False,False,4
REQ-03797,P000253,ACC-0118,ACC-0227,False,False,4
REQ-03798,P000223,ACC-0082,ACC-0200,False,False,5
REQ-03799,P000072,ACC-0068,,False,False,10
REQ-03801,P000404,ACC-0281,ACC-0209,False,False,4
REQ-03803,P000088,ACC-0283,,False,False,10
REQ-03805,P000131,ACC-0200,,False,False,7
REQ-03807,P000097,ACC-0118,,False,False,6
REQ-03810,P000331,ACC-0134,,False,False,4
REQ-03812,P000119,ACC-0063,ACC-0170,False,False,5
REQ-03818,P000378,ACC-0180,,False,False,4
REQ-03822,P000256,ACC-0197,ACC-0204,False,False,4
REQ-03824,P000273,ACC-0277,ACC-0239,False,False,4
REQ-03827,P000104,ACC-0153,ACC-0102,False,False,10
REQ-03828,P000048,ACC-0156,,False,False,5
REQ-03829,P000009,ACC-0282,,False,False,9
REQ-03830,P000123,ACC-0112,,False,False,5
REQ-03831,P000088,ACC-0113,ACC-0122,False,False,10
REQ-03834,P000074,ACC-0213,ACC-0170,False,False,8
REQ-03835,P000149,ACC-0275,ACC-0112,False,False,5
REQ-03837,P000202,ACC-0112,,False,False,4
REQ-03838,P000277,ACC-0032,,False,False,4
REQ-03839,P000384,ACC-0153,,False,False,4
REQ-03840,P000036,ACC-0212,,False,False,7
REQ-03841,P000362,ACC-0023,,False,False,4
REQ-03844,P000388,ACC-0162,,False,False,4
REQ-03845,P000054,ACC-0285,ACC-0170,False,False,10
REQ-03849,P000263,ACC-0145,,False,False,4
REQ-03852,P000170,ACC-0116,,False,False,6
REQ-03856,P000103,ACC-0283,,False,False,5
REQ-03858,P000324,ACC-0106,ACC-0288,False,False,4
REQ-03861,P000321,ACC-0141,,False,False,4
REQ-03862,P000179,ACC-0112,,False,False,5
REQ-03865,P000074,ACC-0096,,False,False,8
REQ-03866,P000163,ACC-0243,ACC-0112,False,False,10
REQ-03867,P000357,ACC-0153,,False,False,4
REQ-03868,P000436,ACC-0055,,False,False,4
REQ-03869,P000074,ACC-0131,ACC-0007,False,False,8
REQ-03870,P000211,ACC-0207,,False,False,5
REQ-03871,P000371,ACC-0157,,False,False,4
REQ-03872,P000244,ACC-0196,,False,False,5
REQ-03875,P000052,ACC-0177,,False,False,10
REQ-03877,P000399,ACC-0183,,False,False,4
REQ-03878,P000010,ACC-0095,,True,True,7
REQ-03880,P000097,ACC-0250,ACC-0170,False,False,6
REQ-03881,P000439,ACC-0283,,False,False,4
REQ-03891,P000109,ACC-0259,,False,False,10
REQ-03892,P000422,ACC-0068,,False,False,4
REQ-03893,P000415,ACC-0112,,False,False,4
REQ-03894,P000111,ACC-0039,,False,False,10
REQ-03895,P000297,ACC-0135,,False,False,5
REQ-03897,P000213,ACC-0174,,False,False,4
REQ-03901,P000300,ACC-0170,ACC-0144,False,False,5
REQ-03905,P000187,ACC-0050,,False,False,5
REQ-03906,P000374,ACC-0283,,False,False,4
REQ-03907,P000266,ACC-0207,ACC-0159,False,False,4
REQ-03908,P000120,ACC-0266,,False,False,10
REQ-03909,P000172,ACC-0082,ACC-0125,False,False,4
REQ-03910,P000211,ACC-0155,,False,False,5
REQ-03911,P000042,ACC-0132,,False,False,8
REQ-03912,P000272,ACC-0102,,False,False,4
REQ-03914,P000111,ACC-0253,ACC-0263,False,False,10
REQ-03915,P000283,ACC-0177,,False,False,5
REQ-03918,P000043,ACC-0118,,False,False,5
REQ-03920,P000162,ACC-0212,ACC-0161,False,False,7
REQ-03922,P000376,ACC-0244,ACC-0166,False,False,4
REQ-03923,P000204,ACC-0167,,False,False,4
REQ-03924,P000313,ACC-0080,,False,False,5
REQ-03926,P000015,ACC-0215,,False,False,10
REQ-03929,P000156,ACC-0209,ACC-0287,False,False,10
REQ-03931,P000407,ACC-0293,ACC-0120,False,False,4
REQ-03932,P000118,ACC-0121,,False,False,8
REQ-03934,P000078,ACC-0166,,False,False,5
REQ-03938,P000418,ACC-0102,ACC-0118,False,False,4
REQ-03939,P000299,ACC-0185,,False,False,5
REQ-03940,P000069,ACC-0059,ACC-0090,True,True,10
REQ-03941,P000449,ACC-0112,ACC-0066,False,False,4
REQ-03943,P000253,ACC-0174,,False,False,4
REQ-03945,P000201,ACC-0209,ACC-0066,False,False,4
REQ-03946,P000263,ACC-0155,,False,False,4
REQ-03947,P000276,ACC-0094,,False,False,4
REQ-03948,P000167,ACC-0155,,False,False,8
REQ-03949,P000332,ACC-0190,,False,False,4
REQ-03953,P000284,ACC-0156,,False,False,4
REQ-03954,P000261,ACC-0288,,False,False,4
REQ-03957,P000021,ACC-0124,ACC-0276,False,False,10
REQ-03958,P000076,ACC-0282,,False,False,10
REQ-03960,P000018,ACC-0130,ACC-0105,False,False,5
REQ-03961,P000188,ACC-0239,ACC-0212,False,False,5
REQ-03964,P000347,ACC-0153,,False,False,4
REQ-03968,P000323,ACC-0055,,False,False,4
REQ-03969,P000017,ACC-0127,,False,False,10
REQ-03970,P000048,ACC-0007,,False,False,5
REQ-03974,P000087,ACC-0184,ACC-0055,False,False,7
REQ-03975,P000336,ACC-0039,,False,False,4
REQ-03976,P000400,ACC-0104,ACC-0256,False,False,4
REQ-03977,P000256,ACC-0281,ACC-0185,False,False,4
REQ-03978,P000201,ACC-0285,,False,False,4
REQ-03980,P000263,ACC-0023,ACC-0294,False,False,4
REQ-03981,P000424,ACC-0263,,False,False,4
REQ-03984,P000211,ACC-0167,ACC-0034,False,False,5
REQ-03986,P000275,ACC-0193,,False,False,4
REQ-03987,P000204,ACC-0122,,False,False,4
REQ-03988,P000333,ACC-0104,ACC-0141,False,False,4
REQ-03989,P000447,ACC-0034,ACC-0177,False,False,4
REQ-03990,P000411,ACC-0171,ACC-0167,False,False,4
REQ-03995,P000297,ACC-0104,ACC-0007,False,False,5
REQ-03998,P000168,ACC-0248,ACC-0075,False,False,10
REQ-04000,P000128,ACC-0213,ACC-0104,False,False,8
REQ-04002,P000288,ACC-0190,ACC-0239,False,False,4
REQ-04003,P000172,ACC-0212,,False,False,4
REQ-04004,P000166,ACC-0171,ACC-0229,False,False,10
REQ-04006,P000111,ACC-0277,,False,False,10
REQ-04007,P000311,ACC-0212,ACC-0082,False,False,5
REQ-04008,P000201,ACC-0183,ACC-0159,False,False,4
REQ-04010,P000326,ACC-0167,ACC-0204,False,False,4
REQ-04012,P000389,ACC-0138,,False,False,4
REQ-04013,P000251,ACC-0100,ACC-0007,False,False,4
REQ-04015,P000413,ACC-0156,,False,False,4
REQ-04018,P000134,ACC-0286,ACC-0100,False,False,5
REQ-04019,P000448,ACC-0007,ACC-0158,False,False,4
REQ-04020,P000344,ACC-0256,,False,False,4
REQ-04021,P000077,ACC-0063,,False,False,10
REQ-04026,P000394,ACC-0237,,False,False,4
REQ-04027,P000109,ACC-0028,,False,False,10
REQ-04030,P000013,ACC-0131,ACC-0232,False,False,10
REQ-04031,P000331,ACC-0193,,False,False,4
REQ-04032,P000162,ACC-0112,,False,False,7
REQ-04033,P000049,ACC-0292,ACC-0282,False,False,10
REQ-04035,P000040,ACC-0102,,False,False,5
REQ-04037,P000299,ACC-0289,,False,False,5
REQ-04039,P000396,ACC-0206,,False,False,4
REQ-04042,P000223,ACC-0295,,False,False,5
REQ-04043,P000304,ACC-0112,ACC-0127,False,False,5
REQ-04044,P000011,ACC-0287,ACC-0109,False,False,10
REQ-04047,P000279,ACC-0066,ACC-0125,False,False,4
REQ-04048,P000121,ACC-0034,,False,False,10
REQ-04049,P000253,ACC-0246,ACC-0039,False,False,4
REQ-04052,P000279,ACC-0206,,False,False,4
REQ-04054,P000124,ACC-0182,,False,False,8
REQ-04055,P000096,ACC-0199,,False,False,8
REQ-04056,P000434,ACC-0287,ACC-0169,False,False,4
REQ-04057,P000386,ACC-0167,,False,False,4
REQ-04059,P000009,ACC-0239,,False,False,9
REQ-04060,P000450,ACC-0139,,False,False,4
REQ-04061,P000205,ACC-0263,,False,False,4
REQ-04063,P000009,ACC-0295,,False,False,9
REQ-04067,P000045,ACC-0118,,False,False,8
REQ-04070,P000011,ACC-0212,,False,False,10
REQ-04072,P000320,ACC-0147,,False,False,4
REQ-04073,P000342,ACC-0281,,False,False,4
REQ-04074,P000307,ACC-0007,ACC-0277,False,False,4
REQ-04075,P000202,ACC-0174,ACC-0212,False,False,4
REQ-04077,P000256,ACC-0253,,False,False,4
REQ-04079,P000062,ACC-0059,,True,True,10
REQ-04080,P000230,ACC-0275,,False,False,5
REQ-04082,P000023,ACC-0184,,False,False,10
REQ-04083,P000132,ACC-0102,,False,False,10
REQ-04084,P000141,ACC-0170,ACC-0250,False,False,9
REQ-04085,P000063,ACC-0051,,False,False,6
REQ-04086,P000005,ACC-0039,,False,False,10
REQ-04089,P000408,ACC-0138,,False,False,4
REQ-04091,P000100,ACC-0296,,False,False,8
REQ-04092,P000308,ACC-0222,,False,False,4
REQ-04094,P000374,ACC-0308,ACC-0142,False,False,4
REQ-04095,P000205,ACC-0148,,False,False,4
REQ-04096,P000248,ACC-0114,,False,False,4
REQ-04099,P000087,ACC-0250,,False,False,7
REQ-04100,P000439,ACC-0112,ACC-0265,False,False,4
REQ-04102,P000071,ACC-0207,,False,False,7
REQ-04103,P000371,ACC-0161,ACC-0227,False,False,4
REQ-04104,P000303,ACC-0094,ACC-0034,False,False,5
REQ-04105,P000266,ACC-0080,,False,False,4
REQ-04107,P000371,ACC-0222,ACC-0157,False,False,4
REQ-04110,P000003,ACC-0266,,False,False,10
REQ-04112,P000429,ACC-0308,ACC-0262,False,False,4
REQ-04113,P000413,ACC-0101,,False,False,4
REQ-04114,P000277,ACC-0214,,False,False,4
REQ-04115,P000223,ACC-0058,,False,False,5
REQ-04117,P000284,ACC-0022,,False,False,4
REQ-04119,P000180,ACC-0199,ACC-0170,False,False,4
REQ-04121,P000024,ACC-0097,,False,False,10
REQ-04125,P000337,ACC-0191,,False,False,4
REQ-04126,P000114,ACC-0183,ACC-0267,False,False,10
REQ-04127,P000337,ACC-0146,ACC-0106,False,False,4
REQ-04128,P000182,ACC-0140,ACC-0105,False,False,5
REQ-04129,P000351,ACC-0179,,False,False,4
REQ-04135,P000113,ACC-0079,,False,False,10
REQ-04137,P000140,ACC-0134,ACC-0161,False,False,5
REQ-04141,P000204,ACC-0253,,False,False,4
REQ-04142,P000239,ACC-0063,ACC-0028,False,False,5
REQ-04148,P000171,ACC-0082,ACC-0007,False,False,5
REQ-04149,P000098,ACC-0090,,False,False,9
REQ-04151,P000296,ACC-0210,,False,False,5
REQ-04154,P000089,ACC-0068,,True,True,10
REQ-04155,P000342,ACC-0109,ACC-0171,False,False,4
REQ-04157,P000381,ACC-0034,ACC-0190,False,False,4
REQ-04158,P000196,ACC-0162,,False,False,3
REQ-04160,P000326,ACC-0140,,False,False,4
REQ-04161,P000106,ACC-0144,ACC-0207,False,False,10
REQ-04163,P000199,ACC-0196,,False,False,4
REQ-04165,P000002,ACC-0159,ACC-0171,False,False,10
REQ-04167,P000140,ACC-0170,ACC-0283,False,False,5
REQ-04169,P000128,ACC-0112,ACC-0107,False,False,8
REQ-04171,P000408,ACC-0213,,False,False,4
REQ-04172,P000224,ACC-0247,,False,False,5
REQ-04174,P000306,ACC-0257,ACC-0204,False,False,4
REQ-04179,P000125,ACC-0112,,False,False,10
REQ-04180,P000105,ACC-0277,,False,False,6
REQ-04185,P000313,ACC-0245,,False,False,5
REQ-04188,P000078,ACC-0156,,False,False,5
REQ-04190,P000305,ACC-0063,,False,False,4
REQ-04191,P000418,ACC-0287,,False,False,4
REQ-04192,P000022,ACC-0267,ACC-0118,False,False,10
REQ-04195,P000145,ACC-0170,ACC-0130,False,False,5
REQ-04196,P000236,ACC-0100,,False,False,5
REQ-04198,P000132,ACC-0254,,False,False,10
REQ-04200,P000178,ACC-0112,,False,False,5
REQ-04201,P000072,ACC-0295,,False,False,10
REQ-04204,P000377,ACC-0281,,False,False,4
REQ-04208,P000213,ACC-0281,ACC-0133,False,False,4
REQ-04209,P000235,ACC-0289,,False,False,4
REQ-04211,P000343,ACC-0161,,False,False,4
REQ-04212,P000371,ACC-0134,ACC-0264,False,False,4
REQ-04214,P000275,ACC-0239,,False,False,4
REQ-04215,P000200,ACC-0118,,False,False,4
REQ-04217,P000305,ACC-0113,,False,False,4
REQ-04220,P000176,ACC-0166,ACC-0288,False,False,5
REQ-04222,P000229,ACC-0034,ACC-0221,False,False,4
REQ-04223,P000294,ACC-0182,,False,False,5
REQ-04224,P000230,ACC-0133,ACC-0107,False,False,5
REQ-04226,P000415,ACC-0131,,False,False,4
REQ-04227,P000059,ACC-0250,ACC-0170,False,False,8
REQ-04228,P000325,ACC-0144,,False,False,4
REQ-04229,P000030,ACC-0233,,False,False,10
REQ-04230,P000192,ACC-0131,,False,False,6
REQ-04231,P000316,ACC-0033,,False,False,4
REQ-04233,P000215,ACC-0153,,False,False,4
REQ-04234,P000276,ACC-0112,ACC-0063,False,False,4
REQ-04235,P000139,ACC-0118,,False,False,8
REQ-04237,P000118,ACC-0254,ACC-0007,False,False,8
REQ-04241,P000059,ACC-0055,ACC-0197,False,False,8
REQ-04242,P000107,ACC-0112,,False,False,10
REQ-04243,P000104,ACC-0131,,False,False,10
REQ-04244,P000391,ACC-0134,,False,False,4
REQ-04247,P000320,ACC-0166,ACC-0023,False,False,4
REQ-04249,P000346,ACC-0257,,False,False,4
REQ-04250,P000022,ACC-0114,,False,False,10
REQ-04254,P000305,ACC-0107,,False,False,4
REQ-04256,P000094,ACC-0280,,False,False,9
REQ-04257,P000436,ACC-0144,,False,False,4
REQ-04259,P000199,ACC-0101,,False,False,4
REQ-04267,P000012,ACC-0251,,False,False,10
REQ-04268,P000090,ACC-0181,,False,False,10
REQ-04269,P000350,ACC-0144,ACC-0170,False,False,4
REQ-04272,P000126,ACC-0144,,False,False,10
REQ-04278,P000067,ACC-0144,,False,False,8
REQ-04280,P000350,ACC-0170,,False,False,4
REQ-04285,P000239,ACC-0278,,False,False,5
REQ-04286,P000184,ACC-0107,,False,False,4
REQ-04288,P000152,ACC-0161,,False,False,9
REQ-04289,P000320,ACC-0184,,False,False,4
REQ-04293,P000145,ACC-0222,ACC-0181,False,False,5
REQ-04294,P000295,ACC-0190,ACC-0209,False,False,5
REQ-04296,P000413,ACC-0170,ACC-0253,False,False,4
REQ-04297,P000249,ACC-0055,,False,False,4
REQ-04298,P000123,ACC-0228,ACC-0127,False,False,5
REQ-04300,P000427,ACC-0191,,False,False,4
REQ-04301,P000138,ACC-0249,,False,False,5
REQ-04302,P000432,ACC-0277,,False,False,4
REQ-04306,P000080,ACC-0034,ACC-0066,False,True,10
REQ-04307,P000151,ACC-0171,ACC-0039,False,True,9
REQ-04308,P000031,ACC-0233,,False,False,5
REQ-04309,P000359,ACC-0130,,False,False,4
REQ-04310,P000404,ACC-0092,,False,False,4
REQ-04315,P000389,ACC-0170,,False,False,4
REQ-04316,P000134,ACC-0144,,False,False,5
REQ-04318,P000204,ACC-0170,ACC-0118,False,False,4
REQ-04319,P000422,ACC-0233,,False,False,4
REQ-04321,P000265,ACC-0128,,False,False,4
REQ-04322,P000171,ACC-0063,,False,False,5
REQ-04323,P000112,ACC-0279,,False,False,10
REQ-04325,P000328,ACC-0209,,False,False,4
REQ-04327,P000327,ACC-0007,,False,False,4
REQ-04328,P000354,ACC-0107,ACC-0144,False,False,4
REQ-04330,P000437,ACC-0080,,False,False,4
REQ-04331,P000298,ACC-0112,ACC-0174,False,False,5
REQ-04334,P000308,ACC-0167,,False,False,4
REQ-04335,P000151,ACC-0252,,False,False,9
REQ-04337,P000260,ACC-0121,ACC-0175,False,False,4
REQ-04340,P000313,ACC-0079,,True,True,5
REQ-04341,P000018,ACC-0207,,False,False,5
REQ-04347,P000356,ACC-0281,ACC-0167,False,False,4
REQ-04348,P000332,ACC-0112,ACC-0155,False,False,4
REQ-04350,P000057,ACC-0219,,False,False,9
REQ-04351,P000079,ACC-0183,,False,False,10
REQ-04352,P000368,ACC-0187,,False,False,4
REQ-04356,P000377,ACC-0131,ACC-0028,False,True,4
REQ-04358,P000447,ACC-0118,,False,False,4
REQ-04359,P000418,ACC-0101,,False,False,4
REQ-04361,P000083,ACC-0263,ACC-0138,False,False,7
REQ-04362,P000281,ACC-0102,,False,False,4
REQ-04364,P000083,ACC-0183,,False,False,7
REQ-04366,P000233,ACC-0164,,False,False,5
REQ-04367,P000027,ACC-0066,,False,False,7
REQ-04368,P000125,ACC-0206,ACC-0075,False,False,10
REQ-04372,P000398,ACC-0109,,False,False,4
REQ-04374,P000125,ACC-0289,,False,False,10
REQ-04376,P000408,ACC-0118,,False,False,4
REQ-04379,P000099,ACC-0288,ACC-0285,False,False,9
REQ-04380,P000223,ACC-0125,ACC-0170,False,False,5
REQ-04383,P000061,ACC-0195,ACC-0170,False,False,3
REQ-04388,P000238,ACC-0104,,False,False,5
REQ-04391,P000018,ACC-0028,,False,False,5
REQ-04393,P000283,ACC-0155,ACC-0161,False,False,5
REQ-04397,P000210,ACC-0179,,False,False,4
REQ-04398,P000245,ACC-0257,,False,False,4
REQ-04402,P000416,ACC-0180,,False,False,4
REQ-04403,P000100,ACC-0248,,False,False,8
REQ-04406,P000330,ACC-0170,ACC-0055,False,False,4
REQ-04407,P000098,ACC-0139,,False,False,9
REQ-04411,P000001,ACC-0248,,False,False,10
REQ-04412,P000086,ACC-0125,,False,False,10
REQ-04415,P000004,ACC-0267,,False,False,10
REQ-04416,P000385,ACC-0167,,False,False,4
REQ-04417,P000208,ACC-0178,,False,False,4
REQ-04418,P000438,ACC-0118,,False,False,4
REQ-04420,P000411,ACC-0229,,False,False,4
REQ-04425,P000304,ACC-0109,,False,False,5
REQ-04427,P000404,ACC-0258,,False,False,4
REQ-04429,P000236,ACC-0177,,False,False,5
REQ-04430,P000094,ACC-0191,,False,False,9
REQ-04431,P000090,ACC-0200,ACC-0145,False,False,10
REQ-04432,P000441,ACC-0188,ACC-0090,False,False,4
REQ-04435,P000195,ACC-0111,ACC-0134,False,False,4
REQ-04438,P000027,ACC-0138,,False,False,7
REQ-04440,P000002,ACC-0286,ACC-0112,False,False,10
REQ-04441,P000362,ACC-0249,ACC-0102,False,False,4
REQ-04443,P000015,ACC-0002,,False,False,10
REQ-04445,P000195,ACC-0171,ACC-0153,False,False,4
REQ-04446,P000390,ACC-0157,,False,False,4
REQ-04448,P000142,ACC-0254,,False,False,10
REQ-04449,P000378,ACC-0122,,False,False,4
REQ-04450,P000212,ACC-0288,,False,False,5
REQ-04451,P000288,ACC-0170,,False,False,4
REQ-04452,P000326,ACC-0022,,False,False,4
REQ-04453,P000317,ACC-0058,,False,False,4
REQ-04456,P000081,ACC-0128,,False,False,6
REQ-04457,P000428,ACC-0283,,False,False,4
REQ-04459,P000031,ACC-0178,,False,False,5
REQ-04461,P000152,ACC-0287,,False,False,9
REQ-04462,P000103,ACC-0287,,False,False,5
REQ-04464,P000014,ACC-0179,ACC-0161,False,False,10
REQ-04466,P000075,ACC-0131,,False,False,5
REQ-04467,P000174,ACC-0063,ACC-0170,False,False,6
REQ-04468,P000318,ACC-0265,,False,False,4
REQ-04473,P000366,ACC-0118,ACC-0170,False,False,4
REQ-04476,P000365,ACC-0007,ACC-0162,False,False,4
REQ-04477,P000386,ACC-0171,,False,False,4
REQ-04480,P000412,ACC-0229,,False,False,4
REQ-04482,P000003,ACC-0166,ACC-0275,False,False,10
REQ-04483,P000007,ACC-0193,ACC-0195,False,False,10
REQ-04488,P000243,ACC-0283,,False,False,5
REQ-04490,P000247,ACC-0112,,False,False,4
REQ-04495,P000067,ACC-0145,,False,False,8
REQ-04496,P000369,ACC-0166,,False,False,4
REQ-04497,P000006,ACC-0105,ACC-0149,False,False,10
REQ-04498,P000361,ACC-0155,,False,False,4
REQ-04499,P000173,ACC-0161,ACC-0248,False,False,5
REQ-04504,P000278,ACC-0033,,False,False,4
REQ-04508,P000439,ACC-0118,,False,False,4
REQ-04510,P000373,ACC-0008,ACC-0239,False,False,4
REQ-04511,P000233,ACC-0172,,False,False,5
REQ-04512,P000298,ACC-0254,ACC-0104,False,False,5
REQ-04515,P000222,ACC-0184,,False,False,5
REQ-04517,P000227,ACC-0155,,False,False,5
REQ-04518,P000051,ACC-0177,,False,False,9
REQ-04519,P000219,ACC-0170,,False,False,5
REQ-04521,P000269,ACC-0287,,False,False,4
REQ-04528,P000323,ACC-0249,,False,False,4
REQ-04529,P000247,ACC-0059,ACC-0277,False,False,4
REQ-04532,P000272,ACC-0167,,False,False,4
REQ-04533,P000392,ACC-0112,ACC-0162,False,False,4
REQ-04535,P000014,ACC-0283,,False,False,10
REQ-04537,P000123,ACC-0144,ACC-0232,False,False,5
REQ-04539,P000131,ACC-0163,,False,False,7
REQ-04542,P000294,ACC-0177,,False,False,5
REQ-04543,P000336,ACC-0112,,False,False,4
REQ-04544,P000269,ACC-0161,ACC-0156,False,False,4
REQ-04545,P000379,ACC-0007,,False,False,4
REQ-04546,P000298,ACC-0131,,False,False,5
REQ-04550,P000343,ACC-0167,,False,False,4
REQ-04551,P000437,ACC-0022,ACC-0170,False,False,4
REQ-04552,P000202,ACC-0130,ACC-0134,False,False,4
REQ-04554,P000053,ACC-0162,ACC-0156,False,False,5
REQ-04555,P000016,ACC-0132,,False,False,9
REQ-04558,P000432,ACC-0231,,False,False,4
REQ-04559,P000118,ACC-0128,ACC-0292,False,False,8
REQ-04560,P000398,ACC-0277,,False,False,4
REQ-04562,P000121,ACC-0171,,False,False,10
REQ-04564,P000266,ACC-0080,ACC-0007,False,False,4
REQ-04565,P000388,ACC-0135,ACC-0007,False,False,4
REQ-04567,P000284,ACC-0256,ACC-0290,False,False,4
REQ-04568,P000151,ACC-0153,ACC-0125,False,False,9
REQ-04569,P000025,ACC-0293,,False,False,10
REQ-04571,P000034,ACC-0112,ACC-0186,False,False,10
REQ-04578,P000144,ACC-0200,ACC-0145,False,False,6
REQ-04579,P000430,ACC-0283,,False,False,4
REQ-04580,P000140,ACC-0193,,False,False,5
REQ-04582,P000053,ACC-0066,ACC-0111,False,False,5
REQ-04584,P000275,ACC-0283,,False,False,4
REQ-04587,P000263,ACC-0050,,False,False,4
REQ-04588,P000266,ACC-0097,ACC-0292,False,False,4
REQ-04589,P000003,ACC-0184,ACC-0138,False,False,10
REQ-04590,P000281,ACC-0007,,False,False,4
REQ-04592,P000202,ACC-0288,,False,False,4
REQ-04593,P000255,ACC-0171,,False,False,4
REQ-04594,P000165,ACC-0177,ACC-0183,False,False,9
REQ-04596,P000147,ACC-0122,,False,False,7
REQ-04598,P000134,ACC-0283,ACC-0148,False,False,5
REQ-04599,P000394,ACC-0104,ACC-0140,False,False,4
REQ-04600,P000227,ACC-0141,,False,False,5
REQ-04602,P000138,ACC-0066,ACC-0097,True,True,5
REQ-04603,P000336,ACC-0286,,False,False,4
REQ-04605,P000402,ACC-0130,,False,False,4
REQ-04606,P000396,ACC-0184,ACC-0148,False,False,4
REQ-04607,P000421,ACC-0209,,False,False,4
REQ-04608,P000300,ACC-0286,ACC-0130,False,False,5
REQ-04609,P000275,ACC-0161,,False,False,4
REQ-04613,P000250,ACC-0112,,False,False,4
REQ-04615,P000166,ACC-0104,ACC-0129,False,False,10
REQ-04618,P000400,ACC-0131,,False,False,4
REQ-04621,P000044,ACC-0265,,False,False,6
REQ-04622,P000171,ACC-0155,,False,False,5
REQ-04624,P000111,ACC-0102,ACC-0082,False,False,10
REQ-04626,P000266,ACC-0184,,False,False,4
REQ-04627,P000340,ACC-0059,,True,True,4
REQ-04628,P000332,ACC-0283,,False,False,4
REQ-04632,P000339,ACC-0028,,False,False,4
REQ-04636,P000034,ACC-0239,,False,False,10
REQ-04637,P000141,ACC-0195,,False,False,9
REQ-04638,P000243,ACC-0121,ACC-0155,False,False,5
REQ-04639,P000335,ACC-0228,,False,False,4
REQ-04640,P000176,ACC-0159,ACC-0212,False,False,5
REQ-04642,P000071,ACC-0196,,False,False,7
REQ-04644,P000301,ACC-0284,,False,False,5
REQ-04645,P000350,ACC-0214,,False,False,4
REQ-04647,P000439,ACC-0171,ACC-0236,False,False,4
REQ-04648,P000126,ACC-0185,ACC-0277,False,False,10
REQ-04649,P000073,ACC-0090,,False,False,4
REQ-04650,P000397,ACC-0123,,False,False,4
REQ-04651,P000166,ACC-0212,,False,False,10
REQ-04652,P000029,ACC-0114,ACC-0178,False,False,6
REQ-04653,P000289,ACC-0204,,False,False,4
REQ-04654,P000345,ACC-0177,ACC-0157,False,False,3
REQ-04655,P000364,ACC-0144,ACC-0177,False,False,4
REQ-04656,P000189,ACC-0239,,False,False,6
REQ-04658,P000312,ACC-0118,ACC-0263,False,False,5
REQ-04659,P000104,ACC-0246,,False,False,10
REQ-04662,P000207,ACC-0007,ACC-0247,False,False,4
REQ-04663,P000026,ACC-0159,,False,False,4
REQ-04667,P000302,ACC-0112,,False,False,4
REQ-04668,P000322,ACC-0229,,False,False,4
REQ-04669,P000180,ACC-0239,,False,False,4
REQ-04670,P000260,ACC-0007,,False,False,4
REQ-04671,P000413,ACC-0289,,False,False,4
REQ-04672,P000193,ACC-0007,,False,False,4
REQ-04673,P000005,ACC-0181,,False,False,10
REQ-04674,P000137,ACC-0157,,False,False,7
REQ-04677,P000212,ACC-0159,ACC-0008,False,False,5
REQ-04678,P000239,ACC-0170,ACC-0222,False,False,5
REQ-04679,P000097,ACC-0123,,False,False,6
REQ-04680,P000257,ACC-0197,,False,False,4
REQ-04681,P000298,ACC-0161,,False,False,5
REQ-04683,P000299,ACC-0031,,True,True,5
REQ-04685,P000134,ACC-0199,ACC-0193,False,False,5
REQ-04686,P000008,ACC-0286,,False,False,10
REQ-04687,P000079,ACC-0293,ACC-0132,False,False,10
REQ-04688,P000043,ACC-0112,ACC-0275,False,False,5
REQ-04689,P000368,ACC-0090,,False,False,4
REQ-04690,P000173,ACC-0165,,False,False,5
REQ-04692,P000200,ACC-0282,,False,False,4
REQ-04693,P000303,ACC-0063,ACC-0207,False,False,5
REQ-04695,P000122,ACC-0295,,False,False,10
REQ-04696,P000362,ACC-0100,ACC-0140,False,False,4
REQ-04699,P000133,ACC-0244,ACC-0051,False,False,10
REQ-04700,P000157,ACC-0159,ACC-0118,False,False,10
REQ-04701,P000346,ACC-0291,,False,False,4
REQ-04706,P000280,ACC-0285,,False,False,4
REQ-04707,P000058,ACC-0104,,False,False,7
REQ-04711,P000109,ACC-0150,ACC-0090,False,False,10
REQ-04712,P000184,ACC-0112,,False,False,4
REQ-04713,P000088,ACC-0102,ACC-0282,False,False,10
REQ-04714,P000401,ACC-0280,ACC-0022,False,False,4
REQ-04715,P000048,ACC-0148,ACC-0195,False,False,5
REQ-04716,P000089,ACC-0097,,False,False,10
REQ-04718,P000423,ACC-0262,ACC-0120,False,False,4
REQ-04722,P000318,ACC-0281,,False,False,4
REQ-04725,P000372,ACC-0193,,False,False,4
REQ-04726,P000360,ACC-0253,,False,False,4
REQ-04728,P000427,ACC-0170,ACC-0233,False,False,4
REQ-04731,P000032,ACC-0195,ACC-0207,False,False,9
REQ-04733,P000114,ACC-0118,,False,False,10
REQ-04734,P000247,ACC-0128,,False,False,4
REQ-04735,P000287,ACC-0293,,False,False,4
REQ-04737,P000133,ACC-0144,,False,False,10
REQ-04739,P000135,ACC-0059,ACC-0077,True,True,10
REQ-04741,P000166,ACC-0165,,False,False,10
REQ-04742,P000387,ACC-0095,,False,False,4
REQ-04743,P000078,ACC-0118,,False,False,5
REQ-04745,P000120,ACC-0039,,False,False,10
REQ-04746,P000136,ACC-0082,,False,False,5
REQ-04747,P000324,ACC-0131,ACC-0138,False,False,4
REQ-04748,P000184,ACC-0284,,False,False,4
REQ-04749,P000309,ACC-0112,,False,False,4
REQ-04750,P000258,ACC-0295,,False,False,4
REQ-04752,P000008,ACC-0183,,False,False,10
REQ-04753,P000336,ACC-0118,,False,False,4
REQ-04755,P000043,ACC-0112,,False,False,5
REQ-04756,P000079,ACC-0170,ACC-0183,False,False,10
REQ-04760,P000111,ACC-0157,,False,False,10
REQ-04761,P000040,ACC-0131,,False,False,5
REQ-04763,P000302,ACC-0007,,False,False,4
REQ-04765,P000365,ACC-0162,,False,False,4
REQ-04766,P000354,ACC-0130,,False,False,4
REQ-04767,P000217,ACC-0213,,False,False,5
REQ-04771,P000271,ACC-0282,,False,False,4
REQ-04772,P000130,ACC-0144,,False,False,6
REQ-04776,P000213,ACC-0257,,False,False,4
REQ-04777,P000351,ACC-0187,ACC-0144,False,False,4
REQ-04778,P000064,ACC-0194,,False,False,5
REQ-04780,P000201,ACC-0007,ACC-0097,False,False,4
REQ-04781,P000364,ACC-0184,,False,False,4
REQ-04782,P000087,ACC-0161,,False,False,7
REQ-04783,P000263,ACC-0162,,False,False,4
REQ-04784,P000294,ACC-0115,,False,False,5
REQ-04786,P000231,ACC-0007,,False,False,5
REQ-04790,P000027,ACC-0007,ACC-0259,False,False,7
REQ-04793,P000069,ACC-0106,ACC-0095,False,True,10
REQ-04801,P000326,ACC-0209,ACC-0007,False,False,4
REQ-04802,P000164,ACC-0172,,False,False,4
REQ-04803,P000436,ACC-0082,,True,True,4
REQ-04804,P000347,ACC-0177,ACC-0181,False,False,4
REQ-04805,P000222,ACC-0213,,False,False,5
REQ-04808,P000066,ACC-0133,,False,False,10
REQ-04809,P000077,ACC-0283,,False,False,10
REQ-04810,P000144,ACC-0295,ACC-0055,False,False,6
REQ-04813,P000153,ACC-0107,,False,False,6
REQ-04815,P000172,ACC-0190,,False,False,4
REQ-04819,P000047,ACC-0118,,False,False,10
REQ-04820,P000085,ACC-0172,ACC-0007,False,False,10
REQ-04821,P000332,ACC-0280,,False,False,4
REQ-04822,P000381,ACC-0295,ACC-0145,False,False,4
REQ-04823,P000196,ACC-0033,,False,False,3
REQ-04826,P000427,ACC-0156,,False,False,4
REQ-04827,P000126,ACC-0107,,False,False,10
REQ-04830,P000006,ACC-0080,,False,False,10
REQ-04831,P000307,ACC-0190,,False,False,4
REQ-04832,P000062,ACC-0055,,False,False,10
REQ-04833,P000096,ACC-0112,,False,False,8
REQ-04835,P000016,ACC-0162,,False,False,9
REQ-04837,P000281,ACC-0125,,False,False,4
REQ-04838,P000175,ACC-0114,ACC-0120,False,False,5
REQ-04839,P000234,ACC-0254,,False,False,5
REQ-04840,P000079,ACC-0132,,False,False,10
REQ-04841,P000103,ACC-0155,,False,False,5
REQ-04843,P000350,ACC-0112,ACC-0095,False,True,4
REQ-04846,P000151,ACC-0063,ACC-0282,False,False,9
REQ-04847,P000257,ACC-0129,ACC-0140,False,False,4
REQ-04854,P000082,ACC-0127,ACC-0132,False,False,10
REQ-04859,P000361,ACC-0278,,False,False,4
REQ-04864,P000373,ACC-0292,ACC-0075,False,False,4
REQ-04867,P000079,ACC-0120,,False,False,10
REQ-04869,P000214,ACC-0063,ACC-0113,False,False,4
REQ-04872,P000045,ACC-0170,,False,False,8
REQ-04873,P000238,ACC-0275,,False,False,5
REQ-04874,P000192,ACC-0007,,False,False,6
REQ-04875,P000402,ACC-0236,,False,False,4
REQ-04877,P000172,ACC-0161,,False,False,4
REQ-04878,P000327,ACC-0145,ACC-0147,False,False,4
REQ-04882,P000083,ACC-0181,ACC-0284,False,False,7
REQ-04883,P000084,ACC-0172,ACC-0171,False,False,10
REQ-04885,P000085,ACC-0264,,False,False,10
REQ-04886,P000044,ACC-0164,,False,False,6
REQ-04887,P000057,ACC-0287,,False,False,9
REQ-04889,P000172,ACC-0184,,False,False,4
REQ-04893,P000138,ACC-0191,,False,False,5
REQ-04894,P000309,ACC-0118,ACC-0248,False,False,4
REQ-04895,P000203,ACC-0282,,False,False,4
REQ-04896,P000085,ACC-0292,ACC-0153,False,False,10
REQ-04900,P000230,ACC-0264,,False,False,5
REQ-04904,P000167,ACC-0295,ACC-0132,False,False,8
REQ-04906,P000389,ACC-0138,ACC-0170,False,False,4
REQ-04909,P000215,ACC-0252,,False,False,4
REQ-04910,P000413,ACC-0293,ACC-0168,False,False,4
REQ-04912,P000240,ACC-0112,,False,False,5
REQ-04913,P000037,ACC-0002,,False,False,10
REQ-04914,P000233,ACC-0164,ACC-0090,False,False,5
REQ-04916,P000120,ACC-0133,,False,False,10
REQ-04918,P000323,ACC-0164,,False,False,4
REQ-04919,P000266,ACC-0288,,False,False,4
REQ-04920,P000016,ACC-0283,,False,False,9
REQ-04921,P000013,ACC-0131,ACC-0275,False,False,10
REQ-04923,P000227,ACC-0121,ACC-0080,False,False,5
REQ-04924,P000255,ACC-0148,ACC-0075,False,False,4
REQ-04925,P000143,ACC-0280,,False,False,10
REQ-04926,P000210,ACC-0022,ACC-0167,False,False,4
REQ-04928,P000428,ACC-0170,,False,False,4
REQ-04932,P000109,ACC-0222,,False,False,10
REQ-04933,P000313,ACC-0264,,False,False,5
REQ-04936,P000230,ACC-0244,ACC-0112,False,False,5
REQ-04939,P000114,ACC-0293,,False,False,10
REQ-04940,P000371,ACC-0168,,False,False,4
REQ-04942,P000307,ACC-0257,ACC-0278,False,False,4
REQ-04943,P000025,ACC-0112,,False,False,10
REQ-04944,P000336,ACC-0222,,False,False,4
REQ-04946,P000034,ACC-0227,,False,False,10
REQ-04948,P000172,ACC-0247,,False,False,4
REQ-04952,P000380,ACC-0134,ACC-0206,False,False,4
REQ-04953,P000423,ACC-0131,ACC-0112,False,False,4
REQ-04954,P000077,ACC-0144,,False,False,10
REQ-04955,P000111,ACC-0121,,False,False,10
REQ-04957,P000069,ACC-0148,ACC-0212,False,False,10
REQ-04962,P000070,ACC-0186,,False,False,10
REQ-04963,P000444,ACC-0181,ACC-0112,False,False,4
REQ-04965,P000419,ACC-0233,ACC-0206,False,False,4
REQ-04969,P000170,ACC-0247,,False,False,6
REQ-04970,P000094,ACC-0249,,False,False,9
REQ-04971,P000240,ACC-0184,ACC-0196,False,False,5
REQ-04972,P000258,ACC-0156,,False,False,4
REQ-04975,P000397,ACC-0259,,False,False,4
REQ-04977,P000119,ACC-0115,,False,False,5
REQ-04981,P000059,ACC-0288,,False,False,8
REQ-04982,P000136,ACC-0181,,False,False,5
REQ-04983,P000378,ACC-0175,,False,False,4
REQ-04986,P000056,ACC-0131,,False,False,10
REQ-04987,P000005,ACC-0004,,True,True,10
REQ-04988,P000348,ACC-0170,ACC-0185,False,False,4
REQ-04993,P000312,ACC-0161,ACC-0115,False,False,5
REQ-04995,P000281,ACC-0112,,False,False,4
REQ-04996,P000053,ACC-0066,ACC-0118,False,False,5
REQ-05000,P000260,ACC-0250,,False,False,4
REQ-05001,P000352,ACC-0287,ACC-0169,False,False,4
REQ-05002,P000427,ACC-0112,,False,False,4
REQ-05003,P000034,ACC-0215,,False,False,10
REQ-05006,P000047,ACC-0248,,False,False,10
REQ-05007,P000416,ACC-0141,,False,False,4
REQ-05008,P000221,ACC-0287,,False,False,5
REQ-05009,P000030,ACC-0028,ACC-0264,False,False,10
REQ-05010,P000089,ACC-0153,ACC-0239,False,False,10
REQ-05011,P000071,ACC-0161,ACC-0102,False,False,7
REQ-05012,P000214,ACC-0191,,False,False,4
REQ-05013,P000417,ACC-0253,,False,False,4
REQ-05017,P000067,ACC-0174,ACC-0191,False,False,8
REQ-05018,P000380,ACC-0133,ACC-0168,False,False,4
REQ-05019,P000035,ACC-0148,,False,False,8
REQ-05020,P000396,ACC-0063,,False,False,4
REQ-05021,P000354,ACC-0143,,False,False,4
REQ-05024,P000296,ACC-0118,,False,False,5
REQ-05027,P000093,ACC-0155,,False,False,10
REQ-05028,P000283,ACC-0179,,False,False,5
REQ-05029,P000387,ACC-0244,ACC-0187,False,False,4
REQ-05031,P000059,ACC-0130,,False,False,8
REQ-05032,P000385,ACC-0170,,False,False,4
REQ-05033,P000002,ACC-0058,ACC-0284,False,False,10
REQ-05036,P000340,ACC-0125,ACC-0279,False,False,4
REQ-05037,P000060,ACC-0007,ACC-0112,False,False,10
REQ-05038,P000149,ACC-0227,,False,False,5
REQ-05040,P000052,ACC-0288,,False,False,10
REQ-05042,P000286,ACC-0162,,False,False,4
REQ-05043,P000395,ACC-0180,ACC-0194,False,False,4
REQ-05044,P000002,ACC-0222,ACC-0127,False,False,10
REQ-05045,P000332,ACC-0170,,False,False,4
REQ-05048,P000022,ACC-0033,ACC-0082,True,True,10
REQ-05049,P000179,ACC-0181,,False,False,5
REQ-05051,P000434,ACC-0184,,False,False,4
REQ-05052,P000218,ACC-0094,ACC-0292,False,False,5
REQ-05053,P000206,ACC-0227,,False,False,4
REQ-05054,P000297,ACC-0280,ACC-0185,False,False,5
REQ-05055,P000329,ACC-0051,,False,False,4
REQ-05056,P000107,ACC-0171,,False,False,10
REQ-05058,P000356,ACC-0154,,False,False,4
REQ-05059,P000356,ACC-0168,ACC-0170,False,False,4
REQ-05060,P000359,ACC-0197,,False,False,4
REQ-05061,P000089,ACC-0179,,False,False,10
REQ-05063,P000419,ACC-0170,,False,False,4
REQ-05064,P000039,ACC-0248,,False,False,10
REQ-05066,P000181,ACC-0199,,False,False,5
REQ-05068,P000402,ACC-0118,ACC-0267,False,False,4
REQ-05071,P000442,ACC-0164,,False,False,4
REQ-05074,P000390,ACC-0007,,False,False,4
REQ-05075,P000061,ACC-0187,,False,False,3
REQ-05076,P000309,ACC-0116,,False,False,4
REQ-05077,P000070,ACC-0131,ACC-0158,False,False,10
REQ-05080,P000089,ACC-0131,,False,False,10
REQ-05082,P000407,ACC-0112,ACC-0062,False,False,4
REQ-05083,P000242,ACC-0277,,False,False,4
REQ-05084,P000103,ACC-0080,,False,False,5
REQ-05085,P000406,ACC-0185,ACC-0187,False,False,4
REQ-05088,P000090,ACC-0167,,False,False,10
REQ-05091,P000244,ACC-0114,,False,False,5
REQ-05093,P000425,ACC-0055,ACC-0118,False,False,4
REQ-05096,P000317,ACC-0144,,False,False,4
REQ-05097,P000098,ACC-0264,,False,False,9
REQ-05098,P000018,ACC-0077,,False,False,5
REQ-05100,P000316,ACC-0287,,False,False,4
REQ-05101,P000238,ACC-0149,,False,False,5
REQ-05102,P000068,ACC-0055,,False,False,5
REQ-05103,P000367,ACC-0181,,False,False,4
REQ-05104,P000058,ACC-0227,,False,False,7
REQ-05109,P000157,ACC-0214,,False,False,10
REQ-05110,P000131,ACC-0182,,False,False,7
REQ-05111,P000170,ACC-0262,ACC-0172,False,False,6
REQ-05112,P000146,ACC-0259,,False,False,6
REQ-05113,P000411,ACC-0154,,False,False,4
REQ-05114,P000398,ACC-0294,,False,False,4
REQ-05116,P000056,ACC-0132,ACC-0131,False,False,10
REQ-05117,P000156,ACC-0112,,False,False,10
REQ-05119,P000211,ACC-0184,,False,False,5
REQ-05120,P000197,ACC-0277,,False,False,4
REQ-05121,P000132,ACC-0160,,False,False,10
REQ-05123,P000082,ACC-0275,,False,False,10
REQ-05127,P000387,ACC-0095,,False,False,4
REQ-05129,P000332,ACC-0102,ACC-0007,False,False,4
REQ-05134,P000311,ACC-0189,,False,False,5
REQ-05137,P000314,ACC-0028,,False,False,4
REQ-05138,P000297,ACC-0293,,False,False,5
REQ-05139,P000301,ACC-0170,,False,False,5
REQ-05141,P000136,ACC-0075,ACC-0112,False,False,5
REQ-05143,P000082,ACC-0257,,False,False,10
REQ-05146,P000321,ACC-0075,ACC-0184,True,True,4
REQ-05147,P000341,ACC-0165,,False,False,4
REQ-05149,P000302,ACC-0215,,False,False,4
REQ-05152,P000231,ACC-0170,,False,False,5
REQ-05153,P000214,ACC-0150,,False,False,4
REQ-05154,P000307,ACC-0039,,False,False,4
REQ-05155,P000121,ACC-0112,,False,False,10
REQ-05157,P000120,ACC-0112,,False,False,10
REQ-05161,P000061,ACC-0295,ACC-0106,False,False,3
REQ-05163,P000375,ACC-0100,,False,False,4
REQ-05167,P000169,ACC-0249,ACC-0100,False,False,5
REQ-05169,P000201,ACC-0141,,False,False,4
REQ-05170,P000085,ACC-0193,ACC-0112,False,False,10
REQ-05172,P000301,ACC-0159,,False,False,5
REQ-05175,P000263,ACC-0104,,False,False,4
REQ-05179,P000404,ACC-0118,,False,False,4
REQ-05182,P000349,ACC-0246,,False,False,4
REQ-05188,P000278,ACC-0181,ACC-0258,False,False,4
REQ-05189,P000178,ACC-0135,,False,False,5
REQ-05190,P000331,ACC-0174,,False,False,4
REQ-05191,P000398,ACC-0144,,False,False,4
REQ-05193,P000117,ACC-0213,ACC-0181,False,False,8
REQ-05194,P000394,ACC-0164,,False,False,4
REQ-05195,P000231,ACC-0161,,False,False,5
REQ-05196,P000361,ACC-0022,ACC-0170,True,True,4
REQ-05197,P000406,ACC-0051,,True,True,4
REQ-05198,P000409,ACC-0295,,False,False,4
REQ-05200,P000097,ACC-0144,,False,False,6
REQ-05202,P000132,ACC-0249,,False,False,10
REQ-05205,P000439,ACC-0112,,False,False,4
REQ-05208,P000094,ACC-0283,,False,False,9
REQ-05210,P000085,ACC-0247,ACC-0141,False,False,10
REQ-05214,P000347,ACC-0250,ACC-0244,False,False,4
REQ-05215,P000178,ACC-0106,ACC-0132,False,False,5
REQ-05217,P000245,ACC-0141,ACC-0111,False,False,4
REQ-05218,P000310,ACC-0118,ACC-0112,False,False,4
REQ-05219,P000291,ACC-0170,,False,False,5
REQ-05220,P000271,ACC-0166,ACC-0107,False,False,4
REQ-05222,P000012,ACC-0107,ACC-0128,False,False,10
REQ-05223,P000136,ACC-0192,,False,False,5
REQ-05228,P000079,ACC-0141,,False,False,10
REQ-05229,P000110,ACC-0033,,False,False,10
REQ-05233,P000343,ACC-0214,,False,False,4
REQ-05237,P000401,ACC-0125,,False,False,4
REQ-05238,P000243,ACC-0205,ACC-0109,False,False,5
REQ-05241,P000108,ACC-0257,,False,False,10
REQ-05242,P000216,ACC-0079,,False,False,4
REQ-05244,P000287,ACC-0112,ACC-0209,False,False,4
REQ-05246,P000268,ACC-0170,ACC-0007,False,False,4
REQ-05248,P000100,ACC-0283,,False,False,8
REQ-05249,P000185,ACC-0007,,False,False,6
REQ-05253,P000015,ACC-0050,ACC-0039,False,False,10
REQ-05256,P000243,ACC-0170,,False,False,5
REQ-05257,P000187,ACC-0113,,False,False,5
REQ-05258,P000238,ACC-0250,,False,False,5
REQ-05259,P000135,ACC-0107,ACC-0257,False,False,10
REQ-05263,P000416,ACC-0164,ACC-0130,False,False,4
REQ-05266,P000159,ACC-0097,,False,False,10
REQ-05269,P000094,ACC-0058,,False,False,9
REQ-05271,P000073,ACC-0055,,False,False,4
REQ-05272,P000235,ACC-0118,,False,False,4
REQ-05273,P000380,ACC-0248,,False,False,4
REQ-05274,P000233,ACC-0154,,False,False,5
REQ-05275,P000266,ACC-0007,,False,False,4
REQ-05277,P000002,ACC-0144,ACC-0118,False,False,10
REQ-05278,P000328,ACC-0188,,False,False,4
REQ-05281,P000113,ACC-0200,,False,False,10
REQ-05283,P000122,ACC-0169,,False,False,10
REQ-05284,P000313,ACC-0281,ACC-0181,False,False,5
REQ-05285,P000324,ACC-0135,,False,False,4
REQ-05286,P000262,ACC-0247,ACC-0146,False,False,4
REQ-05288,P000260,ACC-0180,,False,False,4
REQ-05291,P000104,ACC-0002,,False,False,10
REQ-05292,P000310,ACC-0066,,False,False,4
REQ-05293,P000160,ACC-0170,,False,False,10
REQ-05295,P000098,ACC-0066,,True,True,9
REQ-05296,P000146,ACC-0039,,False,False,6
REQ-05302,P000129,ACC-0106,ACC-0170,False,False,4
REQ-05305,P000119,ACC-0107,,False,False,5
REQ-05307,P000355,ACC-0101,,False,False,4
REQ-05308,P000188,ACC-0109,ACC-0181,False,False,5
REQ-05309,P000143,ACC-0254,,False,False,10
REQ-05310,P000332,ACC-0182,ACC-0107,False,False,4
REQ-05311,P000294,ACC-0097,ACC-0257,False,False,5
REQ-05313,P000054,ACC-0130,ACC-0170,False,False,10
REQ-05315,P000020,ACC-0236,,False,False,5
REQ-05316,P000114,ACC-0187,,False,False,10
REQ-05325,P000062,ACC-0112,,False,False,10
REQ-05327,P000402,ACC-0266,,False,False,4
REQ-05328,P000402,ACC-0112,,False,False,4
REQ-05329,P000164,ACC-0107,ACC-0277,False,False,4
REQ-05331,P000193,ACC-0102,,False,False,4
REQ-05333,P000389,ACC-0250,,False,False,4
REQ-05336,P000382,ACC-0293,ACC-0123,False,False,4
REQ-05338,P000373,ACC-0007,,False,False,4
REQ-05339,P000159,ACC-0287,,False,False,10
REQ-05340,P000032,ACC-0289,,False,False,9
REQ-05341,P000054,ACC-0122,,False,False,10
REQ-05342,P000105,ACC-0051,ACC-0130,False,False,6
REQ-05343,P000338,ACC-0214,,False,False,4
REQ-05344,P000263,ACC-0227,,False,False,4
REQ-05347,P000077,ACC-0180,,False,False,10
REQ-05349,P000283,ACC-0175,ACC-0202,False,False,5
REQ-05351,P000449,ACC-0283,,False,False,4
REQ-05352,P000411,ACC-0148,,False,False,4
REQ-05353,P000128,ACC-0166,,False,False,8
REQ-05354,P000446,ACC-0170,ACC-0118,False,False,4
REQ-05355,P000059,ACC-0112,,False,False,8
REQ-05356,P000449,ACC-0153,,False,False,4
REQ-05357,P000254,ACC-0007,ACC-0063,False,False,4
REQ-05359,P000081,ACC-0133,,False,False,6
REQ-05360,P000106,ACC-0109,,False,False,10
REQ-05361,P000366,ACC-0308,ACC-0182,False,False,4
REQ-05363,P000205,ACC-0033,ACC-0112,False,False,4
REQ-05364,P000027,ACC-0287,,False,False,7
REQ-05365,P000375,ACC-0178,,False,False,4
REQ-05368,P000194,ACC-0111,,False,False,6
REQ-05369,P000026,ACC-0147,,False,False,4
REQ-05370,P000254,ACC-0141,ACC-0170,False,False,4
REQ-05372,P000400,ACC-0107,,False,False,4
REQ-05373,P000448,ACC-0131,ACC-0112,False,False,4
REQ-05374,P000131,ACC-0114,,False,False,7
REQ-05376,P000249,ACC-0007,,False,False,4
REQ-05377,P000097,ACC-0280,,False,False,6
REQ-05379,P000286,ACC-0295,,False,False,4
REQ-05380,P000249,ACC-0162,,False,False,4
REQ-05382,P000409,ACC-0125,,False,False,4
REQ-05383,P000271,ACC-0034,,False,False,4
REQ-05384,P000146,ACC-0109,ACC-0118,False,False,6
REQ-05385,P000059,ACC-0150,,False,False,8
REQ-05387,P000279,ACC-0134,,False,False,4
REQ-05388,P000009,ACC-0286,ACC-0229,False,False,9
REQ-05390,P000354,ACC-0166,ACC-0133,False,False,4
REQ-05392,P000007,ACC-0120,ACC-0153,False,False,10
REQ-05394,P000047,ACC-0131,,False,False,10
REQ-05395,P000048,ACC-0114,ACC-0022,False,True,5
REQ-05397,P000442,ACC-0206,ACC-0159,False,False,4
REQ-05400,P000197,ACC-0138,,False,False,4
REQ-05403,P000156,ACC-0106,ACC-0127,False,False,10
REQ-05406,P000170,ACC-0281,ACC-0161,False,False,6
REQ-05408,P000197,ACC-0080,,False,False,4
REQ-05411,P000236,ACC-0028,,False,False,5
REQ-05412,P000266,ACC-0256,,False,False,4
REQ-05414,P000191,ACC-0210,,False,False,5
REQ-05415,P000412,ACC-0111,ACC-0120,False,False,4
REQ-05417,P000238,ACC-0062,,False,False,5
REQ-05418,P000008,ACC-0229,ACC-0102,False,False,10
REQ-05419,P000011,ACC-0160,,False,False,10
REQ-05420,P000043,ACC-0032,,False,False,5
REQ-05421,P000092,ACC-0107,,False,False,10
REQ-05422,P000407,ACC-0112,,False,False,4
REQ-05424,P000139,ACC-0189,,False,False,8
REQ-05425,P000425,ACC-0130,,False,False,4
REQ-05428,P000248,ACC-0033,ACC-0161,False,False,4
REQ-05429,P000325,ACC-0077,,False,False,4
REQ-05430,P000349,ACC-0112,ACC-0207,False,False,4
REQ-05431,P000107,ACC-0153,,False,False,10
REQ-05433,P000228,ACC-0213,ACC-0217,False,False,5
REQ-05434,P000256,ACC-0090,,False,False,4
REQ-05435,P000204,ACC-0185,,False,False,4
REQ-05437,P000022,ACC-0112,,False,False,10
REQ-05438,P000306,ACC-0227,,False,False,4
REQ-05443,P000138,ACC-0055,,False,False,5
REQ-05444,P000162,ACC-0163,,False,False,7
REQ-05445,P000378,ACC-0118,,False,False,4
REQ-05446,P000265,ACC-0051,,False,False,4
REQ-05448,P000009,ACC-0107,,False,False,9
REQ-05451,P000205,ACC-0289,,False,False,4
REQ-05452,P000224,ACC-0007,,False,False,5
REQ-05453,P000168,ACC-0007,,False,False,10
REQ-05454,P000271,ACC-0262,,False,False,4
REQ-05455,P000094,ACC-0213,,False,False,9
REQ-05456,P000145,ACC-0171,,False,False,5
REQ-05458,P000385,ACC-0156,,False,False,4
REQ-05461,P000216,ACC-0287,ACC-0184,False,False,4
REQ-05462,P000203,ACC-0058,ACC-0112,False,False,4
REQ-05464,P000116,ACC-0142,ACC-0182,False,False,8
REQ-05468,P000138,ACC-0141,ACC-0161,False,False,5
REQ-05470,P000021,ACC-0214,,False,False,10
REQ-05475,P000436,ACC-0222,ACC-0157,False,False,4
REQ-05476,P000086,ACC-0248,ACC-0266,False,False,10
REQ-05477,P000242,ACC-0283,ACC-0102,False,False,4
REQ-05478,P000193,ACC-0127,ACC-0141,False,False,4
REQ-05482,P000358,ACC-0115,ACC-0058,False,False,4
REQ-05485,P000400,ACC-0293,,False,False,4
REQ-05489,P000179,ACC-0295,,False,False,5
REQ-05491,P000420,ACC-0007,ACC-0282,False,False,4
REQ-05493,P000222,ACC-0162,ACC-0287,False,False,5
REQ-05494,P000045,ACC-0256,,False,False,8
REQ-05495,P000242,ACC-0128,,False,False,4
REQ-05499,P000355,ACC-0199,ACC-0111,False,False,4
REQ-05506,P000307,ACC-0066,,False,False,4
REQ-05507,P000302,ACC-0150,,False,False,4
REQ-05508,P000017,ACC-0130,,False,False,10
REQ-05509,P000254,ACC-0022,,False,False,4
REQ-05511,P000356,ACC-0190,ACC-0263,False,False,4
REQ-05512,P000445,ACC-0125,,False,False,4
REQ-05513,P000332,ACC-0112,ACC-0196,False,False,4
REQ-05515,P000225,ACC-0259,,False,False,5
REQ-05517,P000215,ACC-0133,ACC-0092,False,False,4
REQ-05518,P000402,ACC-0277,,False,False,4
REQ-05519,P000353,ACC-0161,,False,False,4
REQ-05520,P000222,ACC-0253,ACC-0195,False,False,5
REQ-05522,P000434,ACC-0205,,False,False,4
REQ-05524,P000201,ACC-0075,,False,False,4
REQ-05525,P000292,ACC-0112,ACC-0127,False,False,5
REQ-05527,P000027,ACC-0130,,False,False,7
REQ-05528,P000088,ACC-0239,ACC-0028,False,False,10
REQ-05533,P000375,ACC-0288,,False,False,4
REQ-05534,P000005,ACC-0055,,False,False,10
REQ-05536,P000088,ACC-0253,,False,False,10
REQ-05538,P000227,ACC-0075,,False,False,5
REQ-05539,P000073,ACC-0171,,False,False,4
REQ-05541,P000344,ACC-0251,,False,False,4
REQ-05542,P000198,ACC-0039,,False,False,4
REQ-05543,P000159,ACC-0107,,False,False,10
REQ-05545,P000314,ACC-0244,ACC-0007,False,False,4
REQ-05546,P000425,ACC-0295,,False,False,4
REQ-05547,P000428,ACC-0277,,False,False,4
REQ-05548,P000366,ACC-0138,ACC-0246,False,False,4
REQ-05549,P000203,ACC-0277,,False,False,4
REQ-05550,P000377,ACC-0112,ACC-0130,False,False,4
REQ-05552,P000258,ACC-0254,,False,False,4
REQ-05553,P000004,ACC-0263,ACC-0170,False,False,10
REQ-05554,P000375,ACC-0182,ACC-0118,False,False,4
REQ-05555,P000112,ACC-0160,ACC-0185,False,False,10
REQ-05558,P000007,ACC-0039,,False,False,10
REQ-05559,P000132,ACC-0163,ACC-0213,False,False,10
REQ-05562,P000060,ACC-0263,,False,False,10
REQ-05564,P000348,ACC-0257,,False,False,4
REQ-05568,P000139,ACC-0187,ACC-0299,False,False,8
REQ-05571,P000309,ACC-0104,,False,False,4
REQ-05572,P000370,ACC-0007,,False,False,4
REQ-05576,P000269,ACC-0161,ACC-0295,False,False,4
REQ-05577,P000120,ACC-0244,ACC-0031,False,False,10
REQ-05580,P000369,ACC-0112,ACC-0063,False,False,4
REQ-05583,P000395,ACC-0194,,False,False,4
REQ-05585,P000014,ACC-0112,,False,False,10
REQ-05588,P000438,ACC-0170,ACC-0148,False,False,4
REQ-05591,P000217,ACC-0112,ACC-0150,False,False,5
REQ-05592,P000335,ACC-0284,ACC-0187,False,False,4
REQ-05593,P000406,ACC-0143,ACC-0130,False,False,4
REQ-05596,P000315,ACC-0145,,False,False,4
REQ-05597,P000447,ACC-0155,ACC-0156,False,False,4
REQ-05600,P000418,ACC-0289,,False,False,4
REQ-05601,P000228,ACC-0252,,False,False,5
REQ-05604,P000233,ACC-0147,,False,False,5
REQ-05605,P000206,ACC-0130,ACC-0267,False,False,4
REQ-05606,P000336,ACC-0132,ACC-0022,False,False,4
REQ-05608,P000433,ACC-0244,,False,False,4
REQ-05609,P000247,ACC-0092,ACC-0032,True,True,4
REQ-05611,P000294,ACC-0066,ACC-0094,False,False,5
REQ-05612,P000307,ACC-0253,ACC-0127,False,False,4
REQ-05613,P000380,ACC-0229,ACC-0197,False,False,4
REQ-05614,P000008,ACC-0239,ACC-0050,False,False,10
REQ-05615,P000089,ACC-0090,ACC-0216,False,False,10
REQ-05616,P000032,ACC-0214,,False,False,9
REQ-05617,P000150,ACC-0132,,False,False,10
REQ-05619,P000161,ACC-0059,,False,False,8
REQ-05623,P000115,ACC-0184,ACC-0127,False,False,9
REQ-05624,P000220,ACC-0022,,False,False,5
REQ-05625,P000071,ACC-0112,,False,False,7
REQ-05626,P000283,ACC-0295,,False,False,5
REQ-05627,P000335,ACC-0002,,False,False,4
REQ-05628,P000057,ACC-0171,,False,False,9
REQ-05629,P000038,ACC-0128,,False,False,10
REQ-05630,P000150,ACC-0092,,True,True,10
REQ-05632,P000333,ACC-0237,ACC-0063,False,False,4
REQ-05633,P000358,ACC-0007,ACC-0170,False,False,4
REQ-05634,P000090,ACC-0112,ACC-0191,False,False,10
REQ-05637,P000411,ACC-0281,,False,False,4
REQ-05638,P000177,ACC-0007,,False,False,5
REQ-05639,P000389,ACC-0170,,False,False,4
REQ-05641,P000161,ACC-0118,ACC-0199,False,False,8
REQ-05642,P000390,ACC-0107,,False,False,4
REQ-05643,P000369,ACC-0202,,False,False,4
REQ-05644,P000277,ACC-0287,,False,False,4
REQ-05645,P000008,ACC-0299,ACC-0170,False,False,10
REQ-05646,P000380,ACC-0108,,False,False,4
REQ-05647,P000009,ACC-0275,,False,False,9
REQ-05650,P000182,ACC-0217,,False,False,5
REQ-05654,P000022,ACC-0148,,False,False,10
REQ-05656,P000079,ACC-0293,,False,False,10
REQ-05657,P000146,ACC-0171,,False,False,6
REQ-05660,P000032,ACC-0174,ACC-0142,False,False,9
REQ-05662,P000211,ACC-0079,,False,False,5
REQ-05665,P000399,ACC-0179,,False,False,4
REQ-05666,P000003,ACC-0130,,False,False,10
REQ-05667,P000117,ACC-0183,,False,False,8
REQ-05668,P000269,ACC-0141,,False,False,4
REQ-05669,P000179,ACC-0285,,False,False,5
REQ-05670,P000222,ACC-0004,,True,True,5
REQ-05671,P000122,ACC-0063,,False,False,10
REQ-05672,P000198,ACC-0112,,False,False,4
REQ-05673,P000176,ACC-0062,,False,False,5
REQ-05674,P000355,ACC-0169,ACC-0246,False,False,4
REQ-05675,P000184,ACC-0200,ACC-0171,False,False,4
REQ-05676,P000277,ACC-0214,,False,False,4
REQ-05677,P000004,ACC-0200,ACC-0039,False,False,10
REQ-05680,P000230,ACC-0163,,False,False,5
REQ-05681,P000057,ACC-0147,,False,False,9
REQ-05684,P000330,ACC-0007,,False,False,4
REQ-05685,P000073,ACC-0209,,False,False,4
REQ-05686,P000301,ACC-0106,,False,False,5
REQ-05691,P000145,ACC-0075,,False,False,5
REQ-05692,P000242,ACC-0258,ACC-0295,False,False,4
REQ-05693,P000120,ACC-0280,,False,False,10
REQ-05694,P000092,ACC-0080,,False,False,10
REQ-05697,P000237,ACC-0199,,False,False,5
REQ-05699,P000171,ACC-0284,,False,False,5
REQ-05700,P000398,ACC-0032,,False,False,4
REQ-05701,P000271,ACC-0166,,False,False,4
REQ-05703,P000438,ACC-0204,,False,False,4
REQ-05704,P000283,ACC-0252,ACC-0172,False,False,5
REQ-05708,P000149,ACC-0245,ACC-0138,False,False,5
REQ-05709,P000332,ACC-0204,,False,False,4
REQ-05710,P000006,ACC-0167,,False,False,10
REQ-05711,P000278,ACC-0171,,False,False,4
REQ-05712,P000004,ACC-0127,,False,False,10
REQ-05714,P000343,ACC-0140,ACC-0172,False,False,4
REQ-05718,P000330,ACC-0140,ACC-0230,False,False,4
REQ-05721,P000347,ACC-0148,ACC-0209,False,False,4
REQ-05724,P000108,ACC-0285,,False,False,10
REQ-05725,P000201,ACC-0118,ACC-0007,False,False,4
REQ-05726,P000358,ACC-0283,ACC-0156,False,False,4
REQ-05727,P000157,ACC-0180,ACC-0202,False,False,10
REQ-05728,P000410,ACC-0142,ACC-0277,False,False,4
REQ-05730,P000139,ACC-0170,,False,False,8
REQ-05731,P000344,ACC-0112,ACC-0280,False,False,4
REQ-05732,P000331,ACC-0163,ACC-0248,False,False,4
REQ-05735,P000205,ACC-0181,,False,False,4
REQ-05736,P000190,ACC-0063,ACC-0106,False,False,5
REQ-05737,P000164,ACC-0180,ACC-0007,False,True,4
REQ-05738,P000099,ACC-0104,ACC-0252,False,False,9
REQ-05739,P000164,ACC-0144,ACC-0172,False,False,4
REQ-05740,P000138,ACC-0280,ACC-0227,False,False,5
REQ-05741,P000150,ACC-0075,,True,True,10
REQ-05742,P000399,ACC-0191,,False,False,4
REQ-05743,P000087,ACC-0209,,False,False,7
REQ-05744,P000238,ACC-0075,ACC-0205,False,False,5
REQ-05746,P000086,ACC-0287,,False,False,10
REQ-05747,P000342,ACC-0281,,False,False,4
REQ-05749,P000339,ACC-0108,ACC-0075,False,True,4
REQ-05752,P000322,ACC-0197,,False,False,4
REQ-05753,P000345,ACC-0267,ACC-0157,False,False,3
REQ-05754,P000284,ACC-0174,,False,False,4
REQ-05755,P000027,ACC-0166,ACC-0179,False,False,7
REQ-05756,P000074,ACC-0111,ACC-0112,False,False,8
REQ-05757,P000231,ACC-0181,,False,False,5
REQ-05758,P000026,ACC-0293,,False,False,4
REQ-05759,P000126,ACC-0239,,False,False,10
REQ-05760,P000139,ACC-0138,,False,False,8
REQ-05761,P000362,ACC-0118,,False,False,4
REQ-05763,P000329,ACC-0262,,False,False,4
REQ-05765,P000080,ACC-0285,ACC-0246,False,False,10
REQ-05766,P000389,ACC-0239,,False,False,4
REQ-05767,P000302,ACC-0205,ACC-0170,False,False,4
REQ-05768,P000363,ACC-0199,,False,False,4
REQ-05773,P000109,ACC-0167,,False,False,10
REQ-05774,P000337,ACC-0153,,False,False,4
REQ-05775,P000415,ACC-0249,ACC-0112,False,False,4
REQ-05776,P000168,ACC-0181,ACC-0267,False,False,10
REQ-05777,P000263,ACC-0132,,False,False,4
REQ-05778,P000067,ACC-0227,,False,False,8
REQ-05780,P000360,ACC-0296,,False,False,4
REQ-05781,P000372,ACC-0063,ACC-0144,False,False,4
REQ-05783,P000140,ACC-0159,,False,False,5
REQ-05784,P000258,ACC-0256,ACC-0239,False,False,4
REQ-05785,P000220,ACC-0063,,False,False,5
REQ-05791,P000445,ACC-0275,,False,False,4
REQ-05792,P000090,ACC-0131,,False,False,10
REQ-05793,P000105,ACC-0210,,False,False,6
REQ-05794,P000196,ACC-0142,ACC-0170,False,False,3
REQ-05796,P000288,ACC-0232,,False,False,4
REQ-05798,P000121,ACC-0207,,False,False,10
REQ-05802,P000324,ACC-0151,ACC-0209,False,False,4
REQ-05804,P000352,ACC-0246,ACC-0249,False,False,4
REQ-05805,P000364,ACC-0199,,False,False,4
REQ-05806,P000167,ACC-0178,ACC-0118,False,False,8
REQ-05807,P000234,ACC-0118,,False,False,5
REQ-05808,P000371,ACC-0111,,False,False,4
REQ-05809,P000396,ACC-0254,,False,False,4
REQ-05810,P000214,ACC-0142,ACC-0180,False,False,4
REQ-05811,P000245,ACC-0141,ACC-0183,False,False,4
REQ-05812,P000410,ACC-0127,,False,False,4
REQ-05813,P000335,ACC-0185,,False,False,4
REQ-05815,P000427,ACC-0151,,False,False,4
REQ-05818,P000435,ACC-0007,,False,False,4
REQ-05820,P000419,ACC-0168,,False,False,4
REQ-05821,P000426,ACC-0207,,False,False,4
REQ-05822,P000413,ACC-0280,,False,False,4
REQ-05823,P000307,ACC-0005,ACC-0200,True,True,4
REQ-05824,P000196,ACC-0039,ACC-0127,False,False,3
REQ-05826,P000163,ACC-0251,,False,False,10
REQ-05828,P000245,ACC-0120,,False,False,4
REQ-05829,P000167,ACC-0141,ACC-0206,False,False,8
REQ-05830,P000171,ACC-0075,,False,False,5
REQ-05831,P000128,ACC-0113,,False,False,8
REQ-05833,P000013,ACC-0033,,True,True,10
REQ-05834,P000263,ACC-0141,ACC-0125,False,False,4
REQ-05835,P000408,ACC-0170,,False,False,4
REQ-05836,P000417,ACC-0282,ACC-0141,False,False,4
REQ-05838,P000388,ACC-0192,ACC-0247,False,False,4
REQ-05846,P000155,ACC-0063,,False,False,8
REQ-05848,P000147,ACC-0231,,False,False,7
REQ-05851,P000272,ACC-0285,,False,False,4
REQ-05852,P000272,ACC-0100,ACC-0155,False,False,4
REQ-05853,P000351,ACC-0278,,False,False,4
REQ-05854,P000262,ACC-0112,,False,False,4
REQ-05856,P000344,ACC-0282,,False,False,4
REQ-05858,P000401,ACC-0118,,False,False,4
REQ-05859,P000391,ACC-0239,ACC-0265,False,False,4
REQ-05860,P000261,ACC-0187,ACC-0153,False,False,4
REQ-05861,P000258,ACC-0112,,False,False,4
REQ-05865,P000333,ACC-0142,ACC-0105,False,False,4
REQ-05867,P000074,ACC-0007,,False,False,8
REQ-05868,P000038,ACC-0246,ACC-0212,False,False,10
REQ-05870,P000291,ACC-0122,,False,False,5
REQ-05871,P000371,ACC-0134,ACC-0220,False,False,4
REQ-05872,P000105,ACC-0079,,False,False,6
REQ-05875,P000114,ACC-0255,,False,False,10
REQ-05876,P000163,ACC-0148,ACC-0281,False,False,10
REQ-05877,P000034,ACC-0138,,False,False,10
REQ-05878,P000305,ACC-0166,,False,False,4
REQ-05880,P000354,ACC-0249,ACC-0166,False,False,4
REQ-05882,P000340,ACC-0170,,False,False,4
REQ-05883,P000206,ACC-0258,ACC-0200,False,False,4
REQ-05887,P000155,ACC-0159,,False,False,8
REQ-05889,P000211,ACC-0034,,False,False,5
REQ-05890,P000034,ACC-0062,ACC-0288,False,False,10
REQ-05892,P000273,ACC-0082,,False,False,4
REQ-05893,P000438,ACC-0063,,False,False,4
REQ-05896,P000016,ACC-0121,,False,False,9
REQ-05898,P000050,ACC-0039,ACC-0140,True,True,6
REQ-05900,P000303,ACC-0236,,False,False,5
REQ-05902,P000112,ACC-0253,,False,False,10
REQ-05903,P000064,ACC-0128,ACC-0289,False,False,5
REQ-05904,P000261,ACC-0166,,False,False,4
REQ-05905,P000193,ACC-0181,,False,False,4
REQ-05910,P000240,ACC-0007,ACC-0022,False,False,5
REQ-05911,P000093,ACC-0190,,False,False,10
REQ-05912,P000366,ACC-0148,ACC-0283,False,False,4
REQ-05913,P000055,ACC-0174,,False,False,10
REQ-05917,P000436,ACC-0118,,False,False,4
REQ-05918,P000259,ACC-0167,,False,False,4
REQ-05921,P000392,ACC-0277,ACC-0252,False,False,4
REQ-05923,P000194,ACC-0178,,False,False,6
REQ-05925,P000095,ACC-0219,ACC-0002,False,False,10
REQ-05927,P000296,ACC-0118,ACC-0286,False,False,5
REQ-05928,P000060,ACC-0236,ACC-0112,False,False,10
REQ-05929,P000143,ACC-0287,,False,False,10
REQ-05934,P000260,ACC-0118,ACC-0007,False,False,4
REQ-05935,P000218,ACC-0039,,False,False,5
REQ-05936,P000342,ACC-0170,ACC-0264,False,False,4
REQ-05938,P000393,ACC-0294,,False,False,4
REQ-05939,P000413,ACC-0222,ACC-0157,False,False,4
REQ-05944,P000350,ACC-0130,ACC-0222,False,False,4
REQ-05945,P000062,ACC-0102,ACC-0174,False,False,10
REQ-05946,P000335,ACC-0034,ACC-0109,False,False,4
REQ-05947,P000099,ACC-0129,,False,False,9
REQ-05948,P000151,ACC-0264,,False,False,9
REQ-05949,P000175,ACC-0182,ACC-0007,False,False,5
REQ-05950,P000359,ACC-0168,,False,False,4
REQ-05952,P000181,ACC-0236,,False,False,5
REQ-05953,P000180,ACC-0112,ACC-0267,False,False,4
REQ-05954,P000181,ACC-0007,,False,False,5
REQ-05955,P000128,ACC-0147,,False,False,8
REQ-05956,P000225,ACC-0186,,False,False,5
REQ-05958,P000025,ACC-0102,ACC-0157,False,False,10
REQ-05961,P000214,ACC-0142,,False,False,4
REQ-05962,P000318,ACC-0248,,False,False,4
REQ-05966,P000222,ACC-0080,,False,False,5
REQ-05968,P000097,ACC-0171,ACC-0139,False,False,6
REQ-05969,P000083,ACC-0141,ACC-0195,False,False,7
REQ-05971,P000044,ACC-0170,,False,False,6
REQ-05973,P000285,ACC-0148,,False,False,4
REQ-05974,P000095,ACC-0112,,False,False,10
REQ-05976,P000191,ACC-0121,,False,False,5
REQ-05980,P000289,ACC-0075,ACC-0232,False,False,4
REQ-05981,P000261,ACC-0062,,False,False,4
REQ-05986,P000366,ACC-0299,,False,False,4
REQ-05988,P000373,ACC-0112,,False,False,4
REQ-05989,P000169,ACC-0022,ACC-0214,False,False,5
REQ-05990,P000180,ACC-0293,,False,False,4
REQ-05994,P000216,ACC-0112,ACC-0179,False,False,4
REQ-05995,P000070,ACC-0248,ACC-0108,False,False,10
REQ-05996,P000325,ACC-0200,,False,False,4
REQ-05997,P000098,ACC-0170,,False,False,9
REQ-05998,P000039,ACC-0100,ACC-0275,False,False,10
REQ-06000,P000130,ACC-0247,ACC-0213,False,False,6
REQ-06001,P000150,ACC-0258,ACC-0131,False,False,10
REQ-06005,P000398,ACC-0031,,False,False,4
REQ-06010,P000074,ACC-0118,ACC-0246,False,False,8
REQ-06011,P000068,ACC-0282,,False,False,5
REQ-06013,P000190,ACC-0131,,False,False,5
REQ-06016,P000071,ACC-0285,,False,False,7
REQ-06017,P000333,ACC-0295,,False,False,4
REQ-06018,P000150,ACC-0127,,False,False,10
REQ-06019,P000284,ACC-0092,,False,False,4
REQ-06020,P000294,ACC-0105,,False,False,5
REQ-06021,P000231,ACC-0140,,False,False,5
REQ-06022,P000098,ACC-0104,,False,False,9
REQ-06023,P000185,ACC-0257,,False,False,6
REQ-06024,P000239,ACC-0066,,False,False,5
REQ-06029,P000384,ACC-0172,,False,False,4
REQ-06030,P000222,ACC-0293,,False,False,5
REQ-06031,P000146,ACC-0156,ACC-0292,False,False,6
REQ-06034,P000335,ACC-0121,,False,False,4
REQ-06035,P000108,ACC-0285,ACC-0055,False,False,10
REQ-06037,P000335,ACC-0109,ACC-0063,False,False,4
REQ-06038,P000283,ACC-0186,,False,False,5
REQ-06039,P000388,ACC-0100,,False,False,4
REQ-06040,P000307,ACC-0181,ACC-0277,False,False,4
REQ-06041,P000205,ACC-0282,,False,False,4
REQ-06042,P000031,ACC-0147,ACC-0161,False,False,5
REQ-06045,P000228,ACC-0248,,False,False,5
REQ-06051,P000048,ACC-0144,,False,False,5
REQ-06053,P000069,ACC-0114,,False,False,10
REQ-06054,P000096,ACC-0051,,False,False,8
REQ-06055,P000044,ACC-0196,ACC-0170,False,False,6
REQ-06058,P000250,ACC-0257,,False,False,4
REQ-06061,P000327,ACC-0283,ACC-0182,False,False,4
REQ-06062,P000301,ACC-0289,ACC-0094,False,False,5
REQ-06063,P000443,ACC-0281,,False,False,4
REQ-06065,P000111,ACC-0144,,False,False,10
REQ-06066,P000052,ACC-0063,,False,False,10
REQ-06067,P000389,ACC-0282,,False,False,4
REQ-06068,P000033,ACC-0068,,False,False,9
REQ-06070,P000008,ACC-0055,,False,False,10
REQ-06071,P000068,ACC-0130,,False,False,5
REQ-06073,P000106,ACC-0267,,False,False,10
REQ-06082,P000112,ACC-0255,ACC-0288,False,False,10
REQ-06084,P000405,ACC-0128,,False,False,4
REQ-06085,P000233,ACC-0218,,False,False,5
REQ-06086,P000391,ACC-0022,,False,False,4
REQ-06087,P000104,ACC-0171,,False,False,10
REQ-06088,P000290,ACC-0066,,False,False,4
REQ-06089,P000440,ACC-0140,,False,False,4
REQ-06092,P000300,ACC-0277,,False,False,5
REQ-06093,P000372,ACC-0162,,False,False,4
REQ-06095,P000162,ACC-0180,,False,False,7
REQ-06096,P000159,ACC-0292,ACC-0066,False,False,10
REQ-06103,P000019,ACC-0292,ACC-0080,False,False,5
REQ-06104,P000013,ACC-0102,,False,False,10
REQ-06106,P000353,ACC-0277,,False,False,4
REQ-06109,P000221,ACC-0267,ACC-0292,False,False,5
REQ-06110,P000172,ACC-0130,ACC-0144,False,False,4
REQ-06111,P000170,ACC-0252,,False,False,6
REQ-06112,P000095,ACC-0286,ACC-0255,False,False,10
REQ-06113,P000042,ACC-0236,ACC-0123,False,False,8
REQ-06114,P000450,ACC-0184,,False,False,4
REQ-06115,P000079,ACC-0229,,False,False,10
REQ-06117,P000305,ACC-0279,,False,False,4
REQ-06119,P000360,ACC-0292,,False,False,4
REQ-06120,P000109,ACC-0239,,False,False,10
REQ-06121,P000362,ACC-0181,ACC-0259,False,False,4
REQ-06123,P000249,ACC-0155,,False,False,4
REQ-06124,P000155,ACC-0120,,False,False,8
REQ-06125,P000121,ACC-0147,,False,False,10
REQ-06126,P000307,ACC-0138,,False,False,4
REQ-06128,P000078,ACC-0118,,False,False,5
REQ-06129,P000231,ACC-0008,,False,False,5
REQ-06132,P000067,ACC-0239,,False,False,8
REQ-06133,P000235,ACC-0127,,False,False,4
REQ-06134,P000368,ACC-0170,,False,False,4
REQ-06137,P000355,ACC-0249,,False,False,4
REQ-06138,P000397,ACC-0250,,False,False,4
REQ-06139,P000139,ACC-0256,,False,False,8
REQ-06140,P000244,ACC-0095,,True,True,5
REQ-06141,P000008,ACC-0131,ACC-0066,False,False,10
REQ-06142,P000117,ACC-0285,,False,False,8
REQ-06144,P000016,ACC-0187,,False,False,9
REQ-06145,P000152,ACC-0097,ACC-0008,False,True,9
REQ-06146,P000003,ACC-0108,,False,False,10
REQ-06149,P000246,ACC-0207,,False,False,4
REQ-06151,P000208,ACC-0102,,False,False,4
REQ-06154,P000449,ACC-0185,,False,False,4
REQ-06158,P000242,ACC-0104,,False,False,4
REQ-06159,P000355,ACC-0229,,False,False,4
REQ-06162,P000300,ACC-0266,,False,False,5
REQ-06163,P000279,ACC-0144,ACC-0112,False,False,4
REQ-06166,P000392,ACC-0150,,False,False,4
REQ-06167,P000341,ACC-0138,,False,False,4
REQ-06170,P000250,ACC-0131,,False,False,4
REQ-06171,P000294,ACC-0182,ACC-0207,False,False,5
REQ-06172,P000147,ACC-0251,,False,False,7
REQ-06175,P000024,ACC-0028,ACC-0186,False,False,10
REQ-06176,P000242,ACC-0170,,False,False,4
REQ-06179,P000275,ACC-0022,ACC-0059,False,False,4
REQ-06180,P000422,ACC-0007,,False,False,4
REQ-06184,P000358,ACC-0168,,False,False,4
REQ-06185,P000115,ACC-0162,,False,False,9
REQ-06186,P000448,ACC-0248,ACC-0127,False,False,4
REQ-06187,P000110,ACC-0264,ACC-0172,False,False,10
REQ-06188,P000137,ACC-0142,,False,False,7
REQ-06189,P000430,ACC-0062,ACC-0139,False,False,4
REQ-06190,P000229,ACC-0167,,False,False,4
REQ-06192,P000429,ACC-0262,,False,False,4
REQ-06196,P000175,ACC-0193,,False,False,5
REQ-06197,P000303,ACC-0187,ACC-0123,False,False,5
REQ-06198,P000338,ACC-0239,,False,False,4
REQ-06199,P000166,ACC-0197,,False,False,10
REQ-06200,P000199,ACC-0163,,False,False,4
REQ-06202,P000095,ACC-0282,ACC-0135,False,False,10
REQ-06203,P000329,ACC-0230,ACC-0259,False,False,4
REQ-06204,P000402,ACC-0106,ACC-0109,False,False,4
REQ-06206,P000411,ACC-0215,,False,False,4
REQ-06208,P000334,ACC-0197,,False,False,4
REQ-06211,P000062,ACC-0130,,False,False,10
REQ-06214,P000117,ACC-0170,ACC-0144,False,False,8
REQ-06215,P000369,ACC-0209,ACC-0146,False,False,4
REQ-06217,P000162,ACC-0172,ACC-0121,False,False,7
REQ-06218,P000081,ACC-0022,,False,False,6
REQ-06219,P000210,ACC-0172,ACC-0112,False,False,4
REQ-06221,P000216,ACC-0281,ACC-0181,False,False,4
REQ-06224,P000354,ACC-0148,,False,False,4
REQ-06226,P000430,ACC-0285,,False,False,4
REQ-06230,P000391,ACC-0172,,False,False,4
REQ-06232,P000164,ACC-0288,,False,False,4
REQ-06233,P000326,ACC-0140,,False,False,4
REQ-06234,P000030,ACC-0149,ACC-0118,False,False,10
REQ-06235,P000097,ACC-0293,,False,False,6
REQ-06237,P000225,ACC-0105,ACC-0154,False,False,5
REQ-06239,P000169,ACC-0112,ACC-0283,False,False,5
REQ-06240,P000148,ACC-0106,,False,False,10
REQ-06242,P000342,ACC-0118,,False,False,4
REQ-06244,P000377,ACC-0207,,False,False,4
REQ-06247,P000087,ACC-0200,ACC-0236,False,False,7
REQ-06252,P000158,ACC-0145,,False,False,7
REQ-06253,P000191,ACC-0284,ACC-0196,False,False,5
REQ-06257,P000079,ACC-0142,,False,False,10
REQ-06258,P000063,ACC-0144,,False,False,6
REQ-06259,P000349,ACC-0062,ACC-0293,False,False,4
REQ-06262,P000057,ACC-0063,,False,False,9
REQ-06263,P000167,ACC-0253,,False,False,8
REQ-06264,P000337,ACC-0244,,False,False,4
REQ-06267,P000376,ACC-0177,,False,False,4
REQ-06268,P000286,ACC-0135,,False,False,4
REQ-06273,P000136,ACC-0290,,False,False,5
REQ-06274,P000229,ACC-0193,ACC-0118,False,False,4
REQ-06275,P000233,ACC-0170,ACC-0239,False,False,5
REQ-06276,P000212,ACC-0132,,False,False,5
REQ-06277,P000036,ACC-0249,ACC-0112,False,False,7
REQ-06279,P000126,ACC-0258,ACC-0123,False,False,10
REQ-06282,P000090,ACC-0051,ACC-0253,False,False,10
REQ-06284,P000330,ACC-0111,,False,False,4
REQ-06285,P000098,ACC-0200,,False,False,9
REQ-06286,P000286,ACC-0222,,False,False,4
REQ-06292,P000054,ACC-0246,,False,False,10
REQ-06293,P000002,ACC-0280,,False,False,10
REQ-06294,P000168,ACC-0130,,False,False,10
REQ-06295,P000438,ACC-0295,ACC-0145,False,False,4
REQ-06297,P000374,ACC-0181,,False,False,4
REQ-06298,P000185,ACC-0186,,False,False,6
REQ-06302,P000381,ACC-0127,,False,False,4
REQ-06304,P000410,ACC-0209,,False,False,4
REQ-06309,P000062,ACC-0169,ACC-0253,False,False,10
REQ-06311,P000443,ACC-0022,,False,False,4
REQ-06312,P000189,ACC-0111,,False,False,6
REQ-06313,P000381,ACC-0106,,False,False,4
REQ-06315,P000050,ACC-0209,ACC-0197,False,False,6
REQ-06318,P000044,ACC-0022,,True,True,6
REQ-06319,P000006,ACC-0171,ACC-0039,False,False,10
REQ-06320,P000184,ACC-0170,,False,False,4
REQ-06321,P000142,ACC-0259,,False,False,10
REQ-06323,P000342,ACC-0118,,False,False,4
REQ-06325,P000269,ACC-0166,,False,False,4
REQ-06326,P000361,ACC-0002,ACC-0128,False,False,4
REQ-06329,P000363,ACC-0283,,False,False,4
REQ-06330,P000062,ACC-0264,,False,False,10
REQ-06332,P000405,ACC-0206,ACC-0112,False,False,4
REQ-06334,P000308,ACC-0171,,False,False,4
REQ-06338,P000209,ACC-0095,,False,False,4
REQ-06339,P000016,ACC-0051,,False,False,9
REQ-06340,P000198,ACC-0279,,False,False,4
REQ-06342,P000020,ACC-0007,,False,False,5
REQ-06343,P000328,ACC-0167,,False,False,4
REQ-06344,P000315,ACC-0008,ACC-0210,False,False,4
REQ-06346,P000069,ACC-0130,,False,False,10
REQ-06348,P000388,ACC-0192,,False,False,4
REQ-06350,P000430,ACC-0131,,False,False,4
REQ-06351,P000180,ACC-0166,,False,False,4
REQ-06353,P000194,ACC-0123,,False,False,6
REQ-06355,P000240,ACC-0212,ACC-0187,False,False,5
REQ-06356,P000079,ACC-0111,ACC-0160,False,False,10
REQ-06363,P000397,ACC-0062,ACC-0265,False,False,4
REQ-06364,P000210,ACC-0039,,False,False,4
REQ-06365,P000084,ACC-0171,,False,False,10
REQ-06366,P000160,ACC-0257,,False,False,10
REQ-06368,P000025,ACC-0239,,False,False,10
REQ-06369,P000286,ACC-0279,,False,False,4
REQ-06370,P000025,ACC-0157,ACC-0138,False,False,10
REQ-06371,P000127,ACC-0174,,False,False,10
REQ-06372,P000394,ACC-0122,,False,False,4
REQ-06373,P000430,ACC-0283,,False,False,4
REQ-06376,P000202,ACC-0207,,False,False,4
REQ-06379,P000352,ACC-0124,,False,False,4
REQ-06382,P000209,ACC-0161,,False,False,4
REQ-06383,P000380,ACC-0132,,False,False,4
REQ-06384,P000050,ACC-0204,,False,False,6
REQ-06385,P000170,ACC-0209,ACC-0222,False,False,6
REQ-06389,P000334,ACC-0157,,False,False,4
REQ-06391,P000220,ACC-0264,,False,False,5
REQ-06392,P000293,ACC-0207,,False,False,5
REQ-06393,P000157,ACC-0191,,False,False,10
REQ-06397,P000290,ACC-0167,ACC-0112,False,False,4
REQ-06398,P000310,ACC-0170,,False,False,4
REQ-06399,P000087,ACC-0111,,False,False,7
REQ-06400,P000291,ACC-0267,,False,False,5
REQ-06402,P000131,ACC-0264,ACC-0207,False,False,7
REQ-06403,P000236,ACC-0206,,False,False,5
REQ-06404,P000005,ACC-0190,ACC-0206,False,False,10
REQ-06405,P000200,ACC-0188,ACC-0170,False,False,4
REQ-06408,P000267,ACC-0295,,False,False,5
REQ-06409,P000269,ACC-0022,ACC-0164,True,True,4
REQ-06410,P000283,ACC-0058,,False,False,5
REQ-06411,P000426,ACC-0123,,False,False,4
REQ-06417,P000001,ACC-0138,ACC-0140,False,False,10
REQ-06419,P000112,ACC-0059,,False,False,10
REQ-06421,P000335,ACC-0150,,False,False,4
REQ-06424,P000105,ACC-0283,,False,False,6
REQ-06425,P000137,ACC-0184,,False,False,7
REQ-06428,P000090,ACC-0194,,False,False,10
REQ-06432,P000237,ACC-0142,ACC-0144,False,False,5
REQ-06433,P000194,ACC-0299,,False,False,6
REQ-06434,P000115,ACC-0177,ACC-0106,False,False,9
REQ-06435,P000330,ACC-0148,,False,False,4
REQ-06439,P000417,ACC-0287,,False,False,4
REQ-06440,P000097,ACC-0022,,False,False,6
REQ-06442,P000096,ACC-0263,,False,False,8
REQ-06444,P000197,ACC-0229,,False,False,4
REQ-06448,P000105,ACC-0145,,False,False,6
REQ-06449,P000273,ACC-0295,,False,False,4
REQ-06450,P000032,ACC-0131,ACC-0195,False,False,9
REQ-06452,P000268,ACC-0181,ACC-0153,False,False,4
REQ-06453,P000295,ACC-0125,ACC-0155,False,False,5
REQ-06455,P000222,ACC-0166,,False,False,5
REQ-06458,P000080,ACC-0156,,False,False,10
REQ-06462,P000286,ACC-0130,ACC-0278,False,False,4
REQ-06464,P000430,ACC-0022,,False,False,4
REQ-06465,P000383,ACC-0287,,False,False,4
REQ-06467,P000037,ACC-0130,,False,False,10
REQ-06468,P000048,ACC-0246,,False,False,5
REQ-06469,P000308,ACC-0197,,False,False,4
REQ-06471,P000111,ACC-0101,,False,False,10
REQ-06475,P000236,ACC-0253,,False,False,5
REQ-06480,P000099,ACC-0254,ACC-0277,False,False,9
REQ-06481,P000048,ACC-0125,,False,False,5
REQ-06483,P000264,ACC-0177,ACC-0185,False,False,4
REQ-06484,P000023,ACC-0229,,False,False,10
REQ-06486,P000338,ACC-0170,ACC-0109,False,False,4
REQ-06490,P000106,ACC-0102,ACC-0279,False,False,10
REQ-06492,P000325,ACC-0063,,False,False,4
REQ-06493,P000417,ACC-0193,,False,False,4
REQ-06494,P000360,ACC-0133,,False,False,4
REQ-06495,P000131,ACC-0249,,False,False,7
REQ-06497,P000283,ACC-0152,,False,False,5
REQ-06498,P000177,ACC-0277,,False,False,5
REQ-06501,P000355,ACC-0182,,False,False,4
REQ-06503,P000123,ACC-0102,,False,False,5
REQ-06504,P000115,ACC-0222,ACC-0187,False,False,9
REQ-06505,P000332,ACC-0288,ACC-0055,False,False,4
REQ-06508,P000117,ACC-0132,,False,False,8
REQ-06509,P000231,ACC-0252,,False,False,5
REQ-06511,P000204,ACC-0063,ACC-0150,False,False,4
REQ-06512,P000340,ACC-0121,,False,False,4
REQ-06514,P000270,ACC-0266,,False,False,4
REQ-06518,P000050,ACC-0102,,False,False,6
REQ-06520,P000375,ACC-0170,ACC-0239,False,False,4
REQ-06521,P000107,ACC-0033,ACC-0007,True,True,10
REQ-06522,P000422,ACC-0125,,False,False,4
REQ-06526,P000106,ACC-0063,,False,False,10
REQ-06527,P000233,ACC-0104,,False,False,5
REQ-06529,P000428,ACC-0180,,False,False,4
REQ-06532,P000326,ACC-0132,ACC-0285,False,False,4
REQ-06535,P000347,ACC-0034,,False,False,4
REQ-06538,P000171,ACC-0155,,False,False,5
REQ-06540,P000151,ACC-0159,,False,False,9
REQ-06542,P000433,ACC-0186,ACC-0284,False,False,4
REQ-06543,P000220,ACC-0062,,False,False,5
REQ-06544,P000399,ACC-0170,,False,False,4
REQ-06546,P000243,ACC-0075,,True,True,5
REQ-06547,P000370,ACC-0248,,False,False,4
REQ-06550,P000442,ACC-0195,ACC-0159,False,False,4
REQ-06552,P000104,ACC-0170,,False,False,10
REQ-06554,P000241,ACC-0288,,False,False,5
REQ-06557,P000153,ACC-0131,,False,False,6
REQ-06558,P000046,ACC-0161,ACC-0282,False,False,5
REQ-06559,P000269,ACC-0148,,False,False,4
REQ-06565,P000330,ACC-0282,ACC-0004,False,False,4
REQ-06567,P000095,ACC-0258,ACC-0170,False,False,10
REQ-06568,P000204,ACC-0178,ACC-0145,False,False,4
REQ-06570,P000346,ACC-0118,,False,False,4
REQ-06573,P000086,ACC-0262,,False,False,10
REQ-06575,P000317,ACC-0121,,False,False,4
REQ-06576,P000392,ACC-0055,,False,False,4
REQ-06577,P000338,ACC-0170,,False,False,4
REQ-06579,P000074,ACC-0062,,False,False,8
REQ-06582,P000230,ACC-0104,,False,False,5
REQ-06583,P000152,ACC-0258,,False,False,9
REQ-06584,P000191,ACC-0148,,False,False,5
REQ-06586,P000388,ACC-0125,ACC-0248,False,False,4
REQ-06587,P000264,ACC-0122,ACC-0007,False,False,4
REQ-06589,P000309,ACC-0112,,False,False,4
REQ-06590,P000298,ACC-0171,ACC-0102,False,False,5
REQ-06591,P000265,ACC-0082,,False,False,4
REQ-06592,P000037,ACC-0295,,False,False,10
REQ-06593,P000429,ACC-0129,ACC-0130,False,False,4
REQ-06595,P000419,ACC-0185,ACC-0127,False,False,4
REQ-06597,P000170,ACC-0082,,False,False,6
REQ-06599,P000287,ACC-0184,ACC-0007,False,False,4
REQ-06600,P000175,ACC-0233,,False,False,5
REQ-06602,P000140,ACC-0170,,False,False,5
REQ-06604,P000380,ACC-0221,ACC-0135,False,False,4
REQ-06606,P000279,ACC-0034,,False,False,4
REQ-06609,P000235,ACC-0148,,False,False,4
REQ-06610,P000239,ACC-0155,ACC-0284,False,False,5
REQ-06611,P000331,ACC-0007,,False,False,4
REQ-06612,P000122,ACC-0131,ACC-0163,False,False,10
REQ-06615,P000334,ACC-0157,,False,False,4
REQ-06616,P000055,ACC-0022,ACC-0166,True,True,10
REQ-06617,P000308,ACC-0299,,False,False,4
REQ-06618,P000422,ACC-0188,,False,False,4
REQ-06619,P000384,ACC-0265,,False,False,4
REQ-06620,P000369,ACC-0115,,False,False,4
REQ-06621,P000251,ACC-0289,ACC-0131,False,False,4
REQ-06625,P000233,ACC-0170,,False,False,5
REQ-06627,P000276,ACC-0058,,False,False,4
REQ-06630,P000296,ACC-0007,,False,False,5
REQ-06631,P000133,ACC-0294,,False,False,10
REQ-06632,P000096,ACC-0252,,False,False,8
REQ-06633,P000298,ACC-0207,,False,False,5
REQ-06637,P000252,ACC-0170,,False,False,4
REQ-06638,P000105,ACC-0285,,False,False,6
REQ-06641,P000304,ACC-0244,,False,False,5
REQ-06642,P000209,ACC-0007,ACC-0156,False,False,4
REQ-06644,P000033,ACC-0247,,False,False,9
REQ-06645,P000012,ACC-0033,,True,True,10
REQ-06647,P000244,ACC-0132,,False,False,5
REQ-06648,P000397,ACC-0157,,False,False,4
REQ-06651,P000184,ACC-0214,ACC-0095,False,False,4
REQ-06652,P000430,ACC-0090,ACC-0112,False,False,4
REQ-06654,P000080,ACC-0210,,False,False,10
REQ-06655,P000015,ACC-0125,ACC-0151,False,False,10
REQ-06656,P000104,ACC-0187,,False,False,10
REQ-06657,P000165,ACC-0118,,False,False,9
REQ-06658,P000322,ACC-0170,,False,False,4
REQ-06659,P000106,ACC-0295,ACC-0290,False,False,10
REQ-06662,P000206,ACC-0229,,False,False,4
REQ-06665,P000227,ACC-0004,,True,True,5
REQ-06668,P000009,ACC-0178,,False,False,9
REQ-06670,P000164,ACC-0102,ACC-0183,False,False,4
REQ-06671,P000253,ACC-0206,ACC-0004,False,False,4
REQ-06673,P000262,ACC-0239,,False,False,4
REQ-06674,P000132,ACC-0184,ACC-0102,False,False,10
REQ-06676,P000303,ACC-0007,,False,False,5
REQ-06677,P000425,ACC-0148,ACC-0283,False,False,4
REQ-06680,P000055,ACC-0209,,False,False,10
REQ-06681,P000183,ACC-0256,,False,False,4
REQ-06682,P000203,ACC-0178,ACC-0233,False,False,4
REQ-06683,P000408,ACC-0034,,False,False,4
REQ-06685,P000279,ACC-0210,,False,False,4
REQ-06687,P000022,ACC-0248,ACC-0112,False,False,10
REQ-06688,P000086,ACC-0258,,False,False,10
REQ-06690,P000246,ACC-0179,,False,False,4
REQ-06691,P000054,ACC-0161,ACC-0174,False,False,10
REQ-06692,P000444,ACC-0252,,False,False,4
REQ-06693,P000081,ACC-0170,,False,False,6
REQ-06695,P000078,ACC-0207,,False,False,5
REQ-06696,P000108,ACC-0050,,False,False,10
REQ-06698,P000246,ACC-0039,,False,False,4
REQ-06699,P000033,ACC-0107,,False,False,9
REQ-06702,P000344,ACC-0245,,False,False,4
REQ-06706,P000284,ACC-0206,,False,False,4
REQ-06708,P000373,ACC-0249,,False,False,4
REQ-06709,P000322,ACC-0007,,False,False,4
REQ-06710,P000195,ACC-0080,,False,False,4
REQ-06712,P000195,ACC-0236,,False,False,4
REQ-06714,P000167,ACC-0157,,False,False,8
REQ-06715,P000351,ACC-0128,ACC-0008,False,False,4
REQ-06716,P000027,ACC-0004,ACC-0144,False,False,7
REQ-06717,P000153,ACC-0289,,False,False,6
REQ-06718,P000340,ACC-0193,,False,False,4
REQ-06719,P000371,ACC-0007,,False,False,4
REQ-06720,P000163,ACC-0145,,False,False,10
REQ-06724,P000056,ACC-0148,,False,False,10
REQ-06725,P000447,ACC-0062,,False,False,4
REQ-06729,P000123,ACC-0161,,False,False,5
REQ-06731,P000251,ACC-0266,ACC-0094,False,False,4
REQ-06732,P000444,ACC-0111,ACC-0063,False,False,4
REQ-06733,P000138,ACC-0153,,False,False,5
REQ-06736,P000079,ACC-0178,,False,False,10
REQ-06738,P000432,ACC-0170,ACC-0066,False,False,4
REQ-06739,P000425,ACC-0193,,False,False,4
REQ-06741,P000363,ACC-0150,,False,False,4
REQ-06742,P000267,ACC-0130,,False,False,5
REQ-06744,P000257,ACC-0246,,False,False,4
REQ-06747,P000148,ACC-0186,ACC-0107,False,False,10
REQ-06749,P000138,ACC-0275,,False,False,5
REQ-06750,P000045,ACC-0280,,False,False,8
REQ-06751,P000295,ACC-0131,,False,False,5
REQ-06752,P000377,ACC-0102,ACC-0277,False,False,4
REQ-06753,P000337,ACC-0205,,False,False,4
REQ-06758,P000294,ACC-0095,,True,True,5
REQ-06760,P000418,ACC-0157,,False,False,4
REQ-06761,P000129,ACC-0063,ACC-0257,False,False,4
REQ-06764,P000151,ACC-0195,,False,False,9
REQ-06766,P000319,ACC-0170,,False,False,4
REQ-06767,P000162,ACC-0039,,True,True,7
REQ-06768,P000095,ACC-0128,,False,False,10
REQ-06772,P000067,ACC-0200,,False,False,8
REQ-06773,P000103,ACC-0112,,False,False,5
REQ-06774,P000206,ACC-0267,,False,False,4
REQ-06776,P000373,ACC-0055,,False,False,4
REQ-06779,P000291,ACC-0112,,False,False,5
REQ-06780,P000378,ACC-0066,,False,False,4
REQ-06781,P000060,ACC-0207,ACC-0190,False,False,10
REQ-06782,P000171,ACC-0175,,False,False,5
REQ-06783,P000078,ACC-0186,,False,False,5
REQ-06784,P000039,ACC-0212,,False,False,10
REQ-06786,P000076,ACC-0232,ACC-0033,False,False,10
REQ-06788,P000225,ACC-0170,,False,False,5
REQ-06789,P000284,ACC-0174,ACC-0007,False,False,4
REQ-06791,P000211,ACC-0207,,False,False,5
REQ-06793,P000401,ACC-0291,,False,False,4
REQ-06794,P000341,ACC-0206,,False,False,4
REQ-06796,P000127,ACC-0166,,False,False,10
REQ-06797,P000099,ACC-0275,,False,False,9
REQ-06800,P000045,ACC-0254,,False,False,8
REQ-06805,P000165,ACC-0131,ACC-0177,False,False,9
REQ-06806,P000004,ACC-0170,ACC-0283,False,False,10
REQ-06809,P000272,ACC-0239,,False,False,4
REQ-06810,P000030,ACC-0292,,False,False,10
REQ-06812,P000087,ACC-0112,,False,False,7
REQ-06813,P000422,ACC-0283,,False,False,4
REQ-06814,P000077,ACC-0163,ACC-0112,False,False,10
REQ-06815,P000048,ACC-0168,,False,False,5
REQ-06816,P000427,ACC-0194,,False,False,4
REQ-06817,P000359,ACC-0130,,False,False,4
REQ-06818,P000386,ACC-0277,,False,False,4
REQ-06819,P000054,ACC-0178,,False,False,10
REQ-06821,P000369,ACC-0128,ACC-0144,False,False,4
REQ-06826,P000045,ACC-0227,,False,False,8
REQ-06828,P000255,ACC-0166,ACC-0034,False,False,4
REQ-06831,P000025,ACC-0202,,False,False,10
REQ-06833,P000216,ACC-0289,ACC-0167,False,False,4
REQ-06834,P000340,ACC-0254,,False,False,4
REQ-06835,P000291,ACC-0161,,False,False,5
REQ-06839,P000141,ACC-0007,,True,True,9
REQ-06840,P000045,ACC-0118,ACC-0112,False,False,8
REQ-06841,P000314,ACC-0111,ACC-0170,False,False,4
REQ-06843,P000214,ACC-0131,ACC-0112,False,False,4
REQ-06844,P000401,ACC-0212,ACC-0063,False,False,4
REQ-06846,P000068,ACC-0253,,False,False,5
REQ-06847,P000294,ACC-0214,,False,False,5
REQ-06848,P000045,ACC-0075,ACC-0147,False,False,8
REQ-06849,P000309,ACC-0229,ACC-0190,False,False,4
REQ-06852,P000192,ACC-0144,,False,False,6
REQ-06853,P000249,ACC-0288,,False,False,4
REQ-06854,P000263,ACC-0112,,False,False,4
REQ-06856,P000279,ACC-0112,,False,False,4
REQ-06861,P000392,ACC-0101,,False,False,4
REQ-06862,P000227,ACC-0058,ACC-0147,False,False,5
REQ-06863,P000145,ACC-0111,ACC-0285,False,False,5
REQ-06868,P000106,ACC-0283,,False,False,10
REQ-06869,P000027,ACC-0107,,False,False,7
REQ-06870,P000411,ACC-0157,,False,False,4
REQ-06876,P000124,ACC-0299,,False,False,8
REQ-06879,P000399,ACC-0200,,False,False,4
REQ-06880,P000078,ACC-0104,,False,False,5
REQ-06881,P000202,ACC-0166,,False,False,4
REQ-06883,P000247,ACC-0253,ACC-0282,False,False,4
REQ-06884,P000101,ACC-0233,,False,False,8
REQ-06885,P000254,ACC-0178,ACC-0102,False,False,4
REQ-06886,P000164,ACC-0287,,False,False,4
REQ-06888,P000337,ACC-0135,,False,False,4
REQ-06890,P000346,ACC-0253,ACC-0118,False,False,4
REQ-06891,P000257,ACC-0187,,False,False,4
REQ-06894,P000278,ACC-0144,,False,False,4
REQ-06898,P000241,ACC-0288,ACC-0055,False,False,5
REQ-06899,P000395,ACC-0284,ACC-0291,False,False,4
REQ-06900,P000382,ACC-0172,ACC-0284,False,False,4
REQ-06907,P000189,ACC-0177,,False,False,6
REQ-06909,P000010,ACC-0165,ACC-0267,False,False,7
REQ-06910,P000153,ACC-0295,,False,False,6
REQ-06914,P000394,ACC-0275,ACC-0233,False,False,4
REQ-06916,P000331,ACC-0105,,False,False,4
REQ-06917,P000192,ACC-0196,,False,False,6
REQ-06919,P000427,ACC-0050,,False,False,4
REQ-06921,P000331,ACC-0168,ACC-0095,False,False,4
REQ-06922,P000341,ACC-0213,,False,False,4
REQ-06923,P000443,ACC-0280,,False,False,4
REQ-06924,P000054,ACC-0160,ACC-0140,False,False,10
REQ-06926,P000350,ACC-0180,,False,False,4
REQ-06927,P000037,ACC-0171,,False,False,10
REQ-06930,P000065,ACC-0007,,True,True,9
REQ-06932,P000248,ACC-0281,,False,False,4
REQ-06933,P000215,ACC-0080,ACC-0308,False,False,4
REQ-06934,P000109,ACC-0055,,False,False,10
REQ-06939,P000439,ACC-0156,ACC-0131,False,False,4
REQ-06941,P000333,ACC-0107,ACC-0033,False,False,4
REQ-06942,P000398,ACC-0179,,False,False,4
REQ-06943,P000399,ACC-0257,,False,False,4
REQ-06946,P000401,ACC-0280,,False,False,4
REQ-06948,P000439,ACC-0039,ACC-0177,False,False,4
REQ-06949,P000106,ACC-0157,ACC-0283,False,False,10
REQ-06954,P000197,ACC-0118,,False,False,4
REQ-06959,P000356,ACC-0144,ACC-0134,False,False,4
REQ-06960,P000345,ACC-0285,,False,False,3
REQ-06961,P000175,ACC-0185,ACC-0134,False,False,5
REQ-06962,P000174,ACC-0114,,False,False,6
REQ-06964,P000306,ACC-0246,,False,False,4
REQ-06966,P000141,ACC-0161,ACC-0157,False,False,9
REQ-06967,P000391,ACC-0111,ACC-0059,False,False,4
REQ-06970,P000064,ACC-0132,ACC-0113,False,False,5
REQ-06973,P000192,ACC-0107,ACC-0120,False,False,6
REQ-06974,P000244,ACC-0255,,False,False,5
REQ-06975,P000040,ACC-0162,ACC-0100,False,False,5
REQ-06979,P000064,ACC-0149,,False,False,5
REQ-06980,P000143,ACC-0141,,False,False,10
REQ-06984,P000377,ACC-0187,,False,False,4
REQ-06985,P000234,ACC-0209,,False,False,5
REQ-06994,P000301,ACC-0227,ACC-0252,False,False,5
REQ-06995,P000050,ACC-0118,,False,False,6
REQ-06997,P000157,ACC-0063,,False,False,10
REQ-06998,P000036,ACC-0034,,False,False,7
REQ-06999,P000364,ACC-0282,ACC-0166,False,False,4
REQ-07000,P000047,ACC-0002,,False,False,10
REQ-07002,P000298,ACC-0295,ACC-0115,False,False,5
REQ-07003,P000422,ACC-0138,,False,False,4
REQ-07006,P000221,ACC-0007,,False,False,5
REQ-07008,P000344,ACC-0295,ACC-0033,False,False,4
REQ-07009,P000281,ACC-0170,,False,False,4
REQ-07010,P000355,ACC-0112,,False,False,4
REQ-07018,P000177,ACC-0163,,False,False,5
REQ-07019,P000013,ACC-0105,,False,False,10
REQ-07020,P000282,ACC-0102,ACC-0164,False,False,4
REQ-07025,P000327,ACC-0181,ACC-0229,False,False,4
REQ-07026,P000137,ACC-0155,,False,False,7
REQ-07033,P000042,ACC-0194,,False,False,8
REQ-07034,P000415,ACC-0166,ACC-0210,False,False,4
REQ-07035,P000100,ACC-0097,,False,False,8
REQ-07038,P000222,ACC-0055,ACC-0163,False,False,5
REQ-07039,P000257,ACC-0175,,False,False,4
REQ-07040,P000131,ACC-0125,ACC-0264,False,False,7
REQ-07041,P000140,ACC-0281,,False,False,5
REQ-07045,P000051,ACC-0082,,False,False,9
REQ-07046,P000444,ACC-0063,,False,False,4
REQ-07049,P000249,ACC-0130,,False,False,4
REQ-07050,P000229,ACC-0165,,False,False,4
REQ-07051,P000245,ACC-0144,ACC-0246,False,False,4
REQ-07056,P000324,ACC-0028,,False,False,4
REQ-07058,P000044,ACC-0169,,False,False,6
REQ-07063,P000310,ACC-0177,,False,False,4
REQ-07064,P000179,ACC-0170,ACC-0197,False,False,5
REQ-07066,P000080,ACC-0179,ACC-0172,False,False,10
REQ-07067,P000018,ACC-0162,,False,False,5
REQ-07068,P000256,ACC-0293,,False,False,4
REQ-07071,P000040,ACC-0107,,False,False,5
REQ-07072,P000394,ACC-0160,,False,False,4
REQ-07075,P000154,ACC-0118,,False,False,10
REQ-07076,P000028,ACC-0163,ACC-0112,False,False,6
REQ-07078,P000239,ACC-0131,,False,False,5
REQ-07079,P000225,ACC-0007,,False,False,5
REQ-07080,P000094,ACC-0004,,True,True,9
REQ-07081,P000334,ACC-0251,,False,False,4
REQ-07082,P000442,ACC-0205,ACC-0163,False,False,4
REQ-07084,P000005,ACC-0105,,False,False,10
REQ-07087,P000196,ACC-0112,ACC-0168,False,False,3
REQ-07088,P000097,ACC-0105,,False,False,6
REQ-07092,P000262,ACC-0247,,False,False,4
REQ-07093,P000289,ACC-0237,ACC-0134,False,False,4
REQ-07094,P000158,ACC-0206,,False,False,7
REQ-07098,P000387,ACC-0281,,False,False,4
REQ-07099,P000423,ACC-0154,,False,False,4
REQ-07102,P000052,ACC-0177,,False,False,10
REQ-07104,P000032,ACC-0187,,False,False,9
REQ-07106,P000221,ACC-0191,ACC-0090,False,False,5
REQ-07107,P000187,ACC-0174,,False,False,5
REQ-07109,P000175,ACC-0246,,False,False,5
REQ-07110,P000037,ACC-0112,ACC-0278,False,False,10
REQ-07112,P000415,ACC-0082,,False,False,4
REQ-07114,P000400,ACC-0075,,True,True,4
REQ-07115,P000362,ACC-0172,ACC-0245,False,False,4
REQ-07116,P000164,ACC-0186,,False,False,4
REQ-07118,P000333,ACC-0188,,False,False,4
REQ-07121,P000341,ACC-0285,,False,False,4
REQ-07123,P000387,ACC-0118,ACC-0166,False,False,4
REQ-07125,P000355,ACC-0244,ACC-0209,False,False,4
REQ-07126,P000392,ACC-0197,,False,False,4
REQ-07129,P000050,ACC-0007,ACC-0111,False,False,6
REQ-07133,P000326,ACC-0127,,False,False,4
REQ-07135,P000316,ACC-0267,,False,False,4
REQ-07136,P000428,ACC-0127,,False,False,4
REQ-07137,P000064,ACC-0283,,False,False,5
REQ-07138,P000121,ACC-0217,ACC-0138,False,False,10
REQ-07142,P000092,ACC-0123,,False,False,10
REQ-07143,P000027,ACC-0112,,False,False,7
REQ-07144,P000278,ACC-0095,,False,False,4
REQ-07149,P000226,ACC-0112,ACC-0132,False,False,4
REQ-07150,P000413,ACC-0112,ACC-0150,False,False,4
REQ-07153,P000054,ACC-0189,,False,False,10
REQ-07156,P000114,ACC-0264,ACC-0094,False,False,10
REQ-07158,P000413,ACC-0165,ACC-0152,False,False,4
REQ-07162,P000131,ACC-0151,,False,False,7
REQ-07164,P000252,ACC-0264,ACC-0097,False,False,4
REQ-07167,P000295,ACC-0249,,False,False,5
REQ-07173,P000226,ACC-0149,,False,False,4
REQ-07176,P000102,ACC-0109,,False,False,10
REQ-07177,P000064,ACC-0285,ACC-0170,False,False,5
REQ-07178,P000074,ACC-0066,,False,False,8
REQ-07179,P000190,ACC-0144,ACC-0063,False,False,5
REQ-07183,P000443,ACC-0254,ACC-0131,False,False,4
REQ-07186,P000376,ACC-0308,ACC-0189,False,False,4
REQ-07193,P000262,ACC-0004,,False,False,4
REQ-07194,P000304,ACC-0177,,False,False,5
REQ-07195,P000277,ACC-0155,,False,False,4
REQ-07196,P000047,ACC-0275,,False,False,10
REQ-07197,P000359,ACC-0197,,False,False,4
REQ-07199,P000238,ACC-0114,,False,False,5
REQ-07202,P000112,ACC-0200,,False,False,10
REQ-07203,P000274,ACC-0050,,False,False,4
REQ-07208,P000185,ACC-0161,,False,False,6
REQ-07209,P000072,ACC-0185,ACC-0165,False,False,10
REQ-07212,P000071,ACC-0180,ACC-0170,False,False,7
REQ-07213,P000365,ACC-0236,ACC-0022,False,False,4
REQ-07214,P000146,ACC-0296,ACC-0139,False,False,6
REQ-07215,P000016,ACC-0191,ACC-0147,False,False,9
REQ-07216,P000386,ACC-0171,,False,False,4
REQ-07217,P000220,ACC-0170,,False,False,5
REQ-07219,P000177,ACC-0199,,False,False,5
REQ-07221,P000395,ACC-0022,,False,False,4
REQ-07223,P000363,ACC-0161,,False,False,4
REQ-07224,P000293,ACC-0118,ACC-0156,False,False,5
REQ-07225,P000330,ACC-0007,ACC-0157,False,False,4
REQ-07228,P000390,ACC-0112,,False,False,4
REQ-07229,P000012,ACC-0291,,False,False,10
REQ-07230,P000351,ACC-0059,,False,False,4
REQ-07232,P000033,ACC-0022,ACC-0169,True,True,9
REQ-07233,P000191,ACC-0055,,False,False,5
REQ-07236,P000040,ACC-0233,,False,False,5
REQ-07240,P000047,ACC-0243,ACC-0068,False,False,10
REQ-07241,P000263,ACC-0160,ACC-0118,False,False,4
REQ-07243,P000184,ACC-0140,,False,False,4
REQ-07246,P000191,ACC-0199,ACC-0161,False,False,5
REQ-07249,P000261,ACC-0118,ACC-0284,False,False,4
REQ-07250,P000021,ACC-0295,ACC-0007,False,False,10
REQ-07251,P000308,ACC-0183,,False,False,4
REQ-07253,P000420,ACC-0121,ACC-0022,False,False,4
REQ-07255,P000289,ACC-0195,,False,False,4
REQ-07256,P000381,ACC-0170,ACC-0200,False,False,4
REQ-07257,P000214,ACC-0253,,False,False,4
REQ-07259,P000100,ACC-0002,ACC-0156,False,False,8
REQ-07265,P000333,ACC-0179,ACC-0194,False,False,4
REQ-07268,P000208,ACC-0102,,False,False,4
REQ-07270,P000043,ACC-0171,,False,False,5
REQ-07271,P000316,ACC-0145,,False,False,4
REQ-07274,P000292,ACC-0153,,False,False,5
REQ-07275,P000032,ACC-0133,,False,False,9
REQ-07276,P000278,ACC-0164,ACC-0259,False,False,4
REQ-07277,P000137,ACC-0131,ACC-0279,False,False,7
REQ-07278,P000133,ACC-0249,ACC-0007,False,False,10
REQ-07280,P000337,ACC-0118,,False,False,4
REQ-07281,P000288,ACC-0063,,False,False,4
REQ-07283,P000095,ACC-0161,,False,False,10
REQ-07284,P000257,ACC-0002,ACC-0227,False,False,4
REQ-07296,P000388,ACC-0141,ACC-0245,False,False,4
REQ-07297,P000429,ACC-0244,,False,False,4
REQ-07298,P000193,ACC-0196,,False,False,4
REQ-07299,P000341,ACC-0157,,False,False,4
REQ-07300,P000058,ACC-0161,,False,False,7
REQ-07301,P000371,ACC-0175,ACC-0252,False,False,4
REQ-07302,P000436,ACC-0165,,False,False,4
REQ-07305,P000224,ACC-0178,ACC-0068,False,False,5
REQ-07310,P000281,ACC-0131,ACC-0075,False,False,4
REQ-07312,P000203,ACC-0212,,False,False,4
REQ-07314,P000420,ACC-0207,,False,False,4
REQ-07315,P000370,ACC-0055,,False,False,4
REQ-07317,P000095,ACC-0227,ACC-0189,False,False,10
REQ-07318,P000365,ACC-0285,ACC-0135,False,False,4
REQ-07320,P000120,ACC-0171,,False,False,10
REQ-07321,P000165,ACC-0102,,False,False,9
REQ-07322,P000371,ACC-0127,,False,False,4
REQ-07325,P000202,ACC-0231,,False,False,4
REQ-07326,P000105,ACC-0239,,False,False,6
REQ-07327,P000281,ACC-0148,ACC-0290,False,False,4
REQ-07328,P000338,ACC-0233,,False,False,4
REQ-07330,P000431,ACC-0075,,False,False,4
REQ-07331,P000108,ACC-0129,,False,False,10
REQ-07332,P000155,ACC-0170,,False,False,8
REQ-07334,P000367,ACC-0280,ACC-0177,False,False,4
REQ-07335,P000140,ACC-0155,,False,False,5
REQ-07336,P000335,ACC-0022,,False,False,4
REQ-07337,P000386,ACC-0134,,False,False,4
REQ-07338,P000229,ACC-0206,,False,False,4
REQ-07342,P000355,ACC-0007,,False,False,4
REQ-07346,P000271,ACC-0075,ACC-0144,False,False,4
REQ-07347,P000123,ACC-0281,,False,False,5
REQ-07350,P000012,ACC-0207,ACC-0125,False,False,10
REQ-07351,P000290,ACC-0244,ACC-0165,False,False,4
REQ-07352,P000348,ACC-0178,,False,False,4
REQ-07354,P000439,ACC-0022,ACC-0190,False,False,4
REQ-07356,P000224,ACC-0250,ACC-0251,False,False,5
REQ-07363,P000095,ACC-0145,,False,False,10
REQ-07366,P000206,ACC-0202,ACC-0262,False,False,4
REQ-07370,P000313,ACC-0166,ACC-0293,False,False,5
REQ-07374,P000090,ACC-0170,ACC-0082,False,False,10
REQ-07375,P000174,ACC-0096,ACC-0144,False,False,6
REQ-07380,P000118,ACC-0281,,False,False,8
REQ-07381,P000196,ACC-0130,ACC-0128,False,False,3
REQ-07384,P000354,ACC-0233,ACC-0265,False,False,4
REQ-07387,P000093,ACC-0222,,False,False,10
REQ-07389,P000443,ACC-0195,,False,False,4
REQ-07391,P000199,ACC-0130,,False,False,4
REQ-07392,P000023,ACC-0202,ACC-0281,False,False,10
REQ-07393,P000010,ACC-0138,,False,False,7
REQ-07394,P000355,ACC-0209,,False,False,4
REQ-07395,P000090,ACC-0247,ACC-0156,False,False,10
REQ-07397,P000078,ACC-0213,,False,False,5
REQ-07398,P000004,ACC-0191,,False,False,10
REQ-07399,P000301,ACC-0171,,False,False,5
REQ-07401,P000187,ACC-0295,,False,False,5
REQ-07403,P000407,ACC-0174,ACC-0116,False,False,4
REQ-07405,P000112,ACC-0142,ACC-0007,False,False,10
REQ-07407,P000034,ACC-0114,,False,False,10
REQ-07410,P000420,ACC-0295,,False,False,4
REQ-07412,P000263,ACC-0280,ACC-0187,False,False,4
REQ-07414,P000139,ACC-0222,,False,False,8
REQ-07417,P000273,ACC-0293,,False,False,4
REQ-07419,P000106,ACC-0170,,False,False,10
REQ-07422,P000194,ACC-0106,,False,False,6
REQ-07424,P000127,ACC-0190,ACC-0280,False,False,10
REQ-07426,P000165,ACC-0144,ACC-0162,False,False,9
REQ-07427,P000068,ACC-0166,,False,False,5
REQ-07429,P000329,ACC-0256,ACC-0167,False,False,4
REQ-07430,P000215,ACC-0007,ACC-0156,False,False,4
REQ-07431,P000270,ACC-0133,,False,False,4
REQ-07434,P000443,ACC-0212,,False,False,4
REQ-07436,P000440,ACC-0125,ACC-0166,False,False,4
REQ-07438,P000419,ACC-0160,,False,False,4
REQ-07442,P000143,ACC-0170,,False,False,10
REQ-07443,P000029,ACC-0114,,False,False,6
REQ-07444,P000011,ACC-0168,,False,False,10
REQ-07445,P000426,ACC-0163,,False,False,4
REQ-07446,P000240,ACC-0058,ACC-0189,False,False,5
REQ-07447,P000105,ACC-0157,,False,False,6
REQ-07448,P000074,ACC-0120,ACC-0181,False,False,8
REQ-07450,P000432,ACC-0193,ACC-0112,False,False,4
REQ-07455,P000320,ACC-0197,,False,False,4
REQ-07456,P000117,ACC-0058,,False,False,8
REQ-07463,P000239,ACC-0107,ACC-0222,False,False,5
REQ-07465,P000180,ACC-0284,,False,False,4
REQ-07468,P000438,ACC-0278,ACC-0109,False,False,4
REQ-07470,P000049,ACC-0282,,False,False,10
REQ-07472,P000061,ACC-0063,,False,False,3
REQ-07474,P000165,ACC-0134,,False,False,9
REQ-07476,P000244,ACC-0187,,False,False,5
REQ-07478,P000385,ACC-0161,,False,False,4
REQ-07480,P000084,ACC-0132,ACC-0170,False,False,10
REQ-07481,P000410,ACC-0127,,False,False,4
REQ-07482,P000264,ACC-0022,ACC-0212,True,True,4
REQ-07485,P000019,ACC-0080,,False,False,5
REQ-07486,P000217,ACC-0214,ACC-0292,False,False,5
REQ-07487,P000385,ACC-0104,,False,False,4
REQ-07488,P000350,ACC-0168,,False,False,4
REQ-07489,P000062,ACC-0281,ACC-0190,False,False,10
REQ-07492,P000081,ACC-0146,ACC-0107,False,False,6
REQ-07493,P000005,ACC-0112,,False,False,10
REQ-07494,P000232,ACC-0163,,False,False,5
REQ-07495,P000149,ACC-0171,ACC-0209,False,False,5
REQ-07497,P000169,ACC-0250,,False,False,5
REQ-07499,P000036,ACC-0190,ACC-0007,False,False,7
REQ-07500,P000192,ACC-0231,ACC-0185,False,False,6
REQ-07501,P000433,ACC-0207,,False,False,4
REQ-07504,P000349,ACC-0033,,False,False,4
REQ-07505,P000413,ACC-0122,,False,False,4
REQ-07506,P000239,ACC-0222,,False,False,5
REQ-07509,P000181,ACC-0002,,False,False,5
REQ-07513,P000366,ACC-0266,ACC-0284,False,False,4
REQ-07516,P000439,ACC-0167,ACC-0138,False,False,4
REQ-07517,P000379,ACC-0206,ACC-0170,False,False,4
REQ-07520,P000245,ACC-0278,ACC-0227,False,False,4
REQ-07522,P000097,ACC-0007,,False,False,6
REQ-07523,P000137,ACC-0142,,False,False,7
REQ-07525,P000388,ACC-0132,,False,False,4
REQ-07530,P000125,ACC-0170,,False,False,10
REQ-07532,P000364,ACC-0275,ACC-0129,False,False,4
REQ-07533,P000343,ACC-0028,,True,True,4
REQ-07536,P000341,ACC-0293,,False,False,4
REQ-07537,P000391,ACC-0207,ACC-0150,False,False,4
REQ-07538,P000026,ACC-0280,,False,False,4
REQ-07542,P000171,ACC-0127,,False,False,5
REQ-07546,P000134,ACC-0112,,False,False,5
REQ-07547,P000016,ACC-0159,ACC-0286,False,False,9
REQ-07550,P000004,ACC-0063,,False,False,10
REQ-07552,P000407,ACC-0210,,False,False,4
REQ-07555,P000368,ACC-0131,ACC-0007,False,False,4
REQ-07556,P000141,ACC-0213,,False,False,9
REQ-07557,P000164,ACC-0214,,False,False,4
REQ-07560,P000390,ACC-0190,,False,False,4
REQ-07562,P000430,ACC-0107,,False,False,4
REQ-07563,P000377,ACC-0112,,False,False,4
REQ-07564,P000429,ACC-0258,,False,False,4
REQ-07565,P000156,ACC-0291,ACC-0112,False,False,10
REQ-07568,P000390,ACC-0181,ACC-0134,False,False,4
REQ-07571,P000002,ACC-0125,ACC-0128,False,False,10
REQ-07572,P000382,ACC-0196,ACC-0094,False,False,4
REQ-07578,P000023,ACC-0131,ACC-0171,False,False,10
REQ-07580,P000425,ACC-0066,,False,False,4
REQ-07581,P000354,ACC-0193,,False,False,4
REQ-07582,P000223,ACC-0277,ACC-0066,False,True,5
REQ-07585,P000395,ACC-0106,ACC-0227,False,False,4
REQ-07586,P000385,ACC-0154,,False,False,4
REQ-07587,P000369,ACC-0131,,False,False,4
REQ-07588,P000218,ACC-0288,ACC-0180,False,False,5
REQ-07590,P000237,ACC-0185,,False,False,5
REQ-07591,P000006,ACC-0164,,False,False,10
REQ-07594,P000054,ACC-0172,,False,False,10
REQ-07597,P000170,ACC-0196,,False,False,6
REQ-07598,P000328,ACC-0075,,False,False,4
REQ-07599,P000203,ACC-0122,ACC-0165,False,False,4
REQ-07601,P000300,ACC-0166,ACC-0039,False,False,5
REQ-07602,P000092,ACC-0133,,False,False,10
REQ-07603,P000126,ACC-0168,,False,False,10
REQ-07604,P000150,ACC-0090,,False,False,10
REQ-07605,P000211,ACC-0007,,False,False,5
REQ-07607,P000132,ACC-0144,,False,False,10
REQ-07608,P000443,ACC-0286,,False,False,4
REQ-07610,P000239,ACC-0275,,False,False,5
REQ-07615,P000069,ACC-0177,ACC-0082,False,True,10
REQ-07616,P000336,ACC-0102,,False,False,4
REQ-07617,P000269,ACC-0055,,False,False,4
REQ-07618,P000212,ACC-0175,,False,False,5
REQ-07621,P000227,ACC-0135,,False,False,5
REQ-07626,P000149,ACC-0182,ACC-0149,False,False,5
REQ-07628,P000420,ACC-0043,,False,False,4
REQ-07629,P000413,ACC-0121,,False,False,4
REQ-07630,P000153,ACC-0031,ACC-0178,False,False,6
REQ-07632,P000028,ACC-0200,,False,False,6
REQ-07636,P000049,ACC-0184,,False,False,10
REQ-07638,P000057,ACC-0191,ACC-0124,False,False,9
REQ-07640,P000298,ACC-0118,ACC-0122,False,False,5
REQ-07641,P000239,ACC-0194,ACC-0193,False,False,5
REQ-07642,P000245,ACC-0281,,False,False,4
REQ-07643,P000135,ACC-0171,,False,False,10
REQ-07644,P000389,ACC-0112,,False,False,4
REQ-07645,P000147,ACC-0292,,False,False,7
REQ-07648,P000003,ACC-0055,,False,False,10
REQ-07649,P000379,ACC-0128,,False,False,4
REQ-07650,P000195,ACC-0063,ACC-0206,False,False,4
REQ-07651,P000183,ACC-0280,,False,False,4
REQ-07652,P000311,ACC-0134,ACC-0171,False,False,5
REQ-07654,P000092,ACC-0004,ACC-0162,False,False,10
REQ-07656,P000028,ACC-0293,ACC-0166,False,False,6
REQ-07657,P000270,ACC-0295,,False,False,4
REQ-07658,P000293,ACC-0112,,False,False,5
REQ-07661,P000331,ACC-0131,ACC-0253,False,False,4
REQ-07662,P000438,ACC-0250,,False,False,4
REQ-07663,P000417,ACC-0170,,False,False,4
REQ-07665,P000151,ACC-0097,ACC-0291,False,False,9
REQ-07667,P000063,ACC-0252,,False,False,6
REQ-07668,P000117,ACC-0055,ACC-0288,False,False,8
REQ-07669,P000117,ACC-0144,ACC-0075,False,False,8
REQ-07670,P000052,ACC-0264,,False,False,10
REQ-07671,P000174,ACC-0283,ACC-0150,False,False,6
REQ-07673,P000049,ACC-0007,,False,False,10
REQ-07676,P000361,ACC-0207,ACC-0129,False,False,4
REQ-07682,P000268,ACC-0160,ACC-0066,False,False,4
REQ-07683,P000361,ACC-0277,,False,False,4
REQ-07686,P000250,ACC-0284,,False,False,4
REQ-07687,P000149,ACC-0166,ACC-0050,False,False,5
REQ-07688,P000440,ACC-0104,ACC-0150,False,False,4
REQ-07689,P000277,ACC-0162,,False,False,4
REQ-07692,P000419,ACC-0112,,False,False,4
REQ-07696,P000184,ACC-0121,,False,False,4
REQ-07697,P000440,ACC-0177,,False,False,4
REQ-07698,P000252,ACC-0139,,False,False,4
REQ-07700,P000406,ACC-0210,,False,False,4
REQ-07701,P000134,ACC-0283,,False,False,5
REQ-07702,P000059,ACC-0125,,False,False,8
REQ-07703,P000250,ACC-0212,,False,False,4
REQ-07704,P000241,ACC-0112,,False,False,5
REQ-07706,P000096,ACC-0134,ACC-0118,False,False,8
REQ-07708,P000272,ACC-0022,ACC-0175,False,False,4
REQ-07711,P000324,ACC-0128,,False,False,4
REQ-07712,P000409,ACC-0209,ACC-0170,False,False,4
REQ-07713,P000313,ACC-0247,,False,False,5
REQ-07714,P000347,ACC-0204,,False,False,4
REQ-07715,P000285,ACC-0236,,False,False,4
REQ-07716,P000134,ACC-0236,,False,False,5
REQ-07718,P000291,ACC-0114,,False,False,5
REQ-07723,P000265,ACC-0122,,False,False,4
REQ-07724,P000045,ACC-0170,,False,False,8
REQ-07725,P000241,ACC-0248,ACC-0095,False,True,5
REQ-07728,P000450,ACC-0149,ACC-0163,False,False,4
REQ-07729,P000150,ACC-0248,,False,False,10
REQ-07731,P000392,ACC-0183,ACC-0294,False,False,4
REQ-07732,P000048,ACC-0248,,False,False,5
REQ-07735,P000125,ACC-0095,,True,True,10
REQ-07736,P000420,ACC-0121,,False,False,4
REQ-07737,P000252,ACC-0165,,False,False,4
REQ-07739,P000275,ACC-0111,ACC-0159,False,False,4
REQ-07740,P000319,ACC-0222,ACC-0170,False,False,4
REQ-07741,P000117,ACC-0105,ACC-0164,False,False,8
REQ-07742,P000372,ACC-0186,,False,False,4
REQ-07745,P000013,ACC-0007,ACC-0213,False,False,10
REQ-07746,P000261,ACC-0205,ACC-0239,False,False,4
REQ-07747,P000208,ACC-0118,,False,False,4
REQ-07750,P000036,ACC-0170,ACC-0172,False,False,7
REQ-07751,P000240,ACC-0055,,False,False,5
REQ-07758,P000004,ACC-0125,ACC-0293,False,False,10
REQ-07759,P000163,ACC-0135,ACC-0191,False,False,10
REQ-07762,P000381,ACC-0283,,False,False,4
REQ-07764,P000257,ACC-0151,,False,False,4
REQ-07765,P000138,ACC-0004,,False,False,5
REQ-07767,P000165,ACC-0202,,False,False,9
REQ-07770,P000277,ACC-0039,,False,False,4
REQ-07774,P000266,ACC-0112,,False,False,4
REQ-07777,P000045,ACC-0167,,False,False,8
REQ-07780,P000290,ACC-0107,ACC-0252,False,False,4
REQ-07781,P000234,ACC-0253,ACC-0257,False,False,5
REQ-07784,P000213,ACC-0190,,False,False,4
REQ-07786,P000103,ACC-0168,,False,False,5
REQ-07787,P000395,ACC-0155,,False,False,4
REQ-07788,P000253,ACC-0252,ACC-0092,False,True,4
REQ-07789,P000402,ACC-0128,,False,False,4
REQ-07790,P000237,ACC-0229,,False,False,5
REQ-07791,P000008,ACC-0181,,False,False,10
REQ-07793,P000110,ACC-0105,ACC-0133,False,False,10
REQ-07794,P000172,ACC-0236,,False,False,4
REQ-07796,P000128,ACC-0112,,False,False,8
REQ-07797,P000423,ACC-0112,,False,False,4
REQ-07798,P000271,ACC-0148,,False,False,4
REQ-07799,P000286,ACC-0127,ACC-0141,False,False,4
REQ-07801,P000237,ACC-0007,,False,False,5
REQ-07802,P000120,ACC-0163,,False,False,10
REQ-07806,P000020,ACC-0118,,False,False,5
REQ-07809,P000254,ACC-0104,,False,False,4
REQ-07810,P000214,ACC-0111,,False,False,4
REQ-07811,P000378,ACC-0236,,False,False,4
REQ-07813,P000027,ACC-0253,ACC-0249,False,False,7
REQ-07814,P000423,ACC-0187,ACC-0170,False,False,4
REQ-07815,P000184,ACC-0160,,False,False,4
REQ-07816,P000178,ACC-0118,,False,False,5
REQ-07817,P000275,ACC-0183,,False,False,4
REQ-07818,P000079,ACC-0131,,False,False,10
REQ-07820,P000021,ACC-0212,,False,False,10
REQ-07822,P000447,ACC-0248,,False,False,4
REQ-07824,P000072,ACC-0289,ACC-0283,False,False,10
REQ-07831,P000331,ACC-0275,ACC-0063,False,False,4
REQ-07833,P000233,ACC-0111,,False,False,5
REQ-07834,P000011,ACC-0199,,False,False,10
REQ-07835,P000157,ACC-0286,ACC-0251,False,False,10
REQ-07836,P000391,ACC-0167,,False,False,4
REQ-07837,P000371,ACC-0161,,False,False,4
REQ-07843,P000113,ACC-0214,ACC-0220,False,False,10
REQ-07846,P000054,ACC-0118,ACC-0122,False,False,10
REQ-07847,P000317,ACC-0265,ACC-0239,False,False,4
REQ-07848,P000321,ACC-0118,,False,False,4
REQ-07849,P000334,ACC-0166,,False,False,4
REQ-07853,P000085,ACC-0058,ACC-0082,False,False,10
REQ-07854,P000386,ACC-0144,ACC-0212,False,False,4
REQ-07859,P000236,ACC-0256,ACC-0051,False,False,5
REQ-07861,P000153,ACC-0183,ACC-0059,False,False,6
REQ-07862,P000025,ACC-0179,ACC-0248,False,False,10
REQ-07863,P000356,ACC-0112,,False,False,4
REQ-07864,P000380,ACC-0263,,False,False,4
REQ-07866,P000295,ACC-0077,ACC-0185,False,False,5
REQ-07867,P000376,ACC-0166,,False,False,4
REQ-07868,P000045,ACC-0281,,False,False,8
REQ-07869,P000327,ACC-0123,ACC-0112,False,False,4
REQ-07870,P000153,ACC-0102,ACC-0170,False,False,6
REQ-07872,P000035,ACC-0145,,False,False,8
REQ-07874,P000077,ACC-0182,,False,False,10
REQ-07876,P000365,ACC-0132,ACC-0293,False,False,4
REQ-07878,P000177,ACC-0008,,False,False,5
REQ-07880,P000251,ACC-0181,ACC-0142,False,False,4
REQ-07882,P000309,ACC-0288,ACC-0285,False,False,4
REQ-07883,P000171,ACC-0250,,False,False,5
REQ-07884,P000010,ACC-0118,,False,False,7
REQ-07885,P000128,ACC-0221,ACC-0265,False,False,8
REQ-07886,P000366,ACC-0166,,False,False,4
REQ-07887,P000052,ACC-0077,ACC-0063,False,False,10
REQ-07888,P000303,ACC-0112,,False,False,5
REQ-07890,P000393,ACC-0106,,False,False,4
REQ-07894,P000398,ACC-0079,ACC-0134,False,False,4
REQ-07896,P000436,ACC-0033,,False,False,4
REQ-07897,P000105,ACC-0165,ACC-0150,False,False,6
REQ-07898,P000136,ACC-0166,ACC-0288,False,False,5
REQ-07901,P000224,ACC-0066,,False,False,5
REQ-07902,P000246,ACC-0180,ACC-0150,False,False,4
REQ-07905,P000240,ACC-0185,,False,False,5
REQ-07906,P000258,ACC-0079,ACC-0063,False,False,4
REQ-07907,P000176,ACC-0058,ACC-0132,False,False,5
REQ-07908,P000405,ACC-0199,,False,False,4
REQ-07909,P000354,ACC-0265,ACC-0159,False,False,4
REQ-07910,P000390,ACC-0120,,False,False,4
REQ-07915,P000209,ACC-0007,ACC-0171,False,False,4
REQ-07918,P000067,ACC-0097,ACC-0162,False,False,8
REQ-07919,P000268,ACC-0050,,False,False,4
REQ-07920,P000046,ACC-0108,,False,False,5
REQ-07922,P000103,ACC-0075,ACC-0288,False,False,5
REQ-07924,P000111,ACC-0082,,False,False,10
REQ-07925,P000247,ACC-0152,,False,False,4
REQ-07926,P000266,ACC-0055,ACC-0186,False,False,4
REQ-07927,P000346,ACC-0199,,False,False,4
REQ-07928,P000427,ACC-0289,ACC-0148,False,False,4
REQ-07930,P000198,ACC-0181,,False,False,4
REQ-07931,P000397,ACC-0256,,False,False,4
REQ-07932,P000007,ACC-0112,ACC-0296,False,False,10
REQ-07933,P000312,ACC-0200,ACC-0170,False,False,5
REQ-07934,P000168,ACC-0127,,False,False,10
REQ-07936,P000320,ACC-0286,,False,False,4
REQ-07938,P000253,ACC-0114,ACC-0170,False,False,4
REQ-07942,P000108,ACC-0158,ACC-0205,False,False,10
REQ-07945,P000163,ACC-0097,,False,False,10
REQ-07946,P000029,ACC-0170,,False,False,6
REQ-07948,P000393,ACC-0107,,False,False,4
REQ-07952,P000135,ACC-0075,,False,False,10
REQ-07953,P000258,ACC-0293,,False,False,4
REQ-07954,P000055,ACC-0122,,False,False,10
REQ-07955,P000106,ACC-0170,ACC-0155,False,False,10
REQ-07956,P000102,ACC-0293,,False,False,10
REQ-07960,P000215,ACC-0232,ACC-0288,False,False,4
REQ-07961,P000320,ACC-0168,ACC-0248,False,False,4
REQ-07962,P000323,ACC-0281,ACC-0095,False,True,4
REQ-07963,P000067,ACC-0205,ACC-0033,False,True,8
REQ-07965,P000277,ACC-0051,,False,False,4
REQ-07966,P000073,ACC-0295,,False,False,4
REQ-07967,P000362,ACC-0132,,False,False,4
REQ-07970,P000369,ACC-0063,ACC-0183,False,False,4
REQ-07973,P000159,ACC-0170,ACC-0127,False,False,10
REQ-07975,P000336,ACC-0149,,False,False,4
REQ-07980,P000370,ACC-0122,,False,False,4
REQ-07981,P000106,ACC-0280,,False,False,10
REQ-07982,P000209,ACC-0162,,False,False,4
REQ-07983,P000444,ACC-0206,,False,False,4
REQ-07987,P000073,ACC-0149,,False,False,4
REQ-07988,P000157,ACC-0039,ACC-0170,True,True,10
REQ-07989,P000241,ACC-0127,,False,False,5
REQ-07991,P000034,ACC-0172,,False,False,10
REQ-07993,P000399,ACC-0128,,False,False,4
REQ-07994,P000016,ACC-0055,,False,False,9
REQ-07995,P000088,ACC-0153,,False,False,10
REQ-07996,P000436,ACC-0281,ACC-0135,False,False,4
REQ-07997,P000385,ACC-0187,ACC-0149,False,False,4
REQ-07998,P000212,ACC-0144,,False,False,5
REQ-08000,P000186,ACC-0034,,False,False,4
REQ-08001,P000149,ACC-0028,,False,False,5
REQ-08006,P000024,ACC-0295,ACC-0112,False,False,10
REQ-08007,P000279,ACC-0109,,False,False,4
REQ-08008,P000159,ACC-0288,ACC-0112,False,False,10
REQ-08009,P000156,ACC-0172,ACC-0051,False,False,10
REQ-08010,P000361,ACC-0170,,False,False,4
REQ-08012,P000225,ACC-0112,,False,False,5
REQ-08014,P000026,ACC-0063,,False,False,4
REQ-08015,P000288,ACC-0118,ACC-0128,False,False,4
REQ-08016,P000035,ACC-0170,ACC-0007,False,True,8
REQ-08017,P000335,ACC-0133,,False,False,4
REQ-08019,P000216,ACC-0141,,False,False,4
REQ-08022,P000065,ACC-0181,,False,False,9
REQ-08026,P000215,ACC-0161,ACC-0112,False,False,4
REQ-08027,P000397,ACC-0075,ACC-0171,True,True,4
REQ-08028,P000233,ACC-0131,,False,False,5
REQ-08029,P000326,ACC-0075,ACC-0092,False,False,4
REQ-08032,P000054,ACC-0075,ACC-0164,False,False,10
REQ-08038,P000283,ACC-0066,ACC-0151,False,False,5
REQ-08040,P000389,ACC-0189,,False,False,4
REQ-08041,P000148,ACC-0123,,False,False,10
REQ-08044,P000167,ACC-0280,,False,False,8
REQ-08045,P000272,ACC-0185,,False,False,4
REQ-08046,P000206,ACC-0112,ACC-0172,False,False,4
REQ-08047,P000148,ACC-0170,,False,False,10
REQ-08052,P000331,ACC-0111,ACC-0289,False,False,4
REQ-08055,P000318,ACC-0217,,False,False,4
REQ-08056,P000086,ACC-0287,,False,False,10
REQ-08064,P000086,ACC-0170,ACC-0132,False,False,10
REQ-08065,P000165,ACC-0166,,False,False,9
REQ-08067,P000088,ACC-0179,ACC-0181,False,False,10
REQ-08068,P000314,ACC-0167,ACC-0236,False,False,4
REQ-08070,P000028,ACC-0109,ACC-0280,False,False,6
REQ-08071,P000339,ACC-0102,ACC-0039,False,False,4
REQ-08073,P000280,ACC-0153,,False,False,4
REQ-08075,P000181,ACC-0034,ACC-0104,False,False,5
REQ-08076,P000043,ACC-0254,,False,False,5
REQ-08078,P000033,ACC-0183,,False,False,9
REQ-08079,P000328,ACC-0258,ACC-0112,False,False,4
REQ-08080,P000405,ACC-0292,,False,False,4
REQ-08082,P000022,ACC-0007,,False,False,10
REQ-08083,P000345,ACC-0161,ACC-0116,False,False,3
REQ-08084,P000419,ACC-0108,ACC-0138,False,False,4
REQ-08085,P000165,ACC-0128,ACC-0066,False,True,9
REQ-08087,P000249,ACC-0130,,False,False,4
REQ-08088,P000219,ACC-0104,,False,False,5
REQ-08091,P000026,ACC-0205,,False,False,4
REQ-08092,P000068,ACC-0144,ACC-0212,False,False,5
REQ-08094,P000327,ACC-0200,,False,False,4
REQ-08095,P000349,ACC-0182,,False,False,4
REQ-08097,P000140,ACC-0107,ACC-0183,False,False,5
REQ-08099,P000412,ACC-0130,,False,False,4
REQ-08100,P000059,ACC-0107,,False,False,8
REQ-08102,P000094,ACC-0171,ACC-0161,False,False,9
REQ-08114,P000305,ACC-0248,,False,False,4
REQ-08120,P000432,ACC-0112,,False,False,4
REQ-08123,P000067,ACC-0075,ACC-0181,False,False,8
REQ-08124,P000435,ACC-0130,ACC-0162,False,False,4
REQ-08125,P000383,ACC-0160,ACC-0267,False,False,4
REQ-08126,P000063,ACC-0282,ACC-0308,False,False,6
REQ-08127,P000108,ACC-0251,ACC-0293,False,False,10
REQ-08129,P000380,ACC-0130,,False,False,4
REQ-08130,P000227,ACC-0114,ACC-0264,False,False,5
REQ-08131,P000303,ACC-0028,ACC-0112,False,False,5
REQ-08132,P000120,ACC-0207,ACC-0139,False,False,10
REQ-08133,P000281,ACC-0142,,False,False,4
REQ-08139,P000402,ACC-0202,,False,False,4
REQ-08140,P000154,ACC-0115,,False,False,10
REQ-08141,P000395,ACC-0127,,False,False,4
REQ-08142,P000367,ACC-0059,,False,False,4
REQ-08144,P000302,ACC-0213,,False,False,4
REQ-08145,P000012,ACC-0249,,False,False,10
REQ-08146,P000316,ACC-0284,,False,False,4
REQ-08147,P000214,ACC-0197,,False,False,4
REQ-08151,P000293,ACC-0281,ACC-0148,False,False,5
REQ-08152,P000264,ACC-0149,,False,False,4
REQ-08153,P000422,ACC-0181,,False,False,4
REQ-08158,P000245,ACC-0063,,False,False,4
REQ-08159,P000391,ACC-0075,,False,False,4
REQ-08161,P000138,ACC-0264,,False,False,5
REQ-08162,P000042,ACC-0130,,False,False,8
REQ-08164,P000439,ACC-0150,ACC-0147,False,False,4
REQ-08165,P000450,ACC-0138,,False,False,4
REQ-08166,P000194,ACC-0150,,False,False,6
REQ-08167,P000248,ACC-0212,,False,False,4
REQ-08170,P000402,ACC-0162,,False,False,4
REQ-08172,P000331,ACC-0252,,False,False,4
REQ-08173,P000020,ACC-0107,ACC-0236,False,False,5
REQ-08174,P000272,ACC-0196,,False,False,4
REQ-08176,P000167,ACC-0102,ACC-0111,False,False,8
REQ-08179,P000062,ACC-0109,ACC-0112,False,False,10
REQ-08181,P000011,ACC-0280,,False,False,10
REQ-08182,P000190,ACC-0094,,False,False,5
REQ-08184,P000245,ACC-0112,,False,False,4
REQ-08185,P000215,ACC-0128,,False,False,4
REQ-08187,P000150,ACC-0115,,False,False,10
REQ-08188,P000429,ACC-0140,,False,False,4
REQ-08191,P000158,ACC-0280,,False,False,7
REQ-08192,P000208,ACC-0295,ACC-0204,False,False,4
REQ-08196,P000283,ACC-0229,ACC-0031,False,False,5
REQ-08198,P000431,ACC-0210,,False,False,4
REQ-08199,P000100,ACC-0118,,False,False,8
REQ-08200,P000219,ACC-0177,ACC-0154,False,False,5
REQ-08201,P000060,ACC-0170,ACC-0066,False,True,10
REQ-08202,P000049,ACC-0295,ACC-0190,False,False,10
REQ-08204,P000136,ACC-0131,ACC-0142,False,False,5
REQ-08205,P000150,ACC-0161,,False,False,10
REQ-08207,P000355,ACC-0199,,False,False,4
REQ-08212,P000329,ACC-0090,ACC-0218,False,False,4
REQ-08213,P000310,ACC-0285,ACC-0170,False,False,4
REQ-08214,P000283,ACC-0202,,False,False,5
REQ-08216,P000400,ACC-0112,,False,False,4
REQ-08218,P000415,ACC-0212,,False,False,4
REQ-08221,P000259,ACC-0131,,False,False,4
REQ-08223,P000062,ACC-0292,ACC-0250,False,False,10
REQ-08227,P000091,ACC-0213,,False,False,8
REQ-08228,P000421,ACC-0258,,False,False,4
REQ-08229,P000139,ACC-0181,,False,False,8
REQ-08233,P000014,ACC-0138,ACC-0129,False,False,10
REQ-08235,P000126,ACC-0112,,False,False,10
REQ-08238,P000218,ACC-0212,,False,False,5
REQ-08239,P000194,ACC-0063,,False,False,6
REQ-08242,P000245,ACC-0308,,False,False,4
REQ-08243,P000136,ACC-0191,ACC-0055,False,False,5
REQ-08244,P000262,ACC-0172,,False,False,4
REQ-08245,P000036,ACC-0283,,False,False,7
REQ-08247,P000160,ACC-0170,,False,False,10
REQ-08248,P000304,ACC-0096,,False,False,5
REQ-08253,P000215,ACC-0191,,False,False,4
REQ-08254,P000223,ACC-0281,,False,False,5
REQ-08255,P000163,ACC-0077,,False,False,10
REQ-08256,P000412,ACC-0289,,False,False,4
REQ-08259,P000115,ACC-0172,,False,False,9
REQ-08262,P000304,ACC-0121,,False,False,5
REQ-08264,P000434,ACC-0286,,False,False,4
REQ-08266,P000251,ACC-0267,,False,False,4
REQ-08269,P000389,ACC-0280,,False,False,4
REQ-08271,P000094,ACC-0197,,False,False,9
REQ-08274,P000074,ACC-0153,,False,False,8
REQ-08276,P000410,ACC-0296,,False,False,4
REQ-08277,P000184,ACC-0214,,False,False,4
REQ-08278,P000118,ACC-0144,,False,False,8
REQ-08280,P000278,ACC-0170,,False,False,4
REQ-08281,P000325,ACC-0112,ACC-0111,False,False,4
REQ-08283,P000386,ACC-0050,,False,False,4
REQ-08286,P000081,ACC-0148,,False,False,6
REQ-08289,P000114,ACC-0050,,False,False,10
REQ-08292,P000180,ACC-0107,,False,False,4
REQ-08293,P000329,ACC-0102,ACC-0190,False,False,4
REQ-08294,P000448,ACC-0112,,False,False,4
REQ-08296,P000439,ACC-0066,ACC-0128,False,False,4
REQ-08297,P000006,ACC-0247,,False,False,10
REQ-08298,P000168,ACC-0111,,False,False,10
REQ-08300,P000314,ACC-0266,,False,False,4
REQ-08302,P000261,ACC-0058,,False,False,4
REQ-08304,P000071,ACC-0194,,False,False,7
REQ-08306,P000095,ACC-0100,,False,False,10
REQ-08308,P000179,ACC-0295,,False,False,5
REQ-08310,P000306,ACC-0170,,False,False,4
REQ-08311,P000121,ACC-0028,,False,False,10
REQ-08312,P000380,ACC-0248,ACC-0166,False,False,4
REQ-08313,P000016,ACC-0237,,False,False,9
REQ-08314,P000039,ACC-0004,ACC-0246,False,False,10
REQ-08316,P000154,ACC-0127,,False,False,10
REQ-08318,P000171,ACC-0104,ACC-0180,False,False,5
REQ-08319,P000426,ACC-0244,,False,False,4
REQ-08320,P000317,ACC-0128,ACC-0246,False,False,4
REQ-08321,P000177,ACC-0077,,False,False,5
REQ-08322,P000295,ACC-0162,ACC-0164,False,False,5
REQ-08324,P000284,ACC-0170,,False,False,4
REQ-08325,P000440,ACC-0184,ACC-0239,False,False,4
REQ-08326,P000144,ACC-0142,ACC-0239,False,False,6
REQ-08327,P000251,ACC-0068,,False,False,4
REQ-08328,P000386,ACC-0002,,False,False,4
REQ-08329,P000362,ACC-0039,ACC-0107,False,False,4
REQ-08332,P000036,ACC-0252,,False,False,7
REQ-08333,P000349,ACC-0130,,False,False,4
REQ-08334,P000080,ACC-0251,,False,False,10
REQ-08335,P000025,ACC-0162,ACC-0193,False,False,10
REQ-08336,P000221,ACC-0172,ACC-0107,False,False,5
REQ-08339,P000172,ACC-0170,,False,False,4
REQ-08340,P000019,ACC-0185,,False,False,5
REQ-08342,P000362,ACC-0002,,False,False,4
REQ-08344,P000303,ACC-0264,ACC-0127,False,False,5
REQ-08347,P000368,ACC-0031,,False,False,4
REQ-08349,P000107,ACC-0138,,False,False,10
REQ-08350,P000202,ACC-0293,ACC-0158,False,False,4
REQ-08351,P000215,ACC-0206,,False,False,4
REQ-08354,P000178,ACC-0158,ACC-0170,False,False,5
REQ-08356,P000271,ACC-0181,,False,False,4
REQ-08357,P000159,ACC-0184,,False,False,10
REQ-08358,P000063,ACC-0148,ACC-0102,False,False,6
REQ-08359,P000360,ACC-0172,,False,False,4
REQ-08360,P000327,ACC-0146,ACC-0135,False,False,4
REQ-08361,P000283,ACC-0170,,False,False,5
REQ-08362,P000037,ACC-0262,ACC-0050,False,False,10
REQ-08364,P000018,ACC-0295,,False,False,5
REQ-08366,P000039,ACC-0157,,False,False,10
REQ-08368,P000109,ACC-0152,ACC-0130,False,False,10
REQ-08371,P000301,ACC-0008,,True,True,5
REQ-08372,P000057,ACC-0229,,False,False,9
REQ-08373,P000003,ACC-0275,ACC-0200,False,False,10
REQ-08375,P000139,ACC-0153,,False,False,8
REQ-08377,P000198,ACC-0171,ACC-0167,False,False,4
REQ-08379,P000237,ACC-0102,,False,False,5
REQ-08383,P000437,ACC-0283,ACC-0148,False,False,4
REQ-08385,P000018,ACC-0127,ACC-0259,False,False,5
REQ-08386,P000253,ACC-0155,,False,False,4
REQ-08387,P000056,ACC-0184,ACC-0151,False,False,10
REQ-08388,P000156,ACC-0177,,False,False,10
REQ-08389,P000056,ACC-0251,ACC-0181,False,False,10
REQ-08394,P000149,ACC-0170,,False,False,5
REQ-08395,P000343,ACC-0111,,False,False,4
REQ-08397,P000169,ACC-0077,ACC-0050,False,False,5
REQ-08399,P000273,ACC-0104,ACC-0033,False,False,4
REQ-08400,P000399,ACC-0106,,False,False,4
REQ-08401,P000231,ACC-0280,,False,False,5
REQ-08405,P000360,ACC-0206,,False,False,4
REQ-08406,P000307,ACC-0063,,False,False,4
REQ-08408,P000273,ACC-0142,ACC-0023,False,False,4
REQ-08409,P000270,ACC-0146,,False,False,4
REQ-08410,P000310,ACC-0195,,False,False,4
REQ-08411,P000123,ACC-0133,ACC-0109,False,False,5
REQ-08413,P000274,ACC-0275,,False,False,4
REQ-08414,P000042,ACC-0171,,False,False,8
REQ-08416,P000199,ACC-0112,,False,False,4
REQ-08417,P000276,ACC-0153,ACC-0162,False,False,4
REQ-08419,P000312,ACC-0210,ACC-0193,False,False,5
REQ-08420,P000322,ACC-0095,,False,False,4
REQ-08422,P000142,ACC-0112,,False,False,10
REQ-08423,P000234,ACC-0191,ACC-0172,False,False,5
REQ-08424,P000143,ACC-0150,ACC-0277,False,False,10
REQ-08425,P000086,ACC-0166,,False,False,10
REQ-08427,P000363,ACC-0275,ACC-0212,False,False,4
REQ-08429,P000049,ACC-0187,ACC-0178,False,False,10
REQ-08432,P000015,ACC-0112,,False,False,10
REQ-08434,P000112,ACC-0295,,False,False,10
REQ-08437,P000396,ACC-0295,ACC-0129,False,False,4
REQ-08439,P000407,ACC-0121,,False,False,4
REQ-08440,P000107,ACC-0283,,False,False,10
REQ-08442,P000159,ACC-0107,,False,False,10
REQ-08443,P000402,ACC-0292,,False,False,4
REQ-08447,P000414,ACC-0222,,False,False,4
REQ-08450,P000318,ACC-0111,ACC-0282,False,False,4
REQ-08452,P000187,ACC-0102,,False,False,5
REQ-08453,P000285,ACC-0290,ACC-0066,False,False,4
REQ-08454,P000347,ACC-0267,,False,False,4
REQ-08455,P000269,ACC-0120,,False,False,4
REQ-08457,P000202,ACC-0161,,False,False,4
REQ-08460,P000215,ACC-0107,,False,False,4
REQ-08467,P000450,ACC-0207,ACC-0289,False,False,4
REQ-08470,P000258,ACC-0109,,False,False,4
REQ-08477,P000034,ACC-0157,,False,False,10
REQ-08480,P000081,ACC-0134,,False,False,6
REQ-08481,P000300,ACC-0075,ACC-0193,False,False,5
REQ-08483,P000300,ACC-0034,,False,False,5
REQ-08484,P000369,ACC-0108,ACC-0244,False,False,4
REQ-08487,P000041,ACC-0148,,False,False,5
REQ-08489,P000217,ACC-0097,ACC-0007,False,False,5
REQ-08490,P000046,ACC-0148,ACC-0132,False,False,5
REQ-08491,P000223,ACC-0134,,False,False,5
REQ-08492,P000256,ACC-0227,ACC-0159,False,False,4
REQ-08493,P000042,ACC-0277,,False,False,8
REQ-08495,P000418,ACC-0163,,False,False,4
REQ-08497,P000437,ACC-0170,,False,False,4
REQ-08498,P000117,ACC-0114,ACC-0107,False,False,8
REQ-08501,P000336,ACC-0279,ACC-0118,False,False,4
REQ-08504,P000225,ACC-0308,ACC-0141,False,False,5
REQ-08505,P000243,ACC-0167,,False,False,5
REQ-08506,P000421,ACC-0239,ACC-0161,False,False,4
REQ-08507,P000224,ACC-0196,,False,False,5
REQ-08509,P000279,ACC-0055,,False,False,4
REQ-08511,P000439,ACC-0207,ACC-0293,False,False,4
REQ-08517,P000161,ACC-0063,ACC-0200,False,False,8
REQ-08522,P000421,ACC-0163,,False,False,4
REQ-08523,P000100,ACC-0191,,False,False,8
REQ-08524,P000377,ACC-0131,ACC-0275,False,False,4
REQ-08525,P000195,ACC-0075,,False,False,4
REQ-08527,P000329,ACC-0134,ACC-0205,False,False,4
REQ-08528,P000231,ACC-0170,,False,False,5
REQ-08529,P000177,ACC-0155,,False,False,5
REQ-08531,P000128,ACC-0159,,False,False,8
REQ-08533,P000209,ACC-0130,ACC-0186,False,False,4
REQ-08534,P000381,ACC-0106,ACC-0214,False,False,4
REQ-08535,P000136,ACC-0150,,False,False,5
REQ-08536,P000111,ACC-0080,,False,False,10
REQ-08537,P000149,ACC-0068,,False,False,5
REQ-08538,P000103,ACC-0172,,False,False,5
REQ-08539,P000441,ACC-0170,,False,False,4
REQ-08540,P000151,ACC-0267,,False,False,9
REQ-08541,P000440,ACC-0104,,False,False,4
REQ-08542,P000178,ACC-0253,,False,False,5
REQ-08543,P000337,ACC-0292,,False,False,4
REQ-08545,P000279,ACC-0161,ACC-0131,False,False,4
REQ-08546,P000157,ACC-0195,,False,False,10
REQ-08549,P000324,ACC-0292,ACC-0115,False,False,4
REQ-08552,P000062,ACC-0066,,True,True,10
REQ-08555,P000254,ACC-0112,,False,False,4
REQ-08557,P000223,ACC-0195,,False,False,5
REQ-08558,P000251,ACC-0284,ACC-0112,False,False,4
REQ-08559,P000249,ACC-0282,,False,False,4
REQ-08562,P000049,ACC-0168,,False,False,10
REQ-08564,P000432,ACC-0299,ACC-0155,False,False,4
REQ-08565,P000337,ACC-0209,,False,False,4
REQ-08566,P000376,ACC-0285,,False,False,4
REQ-08575,P000076,ACC-0150,ACC-0107,False,False,10
REQ-08577,P000231,ACC-0163,ACC-0140,False,False,5
REQ-08578,P000319,ACC-0112,,False,False,4
REQ-08579,P000315,ACC-0094,ACC-0155,False,False,4
REQ-08581,P000087,ACC-0191,ACC-0282,False,False,7
REQ-08582,P000164,ACC-0264,ACC-0133,False,False,4
REQ-08584,P000434,ACC-0177,,False,False,4
REQ-08586,P000271,ACC-0212,ACC-0108,False,False,4
REQ-08587,P000035,ACC-0112,,False,False,8
REQ-08588,P000273,ACC-0289,,False,False,4
REQ-08591,P000124,ACC-0104,,False,False,8
REQ-08592,P000002,ACC-0144,ACC-0066,False,True,10
REQ-08594,P000065,ACC-0167,,False,False,9
REQ-08597,P000394,ACC-0075,,True,True,4
REQ-08598,P000106,ACC-0128,,False,False,10
REQ-08599,P000071,ACC-0051,,False,False,7
REQ-08602,P000231,ACC-0102,,False,False,5
REQ-08603,P000132,ACC-0245,,False,False,10
REQ-08604,P000228,ACC-0144,ACC-0159,False,False,5
REQ-08606,P000269,ACC-0144,ACC-0032,False,True,4
REQ-08609,P000443,ACC-0112,,False,False,4
REQ-08610,P000383,ACC-0209,,False,False,4
REQ-08611,P000207,ACC-0170,ACC-0144,False,False,4
REQ-08612,P000442,ACC-0063,,False,False,4
REQ-08614,P000445,ACC-0217,ACC-0212,False,False,4
REQ-08615,P000228,ACC-0227,,False,False,5
REQ-08620,P000282,ACC-0170,ACC-0124,False,False,4
REQ-08621,P000139,ACC-0007,ACC-0205,False,False,8
REQ-08623,P000244,ACC-0206,ACC-0283,False,False,5
REQ-08624,P000430,ACC-0209,ACC-0204,False,False,4
REQ-08625,P000432,ACC-0237,,False,False,4
REQ-08626,P000095,ACC-0135,,False,False,10
REQ-08627,P000098,ACC-0166,ACC-0118,False,False,9
REQ-08631,P000079,ACC-0175,,False,False,10
REQ-08632,P000042,ACC-0200,,False,False,8
REQ-08635,P000108,ACC-0050,,False,False,10
REQ-08638,P000055,ACC-0285,ACC-0171,False,False,10
REQ-08639,P000192,ACC-0207,ACC-0130,False,False,6
REQ-08640,P000196,ACC-0031,,False,False,3
REQ-08646,P000133,ACC-0267,ACC-0031,False,False,10
REQ-08648,P000377,ACC-0170,ACC-0102,False,False,4
REQ-08649,P000031,ACC-0281,ACC-0130,False,False,5
REQ-08650,P000169,ACC-0289,,False,False,5
REQ-08651,P000180,ACC-0289,ACC-0063,False,False,4
REQ-08652,P000048,ACC-0280,,False,False,5
REQ-08653,P000018,ACC-0170,,False,False,5
REQ-08654,P000195,ACC-0296,,False,False,4
REQ-08656,P000225,ACC-0166,,False,False,5
REQ-08657,P000256,ACC-0248,,False,False,4
REQ-08660,P000097,ACC-0104,,False,False,6
REQ-08663,P000099,ACC-0236,ACC-0171,False,False,9
REQ-08666,P000377,ACC-0167,ACC-0066,False,False,4
REQ-08668,P000337,ACC-0209,,False,False,4
REQ-08669,P000407,ACC-0007,,False,False,4
REQ-08670,P000327,ACC-0292,,False,False,4
REQ-08671,P000437,ACC-0284,ACC-0004,False,False,4
REQ-08672,P000371,ACC-0170,,False,False,4
REQ-08674,P000305,ACC-0113,,False,False,4
REQ-08675,P000422,ACC-0130,,False,False,4
REQ-08676,P000404,ACC-0075,,True,True,4
REQ-08677,P000178,ACC-0062,,False,False,5
REQ-08681,P000019,ACC-0181,ACC-0168,False,False,5
REQ-08683,P000058,ACC-0277,,False,False,7
REQ-08685,P000378,ACC-0239,,False,False,4
REQ-08686,P000184,ACC-0118,,False,False,4
REQ-08687,P000302,ACC-0233,ACC-0075,False,False,4
REQ-08690,P000145,ACC-0170,,False,False,5
REQ-08694,P000323,ACC-0077,,False,False,4
REQ-08697,P000166,ACC-0153,ACC-0100,False,False,10
REQ-08698,P000272,ACC-0023,,False,False,4
REQ-08699,P000260,ACC-0206,,False,False,4
REQ-08701,P000233,ACC-0104,,False,False,5
REQ-08702,P000382,ACC-0082,ACC-0162,False,False,4
REQ-08704,P000240,ACC-0125,,False,False,5
REQ-08705,P000299,ACC-0170,ACC-0295,False,False,5
REQ-08706,P000330,ACC-0263,,False,False,4
REQ-08707,P000153,ACC-0282,ACC-0155,False,False,6
REQ-08711,P000027,ACC-0134,,False,False,7
REQ-08712,P000110,ACC-0063,,False,False,10
REQ-08713,P000183,ACC-0123,,False,False,4
REQ-08715,P000036,ACC-0210,,False,False,7
REQ-08716,P000228,ACC-0193,,False,False,5
REQ-08721,P000029,ACC-0194,ACC-0140,False,False,6
REQ-08724,P000380,ACC-0248,,False,False,4
REQ-08726,P000446,ACC-0249,ACC-0190,False,False,4
REQ-08728,P000142,ACC-0100,ACC-0163,False,False,10
REQ-08729,P000294,ACC-0118,ACC-0168,False,False,5
REQ-08730,P000063,ACC-0277,,False,False,6
REQ-08731,P000416,ACC-0107,,False,False,4
REQ-08732,P000035,ACC-0112,ACC-0156,False,False,8
REQ-08738,P000155,ACC-0127,,False,False,8
REQ-08741,P000168,ACC-0170,,False,False,10
REQ-08742,P000225,ACC-0202,ACC-0163,False,False,5
REQ-08743,P000343,ACC-0107,,False,False,4
REQ-08745,P000257,ACC-0187,,False,False,4
REQ-08746,P000016,ACC-0132,,False,False,9
REQ-08750,P000122,ACC-0258,ACC-0280,False,False,10
REQ-08752,P000034,ACC-0133,ACC-0149,False,False,10
REQ-08755,P000179,ACC-0172,,False,False,5
REQ-08757,P000299,ACC-0252,,False,False,5
REQ-08758,P000403,ACC-0007,ACC-0246,False,False,4
REQ-08766,P000441,ACC-0248,ACC-0180,False,False,4
REQ-08767,P000032,ACC-0079,ACC-0170,False,False,9
REQ-08768,P000240,ACC-0171,,False,False,5
REQ-08772,P000385,ACC-0114,,False,False,4
REQ-08773,P000274,ACC-0202,,False,False,4
REQ-08774,P000291,ACC-0236,,False,False,5
REQ-08775,P000440,ACC-0256,ACC-0166,False,False,4
REQ-08778,P000039,ACC-0150,,False,False,10
REQ-08779,P000323,ACC-0180,,False,False,4
REQ-08783,P000107,ACC-0151,,False,False,10
REQ-08784,P000396,ACC-0102,,False,False,4
REQ-08788,P000195,ACC-0170,,False,False,4
REQ-08789,P000364,ACC-0174,,False,False,4
REQ-08794,P000368,ACC-0111,ACC-0293,False,False,4
REQ-08795,P000265,ACC-0122,ACC-0118,False,False,4
REQ-08796,P000025,ACC-0090,ACC-0200,False,False,10
REQ-08798,P000019,ACC-0180,,False,False,5
REQ-08800,P000152,ACC-0216,ACC-0066,False,False,9
REQ-08801,P000095,ACC-0066,ACC-0170,True,True,10
REQ-08803,P000117,ACC-0134,,False,False,8
REQ-08805,P000321,ACC-0063,,False,False,4
REQ-08807,P000264,ACC-0209,,False,False,4
REQ-08808,P000433,ACC-0258,ACC-0231,False,False,4
REQ-08810,P000007,ACC-0163,,False,False,10
REQ-08814,P000362,ACC-0296,,False,False,4
REQ-08815,P000126,ACC-0148,,False,False,10
REQ-08816,P000355,ACC-0095,,True,True,4
REQ-08817,P000329,ACC-0283,,False,False,4
REQ-08824,P000444,ACC-0120,ACC-0055,False,False,4
REQ-08825,P000163,ACC-0111,,False,False,10
REQ-08826,P000105,ACC-0187,,False,False,6
REQ-08827,P000213,ACC-0105,,False,False,4
REQ-08828,P000259,ACC-0166,ACC-0130,False,False,4
REQ-08829,P000015,ACC-0172,,False,False,10
REQ-08831,P000371,ACC-0189,,False,False,4
REQ-08832,P000169,ACC-0118,,False,False,5
REQ-08833,P000278,ACC-0184,,False,False,4
REQ-08835,P000437,ACC-0179,ACC-0216,False,False,4
REQ-08836,P000319,ACC-0165,ACC-0066,False,False,4
REQ-08838,P000139,ACC-0244,ACC-0112,False,False,8
REQ-08840,P000108,ACC-0157,,False,False,10
REQ-08841,P000005,ACC-0170,,False,False,10
REQ-08842,P000247,ACC-0282,,False,False,4
REQ-08843,P000115,ACC-0112,,False,False,9
REQ-08848,P000041,ACC-0187,,False,False,5
REQ-08849,P000084,ACC-0194,ACC-0063,False,False,10
REQ-08850,P000277,ACC-0123,,False,False,4
REQ-08852,P000127,ACC-0111,ACC-0221,False,False,10
REQ-08854,P000309,ACC-0183,,False,False,4
REQ-08855,P000367,ACC-0181,ACC-0254,False,False,4
REQ-08861,P000387,ACC-0294,,False,False,4
REQ-08867,P000256,ACC-0258,ACC-0179,False,False,4
REQ-08868,P000360,ACC-0004,,False,False,4
REQ-08869,P000157,ACC-0233,ACC-0287,False,False,10
REQ-08871,P000206,ACC-0111,,False,False,4
REQ-08872,P000069,ACC-0146,,False,False,10
REQ-08874,P000266,ACC-0286,ACC-0277,False,False,4
REQ-08875,P000058,ACC-0140,,False,False,7
REQ-08876,P000039,ACC-0112,ACC-0229,False,False,10
REQ-08877,P000087,ACC-0202,ACC-0121,False,False,7
REQ-08878,P000396,ACC-0236,,False,False,4
REQ-08880,P000449,ACC-0170,,False,False,4
REQ-08881,P000042,ACC-0286,,False,False,8
REQ-08882,P000114,ACC-0194,,False,False,10
REQ-08884,P000057,ACC-0112,,False,False,9
REQ-08885,P000006,ACC-0157,ACC-0206,False,False,10
REQ-08886,P000060,ACC-0007,,False,False,10
REQ-08889,P000419,ACC-0142,ACC-0170,False,False,4
REQ-08891,P000137,ACC-0287,ACC-0239,False,False,7
REQ-08894,P000329,ACC-0216,,False,False,4
REQ-08896,P000194,ACC-0148,,False,False,6
REQ-08897,P000039,ACC-0200,,False,False,10
REQ-08898,P000379,ACC-0295,ACC-0230,False,False,4
REQ-08899,P000229,ACC-0063,,False,False,4
REQ-08904,P000048,ACC-0249,ACC-0130,False,False,5
REQ-08906,P000448,ACC-0112,ACC-0107,False,False,4
REQ-08910,P000155,ACC-0121,ACC-0007,False,False,8
REQ-08912,P000211,ACC-0170,ACC-0293,False,False,5
REQ-08916,P000339,ACC-0286,ACC-0289,False,False,4
REQ-08917,P000190,ACC-0179,,False,False,5
REQ-08918,P000228,ACC-0258,ACC-0034,False,False,5
REQ-08919,P000253,ACC-0118,ACC-0189,False,False,4
REQ-08922,P000329,ACC-0253,ACC-0146,False,False,4
REQ-08926,P000156,ACC-0184,,False,False,10
REQ-08929,P000052,ACC-0288,,False,False,10
REQ-08930,P000268,ACC-0287,,False,False,4
REQ-08931,P000007,ACC-0163,,False,False,10
REQ-08932,P000221,ACC-0139,,False,False,5
REQ-08934,P000325,ACC-0251,ACC-0289,False,False,4
REQ-08939,P000150,ACC-0254,,False,False,10
REQ-08940,P000211,ACC-0209,,False,False,5
REQ-08942,P000342,ACC-0128,,False,False,4
REQ-08943,P000371,ACC-0207,ACC-0131,False,False,4
REQ-08944,P000332,ACC-0104,,False,False,4
REQ-08945,P000177,ACC-0230,,False,False,5
REQ-08946,P000375,ACC-0131,ACC-0239,False,False,4
REQ-08947,P000400,ACC-0112,,False,False,4
REQ-08951,P000437,ACC-0207,ACC-0149,False,False,4
REQ-08952,P000295,ACC-0150,,False,False,5
REQ-08955,P000055,ACC-0112,,False,False,10
REQ-08956,P000265,ACC-0161,,False,False,4
REQ-08957,P000415,ACC-0170,,False,False,4
REQ-08958,P000213,ACC-0145,,False,False,4
REQ-08960,P000137,ACC-0131,,False,False,7
REQ-08961,P000095,ACC-0033,,False,False,10
REQ-08962,P000262,ACC-0275,ACC-0181,False,False,4
REQ-08963,P000339,ACC-0285,ACC-0112,False,False,4
REQ-08964,P000340,ACC-0105,ACC-0275,False,False,4
REQ-08965,P000025,ACC-0155,,False,False,10
REQ-08966,P000010,ACC-0131,ACC-0118,False,False,7
REQ-08967,P000331,ACC-0102,,False,False,4
REQ-08972,P000228,ACC-0284,ACC-0257,False,False,5
REQ-08974,P000380,ACC-0156,,False,False,4
REQ-08976,P000146,ACC-0195,,False,False,6
REQ-08977,P000295,ACC-0204,ACC-0212,False,False,5
REQ-08978,P000073,ACC-0022,,False,False,4
REQ-08984,P000181,ACC-0161,ACC-0213,False,False,5
REQ-08985,P000117,ACC-0279,ACC-0112,False,False,8
REQ-08987,P000187,ACC-0174,,False,False,5
REQ-08988,P000174,ACC-0170,,False,False,6
REQ-08989,P000208,ACC-0263,,False,False,4
REQ-08990,P000241,ACC-0295,,False,False,5
REQ-08994,P000086,ACC-0170,ACC-0204,False,False,10
REQ-08996,P000119,ACC-0277,ACC-0034,False,False,5
REQ-08997,P000191,ACC-0253,,False,False,5
REQ-08998,P000229,ACC-0292,ACC-0249,False,False,4
REQ-08999,P000318,ACC-0254,ACC-0142,False,False,4
REQ-09001,P000023,ACC-0112,ACC-0293,False,False,10
REQ-09002,P000251,ACC-0157,ACC-0104,False,False,4
REQ-09004,P000162,ACC-0125,ACC-0162,False,False,7
REQ-09007,P000386,ACC-0079,,False,False,4
REQ-09008,P000263,ACC-0043,,False,False,4
REQ-09009,P000201,ACC-0207,,False,False,4
REQ-09012,P000381,ACC-0112,,False,False,4
REQ-09014,P000389,ACC-0214,,False,False,4
REQ-09016,P000326,ACC-0112,ACC-0121,False,False,4
REQ-09017,P000299,ACC-0288,,False,False,5
REQ-09018,P000413,ACC-0153,,False,False,4
REQ-09019,P000004,ACC-0156,,False,False,10
REQ-09020,P000131,ACC-0115,,False,False,7
REQ-09021,P000251,ACC-0149,,False,False,4
REQ-09024,P000132,ACC-0109,ACC-0139,False,False,10
REQ-09025,P000035,ACC-0207,ACC-0284,False,False,8
REQ-09027,P000055,ACC-0066,ACC-0097,True,True,10
REQ-09028,P000310,ACC-0118,ACC-0206,False,False,4
REQ-09029,P000377,ACC-0295,,False,False,4
REQ-09030,P000152,ACC-0186,,False,False,9
REQ-09031,P000356,ACC-0170,,False,False,4
REQ-09033,P000164,ACC-0161,,False,False,4
REQ-09036,P000029,ACC-0181,,False,False,6
REQ-09039,P000282,ACC-0212,ACC-0062,False,False,4
REQ-09041,P000170,ACC-0227,,False,False,6
REQ-09043,P000095,ACC-0186,,False,False,10
REQ-09044,P000049,ACC-0207,,False,False,10
REQ-09045,P000347,ACC-0107,ACC-0277,False,False,4
REQ-09046,P000160,ACC-0197,ACC-0139,False,False,10
REQ-09047,P000360,ACC-0028,ACC-0161,True,True,4
REQ-09050,P000121,ACC-0080,,False,False,10
REQ-09053,P000235,ACC-0159,,False,False,4
REQ-09054,P000061,ACC-0175,,False,False,3
REQ-09058,P000430,ACC-0276,,False,False,4
REQ-09063,P000133,ACC-0170,,False,False,10
REQ-09065,P000435,ACC-0112,ACC-0055,False,False,4
REQ-09067,P000087,ACC-0148,,False,False,7
REQ-09068,P000420,ACC-0229,ACC-0250,False,False,4
REQ-09071,P000326,ACC-0174,,False,False,4
REQ-09072,P000031,ACC-0178,,False,False,5
REQ-09073,P000420,ACC-0142,ACC-0051,False,False,4
REQ-09074,P000144,ACC-0184,,False,False,6
REQ-09075,P000143,ACC-0112,,False,False,10
REQ-09080,P000253,ACC-0166,ACC-0131,False,False,4
REQ-09082,P000379,ACC-0256,ACC-0258,False,False,4
REQ-09087,P000316,ACC-0164,,False,False,4
REQ-09093,P000087,ACC-0112,,False,False,7
REQ-09096,P000184,ACC-0051,,False,False,4
REQ-09103,P000306,ACC-0166,ACC-0127,False,False,4
REQ-09104,P000342,ACC-0170,ACC-0265,False,False,4
REQ-09105,P000414,ACC-0159,ACC-0116,False,False,4
REQ-09108,P000449,ACC-0248,ACC-0162,False,False,4
REQ-09110,P000029,ACC-0144,,False,False,6
REQ-09111,P000041,ACC-0134,,False,False,5
REQ-09112,P000250,ACC-0128,,False,False,4
REQ-09113,P000319,ACC-0050,ACC-0153,False,False,4
REQ-09118,P000378,ACC-0215,,False,False,4
REQ-09123,P000022,ACC-0181,,False,False,10
REQ-09125,P000009,ACC-0206,,False,False,9
REQ-09128,P000232,ACC-0190,ACC-0068,False,False,5
REQ-09130,P000122,ACC-0112,ACC-0130,False,False,10
REQ-09132,P000386,ACC-0285,,False,False,4
REQ-09135,P000075,ACC-0293,,False,False,5
REQ-09139,P000370,ACC-0181,,False,False,4
REQ-09140,P000148,ACC-0250,,False,False,10
REQ-09141,P000037,ACC-0063,,False,False,10
REQ-09142,P000361,ACC-0290,,False,False,4
REQ-09143,P000229,ACC-0206,ACC-0286,False,False,4
REQ-09144,P000063,ACC-0007,,False,False,6
REQ-09146,P000309,ACC-0118,,False,False,4
REQ-09147,P000211,ACC-0170,,False,False,5
REQ-09148,P000111,ACC-0166,ACC-0033,False,True,10
REQ-09149,P000127,ACC-0161,,False,False,10
REQ-09150,P000391,ACC-0112,,False,False,4
REQ-09151,P000107,ACC-0169,,False,False,10
REQ-09153,P000434,ACC-0102,,False,False,4
REQ-09154,P000282,ACC-0222,,False,False,4
REQ-09155,P000260,ACC-0118,,False,False,4
REQ-09156,P000265,ACC-0034,,False,False,4
REQ-09159,P000355,ACC-0187,,False,False,4
REQ-09161,P000203,ACC-0293,,False,False,4
REQ-09163,P000333,ACC-0164,ACC-0252,False,False,4
REQ-09165,P000078,ACC-0105,,False,False,5
REQ-09166,P000297,ACC-0289,,False,False,5
REQ-09167,P000302,ACC-0170,,False,False,4
REQ-09168,P000128,ACC-0248,ACC-0170,False,False,8
REQ-09172,P000360,ACC-0285,ACC-0150,False,False,4
REQ-09174,P000367,ACC-0181,,False,False,4
REQ-09176,P000379,ACC-0236,,False,False,4
REQ-09177,P000157,ACC-0295,,False,False,10
REQ-09179,P000111,ACC-0161,,False,False,10
REQ-09180,P000089,ACC-0128,ACC-0107,False,False,10
REQ-09181,P000345,ACC-0002,,False,False,3
REQ-09182,P000377,ACC-0167,,False,False,4
REQ-09183,P000360,ACC-0051,,False,False,4
REQ-09184,P000241,ACC-0186,ACC-0165,False,False,5
REQ-09185,P000161,ACC-0171,ACC-0063,False,False,8
REQ-09186,P000192,ACC-0162,,False,False,6
REQ-09190,P000371,ACC-0107,,False,False,4
REQ-09191,P000408,ACC-0170,ACC-0163,False,False,4
REQ-09192,P000069,ACC-0209,,False,False,10
REQ-09194,P000120,ACC-0239,ACC-0118,False,False,10
REQ-09195,P000262,ACC-0170,ACC-0128,False,False,4
REQ-09200,P000217,ACC-0128,,False,False,5
REQ-09201,P000314,ACC-0007,,False,False,4
REQ-09202,P000189,ACC-0170,ACC-0127,False,False,6
REQ-09204,P000209,ACC-0140,,False,False,4
REQ-09205,P000014,ACC-0111,ACC-0170,False,False,10
REQ-09206,P000099,ACC-0102,ACC-0284,False,False,9
REQ-09207,P000421,ACC-0118,ACC-0106,False,False,4
REQ-09208,P000096,ACC-0281,,False,False,8
REQ-09211,P000093,ACC-0170,,False,False,10
REQ-09215,P000283,ACC-0063,,False,False,5
REQ-09216,P000084,ACC-0212,,False,False,10
REQ-09217,P000233,ACC-0200,ACC-0170,False,False,5
REQ-09219,P000105,ACC-0170,ACC-0222,False,False,6
REQ-09220,P000114,ACC-0254,ACC-0167,False,False,10
REQ-09221,P000115,ACC-0174,ACC-0170,False,False,9
REQ-09222,P000295,ACC-0209,ACC-0287,False,False,5
REQ-09223,P000242,ACC-0109,ACC-0145,False,False,4
REQ-09224,P000178,ACC-0111,ACC-0109,False,False,5
REQ-09228,P000215,ACC-0158,,False,False,4
REQ-09229,P000308,ACC-0177,ACC-0252,False,False,4
REQ-09231,P000004,ACC-0308,,False,False,10
REQ-09233,P000433,ACC-0118,,False,False,4
REQ-09234,P000214,ACC-0186,,False,False,4
REQ-09235,P000058,ACC-0295,,False,False,7
REQ-09236,P000104,ACC-0109,,False,False,10
REQ-09238,P000427,ACC-0122,,False,False,4
REQ-09240,P000442,ACC-0130,,False,False,4
REQ-09241,P000242,ACC-0187,ACC-0181,False,False,4
REQ-09242,P000114,ACC-0222,,False,False,10
REQ-09245,P000049,ACC-0104,,False,False,10
REQ-09246,P000046,ACC-0172,,False,False,5
REQ-09248,P000372,ACC-0153,,False,False,4
REQ-09249,P000176,ACC-0283,ACC-0125,False,False,5
REQ-09250,P000230,ACC-0283,,False,False,5
REQ-09251,P000066,ACC-0252,,False,False,10
REQ-09253,P000098,ACC-0007,,False,False,9
REQ-09254,P000253,ACC-0289,,False,False,4
REQ-09255,P000126,ACC-0112,ACC-0213,False,False,10
REQ-09256,P000297,ACC-0221,ACC-0147,False,False,5
REQ-09257,P000261,ACC-0100,ACC-0141,False,False,4
REQ-09259,P000038,ACC-0156,ACC-0111,False,False,10
REQ-09265,P000160,ACC-0175,,False,False,10
REQ-09267,P000323,ACC-0308,,False,False,4
REQ-09268,P000163,ACC-0154,ACC-0170,False,False,10
REQ-09269,P000043,ACC-0185,,False,False,5
REQ-09270,P000013,ACC-0153,,False,False,10
REQ-09271,P000120,ACC-0190,,False,False,10
REQ-09273,P000009,ACC-0167,,False,False,9
REQ-09276,P000241,ACC-0209,ACC-0112,False,False,5
REQ-09280,P000030,ACC-0279,ACC-0188,False,False,10
REQ-09283,P000422,ACC-0161,,False,False,4
REQ-09284,P000241,ACC-0123,ACC-0263,False,False,5
REQ-09291,P000121,ACC-0282,,False,False,10
REQ-09292,P000339,ACC-0107,,False,False,4
REQ-09295,P000407,ACC-0139,,False,False,4
REQ-09297,P000284,ACC-0233,,False,False,4
REQ-09299,P000172,ACC-0294,,False,False,4
REQ-09300,P000032,ACC-0139,ACC-0283,False,False,9
REQ-09303,P000212,ACC-0228,,False,False,5
REQ-09304,P000157,ACC-0275,ACC-0155,False,False,10
REQ-09305,P000143,ACC-0287,,False,False,10
REQ-09307,P000163,ACC-0129,,False,False,10
REQ-09308,P000449,ACC-0132,,False,False,4
REQ-09309,P000386,ACC-0122,,False,False,4
REQ-09310,P000104,ACC-0066,,True,True,10
REQ-09313,P000354,ACC-0212,ACC-0294,False,False,4
REQ-09315,P000441,ACC-0249,,False,False,4
REQ-09317,P000247,ACC-0244,,False,False,4
REQ-09320,P000319,ACC-0140,,False,False,4
REQ-09321,P000075,ACC-0214,ACC-0031,False,False,5
REQ-09323,P000114,ACC-0062,,False,False,10
REQ-09324,P000111,ACC-0206,ACC-0008,False,True,10
REQ-09325,P000287,ACC-0227,ACC-0153,False,False,4
REQ-09326,P000377,ACC-0162,ACC-0138,False,False,4
REQ-09328,P000353,ACC-0007,,False,False,4
REQ-09329,P000192,ACC-0167,,False,False,6
REQ-09331,P000098,ACC-0171,ACC-0175,False,False,9
REQ-09332,P000346,ACC-0227,,False,False,4
REQ-09333,P000023,ACC-0109,ACC-0165,False,False,10
REQ-09335,P000268,ACC-0142,ACC-0166,False,False,4
REQ-09338,P000169,ACC-0285,ACC-0288,False,False,5
REQ-09340,P000066,ACC-0156,,False,False,10
REQ-09341,P000107,ACC-0296,,False,False,10
REQ-09345,P000285,ACC-0135,,False,False,4
REQ-09346,P000279,ACC-0175,,False,False,4
REQ-09347,P000297,ACC-0130,ACC-0058,False,False,5
REQ-09348,P000038,ACC-0066,,False,False,10
REQ-09349,P000278,ACC-0121,ACC-0255,False,False,4
REQ-09350,P000445,ACC-0028,ACC-0212,True,True,4
REQ-09352,P000395,ACC-0166,ACC-0112,False,False,4
REQ-09353,P000105,ACC-0156,,False,False,6
REQ-09355,P000155,ACC-0106,,False,False,8
REQ-09356,P000003,ACC-0166,ACC-0214,False,False,10
REQ-09358,P000072,ACC-0082,ACC-0187,True,True,10
REQ-09359,P000419,ACC-0121,,False,False,4
REQ-09360,P000017,ACC-0062,,False,False,10
REQ-09361,P000271,ACC-0165,,False,False,4
REQ-09364,P000423,ACC-0124,,False,False,4
REQ-09365,P000027,ACC-0232,ACC-0296,False,False,7
REQ-09369,P000319,ACC-0284,,False,False,4
REQ-09373,P000217,ACC-0007,,False,False,5
REQ-09375,P000398,ACC-0175,ACC-0104,False,False,4
REQ-09376,P000326,ACC-0151,,False,False,4
REQ-09378,P000385,ACC-0171,ACC-0127,False,False,4
REQ-09382,P000262,ACC-0148,ACC-0090,False,False,4
REQ-09384,P000178,ACC-0111,ACC-0118,False,False,5
REQ-09386,P000129,ACC-0287,,False,False,4
REQ-09387,P000199,ACC-0075,ACC-0227,False,False,4
REQ-09388,P000255,ACC-0162,ACC-0244,False,False,4
REQ-09389,P000050,ACC-0050,ACC-0142,False,False,6
REQ-09390,P000064,ACC-0207,ACC-0254,False,False,5
REQ-09393,P000402,ACC-0130,ACC-0129,False,False,4
REQ-09394,P000078,ACC-0132,,False,False,5
REQ-09397,P000019,ACC-0063,,False,False,5
REQ-09399,P000017,ACC-0170,,False,False,10
REQ-09400,P000386,ACC-0239,,False,False,4
REQ-09403,P000077,ACC-0107,ACC-0112,False,False,10
REQ-09404,P000062,ACC-0111,ACC-0202,False,False,10
REQ-09406,P000429,ACC-0007,,False,False,4
REQ-09407,P000383,ACC-0112,,False,False,4
REQ-09409,P000159,ACC-0239,ACC-0185,False,False,10
REQ-09410,P000360,ACC-0292,,False,False,4
REQ-09411,P000105,ACC-0144,,False,False,6
REQ-09413,P000107,ACC-0058,ACC-0248,False,False,10
REQ-09415,P000199,ACC-0104,,False,False,4
REQ-09417,P000234,ACC-0290,,False,False,5
REQ-09418,P000188,ACC-0112,,False,False,5
REQ-09421,P000132,ACC-0105,,False,False,10
REQ-09422,P000245,ACC-0216,,False,False,4
REQ-09424,P000215,ACC-0122,,False,False,4
REQ-09425,P000434,ACC-0293,,False,False,4
REQ-09426,P000251,ACC-0248,,False,False,4
REQ-09429,P000022,ACC-0063,,False,False,10
REQ-09430,P000328,ACC-0194,,False,False,4
REQ-09434,P000153,ACC-0055,ACC-0162,False,False,6
REQ-09435,P000220,ACC-0104,,False,False,5
REQ-09437,P000170,ACC-0097,ACC-0159,False,False,6
REQ-09438,P000435,ACC-0148,,False,False,4
REQ-09440,P000118,ACC-0080,,False,False,8
REQ-09441,P000280,ACC-0239,,False,False,4
REQ-09443,P000050,ACC-0289,,False,False,6
REQ-09444,P000171,ACC-0150,,False,False,5
REQ-09447,P000183,ACC-0138,,False,False,4
REQ-09449,P000396,ACC-0286,,False,False,4
REQ-09453,P000003,ACC-0142,ACC-0179,False,False,10
REQ-09454,P000404,ACC-0167,,False,False,4
REQ-09455,P000162,ACC-0141,,False,False,7
REQ-09457,P000163,ACC-0080,,False,False,10
REQ-09458,P000399,ACC-0187,,False,False,4
REQ-09461,P000094,ACC-0174,,False,False,9
REQ-09462,P000159,ACC-0252,,False,False,10
REQ-09463,P000410,ACC-0131,,False,False,4
REQ-09464,P000110,ACC-0148,ACC-0204,False,False,10
REQ-09470,P000302,ACC-0122,,False,False,4
REQ-09471,P000072,ACC-0187,,False,False,10
REQ-09472,P000191,ACC-0109,,False,False,5
REQ-09473,P000428,ACC-0150,ACC-0062,False,False,4
REQ-09474,P000382,ACC-0140,ACC-0170,False,False,4
REQ-09477,P000450,ACC-0281,,False,False,4
REQ-09478,P000198,ACC-0275,,False,False,4
REQ-09480,P000031,ACC-0106,,False,False,5
REQ-09481,P000377,ACC-0265,ACC-0293,False,False,4
REQ-09483,P000176,ACC-0214,,False,False,5
REQ-09486,P000020,ACC-0285,,False,False,5
REQ-09487,P000287,ACC-0160,,False,False,4
REQ-09488,P000031,ACC-0182,,False,False,5
REQ-09489,P000400,ACC-0142,,False,False,4
REQ-09491,P000363,ACC-0180,,False,False,4
REQ-09493,P000382,ACC-0199,,False,False,4
REQ-09494,P000078,ACC-0146,,False,False,5
REQ-09495,P000108,ACC-0082,,True,True,10
REQ-09497,P000094,ACC-0164,ACC-0121,False,False,9
REQ-09498,P000138,ACC-0170,ACC-0144,False,False,5
REQ-09500,P000278,ACC-0161,,False,False,4
REQ-09502,P000258,ACC-0194,ACC-0287,False,False,4
REQ-09503,P000065,ACC-0177,,False,False,9
REQ-09504,P000054,ACC-0007,,True,True,10
REQ-09506,P000060,ACC-0147,,False,False,10
REQ-09509,P000187,ACC-0248,ACC-0164,False,False,5
REQ-09510,P000411,ACC-0285,,False,False,4
REQ-09512,P000059,ACC-0140,,False,False,8
REQ-09515,P000413,ACC-0128,ACC-0118,False,False,4
REQ-09516,P000233,ACC-0285,,False,False,5
REQ-09517,P000402,ACC-0236,ACC-0063,False,False,4
REQ-09519,P000026,ACC-0213,,False,False,4
REQ-09520,P000142,ACC-0007,,False,False,10
REQ-09521,P000038,ACC-0282,,False,False,10
REQ-09523,P000202,ACC-0150,,False,False,4
REQ-09525,P000392,ACC-0007,,False,False,4
REQ-09535,P000320,ACC-0291,ACC-0008,False,False,4
REQ-09536,P000307,ACC-0196,ACC-0278,False,False,4
REQ-09538,P000062,ACC-0148,ACC-0055,False,False,10
REQ-09540,P000050,ACC-0222,,False,False,6
REQ-09542,P000328,ACC-0292,ACC-0227,False,False,4
REQ-09543,P000421,ACC-0184,ACC-0118,False,False,4
REQ-09544,P000155,ACC-0022,,True,True,8
REQ-09547,P000399,ACC-0171,,False,False,4
REQ-09550,P000446,ACC-0128,,False,False,4
REQ-09551,P000370,ACC-0034,,False,False,4
REQ-09552,P000163,ACC-0295,,False,False,10
REQ-09556,P000036,ACC-0122,ACC-0207,False,False,7
REQ-09557,P000256,ACC-0162,,False,False,4
REQ-09558,P000040,ACC-0299,,False,False,5
REQ-09559,P000260,ACC-0170,ACC-0283,False,False,4
REQ-09561,P000406,ACC-0171,,False,False,4
REQ-09565,P000045,ACC-0284,,False,False,8
REQ-09566,P000294,ACC-0258,,False,False,5
REQ-09567,P000192,ACC-0229,ACC-0134,False,False,6
REQ-09569,P000031,ACC-0123,,False,False,5
REQ-09570,P000114,ACC-0139,ACC-0104,False,False,10
REQ-09572,P000265,ACC-0032,,True,True,4
REQ-09576,P000170,ACC-0034,,False,False,6
REQ-09579,P000293,ACC-0282,,False,False,5
REQ-09580,P000200,ACC-0114,ACC-0239,False,False,4
REQ-09581,P000339,ACC-0121,,False,False,4
REQ-09582,P000113,ACC-0245,,False,False,10
REQ-09583,P000200,ACC-0080,,False,False,4
REQ-09584,P000072,ACC-0104,,False,False,10
REQ-09585,P000273,ACC-0167,,False,False,4
REQ-09586,P000289,ACC-0022,,False,False,4
REQ-09588,P000422,ACC-0050,,False,False,4
REQ-09590,P000179,ACC-0130,,False,False,5
REQ-09591,P000305,ACC-0106,,False,False,4
REQ-09593,P000190,ACC-0195,,False,False,5
REQ-09595,P000127,ACC-0156,,False,False,10
REQ-09596,P000341,ACC-0008,ACC-0236,False,False,4
REQ-09597,P000144,ACC-0204,ACC-0248,False,False,6
REQ-09598,P000401,ACC-0007,,False,False,4
REQ-09601,P000168,ACC-0170,ACC-0295,False,False,10
REQ-09602,P000271,ACC-0127,ACC-0229,False,False,4
REQ-09603,P000401,ACC-0066,,False,False,4
REQ-09604,P000198,ACC-0293,ACC-0166,False,False,4
REQ-09605,P000443,ACC-0141,ACC-0109,False,False,4
REQ-09607,P000002,ACC-0166,,False,False,10
REQ-09608,P000344,ACC-0185,ACC-0058,False,False,4
REQ-09610,P000155,ACC-0107,ACC-0169,False,False,8
REQ-09614,P000190,ACC-0063,,False,False,5
REQ-09615,P000077,ACC-0167,ACC-0296,False,False,10
REQ-09616,P000344,ACC-0112,,False,False,4
REQ-09618,P000362,ACC-0170,,False,False,4
REQ-09620,P000279,ACC-0131,,False,False,4
REQ-09621,P000339,ACC-0112,,False,False,4
REQ-09623,P000381,ACC-0256,,False,False,4
REQ-09624,P000256,ACC-0285,ACC-0277,False,False,4
REQ-09625,P000444,ACC-0133,ACC-0248,False,False,4
REQ-09628,P000106,ACC-0154,ACC-0151,False,False,10
REQ-09629,P000424,ACC-0135,,False,False,4
REQ-09632,P000090,ACC-0130,,False,False,10
REQ-09633,P000360,ACC-0008,ACC-0166,False,False,4
REQ-09634,P000341,ACC-0185,,False,False,4
REQ-09635,P000293,ACC-0066,,False,False,5
REQ-09636,P000189,ACC-0007,,False,False,6
REQ-09637,P000114,ACC-0062,ACC-0131,False,False,10
REQ-09638,P000086,ACC-0262,,False,False,10
REQ-09640,P000416,ACC-0121,,False,False,4
REQ-09641,P000234,ACC-0257,,False,False,5
REQ-09642,P000072,ACC-0112,,False,False,10
REQ-09643,P000091,ACC-0207,ACC-0111,False,False,8
REQ-09649,P000191,ACC-0292,,False,False,5
REQ-09650,P000063,ACC-0145,ACC-0287,False,False,6
REQ-09654,P000067,ACC-0264,,False,False,8
REQ-09658,P000227,ACC-0180,ACC-0194,False,False,5
REQ-09659,P000441,ACC-0206,ACC-0082,False,True,4
REQ-09661,P000168,ACC-0175,,False,False,10
REQ-09662,P000089,ACC-0162,,False,False,10
REQ-09666,P000152,ACC-0118,ACC-0248,False,False,9
REQ-09667,P000290,ACC-0170,,False,False,4
REQ-09674,P000248,ACC-0022,,False,False,4
REQ-09676,P000110,ACC-0185,,False,False,10
REQ-09677,P000300,ACC-0120,,False,False,5
REQ-09678,P000350,ACC-0179,,False,False,4
REQ-09681,P000198,ACC-0277,,False,False,4
REQ-09683,P000335,ACC-0237,,False,False,4
REQ-09684,P000119,ACC-0308,,False,False,5
REQ-09686,P000132,ACC-0170,,False,False,10
REQ-09687,P000269,ACC-0222,ACC-0109,False,False,4
REQ-09688,P000154,ACC-0118,,False,False,10
REQ-09689,P000020,ACC-0150,,False,False,5
REQ-09690,P000313,ACC-0104,,False,False,5
REQ-09693,P000088,ACC-0022,,True,True,10
REQ-09694,P000106,ACC-0007,,False,False,10
REQ-09698,P000168,ACC-0189,,False,False,10
REQ-09699,P000118,ACC-0295,ACC-0287,False,False,8
REQ-09701,P000281,ACC-0207,,False,False,4
REQ-09702,P000007,ACC-0233,,False,False,10
REQ-09703,P000095,ACC-0109,ACC-0131,False,False,10
REQ-09706,P000360,ACC-0108,,False,False,4
REQ-09709,P000194,ACC-0163,ACC-0187,False,False,6
REQ-09711,P000331,ACC-0247,,False,False,4
REQ-09712,P000252,ACC-0257,,False,False,4
REQ-09714,P000153,ACC-0178,,False,False,6
REQ-09715,P000223,ACC-0285,,False,False,5
REQ-09716,P000044,ACC-0283,ACC-0308,False,False,6
REQ-09717,P000048,ACC-0058,,False,False,5
REQ-09718,P000423,ACC-0077,ACC-0063,False,False,4
REQ-09720,P000184,ACC-0112,ACC-0281,False,False,4
REQ-09722,P000380,ACC-0185,ACC-0125,False,False,4
REQ-09723,P000060,ACC-0191,ACC-0162,False,False,10
REQ-09724,P000384,ACC-0022,ACC-0039,False,False,4
REQ-09727,P000113,ACC-0116,,False,False,10
REQ-09728,P000147,ACC-0185,,False,False,7
REQ-09729,P000167,ACC-0264,,False,False,8
REQ-09730,P000092,ACC-0107,ACC-0148,False,False,10
REQ-09734,P000309,ACC-0107,ACC-0007,False,False,4
REQ-09735,P000229,ACC-0170,,False,False,4
REQ-09737,P000388,ACC-0133,ACC-0123,False,False,4
REQ-09738,P000238,ACC-0097,ACC-0184,False,False,5
REQ-09739,P000322,ACC-0206,ACC-0218,False,False,4
REQ-09740,P000280,ACC-0129,ACC-0293,False,False,4
REQ-09741,P000125,ACC-0227,,False,False,10
REQ-09743,P000140,ACC-0007,ACC-0063,False,False,5
REQ-09745,P000063,ACC-0247,,False,False,6
REQ-09746,P000050,ACC-0144,,False,False,6
REQ-09747,P000172,ACC-0062,,False,False,4
REQ-09748,P000290,ACC-0102,ACC-0146,False,False,4
REQ-09750,P000135,ACC-0031,,True,True,10
REQ-09751,P000393,ACC-0100,,False,False,4
REQ-09754,P000362,ACC-0121,,False,False,4
REQ-09755,P000165,ACC-0079,ACC-0177,False,False,9
REQ-09757,P000260,ACC-0100,ACC-0068,False,False,4
REQ-09758,P000021,ACC-0167,,False,False,10
REQ-09761,P000088,ACC-0082,,True,True,10
REQ-09762,P000118,ACC-0180,ACC-0055,False,False,8
REQ-09764,P000428,ACC-0131,ACC-0134,False,False,4
REQ-09767,P000152,ACC-0285,ACC-0172,False,False,9
REQ-09768,P000431,ACC-0249,ACC-0202,False,False,4
REQ-09770,P000038,ACC-0062,,False,False,10
REQ-09772,P000140,ACC-0063,ACC-0204,False,False,5
REQ-09774,P000088,ACC-0212,,False,False,10
REQ-09775,P000362,ACC-0050,ACC-0121,False,False,4
REQ-09776,P000144,ACC-0114,,False,False,6
REQ-09779,P000065,ACC-0283,,False,False,9
REQ-09782,P000075,ACC-0195,ACC-0276,False,False,5
REQ-09783,P000124,ACC-0130,,False,False,8
REQ-09788,P000250,ACC-0244,ACC-0082,False,False,4
REQ-09793,P000275,ACC-0197,ACC-0142,False,False,4
REQ-09794,P000276,ACC-0140,ACC-0222,False,False,4
REQ-09796,P000005,ACC-0191,ACC-0193,False,False,10
REQ-09799,P000204,ACC-0167,,False,False,4
REQ-09800,P000262,ACC-0163,ACC-0102,False,False,4
REQ-09801,P000144,ACC-0007,,False,False,6
REQ-09802,P000070,ACC-0145,ACC-0118,False,False,10
REQ-09803,P000320,ACC-0144,ACC-0190,False,False,4
REQ-09804,P000395,ACC-0129,,False,False,4
REQ-09811,P000408,ACC-0209,,False,False,4
REQ-09813,P000074,ACC-0132,ACC-0233,False,False,8
REQ-09815,P000074,ACC-0063,,False,False,8
REQ-09816,P000259,ACC-0063,,False,False,4
REQ-09817,P000141,ACC-0267,,False,False,9
REQ-09818,P000436,ACC-0247,,False,False,4
REQ-09819,P000316,ACC-0170,ACC-0121,False,False,4
REQ-09820,P000211,ACC-0289,,False,False,5
REQ-09826,P000130,ACC-0039,,False,False,6
REQ-09827,P000222,ACC-0181,,False,False,5
REQ-09828,P000406,ACC-0159,ACC-0097,False,False,4
REQ-09830,P000049,ACC-0239,ACC-0236,False,False,10
REQ-09831,P000205,ACC-0249,ACC-0295,False,False,4
REQ-09832,P000179,ACC-0153,,False,False,5
REQ-09834,P000029,ACC-0179,,False,False,6
REQ-09836,P000346,ACC-0202,,False,False,4
REQ-09839,P000182,ACC-0144,ACC-0212,False,False,5
REQ-09841,P000021,ACC-0199,ACC-0156,False,False,10
REQ-09842,P000153,ACC-0135,,False,False,6
REQ-09843,P000155,ACC-0217,,False,False,8
REQ-09844,P000339,ACC-0157,,False,False,4
REQ-09845,P000232,ACC-0154,,False,False,5
REQ-09846,P000002,ACC-0170,ACC-0215,False,False,10
REQ-09847,P000148,ACC-0127,,False,False,10
REQ-09850,P000161,ACC-0191,,False,False,8
REQ-09851,P000029,ACC-0166,ACC-0213,False,False,6
REQ-09853,P000125,ACC-0174,ACC-0293,False,False,10
REQ-09858,P000330,ACC-0107,,False,False,4
REQ-09859,P000036,ACC-0007,ACC-0259,False,False,7
REQ-09860,P000018,ACC-0293,,False,False,5
REQ-09861,P000229,ACC-0246,ACC-0184,False,False,4
REQ-09864,P000196,ACC-0031,,False,False,3
REQ-09865,P000354,ACC-0139,,False,False,4
REQ-09867,P000115,ACC-0170,ACC-0125,False,False,9
REQ-09869,P000364,ACC-0133,,False,False,4
REQ-09870,P000434,ACC-0288,,False,False,4
REQ-09872,P000364,ACC-0163,ACC-0107,False,False,4
REQ-09874,P000321,ACC-0227,ACC-0150,False,False,4
REQ-09875,P000203,ACC-0160,,False,False,4
REQ-09876,P000016,ACC-0222,,False,False,9
REQ-09879,P000275,ACC-0289,,False,False,4
REQ-09881,P000144,ACC-0102,ACC-0166,False,False,6
REQ-09882,P000280,ACC-0254,,False,False,4
REQ-09884,P000179,ACC-0244,,False,False,5
REQ-09886,P000096,ACC-0066,,True,True,8
REQ-09888,P000370,ACC-0167,,False,False,4
REQ-09890,P000178,ACC-0082,,False,False,5
REQ-09891,P000260,ACC-0151,,False,False,4
REQ-09894,P000325,ACC-0062,ACC-0250,True,True,4
REQ-09898,P000399,ACC-0095,ACC-0127,False,False,4
REQ-09899,P000429,ACC-0264,,False,False,4
REQ-09905,P000130,ACC-0127,ACC-0184,False,False,6
REQ-09907,P000198,ACC-0251,,False,False,4
REQ-09908,P000026,ACC-0118,,False,False,4
REQ-09910,P000328,ACC-0112,,False,False,4
REQ-09913,P000056,ACC-0213,,False,False,10
REQ-09914,P000248,ACC-0031,,False,False,4
REQ-09915,P000200,ACC-0200,,False,False,4
REQ-09917,P000064,ACC-0112,ACC-0140,False,False,5
REQ-09919,P000444,ACC-0282,ACC-0120,False,False,4
REQ-09921,P000032,ACC-0107,ACC-0239,False,False,9
REQ-09924,P000184,ACC-0163,ACC-0169,False,False,4
REQ-09926,P000319,ACC-0236,ACC-0170,False,False,4
REQ-09927,P000121,ACC-0161,,False,False,10
REQ-09929,P000397,ACC-0113,,False,False,4
REQ-09931,P000332,ACC-0285,ACC-0191,False,False,4
REQ-09932,P000141,ACC-0277,ACC-0135,False,False,9
REQ-09933,P000119,ACC-0178,,False,False,5
REQ-09934,P000292,ACC-0194,,False,False,5
REQ-09936,P000193,ACC-0179,,False,False,4
REQ-09937,P000044,ACC-0059,,False,False,6
REQ-09938,P000019,ACC-0209,,False,False,5
REQ-09939,P000421,ACC-0167,,False,False,4
REQ-09940,P000164,ACC-0308,,False,False,4
REQ-09941,P000218,ACC-0177,,False,False,5
REQ-09945,P000077,ACC-0170,,False,False,10
REQ-09946,P000290,ACC-0214,ACC-0181,False,False,4
REQ-09947,P000044,ACC-0256,,False,False,6
REQ-09950,P000148,ACC-0131,ACC-0043,False,False,10
REQ-09951,P000126,ACC-0118,,False,False,10
REQ-09953,P000037,ACC-0185,ACC-0199,False,False,10
REQ-09956,P000195,ACC-0138,ACC-0140,False,False,4
REQ-09957,P000244,ACC-0164,,False,False,5
REQ-09958,P000365,ACC-0059,,False,False,4
REQ-09959,P000240,ACC-0055,ACC-0233,False,False,5
REQ-09962,P000160,ACC-0055,ACC-0144,False,False,10
REQ-09963,P000285,ACC-0288,,False,False,4
REQ-09964,P000398,ACC-0258,,False,False,4
REQ-09966,P000314,ACC-0170,,False,False,4
REQ-09968,P000414,ACC-0210,ACC-0213,False,False,4
REQ-09969,P000088,ACC-0186,ACC-0295,False,False,10
REQ-09970,P000393,ACC-0236,ACC-0295,False,False,4
REQ-09971,P000294,ACC-0143,,False,False,5
REQ-09972,P000446,ACC-0288,,False,False,4
REQ-09973,P000132,ACC-0190,,False,False,10
REQ-09974,P000298,ACC-0157,,False,False,5
REQ-09975,P000398,ACC-0266,ACC-0288,False,False,4
REQ-09976,P000223,ACC-0193,,False,False,5
REQ-09977,P000236,ACC-0167,,False,False,5
REQ-09978,P000064,ACC-0246,ACC-0130,False,False,5
REQ-09980,P000190,ACC-0174,,False,False,5
REQ-09981,P000415,ACC-0022,ACC-0285,False,False,4
REQ-09983,P000196,ACC-0102,,False,False,3
REQ-09984,P000226,ACC-0033,,False,False,4
REQ-09985,P000200,ACC-0283,,False,False,4
REQ-09986,P000356,ACC-0031,,False,False,4
REQ-09987,P000418,ACC-0144,ACC-0107,False,False,4
REQ-09988,P000172,ACC-0212,ACC-0122,False,False,4
REQ-09990,P000268,ACC-0166,,False,False,4
REQ-09991,P000018,ACC-0153,,False,False,5
REQ-09992,P000329,ACC-0004,,False,False,4
REQ-09994,P000134,ACC-0131,,False,False,5
REQ-09995,P000418,ACC-0063,,False,False,4
REQ-09997,P000019,ACC-0295,,False,False,5
REQ-10000,P000403,ACC-0293,,False,False,4
