request_id,phrase,canonical_descriptor
REQ-00002,amber,amber
REQ-00002,leather,leather
REQ-00004,vanilla,gourmand
REQ-00007,smoky,smoky
REQ-00007,musk,musky
REQ-00007,aquatic,aquatic
REQ-00008,fresh,fresh
REQ-00008,clean,clean
REQ-00008,freshly washed,clean
REQ-00009,smoky,smoky
REQ-00009,musk,musky
REQ-00012,wet stone,mineral
REQ-00013,leather,leather
REQ-00013,coffee,gourmand
REQ-00016,musk,musky
REQ-00016,ozone,ozonic
REQ-00017,fresh,fresh
REQ-00017,freshly washed,clean
REQ-00017,vanilla,gourmand
REQ-00020,clean,clean
REQ-00021,clean,clean
REQ-00021,hotel lobby,clean
REQ-00022,amber,amber
REQ-00022,sweet,sweet
REQ-00023,ozone,ozonic
REQ-00024,dark,dark
REQ-00026,vanilla,gourmand
REQ-00028,clean,clean
REQ-00028,hotel lobby,clean
REQ-00028,powdery,powdery
REQ-00030,musk,musky
REQ-00031,powdery,powdery
REQ-00032,aquatic,aquatic
REQ-00033,clean,clean
REQ-00033,leather,leather
REQ-00034,leather,leather
REQ-00036,sweet,sweet
REQ-00039,powdery,powdery
REQ-00040,powdery,powdery
REQ-00042,clean,clean
REQ-00043,wet stone,mineral
REQ-00045,ozonic,ozonic
REQ-00046,musky,musky
REQ-00046,musk,musky
REQ-00048,musk,musky
REQ-00048,aquatic,aquatic
REQ-00048,leather,leather
REQ-00048,powdery,powdery
REQ-00048,coffee,gourmand
REQ-00051,vanilla,gourmand
REQ-00052,sweet,sweet
REQ-00053,aquatic,aquatic
REQ-00055,wet stone,mineral
REQ-00056,clean,clean
REQ-00057,powdery,powdery
REQ-00058,leather,leather
REQ-00058,powdery,powdery
REQ-00058,coffee,gourmand
REQ-00059,vanilla,gourmand
REQ-00063,citrus,citrus
REQ-00064,ozone,ozonic
REQ-00065,vanilla,gourmand
REQ-00068,floral,floral
REQ-00069,musk,musky
REQ-00071,smoky,smoky
REQ-00072,smoky,smoky
REQ-00073,ozonic,ozonic
REQ-00073,leather,leather
REQ-00074,clean,clean
REQ-00074,amber,amber
REQ-00074,powdery,powdery
REQ-00075,forest,woody
REQ-00075,citrus,citrus
REQ-00076,powdery,powdery
REQ-00078,powdery,powdery
REQ-00079,powdery,powdery
REQ-00080,leather,leather
REQ-00082,clean,clean
REQ-00082,hotel lobby,clean
REQ-00086,smoky,smoky
REQ-00087,dark,dark
REQ-00087,wet stone,mineral
REQ-00088,woody,woody
REQ-00089,musk,musky
REQ-00091,forest,woody
REQ-00091,citrus,citrus
REQ-00091,after rain,ozonic
REQ-00092,powdery,powdery
REQ-00093,musk,musky
REQ-00093,vanilla,gourmand
REQ-00096,powdery,powdery
REQ-00097,leather,leather
REQ-00100,fresh,fresh
REQ-00100,fresh cut grass,green
REQ-00101,woody,woody
REQ-00101,ozone,ozonic
REQ-00102,citrus,citrus
REQ-00102,ozone,ozonic
REQ-00103,floral,floral
REQ-00103,musk,musky
REQ-00105,spicy,spicy
REQ-00108,citrus,citrus
REQ-00108,musk,musky
REQ-00110,vanilla,gourmand
REQ-00112,sweet,sweet
REQ-00113,powdery,powdery
REQ-00114,powdery,powdery
REQ-00115,leather,leather
REQ-00116,vanilla,gourmand
REQ-00118,smoky,smoky
REQ-00120,leather,leather
REQ-00120,coffee,gourmand
REQ-00123,vanilla,gourmand
REQ-00125,powdery,powdery
REQ-00126,clean,clean
REQ-00130,clean,clean
REQ-00130,ozone,ozonic
REQ-00131,powdery,powdery
REQ-00132,leather,leather
REQ-00134,smoky,smoky
REQ-00135,clean,clean
REQ-00136,fresh,fresh
REQ-00136,clean,clean
REQ-00139,smoky,smoky
REQ-00141,citrus,citrus
REQ-00143,spicy,spicy
REQ-00144,sweet,sweet
REQ-00145,leather,leather
REQ-00146,fresh,fresh
REQ-00146,fresh cut grass,green
REQ-00149,sweet,sweet
REQ-00150,woody,woody
REQ-00151,smoke,smoky
REQ-00151,fireplace,smoky
REQ-00152,musk,musky
REQ-00156,leather,leather
REQ-00157,amber,amber
REQ-00160,citrus,citrus
REQ-00161,leather,leather
REQ-00161,powdery,powdery
REQ-00164,citrus,citrus
REQ-00164,musk,musky
REQ-00165,dark,dark
REQ-00165,ozonic,ozonic
REQ-00165,powdery,powdery
REQ-00166,leather,leather
REQ-00167,citrus,citrus
REQ-00169,green,green
REQ-00169,musk,musky
REQ-00170,green,green
REQ-00172,musk,musky
REQ-00174,smoky,smoky
REQ-00174,wet stone,mineral
REQ-00177,clean,clean
REQ-00178,floral,floral
REQ-00179,mineral,mineral
REQ-00182,ozone,ozonic
REQ-00185,smoky,smoky
REQ-00186,clean,clean
REQ-00186,hotel lobby,clean
REQ-00186,smoky,smoky
REQ-00186,spicy,spicy
REQ-00187,vanilla,gourmand
REQ-00190,powdery,powdery
REQ-00191,smoky,smoky
REQ-00191,vanilla,gourmand
REQ-00193,aquatic,aquatic
REQ-00193,ozonic,ozonic
REQ-00197,fresh,fresh
REQ-00197,freshly washed,clean
REQ-00199,leather,leather
REQ-00200,musk,musky
REQ-00200,sweet,sweet
REQ-00201,smoky,smoky
REQ-00206,citrus,citrus
REQ-00207,citrus,citrus
REQ-00208,green,green
REQ-00211,clean,clean
REQ-00211,hotel lobby,clean
REQ-00212,clean,clean
REQ-00213,dark,dark
REQ-00214,citrus,citrus
REQ-00214,sweet,sweet
REQ-00215,powdery,powdery
REQ-00216,clean,clean
REQ-00216,powdery,powdery
REQ-00220,smoky,smoky
REQ-00221,fresh,fresh
REQ-00221,freshly washed,clean
REQ-00221,smoky,smoky
REQ-00221,musk,musky
REQ-00223,leather,leather
REQ-00223,powdery,powdery
REQ-00225,vanilla,gourmand
REQ-00226,sweet,sweet
REQ-00227,smoky,smoky
REQ-00227,smoke,smoky
REQ-00227,fireplace,smoky
REQ-00230,sweet,sweet
REQ-00231,leather,leather
REQ-00231,coffee,gourmand
REQ-00232,musky,musky
REQ-00232,musk,musky
REQ-00234,clean,clean
REQ-00234,leather,leather
REQ-00234,coffee,gourmand
REQ-00235,sweet,sweet
REQ-00236,clean,clean
REQ-00236,green,green
REQ-00236,leather,leather
REQ-00237,musk,musky
REQ-00239,citrus,citrus
REQ-00241,citrus,citrus
REQ-00241,ozonic,ozonic
REQ-00242,powdery,powdery
REQ-00243,musk,musky
REQ-00243,sweet,sweet
REQ-00249,woody,woody
REQ-00250,clean,clean
REQ-00250,ozone,ozonic
REQ-00253,smoky,smoky
REQ-00253,ozone,ozonic
REQ-00254,musk,musky
REQ-00255,leather,leather
REQ-00255,vanilla,gourmand
REQ-00258,fresh,fresh
REQ-00260,floral,floral
REQ-00261,powdery,powdery
REQ-00262,clean,clean
REQ-00262,hotel lobby,clean
REQ-00263,sweet,sweet
REQ-00263,vanilla,gourmand
REQ-00266,clean,clean
REQ-00266,musk,musky
REQ-00267,smoky,smoky
REQ-00267,ozone,ozonic
REQ-00268,smoky,smoky
REQ-00269,smoky,smoky
REQ-00270,fresh,fresh
REQ-00270,smoky,smoky
REQ-00272,wet stone,mineral
REQ-00278,powdery,powdery
REQ-00279,fresh,fresh
REQ-00279,clean,clean
REQ-00279,hotel lobby,clean
REQ-00280,clean,clean
REQ-00282,smoky,smoky
REQ-00282,musk,musky
REQ-00283,vanilla,gourmand
REQ-00285,sweet,sweet
REQ-00286,clean,clean
REQ-00286,hotel lobby,clean
REQ-00290,leather,leather
REQ-00291,vanilla,gourmand
REQ-00292,citrus,citrus
REQ-00292,sweet,sweet
REQ-00294,fresh,fresh
REQ-00294,fresh cut grass,green
REQ-00296,smoky,smoky
REQ-00296,floral,floral
REQ-00296,vanilla,gourmand
REQ-00298,clean,clean
REQ-00298,spicy,spicy
REQ-00299,smoky,smoky
REQ-00299,mineral,mineral
REQ-00299,barbershop,fougere
REQ-00301,musk,musky
REQ-00303,leather,leather
REQ-00306,clean,clean
REQ-00306,green,green
REQ-00307,sweet,sweet
REQ-00309,clean,clean
REQ-00309,musk,musky
REQ-00311,citrus,citrus
REQ-00313,fresh,fresh
REQ-00315,leather,leather
REQ-00317,smoky,smoky
REQ-00318,fresh,fresh
REQ-00319,powdery,powdery
REQ-00320,barbershop,fougere
REQ-00322,musk,musky
REQ-00323,amber,amber
REQ-00324,vanilla,gourmand
REQ-00325,vanilla,gourmand
REQ-00326,fresh,fresh
REQ-00326,citrus,citrus
REQ-00326,fresh cut grass,green
REQ-00327,powdery,powdery
REQ-00330,vanilla,gourmand
REQ-00333,leather,leather
REQ-00334,smoke,smoky
REQ-00334,fireplace,smoky
REQ-00334,powdery,powdery
REQ-00336,citrus,citrus
REQ-00336,sweet,sweet
REQ-00337,smoky,smoky
REQ-00339,green,green
REQ-00339,leather,leather
REQ-00342,leather,leather
REQ-00342,vanilla,gourmand
REQ-00343,powdery,powdery
REQ-00347,dark,dark
REQ-00350,musk,musky
REQ-00350,ozone,ozonic
REQ-00351,smoky,smoky
REQ-00355,clean,clean
REQ-00355,smoke,smoky
REQ-00355,fireplace,smoky
REQ-00355,vanilla,gourmand
REQ-00356,musk,musky
REQ-00358,musk,musky
REQ-00359,musky,musky
REQ-00359,musk,musky
REQ-00360,smoky,smoky
REQ-00363,floral,floral
REQ-00363,ozone,ozonic
REQ-00366,powdery,powdery
REQ-00368,amber,amber
REQ-00368,leather,leather
REQ-00369,barbershop,fougere
REQ-00370,musky,musky
REQ-00370,musk,musky
REQ-00373,green,green
REQ-00373,powdery,powdery
REQ-00374,leather,leather
REQ-00374,vanilla,gourmand
REQ-00374,coffee,gourmand
REQ-00375,leather,leather
REQ-00376,sweet,sweet
REQ-00377,citrus,citrus
REQ-00379,musk,musky
REQ-00379,ozone,ozonic
REQ-00380,powdery,powdery
REQ-00382,fresh,fresh
REQ-00382,fresh cut grass,green
REQ-00382,musky,musky
REQ-00382,musk,musky
REQ-00382,leather,leather
REQ-00386,dark,dark
REQ-00390,fresh,fresh
REQ-00390,freshly washed,clean
REQ-00391,smoke,smoky
REQ-00391,fireplace,smoky
REQ-00391,musk,musky
REQ-00392,forest,woody
REQ-00392,after rain,ozonic
REQ-00393,musk,musky
REQ-00394,citrus,citrus
REQ-00395,smoke,smoky
REQ-00395,fireplace,smoky
REQ-00397,sweet,sweet
REQ-00398,musk,musky
REQ-00400,powdery,powdery
REQ-00402,vanilla,gourmand
REQ-00403,leather,leather
REQ-00406,powdery,powdery
REQ-00408,smoky,smoky
REQ-00409,musk,musky
REQ-00409,mineral,mineral
REQ-00410,vanilla,gourmand
REQ-00411,woody,woody
REQ-00413,leather,leather
REQ-00414,powdery,powdery
REQ-00415,clean,clean
REQ-00415,hotel lobby,clean
REQ-00415,powdery,powdery
REQ-00418,wet stone,mineral
REQ-00418,powdery,powdery
REQ-00422,leather,leather
REQ-00422,coffee,gourmand
REQ-00423,amber,amber
REQ-00423,smoky,smoky
REQ-00423,powdery,powdery
REQ-00424,powdery,powdery
REQ-00424,sweet,sweet
REQ-00425,smoke,smoky
REQ-00425,fireplace,smoky
REQ-00426,citrus,citrus
REQ-00427,musk,musky
REQ-00432,floral,floral
REQ-00433,vanilla,gourmand
REQ-00434,smoky,smoky
REQ-00434,citrus,citrus
REQ-00436,fresh,fresh
REQ-00436,fresh cut grass,green
REQ-00438,clean,clean
REQ-00443,clean,clean
REQ-00444,sweet,sweet
REQ-00445,musky,musky
REQ-00445,musk,musky
REQ-00446,smoke,smoky
REQ-00446,fireplace,smoky
REQ-00446,citrus,citrus
REQ-00447,wet stone,mineral
REQ-00449,sweet,sweet
REQ-00450,sweet,sweet
REQ-00452,sweet,sweet
REQ-00452,vanilla,gourmand
REQ-00453,smoke,smoky
REQ-00453,fireplace,smoky
REQ-00453,citrus,citrus
REQ-00454,smoky,smoky
REQ-00455,ozonic,ozonic
REQ-00455,leather,leather
REQ-00456,wet stone,mineral
REQ-00458,smoky,smoky
REQ-00458,powdery,powdery
REQ-00458,barbershop,fougere
REQ-00459,smoke,smoky
REQ-00459,fireplace,smoky
REQ-00460,clean,clean
REQ-00461,powdery,powdery
REQ-00462,floral,floral
REQ-00464,vanilla,gourmand
REQ-00467,leather,leather
REQ-00467,coffee,gourmand
REQ-00468,vanilla,gourmand
REQ-00469,citrus,citrus
REQ-00469,vanilla,gourmand
REQ-00470,powdery,powdery
REQ-00471,powdery,powdery
REQ-00472,citrus,citrus
REQ-00473,clean,clean
REQ-00473,hotel lobby,clean
REQ-00473,smoky,smoky
REQ-00475,leather,leather
REQ-00476,wet stone,mineral
REQ-00479,citrus,citrus
REQ-00481,sweet,sweet
REQ-00483,powdery,powdery
REQ-00484,vanilla,gourmand
REQ-00486,leather,leather
REQ-00487,aquatic,aquatic
REQ-00487,vanilla,gourmand
REQ-00489,sweet,sweet
REQ-00491,after rain,ozonic
REQ-00492,leather,leather
REQ-00493,clean,clean
REQ-00494,clean,clean
REQ-00494,hotel lobby,clean
REQ-00494,smoky,smoky
REQ-00496,clean,clean
REQ-00499,leather,leather
REQ-00499,sweet,sweet
REQ-00500,powdery,powdery
REQ-00501,musk,musky
REQ-00503,citrus,citrus
REQ-00503,powdery,powdery
REQ-00504,musk,musky
REQ-00504,powdery,powdery
REQ-00505,leather,leather
REQ-00506,leather,leather
REQ-00507,ozonic,ozonic
REQ-00507,vanilla,gourmand
REQ-00508,smoky,smoky
REQ-00508,musky,musky
REQ-00508,musk,musky
REQ-00510,citrus,citrus
REQ-00513,spicy,spicy
REQ-00515,musky,musky
REQ-00515,musk,musky
REQ-00515,leather,leather
REQ-00516,leather,leather
REQ-00517,mineral,mineral
REQ-00518,dark,dark
REQ-00519,ozone,ozonic
REQ-00520,citrus,citrus
REQ-00521,smoky,smoky
REQ-00521,powdery,powdery
REQ-00524,citrus,citrus
REQ-00528,barbershop,fougere
REQ-00529,musk,musky
REQ-00530,fresh,fresh
REQ-00530,powdery,powdery
REQ-00531,sweet,sweet
REQ-00534,powdery,powdery
REQ-00535,clean,clean
REQ-00535,sweet,sweet
REQ-00536,smoky,smoky
REQ-00537,sweet,sweet
REQ-00538,mineral,mineral
REQ-00540,vanilla,gourmand
REQ-00541,leather,leather
REQ-00542,clean,clean
REQ-00544,musk,musky
REQ-00545,smoky,smoky
REQ-00548,powdery,powdery
REQ-00549,woody,woody
REQ-00550,citrus,citrus
REQ-00550,musk,musky
REQ-00553,smoky,smoky
REQ-00554,leather,leather
REQ-00554,coffee,gourmand
REQ-00555,leather,leather
REQ-00555,coffee,gourmand
REQ-00556,smoky,smoky
REQ-00557,fresh,fresh
REQ-00557,smoky,smoky
REQ-00557,fresh cut grass,green
REQ-00558,smoky,smoky
REQ-00559,sweet,sweet
REQ-00564,clean,clean
REQ-00564,hotel lobby,clean
REQ-00565,dark,dark
REQ-00566,ozone,ozonic
REQ-00566,vanilla,gourmand
REQ-00567,smoky,smoky
REQ-00568,smoky,smoky
REQ-00570,musky,musky
REQ-00570,musk,musky
REQ-00570,leather,leather
REQ-00573,powdery,powdery
REQ-00575,citrus,citrus
REQ-00576,leather,leather
REQ-00577,musk,musky
REQ-00578,clean,clean
REQ-00579,musky,musky
REQ-00579,musk,musky
REQ-00580,floral,floral
REQ-00583,vanilla,gourmand
REQ-00584,aquatic,aquatic
REQ-00588,smoky,smoky
REQ-00589,clean,clean
REQ-00590,clean,clean
REQ-00593,powdery,powdery
REQ-00595,amber,amber
REQ-00595,sweet,sweet
REQ-00599,mineral,mineral
REQ-00600,smoke,smoky
REQ-00600,fireplace,smoky
REQ-00601,citrus,citrus
REQ-00602,powdery,powdery
REQ-00603,powdery,powdery
REQ-00606,smoky,smoky
REQ-00607,vanilla,gourmand
REQ-00609,coffee,gourmand
REQ-00610,musk,musky
REQ-00610,wet stone,mineral
REQ-00611,leather,leather
REQ-00612,smoky,smoky
REQ-00613,fresh,fresh
REQ-00615,woody,woody
REQ-00616,powdery,powdery
REQ-00617,fresh,fresh
REQ-00619,citrus,citrus
REQ-00621,leather,leather
REQ-00622,sweet,sweet
REQ-00623,clean,clean
REQ-00623,hotel lobby,clean
REQ-00625,amber,amber
REQ-00625,musk,musky
REQ-00627,leather,leather
REQ-00627,coffee,gourmand
REQ-00629,musk,musky
REQ-00630,sweet,sweet
REQ-00631,smoky,smoky
REQ-00634,musk,musky
REQ-00637,ozone,ozonic
REQ-00641,fresh,fresh
REQ-00642,clean,clean
REQ-00642,vanilla,gourmand
REQ-00644,leather,leather
REQ-00644,sweet,sweet
REQ-00645,leather,leather
REQ-00645,coffee,gourmand
REQ-00646,citrus,citrus
REQ-00647,forest,woody
REQ-00647,leather,leather
REQ-00651,freshly washed,clean
REQ-00653,green,green
REQ-00654,smoke,smoky
REQ-00654,fireplace,smoky
REQ-00654,vanilla,gourmand
REQ-00657,citrus,citrus
REQ-00658,floral,floral
REQ-00658,leather,leather
REQ-00659,dark,dark
REQ-00659,vanilla,gourmand
REQ-00661,floral,floral
REQ-00663,smoky,smoky
REQ-00663,mineral,mineral
REQ-00664,ozone,ozonic
REQ-00665,freshly washed,clean
REQ-00666,musk,musky
REQ-00667,clean,clean
REQ-00667,ozonic,ozonic
REQ-00668,leather,leather
REQ-00668,vanilla,gourmand
REQ-00668,coffee,gourmand
REQ-00670,amber,amber
REQ-00672,ozonic,ozonic
REQ-00673,clean,clean
REQ-00675,amber,amber
REQ-00675,vanilla,gourmand
REQ-00676,musk,musky
REQ-00680,dark,dark
REQ-00681,spicy,spicy
REQ-00683,vanilla,gourmand
REQ-00687,ozonic,ozonic
REQ-00689,musk,musky
REQ-00692,leather,leather
REQ-00693,spicy,spicy
REQ-00694,clean,clean
REQ-00695,clean,clean
REQ-00696,smoky,smoky
REQ-00698,amber,amber
REQ-00698,sweet,sweet
REQ-00699,leather,leather
REQ-00699,coffee,gourmand
REQ-00702,clean,clean
REQ-00702,powdery,powdery
REQ-00703,vanilla,gourmand
REQ-00704,clean,clean
REQ-00704,musky,musky
REQ-00704,musk,musky
REQ-00705,powdery,powdery
REQ-00706,smoky,smoky
REQ-00708,fresh,fresh
REQ-00708,freshly washed,clean
REQ-00709,forest,woody
REQ-00709,after rain,ozonic
REQ-00710,smoke,smoky
REQ-00710,fireplace,smoky
REQ-00711,clean,clean
REQ-00711,smoky,smoky
REQ-00713,leather,leather
REQ-00713,powdery,powdery
REQ-00713,sweet,sweet
REQ-00714,sweet,sweet
REQ-00715,clean,clean
REQ-00717,green,green
REQ-00720,clean,clean
REQ-00720,hotel lobby,clean
REQ-00720,vanilla,gourmand
REQ-00721,fresh,fresh
REQ-00722,fresh,fresh
REQ-00722,fresh cut grass,green
REQ-00723,spicy,spicy
REQ-00725,clean,clean
REQ-00725,aquatic,aquatic
REQ-00726,woody,woody
REQ-00726,vanilla,gourmand
REQ-00728,musk,musky
REQ-00729,powdery,powdery
REQ-00734,citrus,citrus
REQ-00736,wet stone,mineral
REQ-00736,leather,leather
REQ-00737,clean,clean
REQ-00737,hotel lobby,clean
REQ-00738,smoky,smoky
REQ-00739,musk,musky
REQ-00740,smoke,smoky
REQ-00740,fireplace,smoky
REQ-00740,ozonic,ozonic
REQ-00742,vanilla,gourmand
REQ-00743,smoke,smoky
REQ-00743,fireplace,smoky
REQ-00743,sweet,sweet
REQ-00744,clean,clean
REQ-00745,leather,leather
REQ-00749,sweet,sweet
REQ-00750,leather,leather
REQ-00751,mineral,mineral
REQ-00752,musk,musky
REQ-00753,smoky,smoky
REQ-00755,fresh,fresh
REQ-00755,freshly washed,clean
REQ-00758,vanilla,gourmand
REQ-00759,clean,clean
REQ-00760,vanilla,gourmand
REQ-00762,sweet,sweet
REQ-00762,vanilla,gourmand
REQ-00764,vanilla,gourmand
REQ-00767,clean,clean
REQ-00768,ozone,ozonic
REQ-00773,forest,woody
REQ-00773,after rain,ozonic
REQ-00775,spicy,spicy
REQ-00775,floral,floral
REQ-00775,musk,musky
REQ-00778,sweet,sweet
REQ-00780,wet stone,mineral
REQ-00780,leather,leather
REQ-00781,smoke,smoky
REQ-00781,fireplace,smoky
REQ-00781,musk,musky
REQ-00783,leather,leather
REQ-00783,vanilla,gourmand
REQ-00785,citrus,citrus
REQ-00786,forest,woody
REQ-00786,after rain,ozonic
REQ-00790,vanilla,gourmand
REQ-00791,sweet,sweet
REQ-00792,smoky,smoky
REQ-00792,ozone,ozonic
REQ-00793,leather,leather
REQ-00795,clean,clean
REQ-00795,musky,musky
REQ-00795,musk,musky
REQ-00795,sweet,sweet
REQ-00796,smoky,smoky
REQ-00797,amber,amber
REQ-00797,citrus,citrus
REQ-00799,citrus,citrus
REQ-00800,smoky,smoky
REQ-00801,smoky,smoky
REQ-00801,sweet,sweet
REQ-00803,musk,musky
REQ-00805,sweet,sweet
REQ-00808,citrus,citrus
REQ-00809,powdery,powdery
REQ-00810,clean,clean
REQ-00812,musk,musky
REQ-00812,leather,leather
REQ-00813,powdery,powdery
REQ-00816,clean,clean
REQ-00817,mineral,mineral
REQ-00819,vanilla,gourmand
REQ-00820,clean,clean
REQ-00821,smoky,smoky
REQ-00822,smoky,smoky
REQ-00822,wet stone,mineral
REQ-00823,powdery,powdery
REQ-00827,leather,leather
REQ-00828,leather,leather
REQ-00829,sweet,sweet
REQ-00831,smoky,smoky
REQ-00833,mineral,mineral
REQ-00834,leather,leather
REQ-00835,leather,leather
REQ-00835,barbershop,fougere
REQ-00836,clean,clean
REQ-00836,smoky,smoky
REQ-00837,sweet,sweet
REQ-00838,powdery,powdery
REQ-00841,clean,clean
REQ-00841,citrus,citrus
REQ-00841,sweet,sweet
REQ-00842,mineral,mineral
REQ-00843,smoky,smoky
REQ-00843,mineral,mineral
REQ-00844,smoky,smoky
REQ-00844,smoke,smoky
REQ-00844,fireplace,smoky
REQ-00848,musk,musky
REQ-00848,ozone,ozonic
REQ-00849,vanilla,gourmand
REQ-00850,ozone,ozonic
REQ-00852,clean,clean
REQ-00852,floral,floral
REQ-00853,leather,leather
REQ-00853,barbershop,fougere
REQ-00854,musky,musky
REQ-00854,musk,musky
REQ-00855,fresh,fresh
REQ-00855,freshly washed,clean
REQ-00858,sweet,sweet
REQ-00859,musk,musky
REQ-00859,leather,leather
REQ-00859,coffee,gourmand
REQ-00860,fresh,fresh
REQ-00860,spicy,spicy
REQ-00860,fresh cut grass,green
REQ-00861,musk,musky
REQ-00861,ozone,ozonic
REQ-00863,sweet,sweet
REQ-00864,citrus,citrus
REQ-00868,smoky,smoky
REQ-00870,fresh,fresh
REQ-00870,freshly washed,clean
REQ-00871,vanilla,gourmand
REQ-00873,citrus,citrus
REQ-00878,aquatic,aquatic
REQ-00879,fresh,fresh
REQ-00880,leather,leather
REQ-00884,wet stone,mineral
REQ-00884,leather,leather
REQ-00885,smoky,smoky
REQ-00886,fresh,fresh
REQ-00886,fresh cut grass,green
REQ-00887,vanilla,gourmand
REQ-00888,clean,clean
REQ-00888,citrus,citrus
REQ-00889,vanilla,gourmand
REQ-00890,leather,leather
REQ-00890,coffee,gourmand
REQ-00891,clean,clean
REQ-00892,woody,woody
REQ-00892,barbershop,fougere
REQ-00893,vanilla,gourmand
REQ-00898,sweet,sweet
REQ-00899,powdery,powdery
REQ-00901,musk,musky
REQ-00903,clean,clean
REQ-00903,hotel lobby,clean
REQ-00904,spicy,spicy
REQ-00905,clean,clean
REQ-00906,clean,clean
REQ-00907,clean,clean
REQ-00907,hotel lobby,clean
REQ-00908,vanilla,gourmand
REQ-00909,fresh,fresh
REQ-00909,freshly washed,clean
REQ-00910,dark,dark
REQ-00914,sweet,sweet
REQ-00915,powdery,powdery
REQ-00916,citrus,citrus
REQ-00919,clean,clean
REQ-00919,sweet,sweet
REQ-00921,wet stone,mineral
REQ-00925,musk,musky
REQ-00927,dark,dark
REQ-00927,smoky,smoky
REQ-00928,leather,leather
REQ-00929,woody,woody
REQ-00929,green,green
REQ-00929,vanilla,gourmand
REQ-00930,musk,musky
REQ-00930,wet stone,mineral
REQ-00931,powdery,powdery
REQ-00932,vanilla,gourmand
REQ-00933,musk,musky
REQ-00935,dark,dark
REQ-00937,leather,leather
REQ-00938,aquatic,aquatic
REQ-00938,ozone,ozonic
REQ-00939,aquatic,aquatic
REQ-00939,sweet,sweet
REQ-00940,clean,clean
REQ-00940,spicy,spicy
REQ-00941,citrus,citrus
REQ-00941,aquatic,aquatic
REQ-00941,vanilla,gourmand
REQ-00945,spicy,spicy
REQ-00947,leather,leather
REQ-00948,clean,clean
REQ-00952,woody,woody
REQ-00954,smoky,smoky
REQ-00955,smoky,smoky
REQ-00955,wet stone,mineral
REQ-00957,clean,clean
REQ-00958,powdery,powdery
REQ-00959,fresh,fresh
REQ-00960,fresh,fresh
REQ-00962,clean,clean
REQ-00964,leather,leather
REQ-00965,green,green
REQ-00967,powdery,powdery
REQ-00969,musk,musky
REQ-00969,wet stone,mineral
REQ-00970,ozone,ozonic
REQ-00971,smoke,smoky
REQ-00971,fireplace,smoky
REQ-00972,powdery,powdery
REQ-00975,sweet,sweet
REQ-00978,sweet,sweet
REQ-00981,powdery,powdery
REQ-00982,clean,clean
REQ-00983,musk,musky
REQ-00984,forest,woody
REQ-00984,after rain,ozonic
REQ-00985,musky,musky
REQ-00985,musk,musky
REQ-00987,spicy,spicy
REQ-00988,powdery,powdery
REQ-00989,vanilla,gourmand
REQ-00993,vanilla,gourmand
REQ-00995,fresh,fresh
REQ-00995,fresh cut grass,green
REQ-00995,powdery,powdery
REQ-00996,green,green
REQ-00997,vanilla,gourmand
REQ-00998,vanilla,gourmand
REQ-00999,musk,musky
REQ-01000,vanilla,gourmand
REQ-01001,fresh,fresh
REQ-01001,fresh cut grass,green
REQ-01003,fresh,fresh
REQ-01003,fresh cut grass,green
REQ-01004,wet stone,mineral
REQ-01007,clean,clean
REQ-01007,leather,leather
REQ-01009,vanilla,gourmand
REQ-01010,barbershop,fougere
REQ-01011,sweet,sweet
REQ-01015,wet stone,mineral
REQ-01015,leather,leather
REQ-01016,green,green
REQ-01016,musk,musky
REQ-01019,fresh,fresh
REQ-01019,freshly washed,clean
REQ-01019,citrus,citrus
REQ-01021,leather,leather
REQ-01021,sweet,sweet
REQ-01022,vanilla,gourmand
REQ-01024,musk,musky
REQ-01025,clean,clean
REQ-01026,sweet,sweet
REQ-01027,fresh,fresh
REQ-01027,freshly washed,clean
REQ-01028,musk,musky
REQ-01029,musk,musky
REQ-01030,spicy,spicy
REQ-01032,clean,clean
REQ-01032,leather,leather
REQ-01035,freshly washed,clean
REQ-01036,leather,leather
REQ-01037,leather,leather
REQ-01041,citrus,citrus
REQ-01044,powdery,powdery
REQ-01045,citrus,citrus
REQ-01046,sweet,sweet
REQ-01050,vanilla,gourmand
REQ-01053,clean,clean
REQ-01053,smoke,smoky
REQ-01053,fireplace,smoky
REQ-01055,smoky,smoky
REQ-01055,citrus,citrus
REQ-01056,musk,musky
REQ-01057,musk,musky
REQ-01057,sweet,sweet
REQ-01058,ozonic,ozonic
REQ-01063,leather,leather
REQ-01063,powdery,powdery
REQ-01064,vanilla,gourmand
REQ-01065,smoky,smoky
REQ-01066,vanilla,gourmand
REQ-01067,spicy,spicy
REQ-01067,vanilla,gourmand
REQ-01070,leather,leather
REQ-01072,citrus,citrus
REQ-01073,clean,clean
REQ-01073,musk,musky
REQ-01074,powdery,powdery
REQ-01075,citrus,citrus
REQ-01075,musky,musky
REQ-01075,musk,musky
REQ-01077,amber,amber
REQ-01077,ozonic,ozonic
REQ-01078,powdery,powdery
REQ-01079,musk,musky
REQ-01080,smoky,smoky
REQ-01080,musk,musky
REQ-01081,musk,musky
REQ-01081,aquatic,aquatic
REQ-01082,citrus,citrus
REQ-01082,sweet,sweet
REQ-01086,sweet,sweet
REQ-01087,citrus,citrus
REQ-01089,sweet,sweet
REQ-01090,musk,musky
REQ-01091,clean,clean
REQ-01091,citrus,citrus
REQ-01091,ozone,ozonic
REQ-01092,musk,musky
REQ-01095,sweet,sweet
REQ-01096,vanilla,gourmand
REQ-01098,leather,leather
REQ-01099,mineral,mineral
REQ-01101,smoke,smoky
REQ-01101,fireplace,smoky
REQ-01102,smoky,smoky
REQ-01106,clean,clean
REQ-01106,hotel lobby,clean
REQ-01110,clean,clean
REQ-01110,hotel lobby,clean
REQ-01110,citrus,citrus
REQ-01110,powdery,powdery
REQ-01113,sweet,sweet
REQ-01115,vanilla,gourmand
REQ-01116,smoky,smoky
REQ-01120,leather,leather
REQ-01121,wet stone,mineral
REQ-01124,citrus,citrus
REQ-01124,ozonic,ozonic
REQ-01125,vanilla,gourmand
REQ-01129,musk,musky
REQ-01130,aquatic,aquatic
REQ-01132,leather,leather
REQ-01134,smoky,smoky
REQ-01136,vanilla,gourmand
REQ-01137,fresh,fresh
REQ-01137,dark,dark
REQ-01137,fresh cut grass,green
REQ-01137,leather,leather
REQ-01139,powdery,powdery
REQ-01141,mineral,mineral
REQ-01143,smoky,smoky
REQ-01143,sweet,sweet
REQ-01144,musk,musky
REQ-01145,musk,musky
REQ-01147,floral,floral
REQ-01148,mineral,mineral
REQ-01148,powdery,powdery
REQ-01149,fresh,fresh
REQ-01149,freshly washed,clean
REQ-01149,musk,musky
REQ-01150,citrus,citrus
REQ-01152,ozonic,ozonic
REQ-01153,sweet,sweet
REQ-01154,leather,leather
REQ-01154,powdery,powdery
REQ-01154,sweet,sweet
REQ-01156,powdery,powdery
REQ-01157,fresh,fresh
REQ-01157,smoky,smoky
REQ-01157,fresh cut grass,green
REQ-01157,sweet,sweet
REQ-01161,leather,leather
REQ-01161,coffee,gourmand
REQ-01162,clean,clean
REQ-01162,amber,amber
REQ-01162,powdery,powdery
REQ-01162,vanilla,gourmand
REQ-01163,dark,dark
REQ-01164,citrus,citrus
REQ-01165,mineral,mineral
REQ-01166,musk,musky
REQ-01169,powdery,powdery
REQ-01170,clean,clean
REQ-01171,smoky,smoky
REQ-01171,floral,floral
REQ-01171,citrus,citrus
REQ-01174,clean,clean
REQ-01174,citrus,citrus
REQ-01175,musk,musky
REQ-01175,sweet,sweet
REQ-01176,amber,amber
REQ-01176,musk,musky
REQ-01177,fresh,fresh
REQ-01177,fresh cut grass,green
REQ-01179,fresh,fresh
REQ-01179,fresh cut grass,green
REQ-01181,forest,woody
REQ-01181,after rain,ozonic
REQ-01182,fresh,fresh
REQ-01184,woody,woody
REQ-01184,smoky,smoky
REQ-01185,leather,leather
REQ-01188,spicy,spicy
REQ-01189,citrus,citrus
REQ-01190,citrus,citrus
REQ-01191,musk,musky
REQ-01196,smoky,smoky
REQ-01196,smoke,smoky
REQ-01196,fireplace,smoky
REQ-01197,forest,woody
REQ-01197,leather,leather
REQ-01199,smoky,smoky
REQ-01203,green,green
REQ-01204,leather,leather
REQ-01205,fresh,fresh
REQ-01205,freshly washed,clean
REQ-01206,dark,dark
REQ-01206,smoky,smoky
REQ-01206,leather,leather
REQ-01209,spicy,spicy
REQ-01211,sweet,sweet
REQ-01212,musk,musky
REQ-01213,vanilla,gourmand
REQ-01213,barbershop,fougere
REQ-01214,sweet,sweet
REQ-01215,vanilla,gourmand
REQ-01216,vanilla,gourmand
REQ-01217,clean,clean
REQ-01217,leather,leather
REQ-01219,smoky,smoky
REQ-01220,clean,clean
REQ-01220,smoky,smoky
REQ-01220,vanilla,gourmand
REQ-01229,smoke,smoky
REQ-01229,fireplace,smoky
REQ-01231,powdery,powdery
REQ-01233,citrus,citrus
REQ-01233,powdery,powdery
REQ-01234,musky,musky
REQ-01234,musk,musky
REQ-01234,leather,leather
REQ-01236,sweet,sweet
REQ-01237,clean,clean
REQ-01238,powdery,powdery
REQ-01238,sweet,sweet
REQ-01238,barbershop,fougere
REQ-01241,floral,floral
REQ-01242,powdery,powdery
REQ-01243,clean,clean
REQ-01244,smoky,smoky
REQ-01245,woody,woody
REQ-01245,smoky,smoky
REQ-01245,sweet,sweet
REQ-01246,citrus,citrus
REQ-01246,musky,musky
REQ-01246,musk,musky
REQ-01247,clean,clean
REQ-01247,musky,musky
REQ-01247,musk,musky
REQ-01250,forest,woody
REQ-01250,after rain,ozonic
REQ-01250,powdery,powdery
REQ-01250,sweet,sweet
REQ-01251,smoky,smoky
REQ-01252,fresh,fresh
REQ-01252,freshly washed,clean
REQ-01254,floral,floral
REQ-01255,green,green
REQ-01257,smoky,smoky
REQ-01258,smoky,smoky
REQ-01258,ozone,ozonic
REQ-01260,sweet,sweet
REQ-01262,citrus,citrus
REQ-01264,smoky,smoky
REQ-01266,musk,musky
REQ-01268,wet stone,mineral
REQ-01270,powdery,powdery
REQ-01271,ozonic,ozonic
REQ-01272,powdery,powdery
REQ-01272,barbershop,fougere
REQ-01273,leather,leather
REQ-01273,vanilla,gourmand
REQ-01276,vanilla,gourmand
REQ-01277,musk,musky
REQ-01277,wet stone,mineral
REQ-01279,leather,leather
REQ-01280,powdery,powdery
REQ-01281,citrus,citrus
REQ-01282,musk,musky
REQ-01282,leather,leather
REQ-01284,citrus,citrus
REQ-01286,smoke,smoky
REQ-01286,fireplace,smoky
REQ-01288,fresh,fresh
REQ-01288,freshly washed,clean
REQ-01289,forest,woody
REQ-01289,after rain,ozonic
REQ-01290,citrus,citrus
REQ-01291,vanilla,gourmand
REQ-01292,sweet,sweet
REQ-01293,citrus,citrus
REQ-01294,smoky,smoky
REQ-01294,leather,leather
REQ-01298,vanilla,gourmand
REQ-01299,amber,amber
REQ-01299,ozonic,ozonic
REQ-01300,aquatic,aquatic
REQ-01300,mineral,mineral
REQ-01302,smoky,smoky
REQ-01303,clean,clean
REQ-01304,freshly washed,clean
REQ-01307,forest,woody
REQ-01307,after rain,ozonic
REQ-01309,smoky,smoky
REQ-01311,sweet,sweet
REQ-01312,sweet,sweet
REQ-01315,fresh,fresh
REQ-01316,barbershop,fougere
REQ-01317,clean,clean
REQ-01319,musk,musky
REQ-01322,amber,amber
REQ-01322,musk,musky
REQ-01323,leather,leather
REQ-01325,smoky,smoky
REQ-01326,smoky,smoky
REQ-01326,vanilla,gourmand
REQ-01327,wet stone,mineral
REQ-01328,woody,woody
REQ-01330,clean,clean
REQ-01331,powdery,powdery
REQ-01332,musk,musky
REQ-01334,leather,leather
REQ-01335,fresh,fresh
REQ-01335,spicy,spicy
REQ-01337,musk,musky
REQ-01338,fresh,fresh
REQ-01338,freshly washed,clean
REQ-01338,sweet,sweet
REQ-01340,green,green
REQ-01340,vanilla,gourmand
REQ-01342,sweet,sweet
REQ-01343,musk,musky
REQ-01345,mineral,mineral
REQ-01346,vanilla,gourmand
REQ-01348,dark,dark
REQ-01348,citrus,citrus
REQ-01349,sweet,sweet
REQ-01351,leather,leather
REQ-01352,barbershop,fougere
REQ-01354,fresh,fresh
REQ-01354,citrus,citrus
REQ-01354,ozonic,ozonic
REQ-01356,musk,musky
REQ-01362,coffee,gourmand
REQ-01363,citrus,citrus
REQ-01364,fresh,fresh
REQ-01364,freshly washed,clean
REQ-01365,mineral,mineral
REQ-01365,sweet,sweet
REQ-01367,ozonic,ozonic
REQ-01368,fresh,fresh
REQ-01368,sweet,sweet
REQ-01369,leather,leather
REQ-01369,powdery,powdery
REQ-01370,woody,woody
REQ-01371,leather,leather
REQ-01371,coffee,gourmand
REQ-01373,vanilla,gourmand
REQ-01374,green,green
REQ-01374,powdery,powdery
REQ-01375,sweet,sweet
REQ-01376,leather,leather
REQ-01378,vanilla,gourmand
REQ-01381,leather,leather
REQ-01382,forest,woody
REQ-01382,after rain,ozonic
REQ-01384,dark,dark
REQ-01384,floral,floral
REQ-01387,mineral,mineral
REQ-01388,smoky,smoky
REQ-01390,smoky,smoky
REQ-01390,musk,musky
REQ-01391,vanilla,gourmand
REQ-01392,musk,musky
REQ-01393,sweet,sweet
REQ-01394,vanilla,gourmand
REQ-01397,smoky,smoky
REQ-01397,aquatic,aquatic
REQ-01398,fresh,fresh
REQ-01399,ozone,ozonic
REQ-01400,sweet,sweet
REQ-01401,fresh,fresh
REQ-01401,freshly washed,clean
REQ-01401,smoky,smoky
REQ-01402,leather,leather
REQ-01402,sweet,sweet
REQ-01404,leather,leather
REQ-01405,fresh,fresh
REQ-01406,citrus,citrus
REQ-01409,sweet,sweet
REQ-01411,forest,woody
REQ-01411,after rain,ozonic
REQ-01413,smoky,smoky
REQ-01413,powdery,powdery
REQ-01415,smoky,smoky
REQ-01415,ozone,ozonic
REQ-01417,musk,musky
REQ-01419,fresh,fresh
REQ-01419,freshly washed,clean
REQ-01419,sweet,sweet
REQ-01419,vanilla,gourmand
REQ-01420,musk,musky
REQ-01420,sweet,sweet
REQ-01422,floral,floral
REQ-01424,musk,musky
REQ-01425,smoky,smoky
REQ-01428,clean,clean
REQ-01429,dark,dark
REQ-01429,sweet,sweet
REQ-01432,powdery,powdery
REQ-01433,citrus,citrus
REQ-01434,citrus,citrus
REQ-01434,vanilla,gourmand
REQ-01434,barbershop,fougere
REQ-01435,smoky,smoky
REQ-01435,powdery,powdery
REQ-01435,barbershop,fougere
REQ-01437,forest,woody
REQ-01437,after rain,ozonic
REQ-01438,leather,leather
REQ-01440,clean,clean
REQ-01441,smoky,smoky
REQ-01441,sweet,sweet
REQ-01442,fresh,fresh
REQ-01442,sweet,sweet
REQ-01443,ozone,ozonic
REQ-01444,sweet,sweet
REQ-01445,musk,musky
REQ-01445,sweet,sweet
REQ-01447,vanilla,gourmand
REQ-01450,smoky,smoky
REQ-01454,sweet,sweet
REQ-01456,clean,clean
REQ-01458,sweet,sweet
REQ-01459,citrus,citrus
REQ-01459,vanilla,gourmand
REQ-01460,sweet,sweet
REQ-01461,citrus,citrus
REQ-01461,leather,leather
REQ-01461,coffee,gourmand
REQ-01462,clean,clean
REQ-01462,vanilla,gourmand
REQ-01463,powdery,powdery
REQ-01465,clean,clean
REQ-01466,sweet,sweet
REQ-01467,citrus,citrus
REQ-01467,vanilla,gourmand
REQ-01468,aquatic,aquatic
REQ-01469,wet stone,mineral
REQ-01471,smoke,smoky
REQ-01471,fireplace,smoky
REQ-01471,powdery,powdery
REQ-01472,vanilla,gourmand
REQ-01473,clean,clean
REQ-01473,hotel lobby,clean
REQ-01473,smoky,smoky
REQ-01474,clean,clean
REQ-01474,sweet,sweet
REQ-01474,vanilla,gourmand
REQ-01475,musk,musky
REQ-01479,vanilla,gourmand
REQ-01481,floral,floral
REQ-01483,fresh,fresh
REQ-01485,powdery,powdery
REQ-01486,leather,leather
REQ-01486,vanilla,gourmand
REQ-01487,musk,musky
REQ-01487,wet stone,mineral
REQ-01488,clean,clean
REQ-01488,vanilla,gourmand
REQ-01492,leather,leather
REQ-01494,green,green
REQ-01496,vanilla,gourmand
REQ-01497,sweet,sweet
REQ-01498,clean,clean
REQ-01498,hotel lobby,clean
REQ-01499,clean,clean
REQ-01499,smoky,smoky
REQ-01500,vanilla,gourmand
REQ-01501,musk,musky
REQ-01503,leather,leather
REQ-01503,coffee,gourmand
REQ-01504,ozone,ozonic
REQ-01506,smoky,smoky
REQ-01507,fresh,fresh
REQ-01510,sweet,sweet
REQ-01511,dark,dark
REQ-01513,sweet,sweet
REQ-01514,wet stone,mineral
REQ-01514,powdery,powdery
REQ-01515,spicy,spicy
REQ-01516,amber,amber
REQ-01517,amber,amber
REQ-01518,vanilla,gourmand
REQ-01519,sweet,sweet
REQ-01520,citrus,citrus
REQ-01520,ozone,ozonic
REQ-01521,leather,leather
REQ-01523,clean,clean
REQ-01525,wet stone,mineral
REQ-01526,clean,clean
REQ-01526,hotel lobby,clean
REQ-01526,powdery,powdery
REQ-01527,sweet,sweet
REQ-01528,woody,woody
REQ-01528,smoky,smoky
REQ-01529,vanilla,gourmand
REQ-01530,musk,musky
REQ-01530,sweet,sweet
REQ-01532,musky,musky
REQ-01532,musk,musky
REQ-01533,forest,woody
REQ-01533,after rain,ozonic
REQ-01534,smoke,smoky
REQ-01534,fireplace,smoky
REQ-01534,sweet,sweet
REQ-01535,green,green
REQ-01535,powdery,powdery
REQ-01536,powdery,powdery
REQ-01536,vanilla,gourmand
REQ-01537,clean,clean
REQ-01537,hotel lobby,clean
REQ-01537,leather,leather
REQ-01538,musk,musky
REQ-01539,musk,musky
REQ-01539,ozonic,ozonic
REQ-01540,forest,woody
REQ-01540,musk,musky
REQ-01540,after rain,ozonic
REQ-01541,powdery,powdery
REQ-01543,ozone,ozonic
REQ-01544,leather,leather
REQ-01544,coffee,gourmand
REQ-01545,smoky,smoky
REQ-01547,musky,musky
REQ-01547,musk,musky
REQ-01547,sweet,sweet
REQ-01548,citrus,citrus
REQ-01549,sweet,sweet
REQ-01550,clean,clean
REQ-01550,hotel lobby,clean
REQ-01550,citrus,citrus
REQ-01551,clean,clean
REQ-01551,musk,musky
REQ-01551,powdery,powdery
REQ-01552,fresh,fresh
REQ-01553,fresh,fresh
REQ-01553,clean,clean
REQ-01553,freshly washed,clean
REQ-01553,smoky,smoky
REQ-01554,powdery,powdery
REQ-01556,woody,woody
REQ-01557,fresh,fresh
REQ-01559,clean,clean
REQ-01563,fresh,fresh
REQ-01563,freshly washed,clean
REQ-01564,mineral,mineral
REQ-01566,musk,musky
REQ-01566,vanilla,gourmand
REQ-01571,clean,clean
REQ-01573,smoky,smoky
REQ-01573,musk,musky
REQ-01574,powdery,powdery
REQ-01574,barbershop,fougere
REQ-01575,amber,amber
REQ-01579,woody,woody
REQ-01580,dark,dark
REQ-01583,smoke,smoky
REQ-01583,fireplace,smoky
REQ-01584,floral,floral
REQ-01585,freshly washed,clean
REQ-01585,leather,leather
REQ-01586,musk,musky
REQ-01586,leather,leather
REQ-01586,powdery,powdery
REQ-01587,vanilla,gourmand
REQ-01590,leather,leather
REQ-01594,leather,leather
REQ-01594,coffee,gourmand
REQ-01596,vanilla,gourmand
REQ-01598,vanilla,gourmand
REQ-01600,smoky,smoky
REQ-01604,clean,clean
REQ-01606,citrus,citrus
REQ-01607,smoke,smoky
REQ-01607,fireplace,smoky
REQ-01607,leather,leather
REQ-01608,mineral,mineral
REQ-01609,leather,leather
REQ-01610,smoky,smoky
REQ-01612,spicy,spicy
REQ-01612,musk,musky
REQ-01613,sweet,sweet
REQ-01618,spicy,spicy
REQ-01619,smoky,smoky
REQ-01623,clean,clean
REQ-01623,smoke,smoky
REQ-01623,fireplace,smoky
REQ-01624,smoky,smoky
REQ-01625,leather,leather
REQ-01626,vanilla,gourmand
REQ-01627,vanilla,gourmand
REQ-01628,aquatic,aquatic
REQ-01632,smoky,smoky
REQ-01634,smoky,smoky
REQ-01635,powdery,powdery
REQ-01638,sweet,sweet
REQ-01639,musk,musky
REQ-01641,sweet,sweet
REQ-01644,smoky,smoky
REQ-01644,citrus,citrus
REQ-01645,sweet,sweet
REQ-01647,leather,leather
REQ-01651,smoke,smoky
REQ-01651,fireplace,smoky
REQ-01651,leather,leather
REQ-01653,citrus,citrus
REQ-01654,smoky,smoky
REQ-01655,citrus,citrus
REQ-01657,powdery,powdery
REQ-01659,wet stone,mineral
REQ-01661,aquatic,aquatic
REQ-01662,clean,clean
REQ-01663,wet stone,mineral
REQ-01667,green,green
REQ-01667,vanilla,gourmand
REQ-01668,leather,leather
REQ-01668,coffee,gourmand
REQ-01670,woody,woody
REQ-01670,leather,leather
REQ-01672,vanilla,gourmand
REQ-01674,musky,musky
REQ-01674,musk,musky
REQ-01675,smoky,smoky
REQ-01675,leather,leather
REQ-01675,coffee,gourmand
REQ-01676,musky,musky
REQ-01676,musk,musky
REQ-01677,smoky,smoky
REQ-01678,citrus,citrus
REQ-01680,vanilla,gourmand
REQ-01681,mineral,mineral
REQ-01681,powdery,powdery
REQ-01683,fresh,fresh
REQ-01683,fresh cut grass,green
REQ-01684,leather,leather
REQ-01684,sweet,sweet
REQ-01686,fresh,fresh
REQ-01686,freshly washed,clean
REQ-01686,sweet,sweet
REQ-01687,musky,musky
REQ-01687,musk,musky
REQ-01690,smoky,smoky
REQ-01691,floral,floral
REQ-01692,sweet,sweet
REQ-01694,musk,musky
REQ-01695,sweet,sweet
REQ-01697,powdery,powdery
REQ-01701,spicy,spicy
REQ-01702,fresh,fresh
REQ-01702,fresh cut grass,green
REQ-01703,powdery,powdery
REQ-01705,smoke,smoky
REQ-01705,fireplace,smoky
REQ-01706,ozone,ozonic
REQ-01706,vanilla,gourmand
REQ-01708,fresh,fresh
REQ-01709,clean,clean
REQ-01712,smoky,smoky
REQ-01712,leather,leather
REQ-01714,musk,musky
REQ-01716,smoky,smoky
REQ-01716,vanilla,gourmand
REQ-01717,clean,clean
REQ-01717,smoky,smoky
REQ-01720,citrus,citrus
REQ-01724,smoky,smoky
REQ-01726,vanilla,gourmand
REQ-01727,sweet,sweet
REQ-01729,vanilla,gourmand
REQ-01734,fresh,fresh
REQ-01735,vanilla,gourmand
REQ-01735,barbershop,fougere
REQ-01736,dark,dark
REQ-01738,fresh,fresh
REQ-01740,citrus,citrus
REQ-01742,fresh,fresh
REQ-01742,fresh cut grass,green
REQ-01742,powdery,powdery
REQ-01743,musky,musky
REQ-01743,musk,musky
REQ-01744,powdery,powdery
REQ-01747,clean,clean
REQ-01747,hotel lobby,clean
REQ-01748,ozone,ozonic
REQ-01749,clean,clean
REQ-01751,aquatic,aquatic
REQ-01752,smoky,smoky
REQ-01753,clean,clean
REQ-01753,hotel lobby,clean
REQ-01755,fresh,fresh
REQ-01755,freshly washed,clean
REQ-01758,clean,clean
REQ-01759,dark,dark
REQ-01760,smoky,smoky
REQ-01762,vanilla,gourmand
REQ-01764,smoke,smoky
REQ-01764,fireplace,smoky
REQ-01764,sweet,sweet
REQ-01765,musk,musky
REQ-01766,leather,leather
REQ-01768,clean,clean
REQ-01770,musk,musky
REQ-01772,sweet,sweet
REQ-01773,smoky,smoky
REQ-01777,powdery,powdery
REQ-01778,citrus,citrus
REQ-01780,vanilla,gourmand
REQ-01781,musky,musky
REQ-01781,musk,musky
REQ-01783,musky,musky
REQ-01783,musk,musky
REQ-01784,leather,leather
REQ-01785,citrus,citrus
REQ-01788,smoky,smoky
REQ-01788,green,green
REQ-01790,wet stone,mineral
REQ-01790,powdery,powdery
REQ-01791,clean,clean
REQ-01792,fresh,fresh
REQ-01792,fresh cut grass,green
REQ-01794,aquatic,aquatic
REQ-01794,leather,leather
REQ-01794,powdery,powdery
REQ-01795,ozonic,ozonic
REQ-01799,smoke,smoky
REQ-01799,fireplace,smoky
REQ-01799,musk,musky
REQ-01800,vanilla,gourmand
REQ-01801,spicy,spicy
REQ-01801,sweet,sweet
REQ-01804,ozonic,ozonic
REQ-01806,powdery,powdery
REQ-01807,leather,leather
REQ-01809,powdery,powdery
REQ-01811,vanilla,gourmand
REQ-01819,clean,clean
REQ-01819,hotel lobby,clean
REQ-01820,smoke,smoky
REQ-01820,fireplace,smoky
REQ-01822,smoky,smoky
REQ-01824,smoky,smoky
REQ-01824,sweet,sweet
REQ-01825,powdery,powdery
REQ-01826,clean,clean
REQ-01828,ozone,ozonic
REQ-01829,clean,clean
REQ-01829,hotel lobby,clean
REQ-01831,fresh,fresh
REQ-01831,sweet,sweet
REQ-01832,fresh,fresh
REQ-01832,freshly washed,clean
REQ-01832,leather,leather
REQ-01833,smoky,smoky
REQ-01835,clean,clean
REQ-01835,hotel lobby,clean
REQ-01835,smoky,smoky
REQ-01836,clean,clean
REQ-01836,citrus,citrus
REQ-01836,musk,musky
REQ-01838,clean,clean
REQ-01838,after rain,ozonic
REQ-01839,wet stone,mineral
REQ-01839,vanilla,gourmand
REQ-01840,clean,clean
REQ-01840,hotel lobby,clean
REQ-01841,spicy,spicy
REQ-01841,powdery,powdery
REQ-01842,fresh,fresh
REQ-01842,fresh cut grass,green
REQ-01842,sweet,sweet
REQ-01843,musk,musky
REQ-01844,smoke,smoky
REQ-01844,fireplace,smoky
REQ-01847,mineral,mineral
REQ-01847,leather,leather
REQ-01849,smoky,smoky
REQ-01850,barbershop,fougere
REQ-01851,barbershop,fougere
REQ-01852,musky,musky
REQ-01852,musk,musky
REQ-01853,woody,woody
REQ-01854,leather,leather
REQ-01854,sweet,sweet
REQ-01854,coffee,gourmand
REQ-01855,musk,musky
REQ-01856,clean,clean
REQ-01859,ozonic,ozonic
REQ-01860,musky,musky
REQ-01860,musk,musky
REQ-01860,powdery,powdery
REQ-01862,amber,amber
REQ-01862,citrus,citrus
REQ-01863,leather,leather
REQ-01864,vanilla,gourmand
REQ-01866,vanilla,gourmand
REQ-01868,leather,leather
REQ-01871,barbershop,fougere
REQ-01872,musk,musky
REQ-01873,citrus,citrus
REQ-01874,musk,musky
REQ-01875,powdery,powdery
REQ-01876,clean,clean
REQ-01876,hotel lobby,clean
REQ-01876,leather,leather
REQ-01877,woody,woody
REQ-01878,clean,clean
REQ-01880,smoky,smoky
REQ-01881,green,green
REQ-01883,musky,musky
REQ-01883,musk,musky
REQ-01884,amber,amber
REQ-01884,smoky,smoky
REQ-01884,musky,musky
REQ-01884,musk,musky
REQ-01886,musk,musky
REQ-01886,mineral,mineral
REQ-01887,citrus,citrus
REQ-01891,fresh,fresh
REQ-01891,fresh cut grass,green
REQ-01892,fresh,fresh
REQ-01893,smoke,smoky
REQ-01893,fireplace,smoky
REQ-01896,smoky,smoky
REQ-01897,fresh,fresh
REQ-01898,musk,musky
REQ-01899,sweet,sweet
REQ-01900,forest,woody
REQ-01900,after rain,ozonic
REQ-01900,sweet,sweet
REQ-01901,citrus,citrus
REQ-01903,leather,leather
REQ-01903,sweet,sweet
REQ-01904,vanilla,gourmand
REQ-01906,citrus,citrus
REQ-01908,smoky,smoky
REQ-01909,clean,clean
REQ-01909,hotel lobby,clean
REQ-01909,vanilla,gourmand
REQ-01913,vanilla,gourmand
REQ-01914,powdery,powdery
REQ-01914,vanilla,gourmand
REQ-01918,musk,musky
REQ-01920,clean,clean
REQ-01921,musk,musky
REQ-01922,fresh,fresh
REQ-01922,freshly washed,clean
REQ-01923,clean,clean
REQ-01924,clean,clean
REQ-01927,clean,clean
REQ-01927,powdery,powdery
REQ-01928,powdery,powdery
REQ-01929,vanilla,gourmand
REQ-01930,musk,musky
REQ-01932,smoke,smoky
REQ-01932,fireplace,smoky
REQ-01932,leather,leather
REQ-01935,powdery,powdery
REQ-01936,leather,leather
REQ-01938,floral,floral
REQ-01939,smoky,smoky
REQ-01941,ozonic,ozonic
REQ-01942,leather,leather
REQ-01946,powdery,powdery
REQ-01946,vanilla,gourmand
REQ-01948,leather,leather
REQ-01950,ozone,ozonic
REQ-01950,powdery,powdery
REQ-01952,citrus,citrus
REQ-01953,barbershop,fougere
REQ-01954,ozonic,ozonic
REQ-01956,mineral,mineral
REQ-01956,powdery,powdery
REQ-01957,vanilla,gourmand
REQ-01962,amber,amber
REQ-01962,powdery,powdery
REQ-01965,woody,woody
REQ-01965,leather,leather
REQ-01965,coffee,gourmand
REQ-01972,mineral,mineral
REQ-01973,smoky,smoky
REQ-01973,musk,musky
REQ-01974,sweet,sweet
REQ-01975,leather,leather
REQ-01975,powdery,powdery
REQ-01976,musk,musky
REQ-01976,sweet,sweet
REQ-01981,clean,clean
REQ-01981,smoky,smoky
REQ-01982,fresh,fresh
REQ-01982,fresh cut grass,green
REQ-01983,smoky,smoky
REQ-01984,powdery,powdery
REQ-01985,citrus,citrus
REQ-01987,sweet,sweet
REQ-01988,smoky,smoky
REQ-01988,vanilla,gourmand
REQ-01991,smoky,smoky
REQ-01993,sweet,sweet
REQ-01995,vanilla,gourmand
REQ-01996,clean,clean
REQ-01997,sweet,sweet
REQ-01998,vanilla,gourmand
REQ-01999,clean,clean
REQ-01999,sweet,sweet
REQ-02000,smoke,smoky
REQ-02000,fireplace,smoky
REQ-02000,vanilla,gourmand
REQ-02001,leather,leather
REQ-02003,mineral,mineral
REQ-02004,fresh,fresh
REQ-02005,amber,amber
REQ-02006,leather,leather
REQ-02007,ozonic,ozonic
REQ-02007,leather,leather
REQ-02008,musk,musky
REQ-02009,fresh,fresh
REQ-02015,aquatic,aquatic
REQ-02016,leather,leather
REQ-02018,smoky,smoky
REQ-02018,spicy,spicy
REQ-02018,floral,floral
REQ-02020,forest,woody
REQ-02020,after rain,ozonic
REQ-02026,leather,leather
REQ-02028,musk,musky
REQ-02029,powdery,powdery
REQ-02030,clean,clean
REQ-02030,hotel lobby,clean
REQ-02031,leather,leather
REQ-02032,leather,leather
REQ-02032,vanilla,gourmand
REQ-02033,leather,leather
REQ-02035,sweet,sweet
REQ-02036,vanilla,gourmand
REQ-02039,vanilla,gourmand
REQ-02041,powdery,powdery
REQ-02043,fresh,fresh
REQ-02043,green,green
REQ-02043,fresh cut grass,green
REQ-02044,musk,musky
REQ-02046,musk,musky
REQ-02047,mineral,mineral
REQ-02048,musk,musky
REQ-02049,smoky,smoky
REQ-02051,vanilla,gourmand
REQ-02052,leather,leather
REQ-02055,citrus,citrus
REQ-02055,aquatic,aquatic
REQ-02059,clean,clean
REQ-02059,floral,floral
REQ-02060,sweet,sweet
REQ-02062,leather,leather
REQ-02063,leather,leather
REQ-02064,leather,leather
REQ-02065,sweet,sweet
REQ-02066,musky,musky
REQ-02066,musk,musky
REQ-02068,vanilla,gourmand
REQ-02070,musk,musky
REQ-02074,leather,leather
REQ-02075,fresh,fresh
REQ-02075,freshly washed,clean
REQ-02076,smoky,smoky
REQ-02076,barbershop,fougere
REQ-02077,floral,floral
REQ-02080,vanilla,gourmand
REQ-02081,citrus,citrus
REQ-02081,leather,leather
REQ-02081,powdery,powdery
REQ-02081,coffee,gourmand
REQ-02083,fresh,fresh
REQ-02083,fresh cut grass,green
REQ-02084,woody,woody
REQ-02086,leather,leather
REQ-02086,sweet,sweet
REQ-02086,coffee,gourmand
REQ-02089,citrus,citrus
REQ-02089,green,green
REQ-02090,musk,musky
REQ-02091,clean,clean
REQ-02091,hotel lobby,clean
REQ-02093,spicy,spicy
REQ-02094,fresh,fresh
REQ-02094,smoky,smoky
REQ-02094,fresh cut grass,green
REQ-02096,smoky,smoky
REQ-02097,musk,musky
REQ-02097,wet stone,mineral
REQ-02098,clean,clean
REQ-02100,fresh,fresh
REQ-02100,fresh cut grass,green
REQ-02101,clean,clean
REQ-02102,citrus,citrus
REQ-02106,spicy,spicy
REQ-02107,aquatic,aquatic
REQ-02109,leather,leather
REQ-02110,powdery,powdery
REQ-02111,smoky,smoky
REQ-02113,leather,leather
REQ-02114,powdery,powdery
REQ-02115,leather,leather
REQ-02116,fresh,fresh
REQ-02117,powdery,powdery
REQ-02118,vanilla,gourmand
REQ-02121,barbershop,fougere
REQ-02123,vanilla,gourmand
REQ-02125,woody,woody
REQ-02125,leather,leather
REQ-02126,forest,woody
REQ-02126,after rain,ozonic
REQ-02128,fresh,fresh
REQ-02128,freshly washed,clean
REQ-02128,mineral,mineral
REQ-02128,sweet,sweet
REQ-02129,floral,floral
REQ-02130,spicy,spicy
REQ-02134,after rain,ozonic
REQ-02136,aquatic,aquatic
REQ-02137,fresh,fresh
REQ-02139,clean,clean
REQ-02140,musk,musky
REQ-02142,clean,clean
REQ-02144,clean,clean
REQ-02146,powdery,powdery
REQ-02148,powdery,powdery
REQ-02150,citrus,citrus
REQ-02151,ozone,ozonic
REQ-02152,fresh,fresh
REQ-02152,clean,clean
REQ-02152,sweet,sweet
REQ-02153,floral,floral
REQ-02153,powdery,powdery
REQ-02153,sweet,sweet
REQ-02161,powdery,powdery
REQ-02162,powdery,powdery
REQ-02163,floral,floral
REQ-02164,vanilla,gourmand
REQ-02165,vanilla,gourmand
REQ-02166,forest,woody
REQ-02166,leather,leather
REQ-02168,smoky,smoky
REQ-02168,leather,leather
REQ-02169,fresh,fresh
REQ-02171,smoky,smoky
REQ-02173,woody,woody
REQ-02173,musky,musky
REQ-02173,musk,musky
REQ-02174,sweet,sweet
REQ-02176,wet stone,mineral
REQ-02176,powdery,powdery
REQ-02176,sweet,sweet
REQ-02177,clean,clean
REQ-02179,vanilla,gourmand
REQ-02182,green,green
REQ-02183,citrus,citrus
REQ-02186,clean,clean
REQ-02188,wet stone,mineral
REQ-02190,smoky,smoky
REQ-02190,citrus,citrus
REQ-02191,vanilla,gourmand
REQ-02192,musk,musky
REQ-02193,powdery,powdery
REQ-02195,smoky,smoky
REQ-02196,fresh,fresh
REQ-02196,fresh cut grass,green
REQ-02196,musk,musky
REQ-02198,amber,amber
REQ-02199,sweet,sweet
REQ-02200,powdery,powdery
REQ-02201,smoky,smoky
REQ-02205,leather,leather
REQ-02206,leather,leather
REQ-02207,freshly washed,clean
REQ-02208,smoke,smoky
REQ-02208,fireplace,smoky
REQ-02209,dark,dark
REQ-02209,powdery,powdery
REQ-02210,clean,clean
REQ-02211,vanilla,gourmand
REQ-02214,musky,musky
REQ-02214,musk,musky
REQ-02215,aquatic,aquatic
REQ-02215,leather,leather
REQ-02216,clean,clean
REQ-02220,clean,clean
REQ-02220,sweet,sweet
REQ-02221,clean,clean
REQ-02222,woody,woody
REQ-02222,musky,musky
REQ-02222,musk,musky
REQ-02223,vanilla,gourmand
REQ-02225,smoky,smoky
REQ-02225,leather,leather
REQ-02227,citrus,citrus
REQ-02230,citrus,citrus
REQ-02230,leather,leather
REQ-02231,powdery,powdery
REQ-02233,leather,leather
REQ-02236,citrus,citrus
REQ-02237,citrus,citrus
REQ-02239,sweet,sweet
REQ-02239,barbershop,fougere
REQ-02240,powdery,powdery
REQ-02241,floral,floral
REQ-02242,citrus,citrus
REQ-02243,citrus,citrus
REQ-02244,sweet,sweet
REQ-02244,vanilla,gourmand
REQ-02246,clean,clean
REQ-02246,vanilla,gourmand
REQ-02247,mineral,mineral
REQ-02247,leather,leather
REQ-02248,vanilla,gourmand
REQ-02249,fresh,fresh
REQ-02249,fresh cut grass,green
REQ-02250,smoky,smoky
REQ-02250,citrus,citrus
REQ-02253,clean,clean
REQ-02254,vanilla,gourmand
REQ-02256,leather,leather
REQ-02256,sweet,sweet
REQ-02256,coffee,gourmand
REQ-02259,citrus,citrus
REQ-02262,barbershop,fougere
REQ-02263,leather,leather
REQ-02265,musky,musky
REQ-02265,musk,musky
REQ-02265,leather,leather
REQ-02266,powdery,powdery
REQ-02269,fresh,fresh
REQ-02269,freshly washed,clean
REQ-02269,sweet,sweet
REQ-02271,dark,dark
REQ-02271,musk,musky
REQ-02271,vanilla,gourmand
REQ-02272,green,green
REQ-02273,vanilla,gourmand
REQ-02275,fresh,fresh
REQ-02275,sweet,sweet
REQ-02278,dark,dark
REQ-02278,sweet,sweet
REQ-02279,smoky,smoky
REQ-02279,musky,musky
REQ-02279,musk,musky
REQ-02282,smoky,smoky
REQ-02283,clean,clean
REQ-02283,spicy,spicy
REQ-02287,citrus,citrus
REQ-02289,citrus,citrus
REQ-02289,powdery,powdery
REQ-02290,clean,clean
REQ-02290,musk,musky
REQ-02291,leather,leather
REQ-02293,fresh,fresh
REQ-02294,vanilla,gourmand
REQ-02295,leather,leather
REQ-02297,amber,amber
REQ-02298,leather,leather
REQ-02299,citrus,citrus
REQ-02299,musk,musky
REQ-02301,vanilla,gourmand
REQ-02304,sweet,sweet
REQ-02307,sweet,sweet
REQ-02308,clean,clean
REQ-02308,smoky,smoky
REQ-02310,leather,leather
REQ-02312,clean,clean
REQ-02312,powdery,powdery
REQ-02312,sweet,sweet
REQ-02313,citrus,citrus
REQ-02314,fresh,fresh
REQ-02315,leather,leather
REQ-02317,leather,leather
REQ-02318,dark,dark
REQ-02319,leather,leather
REQ-02319,powdery,powdery
REQ-02319,sweet,sweet
REQ-02321,aquatic,aquatic
REQ-02323,musk,musky
REQ-02325,smoke,smoky
REQ-02325,fireplace,smoky
REQ-02327,fresh,fresh
REQ-02328,smoky,smoky
REQ-02328,leather,leather
REQ-02331,clean,clean
REQ-02331,hotel lobby,clean
REQ-02333,fresh,fresh
REQ-02334,fresh,fresh
REQ-02334,fresh cut grass,green
REQ-02337,smoke,smoky
REQ-02337,fireplace,smoky
REQ-02337,sweet,sweet
REQ-02338,barbershop,fougere
REQ-02339,forest,woody
REQ-02339,after rain,ozonic
REQ-02339,powdery,powdery
REQ-02341,floral,floral
REQ-02342,smoky,smoky
REQ-02346,clean,clean
REQ-02348,leather,leather
REQ-02348,coffee,gourmand
REQ-02349,clean,clean
REQ-02350,clean,clean
REQ-02350,hotel lobby,clean
REQ-02350,vanilla,gourmand
REQ-02351,citrus,citrus
REQ-02352,green,green
REQ-02352,sweet,sweet
REQ-02353,fresh,fresh
REQ-02353,fresh cut grass,green
REQ-02355,leather,leather
REQ-02356,smoky,smoky
REQ-02356,leather,leather
REQ-02356,vanilla,gourmand
REQ-02357,citrus,citrus
REQ-02359,musky,musky
REQ-02359,musk,musky
REQ-02359,leather,leather
REQ-02361,dark,dark
REQ-02362,clean,clean
REQ-02362,wet stone,mineral
REQ-02370,musk,musky
REQ-02371,leather,leather
REQ-02371,coffee,gourmand
REQ-02372,vanilla,gourmand
REQ-02373,clean,clean
REQ-02373,hotel lobby,clean
REQ-02373,powdery,powdery
REQ-02375,smoke,smoky
REQ-02375,fireplace,smoky
REQ-02377,powdery,powdery
REQ-02378,ozonic,ozonic
REQ-02380,citrus,citrus
REQ-02381,citrus,citrus
REQ-02382,sweet,sweet
REQ-02384,smoky,smoky
REQ-02388,woody,woody
REQ-02388,smoky,smoky
REQ-02390,clean,clean
REQ-02392,woody,woody
REQ-02393,clean,clean
REQ-02394,spicy,spicy
REQ-02395,smoky,smoky
REQ-02396,musk,musky
REQ-02396,sweet,sweet
REQ-02397,smoky,smoky
REQ-02398,fresh,fresh
REQ-02398,freshly washed,clean
REQ-02398,smoky,smoky
REQ-02398,leather,leather
REQ-02400,sweet,sweet
REQ-02401,mineral,mineral
REQ-02401,leather,leather
REQ-02407,vanilla,gourmand
REQ-02407,barbershop,fougere
REQ-02408,clean,clean
REQ-02411,leather,leather
REQ-02414,vanilla,gourmand
REQ-02415,sweet,sweet
REQ-02418,musk,musky
REQ-02419,smoky,smoky
REQ-02420,forest,woody
REQ-02420,after rain,ozonic
REQ-02422,leather,leather
REQ-02423,vanilla,gourmand
REQ-02424,woody,woody
REQ-02426,amber,amber
REQ-02428,leather,leather
REQ-02429,powdery,powdery
REQ-02429,sweet,sweet
REQ-02430,smoky,smoky
REQ-02430,ozone,ozonic
REQ-02431,aquatic,aquatic
REQ-02432,smoky,smoky
REQ-02432,ozone,ozonic
REQ-02433,woody,woody
REQ-02434,musk,musky
REQ-02435,musk,musky
REQ-02436,sweet,sweet
REQ-02438,citrus,citrus
REQ-02440,aquatic,aquatic
REQ-02440,powdery,powdery
REQ-02441,sweet,sweet
REQ-02442,ozone,ozonic
REQ-02442,powdery,powdery
REQ-02443,sweet,sweet
REQ-02445,clean,clean
REQ-02445,hotel lobby,clean
REQ-02445,vanilla,gourmand
REQ-02446,smoky,smoky
REQ-02446,musk,musky
REQ-02449,green,green
REQ-02449,musk,musky
REQ-02450,mineral,mineral
REQ-02451,clean,clean
REQ-02454,musk,musky
REQ-02454,leather,leather
REQ-02454,coffee,gourmand
REQ-02455,smoke,smoky
REQ-02455,fireplace,smoky
REQ-02457,citrus,citrus
REQ-02461,clean,clean
REQ-02461,sweet,sweet
REQ-02462,musk,musky
REQ-02464,sweet,sweet
REQ-02465,sweet,sweet
REQ-02465,vanilla,gourmand
REQ-02466,leather,leather
REQ-02467,powdery,powdery
REQ-02468,leather,leather
REQ-02469,clean,clean
REQ-02469,amber,amber
REQ-02470,wet stone,mineral
REQ-02471,wet stone,mineral
REQ-02471,vanilla,gourmand
REQ-02474,floral,floral
REQ-02474,vanilla,gourmand
REQ-02475,musk,musky
REQ-02475,ozone,ozonic
REQ-02477,fresh,fresh
REQ-02477,freshly washed,clean
REQ-02478,leather,leather
REQ-02479,leather,leather
REQ-02481,fresh,fresh
REQ-02481,freshly washed,clean
REQ-02481,sweet,sweet
REQ-02482,smoky,smoky
REQ-02483,ozone,ozonic
REQ-02483,leather,leather
REQ-02484,smoky,smoky
REQ-02485,sweet,sweet
REQ-02486,spicy,spicy
REQ-02486,citrus,citrus
REQ-02487,clean,clean
REQ-02487,amber,amber
REQ-02490,forest,woody
REQ-02490,smoky,smoky
REQ-02490,after rain,ozonic
REQ-02491,smoky,smoky
REQ-02493,smoky,smoky
REQ-02495,smoky,smoky
REQ-02496,amber,amber
REQ-02497,powdery,powdery
REQ-02499,vanilla,gourmand
REQ-02501,sweet,sweet
REQ-02504,wet stone,mineral
REQ-02504,leather,leather
REQ-02505,floral,floral
REQ-02507,fresh cut grass,green
REQ-02507,leather,leather
REQ-02507,sweet,sweet
REQ-02508,fresh,fresh
REQ-02508,freshly washed,clean
REQ-02509,sweet,sweet
REQ-02510,vanilla,gourmand
REQ-02512,amber,amber
REQ-02512,aquatic,aquatic
REQ-02513,fresh,fresh
REQ-02513,freshly washed,clean
REQ-02513,sweet,sweet
REQ-02515,forest,woody
REQ-02515,citrus,citrus
REQ-02515,after rain,ozonic
REQ-02518,fresh,fresh
REQ-02518,freshly washed,clean
REQ-02519,clean,clean
REQ-02519,hotel lobby,clean
REQ-02519,leather,leather
REQ-02520,smoky,smoky
REQ-02522,smoky,smoky
REQ-02523,sweet,sweet
REQ-02524,aquatic,aquatic
REQ-02527,powdery,powdery
REQ-02528,powdery,powdery
REQ-02530,leather,leather
REQ-02532,sweet,sweet
REQ-02534,dark,dark
REQ-02534,aquatic,aquatic
REQ-02535,fresh,fresh
REQ-02535,freshly washed,clean
REQ-02535,sweet,sweet
REQ-02536,smoky,smoky
REQ-02537,leather,leather
REQ-02540,amber,amber
REQ-02540,floral,floral
REQ-02541,leather,leather
REQ-02544,smoky,smoky
REQ-02544,aquatic,aquatic
REQ-02545,musk,musky
REQ-02548,musk,musky
REQ-02549,sweet,sweet
REQ-02550,forest,woody
REQ-02550,after rain,ozonic
REQ-02551,smoky,smoky
REQ-02551,powdery,powdery
REQ-02553,leather,leather
REQ-02554,sweet,sweet
REQ-02555,leather,leather
REQ-02556,amber,amber
REQ-02556,smoky,smoky
REQ-02557,leather,leather
REQ-02559,musk,musky
REQ-02560,clean,clean
REQ-02560,hotel lobby,clean
REQ-02561,fresh,fresh
REQ-02561,fresh cut grass,green
REQ-02562,smoke,smoky
REQ-02562,fireplace,smoky
REQ-02563,powdery,powdery
REQ-02565,musk,musky
REQ-02565,sweet,sweet
REQ-02567,leather,leather
REQ-02568,wet stone,mineral
REQ-02570,powdery,powdery
REQ-02573,powdery,powdery
REQ-02574,leather,leather
REQ-02574,coffee,gourmand
REQ-02577,green,green
REQ-02577,musk,musky
REQ-02578,leather,leather
REQ-02580,citrus,citrus
REQ-02581,clean,clean
REQ-02581,smoky,smoky
REQ-02582,powdery,powdery
REQ-02582,vanilla,gourmand
REQ-02583,smoky,smoky
REQ-02586,clean,clean
REQ-02587,leather,leather
REQ-02588,vanilla,gourmand
REQ-02592,clean,clean
REQ-02592,hotel lobby,clean
REQ-02592,powdery,powdery
REQ-02593,floral,floral
REQ-02596,powdery,powdery
REQ-02598,leather,leather
REQ-02598,coffee,gourmand
REQ-02599,musk,musky
REQ-02599,wet stone,mineral
REQ-02601,clean,clean
REQ-02602,wet stone,mineral
REQ-02603,vanilla,gourmand
REQ-02604,sweet,sweet
REQ-02605,sweet,sweet
REQ-02609,clean,clean
REQ-02609,leather,leather
REQ-02611,citrus,citrus
REQ-02614,citrus,citrus
REQ-02615,smoky,smoky
REQ-02615,smoke,smoky
REQ-02615,fireplace,smoky
REQ-02617,leather,leather
REQ-02618,green,green
REQ-02618,powdery,powdery
REQ-02622,powdery,powdery
REQ-02625,fresh,fresh
REQ-02625,citrus,citrus
REQ-02625,fresh cut grass,green
REQ-02625,ozonic,ozonic
REQ-02625,leather,leather
REQ-02627,vanilla,gourmand
REQ-02628,smoky,smoky
REQ-02629,smoke,smoky
REQ-02629,fireplace,smoky
REQ-02629,sweet,sweet
REQ-02630,ozonic,ozonic
REQ-02630,powdery,powdery
REQ-02632,dark,dark
REQ-02632,smoky,smoky
REQ-02632,citrus,citrus
REQ-02632,leather,leather
REQ-02635,clean,clean
REQ-02635,hotel lobby,clean
REQ-02637,vanilla,gourmand
REQ-02638,leather,leather
REQ-02639,leather,leather
REQ-02639,powdery,powdery
REQ-02641,vanilla,gourmand
REQ-02643,fresh,fresh
REQ-02643,leather,leather
REQ-02645,powdery,powdery
REQ-02647,clean,clean
REQ-02647,citrus,citrus
REQ-02648,leather,leather
REQ-02649,fresh cut grass,green
REQ-02650,woody,woody
REQ-02650,smoky,smoky
REQ-02652,citrus,citrus
REQ-02653,powdery,powdery
REQ-02654,forest,woody
REQ-02657,amber,amber
REQ-02658,powdery,powdery
REQ-02660,floral,floral
REQ-02661,smoky,smoky
REQ-02662,vanilla,gourmand
REQ-02664,vanilla,gourmand
REQ-02665,leather,leather
REQ-02666,barbershop,fougere
REQ-02667,leather,leather
REQ-02667,coffee,gourmand
REQ-02670,freshly washed,clean
REQ-02673,clean,clean
REQ-02674,clean,clean
REQ-02676,smoke,smoky
REQ-02676,fireplace,smoky
REQ-02679,floral,floral
REQ-02680,fresh,fresh
REQ-02681,musk,musky
REQ-02682,woody,woody
REQ-02683,dark,dark
REQ-02685,vanilla,gourmand
REQ-02687,vanilla,gourmand
REQ-02691,clean,clean
REQ-02691,citrus,citrus
REQ-02692,fresh,fresh
REQ-02692,leather,leather
REQ-02693,vanilla,gourmand
REQ-02694,clean,clean
REQ-02695,clean,clean
REQ-02696,smoky,smoky
REQ-02696,barbershop,fougere
REQ-02697,powdery,powdery
REQ-02698,leather,leather
REQ-02698,powdery,powdery
REQ-02699,smoky,smoky
REQ-02700,vanilla,gourmand
REQ-02702,fresh,fresh
REQ-02702,fresh cut grass,green
REQ-02702,musk,musky
REQ-02703,green,green
REQ-02703,powdery,powdery
REQ-02704,ozonic,ozonic
REQ-02706,smoky,smoky
REQ-02707,leather,leather
REQ-02708,powdery,powdery
REQ-02710,musk,musky
REQ-02710,mineral,mineral
REQ-02713,leather,leather
REQ-02715,clean,clean
REQ-02715,vanilla,gourmand
REQ-02716,citrus,citrus
REQ-02717,barbershop,fougere
REQ-02718,vanilla,gourmand
REQ-02719,musk,musky
REQ-02720,sweet,sweet
REQ-02726,ozone,ozonic
REQ-02728,fresh cut grass,green
REQ-02729,musky,musky
REQ-02729,musk,musky
REQ-02730,musky,musky
REQ-02730,musk,musky
REQ-02730,vanilla,gourmand
REQ-02731,sweet,sweet
REQ-02732,leather,leather
REQ-02732,coffee,gourmand
REQ-02733,sweet,sweet
REQ-02737,clean,clean
REQ-02737,hotel lobby,clean
REQ-02737,aquatic,aquatic
REQ-02737,vanilla,gourmand
REQ-02738,musk,musky
REQ-02741,smoke,smoky
REQ-02741,fireplace,smoky
REQ-02741,musk,musky
REQ-02742,fresh,fresh
REQ-02742,freshly washed,clean
REQ-02742,citrus,citrus
REQ-02743,clean,clean
REQ-02743,musk,musky
REQ-02743,sweet,sweet
REQ-02744,smoky,smoky
REQ-02746,leather,leather
REQ-02746,sweet,sweet
REQ-02746,coffee,gourmand
REQ-02747,spicy,spicy
REQ-02748,vanilla,gourmand
REQ-02749,clean,clean
REQ-02749,spicy,spicy
REQ-02749,citrus,citrus
REQ-02751,citrus,citrus
REQ-02752,musk,musky
REQ-02753,woody,woody
REQ-02753,smoky,smoky
REQ-02754,powdery,powdery
REQ-02758,smoky,smoky
REQ-02759,musk,musky
REQ-02760,amber,amber
REQ-02760,musk,musky
REQ-02761,clean,clean
REQ-02761,citrus,citrus
REQ-02764,powdery,powdery
REQ-02764,barbershop,fougere
REQ-02767,woody,woody
REQ-02767,smoky,smoky
REQ-02767,musk,musky
REQ-02768,woody,woody
REQ-02769,clean,clean
REQ-02769,hotel lobby,clean
REQ-02770,sweet,sweet
REQ-02772,fresh,fresh
REQ-02773,ozonic,ozonic
REQ-02774,musk,musky
REQ-02776,smoky,smoky
REQ-02776,mineral,mineral
REQ-02776,leather,leather
REQ-02776,barbershop,fougere
REQ-02779,musk,musky
REQ-02783,powdery,powdery
REQ-02784,sweet,sweet
REQ-02785,musk,musky
REQ-02786,leather,leather
REQ-02788,vanilla,gourmand
REQ-02789,musk,musky
REQ-02790,fresh,fresh
REQ-02790,freshly washed,clean
REQ-02792,fresh,fresh
REQ-02794,leather,leather
REQ-02797,clean,clean
REQ-02797,smoky,smoky
REQ-02797,leather,leather
REQ-02801,citrus,citrus
REQ-02801,powdery,powdery
REQ-02804,spicy,spicy
REQ-02804,musky,musky
REQ-02804,musk,musky
REQ-02804,powdery,powdery
REQ-02805,spicy,spicy
REQ-02806,sweet,sweet
REQ-02808,fresh,fresh
REQ-02808,freshly washed,clean
REQ-02808,mineral,mineral
REQ-02808,powdery,powdery
REQ-02808,sweet,sweet
REQ-02811,powdery,powdery
REQ-02812,powdery,powdery
REQ-02813,dark,dark
REQ-02813,leather,leather
REQ-02815,vanilla,gourmand
REQ-02816,forest,woody
REQ-02816,after rain,ozonic
REQ-02817,powdery,powdery
REQ-02818,leather,leather
REQ-02819,smoky,smoky
REQ-02820,citrus,citrus
REQ-02826,ozone,ozonic
REQ-02827,vanilla,gourmand
REQ-02829,leather,leather
REQ-02830,citrus,citrus
REQ-02830,wet stone,mineral
REQ-02831,leather,leather
REQ-02833,ozone,ozonic
REQ-02835,smoky,smoky
REQ-02836,leather,leather
REQ-02839,powdery,powdery
REQ-02839,sweet,sweet
REQ-02840,vanilla,gourmand
REQ-02841,citrus,citrus
REQ-02841,wet stone,mineral
REQ-02843,sweet,sweet
REQ-02844,sweet,sweet
REQ-02845,smoky,smoky
REQ-02846,fresh,fresh
REQ-02846,fresh cut grass,green
REQ-02849,smoky,smoky
REQ-02849,powdery,powdery
REQ-02850,smoky,smoky
REQ-02851,musky,musky
REQ-02851,musk,musky
REQ-02853,clean,clean
REQ-02854,leather,leather
REQ-02856,smoky,smoky
REQ-02857,powdery,powdery
REQ-02858,mineral,mineral
REQ-02859,citrus,citrus
REQ-02865,spicy,spicy
REQ-02865,powdery,powdery
REQ-02866,smoky,smoky
REQ-02867,smoky,smoky
REQ-02867,sweet,sweet
REQ-02868,musk,musky
REQ-02870,musk,musky
REQ-02871,vanilla,gourmand
REQ-02872,powdery,powdery
REQ-02874,clean,clean
REQ-02874,mineral,mineral
REQ-02875,smoky,smoky
REQ-02877,sweet,sweet
REQ-02878,vanilla,gourmand
REQ-02882,musk,musky
REQ-02882,powdery,powdery
REQ-02886,powdery,powdery
REQ-02887,aquatic,aquatic
REQ-02888,musk,musky
REQ-02889,clean,clean
REQ-02890,powdery,powdery
REQ-02891,smoky,smoky
REQ-02892,smoky,smoky
REQ-02893,powdery,powdery
REQ-02896,fresh,fresh
REQ-02896,sweet,sweet
REQ-02897,clean,clean
REQ-02897,hotel lobby,clean
REQ-02897,vanilla,gourmand
REQ-02898,vanilla,gourmand
REQ-02900,forest,woody
REQ-02903,smoky,smoky
REQ-02907,powdery,powdery
REQ-02908,citrus,citrus
REQ-02911,fresh,fresh
REQ-02911,smoky,smoky
REQ-02911,fresh cut grass,green
REQ-02912,clean,clean
REQ-02912,powdery,powdery
REQ-02913,powdery,powdery
REQ-02916,leather,leather
REQ-02919,smoke,smoky
REQ-02919,fireplace,smoky
REQ-02924,clean,clean
REQ-02927,amber,amber
REQ-02931,sweet,sweet
REQ-02933,vanilla,gourmand
REQ-02935,clean,clean
REQ-02935,citrus,citrus
REQ-02935,powdery,powdery
REQ-02936,vanilla,gourmand
REQ-02937,sweet,sweet
REQ-02938,clean,clean
REQ-02939,smoky,smoky
REQ-02940,clean,clean
REQ-02940,freshly washed,clean
REQ-02942,woody,woody
REQ-02942,musk,musky
REQ-02944,forest,woody
REQ-02944,after rain,ozonic
REQ-02946,ozonic,ozonic
REQ-02946,powdery,powdery
REQ-02947,ozone,ozonic
REQ-02949,fresh,fresh
REQ-02949,freshly washed,clean
REQ-02949,aquatic,aquatic
REQ-02951,citrus,citrus
REQ-02953,powdery,powdery
REQ-02955,powdery,powdery
REQ-02958,powdery,powdery
REQ-02958,barbershop,fougere
REQ-02961,clean,clean
REQ-02967,dark,dark
REQ-02967,sweet,sweet
REQ-02968,powdery,powdery
REQ-02971,ozonic,ozonic
REQ-02972,musk,musky
REQ-02973,vanilla,gourmand
REQ-02974,leather,leather
REQ-02975,clean,clean
REQ-02975,hotel lobby,clean
REQ-02976,vanilla,gourmand
REQ-02977,musk,musky
REQ-02978,sweet,sweet
REQ-02979,ozonic,ozonic
REQ-02981,mineral,mineral
REQ-02982,forest,woody
REQ-02982,after rain,ozonic
REQ-02983,clean,clean
REQ-02983,barbershop,fougere
REQ-02984,floral,floral
REQ-02985,clean,clean
REQ-02985,sweet,sweet
REQ-02987,sweet,sweet
REQ-02988,vanilla,gourmand
REQ-02990,leather,leather
REQ-02991,vanilla,gourmand
REQ-02992,smoke,smoky
REQ-02992,fireplace,smoky
REQ-02993,citrus,citrus
REQ-02993,musk,musky
REQ-02994,musk,musky
REQ-02996,sweet,sweet
REQ-02996,vanilla,gourmand
REQ-02997,citrus,citrus
REQ-02998,smoke,smoky
REQ-02998,fireplace,smoky
REQ-03000,sweet,sweet
REQ-03001,leather,leather
REQ-03002,vanilla,gourmand
REQ-03007,powdery,powdery
REQ-03007,sweet,sweet
REQ-03009,fresh,fresh
REQ-03010,citrus,citrus
REQ-03011,leather,leather
REQ-03013,smoky,smoky
REQ-03013,ozone,ozonic
REQ-03014,vanilla,gourmand
REQ-03015,smoky,smoky
REQ-03016,citrus,citrus
REQ-03016,green,green
REQ-03017,clean,clean
REQ-03017,citrus,citrus
REQ-03018,sweet,sweet
REQ-03020,leather,leather
REQ-03021,green,green
REQ-03022,citrus,citrus
REQ-03023,vanilla,gourmand
REQ-03026,leather,leather
REQ-03027,sweet,sweet
REQ-03029,vanilla,gourmand
REQ-03030,barbershop,fougere
REQ-03032,smoky,smoky
REQ-03032,powdery,powdery
REQ-03033,citrus,citrus
REQ-03034,clean,clean
REQ-03034,sweet,sweet
REQ-03037,powdery,powdery
REQ-03038,floral,floral
REQ-03038,musky,musky
REQ-03038,musk,musky
REQ-03038,vanilla,gourmand
REQ-03039,powdery,powdery
REQ-03040,smoky,smoky
REQ-03043,powdery,powdery
REQ-03043,vanilla,gourmand
REQ-03043,barbershop,fougere
REQ-03045,citrus,citrus
REQ-03045,powdery,powdery
REQ-03046,powdery,powdery
REQ-03047,smoky,smoky
REQ-03047,musk,musky
REQ-03048,smoky,smoky
REQ-03049,smoky,smoky
REQ-03049,mineral,mineral
REQ-03052,clean,clean
REQ-03054,powdery,powdery
REQ-03055,ozonic,ozonic
REQ-03056,smoky,smoky
REQ-03058,powdery,powdery
REQ-03059,amber,amber
REQ-03060,smoky,smoky
REQ-03060,musk,musky
REQ-03062,dark,dark
REQ-03062,forest,woody
REQ-03062,after rain,ozonic
REQ-03063,clean,clean
REQ-03063,wet stone,mineral
REQ-03064,fresh,fresh
REQ-03064,fresh cut grass,green
REQ-03065,green,green
REQ-03066,mineral,mineral
REQ-03069,wet stone,mineral
REQ-03070,leather,leather
REQ-03070,powdery,powdery
REQ-03070,vanilla,gourmand
REQ-03070,coffee,gourmand
REQ-03071,leather,leather
REQ-03071,powdery,powdery
REQ-03072,citrus,citrus
REQ-03075,sweet,sweet
REQ-03077,smoky,smoky
REQ-03077,citrus,citrus
REQ-03080,musk,musky
REQ-03087,musk,musky
REQ-03087,aquatic,aquatic
REQ-03089,floral,floral
REQ-03089,vanilla,gourmand
REQ-03090,spicy,spicy
REQ-03094,smoky,smoky
REQ-03095,vanilla,gourmand
REQ-03096,clean,clean
REQ-03096,dark,dark
REQ-03098,sweet,sweet
REQ-03098,barbershop,fougere
REQ-03099,woody,woody
REQ-03100,vanilla,gourmand
REQ-03104,powdery,powdery
REQ-03106,green,green
REQ-03107,fresh,fresh
REQ-03107,fresh cut grass,green
REQ-03109,vanilla,gourmand
REQ-03110,green,green
REQ-03113,citrus,citrus
REQ-03115,sweet,sweet
REQ-03116,citrus,citrus
REQ-03118,citrus,citrus
REQ-03120,ozonic,ozonic
REQ-03120,leather,leather
REQ-03121,powdery,powdery
REQ-03123,smoky,smoky
REQ-03123,vanilla,gourmand
REQ-03124,ozone,ozonic
REQ-03128,powdery,powdery
REQ-03130,clean,clean
REQ-03132,ozone,ozonic
REQ-03132,powdery,powdery
REQ-03133,powdery,powdery
REQ-03134,clean,clean
REQ-03134,vanilla,gourmand
REQ-03136,coffee,gourmand
REQ-03138,fresh,fresh
REQ-03138,freshly washed,clean
REQ-03138,vanilla,gourmand
REQ-03139,sweet,sweet
REQ-03140,floral,floral
REQ-03140,powdery,powdery
REQ-03141,citrus,citrus
REQ-03148,vanilla,gourmand
REQ-03154,forest,woody
REQ-03154,smoky,smoky
REQ-03154,after rain,ozonic
REQ-03155,vanilla,gourmand
REQ-03157,powdery,powdery
REQ-03159,fresh,fresh
REQ-03159,amber,amber
REQ-03159,fresh cut grass,green
REQ-03160,musk,musky
REQ-03161,dark,dark
REQ-03162,leather,leather
REQ-03162,barbershop,fougere
REQ-03163,powdery,powdery
REQ-03167,clean,clean
REQ-03167,smoky,smoky
REQ-03168,barbershop,fougere
REQ-03169,smoky,smoky
REQ-03170,citrus,citrus
REQ-03171,citrus,citrus
REQ-03172,leather,leather
REQ-03173,smoky,smoky
REQ-03175,leather,leather
REQ-03176,musk,musky
REQ-03179,smoky,smoky
REQ-03180,sweet,sweet
REQ-03182,smoke,smoky
REQ-03182,fireplace,smoky
REQ-03184,mineral,mineral
REQ-03185,musk,musky
REQ-03187,spicy,spicy
REQ-03190,citrus,citrus
REQ-03190,leather,leather
REQ-03191,woody,woody
REQ-03194,sweet,sweet
REQ-03199,powdery,powdery
REQ-03200,powdery,powdery
REQ-03201,ozonic,ozonic
REQ-03201,powdery,powdery
REQ-03202,green,green
REQ-03204,sweet,sweet
REQ-03205,fresh,fresh
REQ-03205,freshly washed,clean
REQ-03208,fresh,fresh
REQ-03208,fresh cut grass,green
REQ-03208,musky,musky
REQ-03208,musk,musky
REQ-03209,ozone,ozonic
REQ-03211,fresh,fresh
REQ-03212,vanilla,gourmand
REQ-03214,forest,woody
REQ-03215,woody,woody
REQ-03215,sweet,sweet
REQ-03216,floral,floral
REQ-03216,leather,leather
REQ-03217,citrus,citrus
REQ-03219,aquatic,aquatic
REQ-03221,fresh,fresh
REQ-03221,fresh cut grass,green
REQ-03225,smoky,smoky
REQ-03225,leather,leather
REQ-03227,fresh,fresh
REQ-03228,sweet,sweet
REQ-03231,leather,leather
REQ-03231,sweet,sweet
REQ-03232,clean,clean
REQ-03232,aquatic,aquatic
REQ-03232,vanilla,gourmand
REQ-03233,leather,leather
REQ-03234,citrus,citrus
REQ-03234,musk,musky
REQ-03234,powdery,powdery
REQ-03236,sweet,sweet
REQ-03238,citrus,citrus
REQ-03238,barbershop,fougere
REQ-03239,sweet,sweet
REQ-03241,smoky,smoky
REQ-03243,smoky,smoky
REQ-03243,sweet,sweet
REQ-03248,powdery,powdery
REQ-03250,vanilla,gourmand
REQ-03251,sweet,sweet
REQ-03252,sweet,sweet
REQ-03253,smoky,smoky
REQ-03255,powdery,powdery
REQ-03256,woody,woody
REQ-03257,citrus,citrus
REQ-03259,smoky,smoky
REQ-03259,sweet,sweet
REQ-03259,barbershop,fougere
REQ-03260,citrus,citrus
REQ-03263,fresh,fresh
REQ-03263,fresh cut grass,green
REQ-03264,clean,clean
REQ-03265,sweet,sweet
REQ-03267,powdery,powdery
REQ-03268,musk,musky
REQ-03270,dark,dark
REQ-03270,musk,musky
REQ-03272,woody,woody
REQ-03273,powdery,powdery
REQ-03276,sweet,sweet
REQ-03277,forest,woody
REQ-03277,after rain,ozonic
REQ-03277,sweet,sweet
REQ-03278,wet stone,mineral
REQ-03278,powdery,powdery
REQ-03281,sweet,sweet
REQ-03282,ozone,ozonic
REQ-03282,powdery,powdery
REQ-03283,smoky,smoky
REQ-03284,aquatic,aquatic
REQ-03285,sweet,sweet
REQ-03286,musk,musky
REQ-03287,citrus,citrus
REQ-03288,sweet,sweet
REQ-03290,powdery,powdery
REQ-03292,clean,clean
REQ-03294,smoky,smoky
REQ-03295,smoke,smoky
REQ-03295,fireplace,smoky
REQ-03297,forest,woody
REQ-03297,after rain,ozonic
REQ-03298,musk,musky
REQ-03299,musk,musky
REQ-03299,vanilla,gourmand
REQ-03300,clean,clean
REQ-03301,vanilla,gourmand
REQ-03302,green,green
REQ-03302,sweet,sweet
REQ-03305,spicy,spicy
REQ-03305,sweet,sweet
REQ-03307,smoky,smoky
REQ-03307,vanilla,gourmand
REQ-03307,barbershop,fougere
REQ-03310,musk,musky
REQ-03310,barbershop,fougere
REQ-03312,powdery,powdery
REQ-03313,citrus,citrus
REQ-03314,musk,musky
REQ-03316,leather,leather
REQ-03316,sweet,sweet
REQ-03318,clean,clean
REQ-03318,hotel lobby,clean
REQ-03319,sweet,sweet
REQ-03320,vanilla,gourmand
REQ-03322,clean,clean
REQ-03322,hotel lobby,clean
REQ-03322,powdery,powdery
REQ-03323,sweet,sweet
REQ-03324,clean,clean
REQ-03324,smoky,smoky
REQ-03326,fresh,fresh
REQ-03327,clean,clean
REQ-03332,vanilla,gourmand
REQ-03333,fresh,fresh
REQ-03335,smoky,smoky
REQ-03337,clean,clean
REQ-03337,woody,woody
REQ-03338,amber,amber
REQ-03338,vanilla,gourmand
REQ-03343,sweet,sweet
REQ-03344,powdery,powdery
REQ-03346,smoky,smoky
REQ-03347,smoky,smoky
REQ-03349,powdery,powdery
REQ-03350,sweet,sweet
REQ-03352,leather,leather
REQ-03356,citrus,citrus
REQ-03357,leather,leather
REQ-03357,coffee,gourmand
REQ-03359,citrus,citrus
REQ-03362,smoky,smoky
REQ-03362,smoke,smoky
REQ-03362,fireplace,smoky
REQ-03363,citrus,citrus
REQ-03364,aquatic,aquatic
REQ-03366,fresh,fresh
REQ-03366,powdery,powdery
REQ-03368,musk,musky
REQ-03369,leather,leather
REQ-03369,coffee,gourmand
REQ-03370,woody,woody
REQ-03371,barbershop,fougere
REQ-03375,musky,musky
REQ-03375,musk,musky
REQ-03377,fresh,fresh
REQ-03377,freshly washed,clean
REQ-03377,powdery,powdery
REQ-03378,powdery,powdery
REQ-03379,smoky,smoky
REQ-03379,vanilla,gourmand
REQ-03380,musk,musky
REQ-03382,amber,amber
REQ-03382,leather,leather
REQ-03387,clean,clean
REQ-03388,musk,musky
REQ-03390,forest,woody
REQ-03390,after rain,ozonic
REQ-03393,fresh,fresh
REQ-03393,freshly washed,clean
REQ-03397,musk,musky
REQ-03398,leather,leather
REQ-03399,smoky,smoky
REQ-03401,woody,woody
REQ-03402,aquatic,aquatic
REQ-03403,powdery,powdery
REQ-03405,smoky,smoky
REQ-03415,dark,dark
REQ-03417,fresh,fresh
REQ-03417,freshly washed,clean
REQ-03417,smoky,smoky
REQ-03420,spicy,spicy
REQ-03421,leather,leather
REQ-03421,vanilla,gourmand
REQ-03421,coffee,gourmand
REQ-03423,leather,leather
REQ-03425,fresh,fresh
REQ-03425,fresh cut grass,green
REQ-03425,vanilla,gourmand
REQ-03430,clean,clean
REQ-03432,smoky,smoky
REQ-03440,aquatic,aquatic
REQ-03441,leather,leather
REQ-03443,citrus,citrus
REQ-03445,citrus,citrus
REQ-03445,powdery,powdery
REQ-03446,fresh cut grass,green
REQ-03446,leather,leather
REQ-03450,woody,woody
REQ-03450,leather,leather
REQ-03451,ozonic,ozonic
REQ-03452,vanilla,gourmand
REQ-03454,citrus,citrus
REQ-03456,musk,musky
REQ-03457,musk,musky
REQ-03459,sweet,sweet
REQ-03460,clean,clean
REQ-03461,ozone,ozonic
REQ-03463,clean,clean
REQ-03465,forest,woody
REQ-03465,after rain,ozonic
REQ-03466,citrus,citrus
REQ-03466,green,green
REQ-03469,musky,musky
REQ-03469,musk,musky
REQ-03469,mineral,mineral
REQ-03470,smoke,smoky
REQ-03470,fireplace,smoky
REQ-03472,ozone,ozonic
REQ-03473,vanilla,gourmand
REQ-03475,barbershop,fougere
REQ-03481,spicy,spicy
REQ-03483,vanilla,gourmand
REQ-03487,smoky,smoky
REQ-03487,ozone,ozonic
REQ-03489,musky,musky
REQ-03489,musk,musky
REQ-03490,smoky,smoky
REQ-03490,spicy,spicy
REQ-03491,fresh,fresh
REQ-03495,aquatic,aquatic
REQ-03495,leather,leather
REQ-03497,clean,clean
REQ-03497,leather,leather
REQ-03503,citrus,citrus
REQ-03504,leather,leather
REQ-03505,powdery,powdery
REQ-03506,leather,leather
REQ-03509,smoke,smoky
REQ-03509,fireplace,smoky
REQ-03509,powdery,powdery
REQ-03509,sweet,sweet
REQ-03510,musk,musky
REQ-03513,aquatic,aquatic
REQ-03514,barbershop,fougere
REQ-03516,fresh,fresh
REQ-03516,fresh cut grass,green
REQ-03517,spicy,spicy
REQ-03517,leather,leather
REQ-03519,smoky,smoky
REQ-03519,wet stone,mineral
REQ-03520,amber,amber
REQ-03521,vanilla,gourmand
REQ-03522,powdery,powdery
REQ-03523,musk,musky
REQ-03524,barbershop,fougere
REQ-03525,fresh,fresh
REQ-03527,powdery,powdery
REQ-03529,aquatic,aquatic
REQ-03530,powdery,powdery
REQ-03533,musk,musky
REQ-03539,fresh,fresh
REQ-03539,freshly washed,clean
REQ-03541,aquatic,aquatic
REQ-03543,woody,woody
REQ-03543,sweet,sweet
REQ-03546,green,green
REQ-03548,fresh,fresh
REQ-03548,freshly washed,clean
REQ-03548,ozonic,ozonic
REQ-03548,sweet,sweet
REQ-03549,clean,clean
REQ-03549,forest,woody
REQ-03549,after rain,ozonic
REQ-03550,sweet,sweet
REQ-03554,leather,leather
REQ-03555,fresh,fresh
REQ-03555,freshly washed,clean
REQ-03557,green,green
REQ-03557,powdery,powdery
REQ-03559,vanilla,gourmand
REQ-03560,citrus,citrus
REQ-03563,citrus,citrus
REQ-03566,clean,clean
REQ-03566,smoky,smoky
REQ-03567,smoky,smoky
REQ-03567,aquatic,aquatic
REQ-03568,smoke,smoky
REQ-03568,fireplace,smoky
REQ-03568,powdery,powdery
REQ-03569,smoke,smoky
REQ-03569,fireplace,smoky
REQ-03571,clean,clean
REQ-03572,powdery,powdery
REQ-03572,sweet,sweet
REQ-03573,forest,woody
REQ-03573,floral,floral
REQ-03573,after rain,ozonic
REQ-03574,smoky,smoky
REQ-03574,powdery,powdery
REQ-03576,sweet,sweet
REQ-03577,fresh,fresh
REQ-03577,powdery,powdery
REQ-03578,sweet,sweet
REQ-03579,clean,clean
REQ-03579,mineral,mineral
REQ-03580,sweet,sweet
REQ-03582,dark,dark
REQ-03582,sweet,sweet
REQ-03584,fresh,fresh
REQ-03584,freshly washed,clean
REQ-03585,sweet,sweet
REQ-03586,leather,leather
REQ-03588,leather,leather
REQ-03589,fresh,fresh
REQ-03589,clean,clean
REQ-03589,freshly washed,clean
REQ-03590,clean,clean
REQ-03590,sweet,sweet
REQ-03592,aquatic,aquatic
REQ-03593,leather,leather
REQ-03594,ozonic,ozonic
REQ-03594,vanilla,gourmand
REQ-03595,musk,musky
REQ-03596,smoky,smoky
REQ-03596,musk,musky
REQ-03597,powdery,powdery
REQ-03597,vanilla,gourmand
REQ-03601,fresh cut grass,green
REQ-03602,spicy,spicy
REQ-03602,musk,musky
REQ-03602,leather,leather
REQ-03603,wet stone,mineral
REQ-03606,fresh,fresh
REQ-03606,freshly washed,clean
REQ-03607,citrus,citrus
REQ-03608,ozonic,ozonic
REQ-03608,sweet,sweet
REQ-03609,floral,floral
REQ-03610,sweet,sweet
REQ-03611,powdery,powdery
REQ-03613,powdery,powdery
REQ-03614,leather,leather
REQ-03614,coffee,gourmand
REQ-03615,woody,woody
REQ-03616,barbershop,fougere
REQ-03619,sweet,sweet
REQ-03621,leather,leather
REQ-03623,barbershop,fougere
REQ-03624,musk,musky
REQ-03624,ozone,ozonic
REQ-03625,sweet,sweet
REQ-03626,clean,clean
REQ-03626,dark,dark
REQ-03627,clean,clean
REQ-03627,hotel lobby,clean
REQ-03628,clean,clean
REQ-03629,dark,dark
REQ-03629,smoky,smoky
REQ-03634,smoky,smoky
REQ-03637,musk,musky
REQ-03640,amber,amber
REQ-03642,ozonic,ozonic
REQ-03644,powdery,powdery
REQ-03645,powdery,powdery
REQ-03646,smoke,smoky
REQ-03646,fireplace,smoky
REQ-03647,powdery,powdery
REQ-03653,musk,musky
REQ-03656,sweet,sweet
REQ-03657,smoky,smoky
REQ-03659,musk,musky
REQ-03660,musk,musky
REQ-03661,vanilla,gourmand
REQ-03665,powdery,powdery
REQ-03669,musk,musky
REQ-03670,musk,musky
REQ-03670,vanilla,gourmand
REQ-03671,fresh,fresh
REQ-03671,freshly washed,clean
REQ-03672,clean,clean
REQ-03672,hotel lobby,clean
REQ-03672,musk,musky
REQ-03673,clean,clean
REQ-03674,musk,musky
REQ-03674,sweet,sweet
REQ-03675,smoke,smoky
REQ-03675,fireplace,smoky
REQ-03676,aquatic,aquatic
REQ-03676,ozone,ozonic
REQ-03678,leather,leather
REQ-03679,musk,musky
REQ-03682,musk,musky
REQ-03682,ozone,ozonic
REQ-03685,clean,clean
REQ-03685,hotel lobby,clean
REQ-03685,floral,floral
REQ-03685,sweet,sweet
REQ-03686,vanilla,gourmand
REQ-03687,aquatic,aquatic
REQ-03688,clean,clean
REQ-03689,clean,clean
REQ-03692,smoky,smoky
REQ-03692,ozone,ozonic
REQ-03693,musk,musky
REQ-03696,fresh,fresh
REQ-03696,fresh cut grass,green
REQ-03699,smoky,smoky
REQ-03699,powdery,powdery
REQ-03700,smoke,smoky
REQ-03700,fireplace,smoky
REQ-03702,woody,woody
REQ-03703,citrus,citrus
REQ-03704,musk,musky
REQ-03704,leather,leather
REQ-03707,musk,musky
REQ-03707,leather,leather
REQ-03709,leather,leather
REQ-03711,clean,clean
REQ-03712,powdery,powdery
REQ-03713,musk,musky
REQ-03714,leather,leather
REQ-03714,barbershop,fougere
REQ-03715,clean,clean
REQ-03715,smoky,smoky
REQ-03718,sweet,sweet
REQ-03720,clean,clean
REQ-03721,smoky,smoky
REQ-03722,musk,musky
REQ-03722,leather,leather
REQ-03724,smoky,smoky
REQ-03725,vanilla,gourmand
REQ-03726,vanilla,gourmand
REQ-03727,fresh,fresh
REQ-03727,freshly washed,clean
REQ-03727,aquatic,aquatic
REQ-03729,fresh,fresh
REQ-03730,dark,dark
REQ-03730,leather,leather
REQ-03731,smoky,smoky
REQ-03733,ozone,ozonic
REQ-03733,sweet,sweet
REQ-03734,smoky,smoky
REQ-03734,wet stone,mineral
REQ-03735,green,green
REQ-03737,clean,clean
REQ-03738,leather,leather
REQ-03739,leather,leather
REQ-03740,fresh,fresh
REQ-03740,fresh cut grass,green
REQ-03740,vanilla,gourmand
REQ-03741,powdery,powdery
REQ-03743,vanilla,gourmand
REQ-03744,sweet,sweet
REQ-03746,leather,leather
REQ-03746,sweet,sweet
REQ-03746,coffee,gourmand
REQ-03747,musky,musky
REQ-03747,musk,musky
REQ-03747,vanilla,gourmand
REQ-03748,smoke,smoky
REQ-03748,fireplace,smoky
REQ-03748,vanilla,gourmand
REQ-03750,spicy,spicy
REQ-03751,smoky,smoky
REQ-03751,smoke,smoky
REQ-03751,fireplace,smoky
REQ-03753,dark,dark
REQ-03753,forest,woody
REQ-03753,smoky,smoky
REQ-03753,after rain,ozonic
REQ-03755,sweet,sweet
REQ-03756,ozone,ozonic
REQ-03758,sweet,sweet
REQ-03759,spicy,spicy
REQ-03760,leather,leather
REQ-03762,powdery,powdery
REQ-03765,powdery,powdery
REQ-03766,leather,leather
REQ-03767,ozonic,ozonic
REQ-03767,powdery,powdery
REQ-03768,wet stone,mineral
REQ-03768,sweet,sweet
REQ-03770,clean,clean
REQ-03772,leather,leather
REQ-03773,powdery,powdery
REQ-03775,sweet,sweet
REQ-03776,leather,leather
REQ-03777,vanilla,gourmand
REQ-03778,barbershop,fougere
REQ-03779,musk,musky
REQ-03780,powdery,powdery
REQ-03782,wet stone,mineral
REQ-03784,powdery,powdery
REQ-03786,aquatic,aquatic
REQ-03787,smoky,smoky
REQ-03788,sweet,sweet
REQ-03789,smoky,smoky
REQ-03791,coffee,gourmand
REQ-03792,smoky,smoky
REQ-03794,citrus,citrus
REQ-03796,citrus,citrus
REQ-03796,musky,musky
REQ-03796,musk,musky
REQ-03797,smoky,smoky
REQ-03799,fresh,fresh
REQ-03799,fresh cut grass,green
REQ-03800,sweet,sweet
REQ-03801,leather,leather
REQ-03801,coffee,gourmand
REQ-03802,barbershop,fougere
REQ-03803,sweet,sweet
REQ-03804,sweet,sweet
REQ-03804,vanilla,gourmand
REQ-03805,sweet,sweet
REQ-03806,citrus,citrus
REQ-03807,leather,leather
REQ-03807,sweet,sweet
REQ-03808,fresh,fresh
REQ-03809,smoky,smoky
REQ-03809,leather,leather
REQ-03810,clean,clean
REQ-03810,forest,woody
REQ-03810,musk,musky
REQ-03810,after rain,ozonic
REQ-03811,fresh,fresh
REQ-03812,powdery,powdery
REQ-03813,clean,clean
REQ-03814,ozonic,ozonic
REQ-03815,clean,clean
REQ-03815,spicy,spicy
REQ-03815,sweet,sweet
REQ-03816,smoky,smoky
REQ-03816,vanilla,gourmand
REQ-03817,musk,musky
REQ-03819,clean,clean
REQ-03821,vanilla,gourmand
REQ-03822,vanilla,gourmand
REQ-03822,barbershop,fougere
REQ-03823,fresh,fresh
REQ-03823,sweet,sweet
REQ-03824,leather,leather
REQ-03825,leather,leather
REQ-03826,forest,woody
REQ-03826,after rain,ozonic
REQ-03826,powdery,powdery
REQ-03828,vanilla,gourmand
REQ-03832,spicy,spicy
REQ-03833,vanilla,gourmand
REQ-03835,clean,clean
REQ-03835,powdery,powdery
REQ-03836,clean,clean
REQ-03838,leather,leather
REQ-03839,citrus,citrus
REQ-03839,musk,musky
REQ-03839,vanilla,gourmand
REQ-03842,smoky,smoky
REQ-03843,musk,musky
REQ-03843,barbershop,fougere
REQ-03845,citrus,citrus
REQ-03846,wet stone,mineral
REQ-03848,citrus,citrus
REQ-03848,sweet,sweet
REQ-03849,smoky,smoky
REQ-03850,leather,leather
REQ-03850,vanilla,gourmand
REQ-03851,ozonic,ozonic
REQ-03851,leather,leather
REQ-03852,clean,clean
REQ-03854,citrus,citrus
REQ-03854,musk,musky
REQ-03854,leather,leather
REQ-03855,clean,clean
REQ-03860,spicy,spicy
REQ-03861,leather,leather
REQ-03863,vanilla,gourmand
REQ-03863,barbershop,fougere
REQ-03866,smoky,smoky
REQ-03869,woody,woody
REQ-03869,sweet,sweet
REQ-03871,powdery,powdery
REQ-03872,leather,leather
REQ-03873,sweet,sweet
REQ-03874,green,green
REQ-03875,powdery,powdery
REQ-03876,smoky,smoky
REQ-03877,powdery,powdery
REQ-03878,powdery,powdery
REQ-03880,powdery,powdery
REQ-03882,leather,leather
REQ-03884,musky,musky
REQ-03884,musk,musky
REQ-03886,forest,woody
REQ-03886,musk,musky
REQ-03886,after rain,ozonic
REQ-03886,vanilla,gourmand
REQ-03887,powdery,powdery
REQ-03889,citrus,citrus
REQ-03892,citrus,citrus
REQ-03894,ozone,ozonic
REQ-03896,sweet,sweet
REQ-03899,leather,leather
REQ-03901,musk,musky
REQ-03905,musk,musky
REQ-03907,fresh,fresh
REQ-03908,citrus,citrus
REQ-03908,powdery,powdery
REQ-03909,clean,clean
REQ-03909,smoky,smoky
REQ-03909,citrus,citrus
REQ-03913,leather,leather
REQ-03916,musk,musky
REQ-03918,sweet,sweet
REQ-03920,sweet,sweet
REQ-03921,clean,clean
REQ-03922,musk,musky
REQ-03922,sweet,sweet
REQ-03923,powdery,powdery
REQ-03925,leather,leather
REQ-03926,vanilla,gourmand
REQ-03927,citrus,citrus
REQ-03930,clean,clean
REQ-03930,hotel lobby,clean
REQ-03930,ozonic,ozonic
REQ-03933,vanilla,gourmand
REQ-03935,vanilla,gourmand
REQ-03937,smoky,smoky
REQ-03939,citrus,citrus
REQ-03944,citrus,citrus
REQ-03945,smoky,smoky
REQ-03947,smoky,smoky
REQ-03948,powdery,powdery
REQ-03948,vanilla,gourmand
REQ-03949,citrus,citrus
REQ-03950,fresh,fresh
REQ-03953,clean,clean
REQ-03954,musk,musky
REQ-03956,leather,leather
REQ-03957,musk,musky
REQ-03960,citrus,citrus
REQ-03961,sweet,sweet
REQ-03964,clean,clean
REQ-03965,clean,clean
REQ-03969,vanilla,gourmand
REQ-03973,leather,leather
REQ-03974,clean,clean
REQ-03974,leather,leather
REQ-03975,clean,clean
REQ-03977,clean,clean
REQ-03978,sweet,sweet
REQ-03979,ozonic,ozonic
REQ-03980,smoky,smoky
REQ-03980,citrus,citrus
REQ-03982,fresh,fresh
REQ-03982,powdery,powdery
REQ-03984,leather,leather
REQ-03985,musk,musky
REQ-03985,ozonic,ozonic
REQ-03986,fresh,fresh
REQ-03986,fresh cut grass,green
REQ-03986,leather,leather
REQ-03988,leather,leather
REQ-03992,smoke,smoky
REQ-03992,fireplace,smoky
REQ-03995,smoky,smoky
REQ-03996,smoky,smoky
REQ-03998,citrus,citrus
REQ-04002,wet stone,mineral
REQ-04004,floral,floral
REQ-04005,powdery,powdery
REQ-04008,forest,woody
REQ-04008,after rain,ozonic
REQ-04009,forest,woody
REQ-04009,powdery,powdery
REQ-04010,powdery,powdery
REQ-04010,vanilla,gourmand
REQ-04013,barbershop,fougere
REQ-04015,smoky,smoky
REQ-04015,vanilla,gourmand
REQ-04016,forest,woody
REQ-04016,musk,musky
REQ-04016,after rain,ozonic
REQ-04017,wet stone,mineral
REQ-04018,smoke,smoky
REQ-04018,fireplace,smoky
REQ-04018,leather,leather
REQ-04020,spicy,spicy
REQ-04023,citrus,citrus
REQ-04027,sweet,sweet
REQ-04030,smoky,smoky
REQ-04031,smoky,smoky
REQ-04031,powdery,powdery
REQ-04031,sweet,sweet
REQ-04032,powdery,powdery
REQ-04033,amber,amber
REQ-04033,citrus,citrus
REQ-04034,forest,woody
REQ-04034,after rain,ozonic
REQ-04035,musk,musky
REQ-04038,ozone,ozonic
REQ-04038,vanilla,gourmand
REQ-04039,floral,floral
REQ-04042,barbershop,fougere
REQ-04043,musk,musky
REQ-04043,vanilla,gourmand
REQ-04047,barbershop,fougere
REQ-04048,vanilla,gourmand
REQ-04049,smoky,smoky
REQ-04050,smoky,smoky
REQ-04050,leather,leather
REQ-04051,musky,musky
REQ-04051,musk,musky
REQ-04051,leather,leather
REQ-04052,powdery,powdery
REQ-04054,ozonic,ozonic
REQ-04055,fresh,fresh
REQ-04058,floral,floral
REQ-04061,aquatic,aquatic
REQ-04061,barbershop,fougere
REQ-04062,clean,clean
REQ-04064,mineral,mineral
REQ-04065,sweet,sweet
REQ-04066,citrus,citrus
REQ-04067,forest,woody
REQ-04067,after rain,ozonic
REQ-04068,clean,clean
REQ-04068,smoky,smoky
REQ-04071,ozonic,ozonic
REQ-04073,clean,clean
REQ-04073,hotel lobby,clean
REQ-04073,powdery,powdery
REQ-04075,sweet,sweet
REQ-04077,citrus,citrus
REQ-04080,powdery,powdery
REQ-04083,vanilla,gourmand
REQ-04084,smoky,smoky
REQ-04084,green,green
REQ-04085,smoky,smoky
REQ-04086,smoky,smoky
REQ-04088,dark,dark
REQ-04088,smoky,smoky
REQ-04089,citrus,citrus
REQ-04090,sweet,sweet
REQ-04092,clean,clean
REQ-04092,hotel lobby,clean
REQ-04093,sweet,sweet
REQ-04097,leather,leather
REQ-04099,clean,clean
REQ-04099,smoky,smoky
REQ-04104,smoky,smoky
REQ-04104,spicy,spicy
REQ-04105,woody,woody
REQ-04105,musk,musky
REQ-04106,powdery,powdery
REQ-04108,powdery,powdery
REQ-04109,smoky,smoky
REQ-04111,powdery,powdery
REQ-04112,spicy,spicy
REQ-04112,sweet,sweet
REQ-04115,smoky,smoky
REQ-04116,musk,musky
REQ-04117,green,green
REQ-04117,musk,musky
REQ-04118,sweet,sweet
REQ-04120,dark,dark
REQ-04120,musky,musky
REQ-04120,musk,musky
REQ-04121,fresh,fresh
REQ-04121,citrus,citrus
REQ-04121,fresh cut grass,green
REQ-04123,fresh,fresh
REQ-04123,fresh cut grass,green
REQ-04127,smoky,smoky
REQ-04127,vanilla,gourmand
REQ-04131,clean,clean
REQ-04134,sweet,sweet
REQ-04136,smoky,smoky
REQ-04137,fresh,fresh
REQ-04138,fresh,fresh
REQ-04138,fresh cut grass,green
REQ-04138,sweet,sweet
REQ-04144,leather,leather
REQ-04145,powdery,powdery
REQ-04146,floral,floral
REQ-04147,sweet,sweet
REQ-04147,barbershop,fougere
REQ-04152,leather,leather
REQ-04153,musk,musky
REQ-04155,musk,musky
REQ-04159,leather,leather
REQ-04160,citrus,citrus
REQ-04161,forest,woody
REQ-04161,after rain,ozonic
REQ-04165,sweet,sweet
REQ-04166,fresh,fresh
REQ-04166,freshly washed,clean
REQ-04167,leather,leather
REQ-04167,powdery,powdery
REQ-04168,fresh,fresh
REQ-04168,fresh cut grass,green
REQ-04169,musk,musky
REQ-04174,vanilla,gourmand
REQ-04175,powdery,powdery
REQ-04176,clean,clean
REQ-04178,wet stone,mineral
REQ-04178,powdery,powdery
REQ-04179,musk,musky
REQ-04179,powdery,powdery
REQ-04183,fresh,fresh
REQ-04183,fresh cut grass,green
REQ-04185,sweet,sweet
REQ-04187,clean,clean
REQ-04187,sweet,sweet
REQ-04189,leather,leather
REQ-04190,amber,amber
REQ-04190,sweet,sweet
REQ-04191,leather,leather
REQ-04191,coffee,gourmand
REQ-04193,sweet,sweet
REQ-04193,vanilla,gourmand
REQ-04195,vanilla,gourmand
REQ-04195,coffee,gourmand
REQ-04197,dark,dark
REQ-04197,leather,leather
REQ-04198,fresh,fresh
REQ-04198,freshly washed,clean
REQ-04199,clean,clean
REQ-04200,clean,clean
REQ-04200,hotel lobby,clean
REQ-04203,fresh,fresh
REQ-04203,fresh cut grass,green
REQ-04204,powdery,powdery
REQ-04205,sweet,sweet
REQ-04207,wet stone,mineral
REQ-04209,woody,woody
REQ-04210,citrus,citrus
REQ-04211,musk,musky
REQ-04214,musk,musky
REQ-04214,leather,leather
REQ-04216,sweet,sweet
REQ-04218,musky,musky
REQ-04218,musk,musky
REQ-04219,woody,woody
REQ-04219,sweet,sweet
REQ-04220,clean,clean
REQ-04222,smoky,smoky
REQ-04223,wet stone,mineral
REQ-04224,fresh,fresh
REQ-04224,freshly washed,clean
REQ-04225,musk,musky
REQ-04226,fresh,fresh
REQ-04228,powdery,powdery
REQ-04229,sweet,sweet
REQ-04230,mineral,mineral
REQ-04231,musk,musky
REQ-04231,powdery,powdery
REQ-04232,citrus,citrus
REQ-04232,leather,leather
REQ-04232,powdery,powdery
REQ-04232,coffee,gourmand
REQ-04234,musk,musky
REQ-04235,musk,musky
REQ-04237,clean,clean
REQ-04237,hotel lobby,clean
REQ-04237,citrus,citrus
REQ-04238,sweet,sweet
REQ-04240,forest,woody
REQ-04240,after rain,ozonic
REQ-04241,green,green
REQ-04241,powdery,powdery
REQ-04242,clean,clean
REQ-04242,vanilla,gourmand
REQ-04243,dark,dark
REQ-04243,vanilla,gourmand
REQ-04244,musky,musky
REQ-04244,musk,musky
REQ-04245,smoky,smoky
REQ-04245,vanilla,gourmand
REQ-04247,sweet,sweet
REQ-04249,musk,musky
REQ-04250,vanilla,gourmand
REQ-04251,citrus,citrus
REQ-04252,powdery,powdery
REQ-04253,vanilla,gourmand
REQ-04254,vanilla,gourmand
REQ-04256,musk,musky
REQ-04258,smoky,smoky
REQ-04260,smoky,smoky
REQ-04263,wet stone,mineral
REQ-04263,sweet,sweet
REQ-04264,aquatic,aquatic
REQ-04264,powdery,powdery
REQ-04265,sweet,sweet
REQ-04266,clean,clean
REQ-04267,leather,leather
REQ-04268,leather,leather
REQ-04271,ozone,ozonic
REQ-04271,leather,leather
REQ-04274,amber,amber
REQ-04275,smoky,smoky
REQ-04275,ozone,ozonic
REQ-04276,clean,clean
REQ-04276,vanilla,gourmand
REQ-04278,smoky,smoky
REQ-04278,vanilla,gourmand
REQ-04279,ozonic,ozonic
REQ-04279,ozone,ozonic
REQ-04281,clean,clean
REQ-04281,powdery,powdery
REQ-04282,aquatic,aquatic
REQ-04284,smoke,smoky
REQ-04284,fireplace,smoky
REQ-04285,clean,clean
REQ-04287,musk,musky
REQ-04289,musk,musky
REQ-04290,leather,leather
REQ-04293,mineral,mineral
REQ-04293,leather,leather
REQ-04295,ozone,ozonic
REQ-04295,sweet,sweet
REQ-04296,vanilla,gourmand
REQ-04299,smoky,smoky
REQ-04299,sweet,sweet
REQ-04300,forest,woody
REQ-04300,after rain,ozonic
REQ-04302,leather,leather
REQ-04302,coffee,gourmand
REQ-04303,sweet,sweet
REQ-04304,fresh,fresh
REQ-04304,citrus,citrus
REQ-04305,fresh,fresh
REQ-04305,citrus,citrus
REQ-04306,clean,clean
REQ-04306,dark,dark
REQ-04307,musk,musky
REQ-04307,sweet,sweet
REQ-04309,forest,woody
REQ-04309,after rain,ozonic
REQ-04310,floral,floral
REQ-04313,smoke,smoky
REQ-04313,fireplace,smoky
REQ-04314,citrus,citrus
REQ-04316,forest,woody
REQ-04318,smoky,smoky
REQ-04319,wet stone,mineral
REQ-04321,vanilla,gourmand
REQ-04322,vanilla,gourmand
REQ-04323,musk,musky
REQ-04326,musk,musky
REQ-04327,ozone,ozonic
REQ-04330,sweet,sweet
REQ-04332,leather,leather
REQ-04333,mineral,mineral
REQ-04333,sweet,sweet
REQ-04334,smoky,smoky
REQ-04334,citrus,citrus
REQ-04335,powdery,powdery
REQ-04336,fresh,fresh
REQ-04336,fresh cut grass,green
REQ-04338,spicy,spicy
REQ-04341,citrus,citrus
REQ-04342,ozone,ozonic
REQ-04343,clean,clean
REQ-04345,vanilla,gourmand
REQ-04346,spicy,spicy
REQ-04351,sweet,sweet
REQ-04355,sweet,sweet
REQ-04357,citrus,citrus
REQ-04358,powdery,powdery
REQ-04361,clean,clean
REQ-04361,hotel lobby,clean
REQ-04362,citrus,citrus
REQ-04364,spicy,spicy
REQ-04364,aquatic,aquatic
REQ-04365,smoky,smoky
REQ-04366,clean,clean
REQ-04366,hotel lobby,clean
REQ-04367,forest,woody
REQ-04367,after rain,ozonic
REQ-04367,leather,leather
REQ-04369,powdery,powdery
REQ-04369,vanilla,gourmand
REQ-04373,powdery,powdery
REQ-04374,musk,musky
REQ-04374,sweet,sweet
REQ-04376,clean,clean
REQ-04380,smoky,smoky
REQ-04383,dark,dark
REQ-04383,sweet,sweet
REQ-04385,clean,clean
REQ-04385,amber,amber
REQ-04386,powdery,powdery
REQ-04387,vanilla,gourmand
REQ-04388,musk,musky
REQ-04388,wet stone,mineral
REQ-04389,clean,clean
REQ-04392,musk,musky
REQ-04393,smoke,smoky
REQ-04393,fireplace,smoky
REQ-04394,vanilla,gourmand
REQ-04395,floral,floral
REQ-04396,smoky,smoky
REQ-04397,clean,clean
REQ-04397,hotel lobby,clean
REQ-04398,vanilla,gourmand
REQ-04399,sweet,sweet
REQ-04399,vanilla,gourmand
REQ-04400,dark,dark
REQ-04401,clean,clean
REQ-04402,smoke,smoky
REQ-04402,fireplace,smoky
REQ-04404,leather,leather
REQ-04405,spicy,spicy
REQ-04406,smoky,smoky
REQ-04406,leather,leather
REQ-04411,forest,woody
REQ-04411,after rain,ozonic
REQ-04411,leather,leather
REQ-04412,ozonic,ozonic
REQ-04412,leather,leather
REQ-04413,sweet,sweet
REQ-04413,vanilla,gourmand
REQ-04415,citrus,citrus
REQ-04417,clean,clean
REQ-04418,powdery,powdery
REQ-04419,clean,clean
REQ-04419,hotel lobby,clean
REQ-04421,citrus,citrus
REQ-04423,smoke,smoky
REQ-04423,fireplace,smoky
REQ-04423,leather,leather
REQ-04426,dark,dark
REQ-04426,powdery,powdery
REQ-04428,fresh,fresh
REQ-04428,freshly washed,clean
REQ-04429,wet stone,mineral
REQ-04430,fresh,fresh
REQ-04431,vanilla,gourmand
REQ-04433,leather,leather
REQ-04434,fresh,fresh
REQ-04434,freshly washed,clean
REQ-04434,amber,amber
REQ-04435,leather,leather
REQ-04436,clean,clean
REQ-04436,green,green
REQ-04437,smoky,smoky
REQ-04440,smoky,smoky
REQ-04441,powdery,powdery
REQ-04442,clean,clean
REQ-04442,aquatic,aquatic
REQ-04444,smoky,smoky
REQ-04445,sweet,sweet
REQ-04446,sweet,sweet
REQ-04448,leather,leather
REQ-04449,citrus,citrus
REQ-04450,citrus,citrus
REQ-04451,powdery,powdery
REQ-04455,smoky,smoky
REQ-04456,smoky,smoky
REQ-04456,sweet,sweet
REQ-04457,musk,musky
REQ-04457,vanilla,gourmand
REQ-04458,dark,dark
REQ-04459,vanilla,gourmand
REQ-04462,spicy,spicy
REQ-04462,mineral,mineral
REQ-04463,leather,leather
REQ-04463,vanilla,gourmand
REQ-04465,fresh,fresh
REQ-04465,fresh cut grass,green
REQ-04469,woody,woody
REQ-04469,musk,musky
REQ-04470,smoky,smoky
REQ-04472,smoke,smoky
REQ-04472,fireplace,smoky
REQ-04473,citrus,citrus
REQ-04476,wet stone,mineral
REQ-04476,vanilla,gourmand
REQ-04477,musk,musky
REQ-04478,citrus,citrus
REQ-04479,floral,floral
REQ-04480,fresh,fresh
REQ-04480,fresh cut grass,green
REQ-04480,powdery,powdery
REQ-04480,sweet,sweet
REQ-04481,fresh,fresh
REQ-04482,fresh,fresh
REQ-04482,freshly washed,clean
REQ-04483,clean,clean
REQ-04484,clean,clean
REQ-04487,powdery,powdery
REQ-04488,smoke,smoky
REQ-04488,fireplace,smoky
REQ-04489,fresh,fresh
REQ-04489,freshly washed,clean
REQ-04489,smoky,smoky
REQ-04490,citrus,citrus
REQ-04491,fresh,fresh
REQ-04491,fresh cut grass,green
REQ-04493,smoky,smoky
REQ-04495,leather,leather
REQ-04496,leather,leather
REQ-04496,sweet,sweet
REQ-04496,coffee,gourmand
REQ-04497,ozonic,ozonic
REQ-04497,sweet,sweet
REQ-04499,citrus,citrus
REQ-04500,citrus,citrus
REQ-04501,powdery,powdery
REQ-04501,sweet,sweet
REQ-04502,citrus,citrus
REQ-04502,musk,musky
REQ-04502,sweet,sweet
REQ-04503,dark,dark
REQ-04510,ozonic,ozonic
REQ-04514,barbershop,fougere
REQ-04515,green,green
REQ-04516,amber,amber
REQ-04518,musk,musky
REQ-04518,leather,leather
REQ-04518,coffee,gourmand
REQ-04519,smoky,smoky
REQ-04522,vanilla,gourmand
REQ-04524,aquatic,aquatic
REQ-04526,floral,floral
REQ-04527,green,green
REQ-04528,fresh,fresh
REQ-04528,fresh cut grass,green
REQ-04528,powdery,powdery
REQ-04529,smoky,smoky
REQ-04529,floral,floral
REQ-04530,musk,musky
REQ-04532,clean,clean
REQ-04533,smoky,smoky
REQ-04534,smoky,smoky
REQ-04534,sweet,sweet
REQ-04534,vanilla,gourmand
REQ-04535,smoky,smoky
REQ-04539,smoky,smoky
REQ-04541,clean,clean
REQ-04543,sweet,sweet
REQ-04544,mineral,mineral
REQ-04545,vanilla,gourmand
REQ-04546,smoky,smoky
REQ-04547,dark,dark
REQ-04549,powdery,powdery
REQ-04550,amber,amber
REQ-04551,barbershop,fougere
REQ-04553,sweet,sweet
REQ-04554,clean,clean
REQ-04554,smoky,smoky
REQ-04554,leather,leather
REQ-04558,musk,musky
REQ-04560,leather,leather
REQ-04561,sweet,sweet
REQ-04563,citrus,citrus
REQ-04564,fresh,fresh
REQ-04564,smoky,smoky
REQ-04564,fresh cut grass,green
REQ-04566,woody,woody
REQ-04567,dark,dark
REQ-04570,powdery,powdery
REQ-04571,smoky,smoky
REQ-04571,citrus,citrus
REQ-04572,smoke,smoky
REQ-04572,fireplace,smoky
REQ-04572,musk,musky
REQ-04572,aquatic,aquatic
REQ-04573,smoky,smoky
REQ-04574,leather,leather
REQ-04582,citrus,citrus
REQ-04582,sweet,sweet
REQ-04585,smoky,smoky
REQ-04585,ozone,ozonic
REQ-04587,powdery,powdery
REQ-04588,powdery,powdery
REQ-04589,woody,woody
REQ-04591,ozone,ozonic
REQ-04591,sweet,sweet
REQ-04592,dark,dark
REQ-04594,powdery,powdery
REQ-04595,leather,leather
REQ-04596,vanilla,gourmand
REQ-04597,fresh,fresh
REQ-04598,vanilla,gourmand
REQ-04599,powdery,powdery
REQ-04600,powdery,powdery
REQ-04600,sweet,sweet
REQ-04601,citrus,citrus
REQ-04606,sweet,sweet
REQ-04609,wet stone,mineral
REQ-04614,vanilla,gourmand
REQ-04620,sweet,sweet
REQ-04621,vanilla,gourmand
REQ-04622,powdery,powdery
REQ-04624,smoky,smoky
REQ-04624,smoke,smoky
REQ-04624,fireplace,smoky
REQ-04628,citrus,citrus
REQ-04630,powdery,powdery
REQ-04630,sweet,sweet
REQ-04631,amber,amber
REQ-04632,powdery,powdery
REQ-04635,musk,musky
REQ-04635,mineral,mineral
REQ-04636,mineral,mineral
REQ-04637,amber,amber
REQ-04637,vanilla,gourmand
REQ-04638,musk,musky
REQ-04643,forest,woody
REQ-04643,after rain,ozonic
REQ-04644,citrus,citrus
REQ-04644,sweet,sweet
REQ-04646,ozonic,ozonic
REQ-04647,clean,clean
REQ-04648,powdery,powdery
REQ-04649,powdery,powdery
REQ-04649,vanilla,gourmand
REQ-04650,citrus,citrus
REQ-04653,citrus,citrus
REQ-04654,smoky,smoky
REQ-04656,wet stone,mineral
REQ-04660,smoky,smoky
REQ-04661,sweet,sweet
REQ-04662,leather,leather
REQ-04662,vanilla,gourmand
REQ-04664,citrus,citrus
REQ-04667,clean,clean
REQ-04667,hotel lobby,clean
REQ-04667,smoky,smoky
REQ-04667,sweet,sweet
REQ-04668,clean,clean
REQ-04668,hotel lobby,clean
REQ-04668,citrus,citrus
REQ-04669,clean,clean
REQ-04669,woody,woody
REQ-04672,musk,musky
REQ-04673,citrus,citrus
REQ-04674,leather,leather
REQ-04674,sweet,sweet
REQ-04675,woody,woody
REQ-04676,clean,clean
REQ-04677,musk,musky
REQ-04678,citrus,citrus
REQ-04678,powdery,powdery
REQ-04678,sweet,sweet
REQ-04680,woody,woody
REQ-04684,citrus,citrus
REQ-04688,floral,floral
REQ-04688,leather,leather
REQ-04689,musky,musky
REQ-04689,musk,musky
REQ-04690,powdery,powdery
REQ-04691,smoky,smoky
REQ-04692,sweet,sweet
REQ-04694,musk,musky
REQ-04695,citrus,citrus
REQ-04695,vanilla,gourmand
REQ-04696,clean,clean
REQ-04697,smoky,smoky
REQ-04697,citrus,citrus
REQ-04701,leather,leather
REQ-04701,powdery,powdery
REQ-04703,leather,leather
REQ-04703,coffee,gourmand
REQ-04706,sweet,sweet
REQ-04708,dark,dark
REQ-04709,fresh,fresh
REQ-04709,fresh cut grass,green
REQ-04709,sweet,sweet
REQ-04710,powdery,powdery
REQ-04711,fresh,fresh
REQ-04711,freshly washed,clean
REQ-04711,vanilla,gourmand
REQ-04712,clean,clean
REQ-04712,hotel lobby,clean
REQ-04712,powdery,powdery
REQ-04713,sweet,sweet
REQ-04714,leather,leather
REQ-04717,green,green
REQ-04717,leather,leather
REQ-04719,musk,musky
REQ-04720,sweet,sweet
REQ-04724,citrus,citrus
REQ-04725,citrus,citrus
REQ-04726,vanilla,gourmand
REQ-04729,vanilla,gourmand
REQ-04730,smoky,smoky
REQ-04731,leather,leather
REQ-04731,coffee,gourmand
REQ-04732,musk,musky
REQ-04732,wet stone,mineral
REQ-04733,amber,amber
REQ-04735,leather,leather
REQ-04735,sweet,sweet
REQ-04737,clean,clean
REQ-04737,sweet,sweet
REQ-04738,musk,musky
REQ-04739,clean,clean
REQ-04740,clean,clean
REQ-04740,after rain,ozonic
REQ-04740,sweet,sweet
REQ-04743,sweet,sweet
REQ-04750,sweet,sweet
REQ-04751,citrus,citrus
REQ-04755,musk,musky
REQ-04755,powdery,powdery
REQ-04755,sweet,sweet
REQ-04756,amber,amber
REQ-04759,smoky,smoky
REQ-04761,fresh,fresh
REQ-04762,leather,leather
REQ-04764,musk,musky
REQ-04764,leather,leather
REQ-04765,musk,musky
REQ-04766,fresh,fresh
REQ-04766,fresh cut grass,green
REQ-04766,sweet,sweet
REQ-04771,leather,leather
REQ-04771,sweet,sweet
REQ-04775,fresh,fresh
REQ-04775,freshly washed,clean
REQ-04775,vanilla,gourmand
REQ-04776,citrus,citrus
REQ-04777,leather,leather
REQ-04779,musk,musky
REQ-04783,wet stone,mineral
REQ-04783,vanilla,gourmand
REQ-04787,musky,musky
REQ-04787,musk,musky
REQ-04788,musk,musky
REQ-04789,sweet,sweet
REQ-04790,fresh,fresh
REQ-04790,smoky,smoky
REQ-04791,fresh,fresh
REQ-04791,freshly washed,clean
REQ-04791,leather,leather
REQ-04792,clean,clean
REQ-04794,ozone,ozonic
REQ-04794,sweet,sweet
REQ-04799,forest,woody
REQ-04800,vanilla,gourmand
REQ-04801,leather,leather
REQ-04802,floral,floral
REQ-04803,forest,woody
REQ-04803,after rain,ozonic
REQ-04803,vanilla,gourmand
REQ-04804,sweet,sweet
REQ-04805,powdery,powdery
REQ-04805,vanilla,gourmand
REQ-04807,fresh,fresh
REQ-04808,floral,floral
REQ-04808,musk,musky
REQ-04810,citrus,citrus
REQ-04811,smoky,smoky
REQ-04813,forest,woody
REQ-04814,sweet,sweet
REQ-04814,barbershop,fougere
REQ-04815,musk,musky
REQ-04817,sweet,sweet
REQ-04819,smoke,smoky
REQ-04819,fireplace,smoky
REQ-04819,musk,musky
REQ-04821,fresh,fresh
REQ-04821,clean,clean
REQ-04821,fresh cut grass,green
REQ-04823,musk,musky
REQ-04823,barbershop,fougere
REQ-04824,musk,musky
REQ-04824,leather,leather
REQ-04828,clean,clean
REQ-04831,musk,musky
REQ-04834,sweet,sweet
REQ-04835,leather,leather
REQ-04836,aquatic,aquatic
REQ-04836,vanilla,gourmand
REQ-04837,citrus,citrus
REQ-04838,smoky,smoky
REQ-04838,vanilla,gourmand
REQ-04841,leather,leather
REQ-04842,green,green
REQ-04843,smoky,smoky
REQ-04843,mineral,mineral
REQ-04844,vanilla,gourmand
REQ-04845,dark,dark
REQ-04846,amber,amber
REQ-04847,smoky,smoky
REQ-04849,woody,woody
REQ-04850,smoky,smoky
REQ-04853,clean,clean
REQ-04853,leather,leather
REQ-04854,leather,leather
REQ-04855,sweet,sweet
REQ-04856,powdery,powdery
REQ-04857,musk,musky
REQ-04857,powdery,powdery
REQ-04858,sweet,sweet
REQ-04859,leather,leather
REQ-04860,sweet,sweet
REQ-04860,vanilla,gourmand
REQ-04861,fresh,fresh
REQ-04861,fresh cut grass,green
REQ-04862,clean,clean
REQ-04862,smoky,smoky
REQ-04865,powdery,powdery
REQ-04866,fresh,fresh
REQ-04866,fresh cut grass,green
REQ-04866,aquatic,aquatic
REQ-04867,smoky,smoky
REQ-04868,smoky,smoky
REQ-04868,citrus,citrus
REQ-04869,sweet,sweet
REQ-04870,smoky,smoky
REQ-04871,ozonic,ozonic
REQ-04871,sweet,sweet
REQ-04872,barbershop,fougere
REQ-04873,powdery,powdery
REQ-04876,amber,amber
REQ-04877,sweet,sweet
REQ-04880,leather,leather
REQ-04882,leather,leather
REQ-04882,coffee,gourmand
REQ-04883,smoky,smoky
REQ-04884,amber,amber
REQ-04884,powdery,powdery
REQ-04885,barbershop,fougere
REQ-04886,powdery,powdery
REQ-04888,leather,leather
REQ-04892,clean,clean
REQ-04892,vanilla,gourmand
REQ-04894,clean,clean
REQ-04894,citrus,citrus
REQ-04896,sweet,sweet
REQ-04897,musk,musky
REQ-04898,sweet,sweet
REQ-04900,vanilla,gourmand
REQ-04902,leather,leather
REQ-04904,leather,leather
REQ-04904,coffee,gourmand
REQ-04907,ozone,ozonic
REQ-04907,vanilla,gourmand
REQ-04908,wet stone,mineral
REQ-04908,leather,leather
REQ-04908,sweet,sweet
REQ-04909,powdery,powdery
REQ-04910,green,green
REQ-04910,sweet,sweet
REQ-04913,woody,woody
REQ-04913,ozonic,ozonic
REQ-04913,leather,leather
REQ-04914,fresh,fresh
REQ-04915,dark,dark
REQ-04916,vanilla,gourmand
REQ-04917,clean,clean
REQ-04917,powdery,powdery
REQ-04918,citrus,citrus
REQ-04918,sweet,sweet
REQ-04919,woody,woody
REQ-04920,smoky,smoky
REQ-04920,musk,musky
REQ-04922,wet stone,mineral
REQ-04923,musk,musky
REQ-04924,fresh,fresh
REQ-04929,aquatic,aquatic
REQ-04929,leather,leather
REQ-04931,clean,clean
REQ-04931,smoky,smoky
REQ-04932,leather,leather
REQ-04933,sweet,sweet
REQ-04934,leather,leather
REQ-04934,vanilla,gourmand
REQ-04935,smoky,smoky
REQ-04936,smoky,smoky
REQ-04937,smoky,smoky
REQ-04937,powdery,powdery
REQ-04939,fresh,fresh
REQ-04939,fresh cut grass,green
REQ-04942,clean,clean
REQ-04942,hotel lobby,clean
REQ-04942,leather,leather
REQ-04943,spicy,spicy
REQ-04943,musky,musky
REQ-04943,musk,musky
REQ-04944,citrus,citrus
REQ-04946,spicy,spicy
REQ-04947,clean,clean
REQ-04947,musk,musky
REQ-04948,sweet,sweet
REQ-04949,sweet,sweet
REQ-04953,woody,woody
REQ-04953,powdery,powdery
REQ-04955,woody,woody
REQ-04956,clean,clean
REQ-04957,musky,musky
REQ-04957,musk,musky
REQ-04958,floral,floral
REQ-04959,fresh,fresh
REQ-04960,musk,musky
REQ-04962,barbershop,fougere
REQ-04963,citrus,citrus
REQ-04964,leather,leather
REQ-04964,coffee,gourmand
REQ-04965,sweet,sweet
REQ-04966,sweet,sweet
REQ-04970,smoky,smoky
REQ-04972,musk,musky
REQ-04973,clean,clean
REQ-04974,smoky,smoky
REQ-04976,citrus,citrus
REQ-04980,vanilla,gourmand
REQ-04982,sweet,sweet
REQ-04984,smoky,smoky
REQ-04985,fresh,fresh
REQ-04985,freshly washed,clean
REQ-04986,citrus,citrus
REQ-04988,forest,woody
REQ-04988,after rain,ozonic
REQ-04989,vanilla,gourmand
REQ-04990,leather,leather
REQ-04991,smoky,smoky
REQ-04994,spicy,spicy
REQ-04995,clean,clean
REQ-04995,vanilla,gourmand
REQ-04996,clean,clean
REQ-04996,ozone,ozonic
REQ-04997,sweet,sweet
REQ-04999,wet stone,mineral
REQ-05001,musk,musky
REQ-05001,vanilla,gourmand
REQ-05003,ozonic,ozonic
REQ-05003,sweet,sweet
REQ-05004,citrus,citrus
REQ-05005,powdery,powdery
REQ-05006,citrus,citrus
REQ-05007,musk,musky
REQ-05008,leather,leather
REQ-05009,aquatic,aquatic
REQ-05010,green,green
REQ-05011,musk,musky
REQ-05011,sweet,sweet
REQ-05012,clean,clean
REQ-05013,smoky,smoky
REQ-05014,fresh,fresh
REQ-05014,woody,woody
REQ-05016,smoky,smoky
REQ-05019,powdery,powdery
REQ-05020,smoky,smoky
REQ-05020,barbershop,fougere
REQ-05022,citrus,citrus
REQ-05022,vanilla,gourmand
REQ-05023,musk,musky
REQ-05027,clean,clean
REQ-05027,smoky,smoky
REQ-05028,ozone,ozonic
REQ-05029,sweet,sweet
REQ-05029,vanilla,gourmand
REQ-05030,forest,woody
REQ-05030,after rain,ozonic
REQ-05032,leather,leather
REQ-05033,sweet,sweet
REQ-05035,ozonic,ozonic
REQ-05036,forest,woody
REQ-05036,smoky,smoky
REQ-05040,powdery,powdery
REQ-05042,smoky,smoky
REQ-05042,powdery,powdery
REQ-05043,sweet,sweet
REQ-05044,powdery,powdery
REQ-05045,citrus,citrus
REQ-05046,leather,leather
REQ-05046,coffee,gourmand
REQ-05050,smoke,smoky
REQ-05050,fireplace,smoky
REQ-05051,clean,clean
REQ-05052,citrus,citrus
REQ-05053,powdery,powdery
REQ-05055,powdery,powdery
REQ-05056,clean,clean
REQ-05057,woody,woody
REQ-05059,musk,musky
REQ-05060,vanilla,gourmand
REQ-05063,green,green
REQ-05064,leather,leather
REQ-05064,barbershop,fougere
REQ-05066,leather,leather
REQ-05066,coffee,gourmand
REQ-05069,clean,clean
REQ-05069,hotel lobby,clean
REQ-05069,powdery,powdery
REQ-05070,vanilla,gourmand
REQ-05070,barbershop,fougere
REQ-05071,sweet,sweet
REQ-05072,citrus,citrus
REQ-05072,powdery,powdery
REQ-05073,smoky,smoky
REQ-05074,clean,clean
REQ-05074,hotel lobby,clean
REQ-05074,smoky,smoky
REQ-05075,sweet,sweet
REQ-05077,woody,woody
REQ-05078,fresh,fresh
REQ-05078,smoky,smoky
REQ-05078,green,green
REQ-05078,fresh cut grass,green
REQ-05079,citrus,citrus
REQ-05081,clean,clean
REQ-05081,musk,musky
REQ-05082,clean,clean
REQ-05082,musk,musky
REQ-05084,musk,musky
REQ-05084,powdery,powdery
REQ-05085,leather,leather
REQ-05087,vanilla,gourmand
REQ-05089,powdery,powdery
REQ-05089,sweet,sweet
REQ-05090,citrus,citrus
REQ-05092,smoky,smoky
REQ-05092,wet stone,mineral
REQ-05093,smoky,smoky
REQ-05094,powdery,powdery
REQ-05095,sweet,sweet
REQ-05096,sweet,sweet
REQ-05099,fresh,fresh
REQ-05099,sweet,sweet
REQ-05102,fresh,fresh
REQ-05102,fresh cut grass,green
REQ-05103,fresh,fresh
REQ-05103,freshly washed,clean
REQ-05106,citrus,citrus
REQ-05108,powdery,powdery
REQ-05108,vanilla,gourmand
REQ-05111,powdery,powdery
REQ-05112,smoky,smoky
REQ-05112,leather,leather
REQ-05112,powdery,powdery
REQ-05116,woody,woody
REQ-05117,musk,musky
REQ-05119,aquatic,aquatic
REQ-05121,green,green
REQ-05122,fresh,fresh
REQ-05122,fresh cut grass,green
REQ-05124,smoky,smoky
REQ-05125,barbershop,fougere
REQ-05126,smoky,smoky
REQ-05126,powdery,powdery
REQ-05128,sweet,sweet
REQ-05130,barbershop,fougere
REQ-05131,sweet,sweet
REQ-05132,woody,woody
REQ-05132,vanilla,gourmand
REQ-05133,smoky,smoky
REQ-05134,powdery,powdery
REQ-05136,clean,clean
REQ-05136,hotel lobby,clean
REQ-05136,vanilla,gourmand
REQ-05137,leather,leather
REQ-05141,clean,clean
REQ-05141,hotel lobby,clean
REQ-05143,mineral,mineral
REQ-05145,spicy,spicy
REQ-05145,leather,leather
REQ-05146,citrus,citrus
REQ-05147,forest,woody
REQ-05147,after rain,ozonic
REQ-05149,clean,clean
REQ-05150,leather,leather
REQ-05151,sweet,sweet
REQ-05159,amber,amber
REQ-05163,fresh cut grass,green
REQ-05165,vanilla,gourmand
REQ-05167,clean,clean
REQ-05167,smoky,smoky
REQ-05167,sweet,sweet
REQ-05168,powdery,powdery
REQ-05168,sweet,sweet
REQ-05169,leather,leather
REQ-05170,musk,musky
REQ-05172,fresh,fresh
REQ-05172,freshly washed,clean
REQ-05176,smoky,smoky
REQ-05177,sweet,sweet
REQ-05178,musk,musky
REQ-05180,fresh,fresh
REQ-05180,vanilla,gourmand
REQ-05182,citrus,citrus
REQ-05182,musk,musky
REQ-05182,barbershop,fougere
REQ-05183,powdery,powdery
REQ-05184,sweet,sweet
REQ-05185,clean,clean
REQ-05185,dark,dark
REQ-05186,leather,leather
REQ-05187,vanilla,gourmand
REQ-05191,musk,musky
REQ-05193,dark,dark
REQ-05193,leather,leather
REQ-05193,coffee,gourmand
REQ-05195,spicy,spicy
REQ-05196,mineral,mineral
REQ-05197,fresh,fresh
REQ-05197,freshly washed,clean
REQ-05198,smoky,smoky
REQ-05198,green,green
REQ-05199,aquatic,aquatic
REQ-05200,clean,clean
REQ-05200,hotel lobby,clean
REQ-05200,leather,leather
REQ-05201,sweet,sweet
REQ-05202,vanilla,gourmand
REQ-05204,floral,floral
REQ-05206,fresh,fresh
REQ-05206,fresh cut grass,green
REQ-05207,citrus,citrus
REQ-05208,clean,clean
REQ-05208,smoke,smoky
REQ-05208,fireplace,smoky
REQ-05208,leather,leather
REQ-05209,woody,woody
REQ-05209,vanilla,gourmand
REQ-05210,sweet,sweet
REQ-05212,amber,amber
REQ-05218,vanilla,gourmand
REQ-05219,fresh,fresh
REQ-05220,clean,clean
REQ-05220,powdery,powdery
REQ-05221,spicy,spicy
REQ-05222,aquatic,aquatic
REQ-05224,sweet,sweet
REQ-05225,leather,leather
REQ-05225,sweet,sweet
REQ-05226,vanilla,gourmand
REQ-05228,fresh,fresh
REQ-05228,citrus,citrus
REQ-05228,fresh cut grass,green
REQ-05230,musky,musky
REQ-05230,musk,musky
REQ-05232,leather,leather
REQ-05233,wet stone,mineral
REQ-05234,sweet,sweet
REQ-05235,woody,woody
REQ-05235,mineral,mineral
REQ-05238,forest,woody
REQ-05238,citrus,citrus
REQ-05238,after rain,ozonic
REQ-05239,dark,dark
REQ-05240,smoky,smoky
REQ-05241,smoky,smoky
REQ-05243,dark,dark
REQ-05243,wet stone,mineral
REQ-05244,smoky,smoky
REQ-05245,clean,clean
REQ-05245,smoky,smoky
REQ-05245,floral,floral
REQ-05247,clean,clean
REQ-05247,smoke,smoky
REQ-05247,fireplace,smoky
REQ-05248,sweet,sweet
REQ-05252,spicy,spicy
REQ-05252,aquatic,aquatic
REQ-05253,smoky,smoky
REQ-05257,clean,clean
REQ-05258,clean,clean
REQ-05259,spicy,spicy
REQ-05264,clean,clean
REQ-05264,aquatic,aquatic
REQ-05265,ozone,ozonic
REQ-05267,clean,clean
REQ-05267,mineral,mineral
REQ-05268,clean,clean
REQ-05269,wet stone,mineral
REQ-05272,smoky,smoky
REQ-05273,forest,woody
REQ-05273,after rain,ozonic
REQ-05275,mineral,mineral
REQ-05276,smoky,smoky
REQ-05277,forest,woody
REQ-05277,after rain,ozonic
REQ-05278,barbershop,fougere
REQ-05280,clean,clean
REQ-05282,leather,leather
REQ-05282,sweet,sweet
REQ-05283,clean,clean
REQ-05284,powdery,powdery
REQ-05285,smoky,smoky
REQ-05287,woody,woody
REQ-05287,smoky,smoky
REQ-05287,vanilla,gourmand
REQ-05288,citrus,citrus
REQ-05289,citrus,citrus
REQ-05290,sweet,sweet
REQ-05291,vanilla,gourmand
REQ-05292,sweet,sweet
REQ-05294,powdery,powdery
REQ-05297,smoky,smoky
REQ-05297,leather,leather
REQ-05299,leather,leather
REQ-05301,clean,clean
REQ-05301,hotel lobby,clean
REQ-05301,leather,leather
REQ-05303,musk,musky
REQ-05304,citrus,citrus
REQ-05306,powdery,powdery
REQ-05307,smoky,smoky
REQ-05309,mineral,mineral
REQ-05311,sweet,sweet
REQ-05314,fresh,fresh
REQ-05316,spicy,spicy
REQ-05316,powdery,powdery
REQ-05317,fresh,fresh
REQ-05317,clean,clean
REQ-05317,fresh cut grass,green
REQ-05318,aquatic,aquatic
REQ-05319,amber,amber
REQ-05321,musk,musky
REQ-05321,leather,leather
REQ-05322,sweet,sweet
REQ-05323,smoky,smoky
REQ-05324,leather,leather
REQ-05328,powdery,powdery
REQ-05329,sweet,sweet
REQ-05331,clean,clean
REQ-05331,citrus,citrus
REQ-05333,citrus,citrus
REQ-05334,leather,leather
REQ-05334,coffee,gourmand
REQ-05335,leather,leather
REQ-05335,coffee,gourmand
REQ-05338,sweet,sweet
REQ-05341,clean,clean
REQ-05341,green,green
REQ-05342,vanilla,gourmand
REQ-05343,smoky,smoky
REQ-05345,smoky,smoky
REQ-05347,clean,clean
REQ-05348,dark,dark
REQ-05348,powdery,powdery
REQ-05349,smoke,smoky
REQ-05349,fireplace,smoky
REQ-05350,sweet,sweet
REQ-05351,fresh,fresh
REQ-05351,powdery,powdery
REQ-05352,clean,clean
REQ-05354,leather,leather
REQ-05354,vanilla,gourmand
REQ-05355,forest,woody
REQ-05355,after rain,ozonic
REQ-05358,musk,musky
REQ-05358,wet stone,mineral
REQ-05360,dark,dark
REQ-05361,musk,musky
REQ-05363,fresh,fresh
REQ-05363,citrus,citrus
REQ-05365,smoky,smoky
REQ-05366,musk,musky
REQ-05367,mineral,mineral
REQ-05367,sweet,sweet
REQ-05368,sweet,sweet
REQ-05369,sweet,sweet
REQ-05370,vanilla,gourmand
REQ-05371,powdery,powdery
REQ-05372,fresh,fresh
REQ-05372,freshly washed,clean
REQ-05373,fresh,fresh
REQ-05373,sweet,sweet
REQ-05375,spicy,spicy
REQ-05376,smoky,smoky
REQ-05376,vanilla,gourmand
REQ-05377,sweet,sweet
REQ-05378,leather,leather
REQ-05382,sweet,sweet
REQ-05383,citrus,citrus
REQ-05385,forest,woody
REQ-05385,after rain,ozonic
REQ-05386,woody,woody
REQ-05388,leather,leather
REQ-05388,vanilla,gourmand
REQ-05390,fresh,fresh
REQ-05390,freshly washed,clean
REQ-05390,powdery,powdery
REQ-05391,amber,amber
REQ-05391,leather,leather
REQ-05392,fresh,fresh
REQ-05393,musk,musky
REQ-05394,citrus,citrus
REQ-05396,citrus,citrus
REQ-05397,fresh,fresh
REQ-05398,vanilla,gourmand
REQ-05399,freshly washed,clean
REQ-05400,mineral,mineral
REQ-05403,musk,musky
REQ-05405,vanilla,gourmand
REQ-05408,musk,musky
REQ-05408,ozone,ozonic
REQ-05410,woody,woody
REQ-05410,musky,musky
REQ-05410,musk,musky
REQ-05410,leather,leather
REQ-05412,clean,clean
REQ-05413,powdery,powdery
REQ-05416,smoky,smoky
REQ-05416,aquatic,aquatic
REQ-05417,amber,amber
REQ-05418,amber,amber
REQ-05419,dark,dark
REQ-05419,leather,leather
REQ-05420,smoky,smoky
REQ-05421,leather,leather
REQ-05422,woody,woody
REQ-05424,green,green
REQ-05424,sweet,sweet
REQ-05429,ozone,ozonic
REQ-05429,powdery,powdery
REQ-05430,clean,clean
REQ-05431,fresh,fresh
REQ-05431,freshly washed,clean
REQ-05431,musk,musky
REQ-05431,sweet,sweet
REQ-05432,leather,leather
REQ-05434,sweet,sweet
REQ-05435,wet stone,mineral
REQ-05436,leather,leather
REQ-05438,musk,musky
REQ-05439,leather,leather
REQ-05439,powdery,powdery
REQ-05439,vanilla,gourmand
REQ-05440,vanilla,gourmand
REQ-05441,smoky,smoky
REQ-05443,smoky,smoky
REQ-05446,powdery,powdery
REQ-05448,clean,clean
REQ-05448,smoky,smoky
REQ-05449,musk,musky
REQ-05449,sweet,sweet
REQ-05450,smoky,smoky
REQ-05450,vanilla,gourmand
REQ-05453,musk,musky
REQ-05453,wet stone,mineral
REQ-05454,smoke,smoky
REQ-05454,fireplace,smoky
REQ-05455,powdery,powdery
REQ-05456,leather,leather
REQ-05457,clean,clean
REQ-05457,powdery,powdery
REQ-05459,sweet,sweet
REQ-05463,vanilla,gourmand
REQ-05464,barbershop,fougere
REQ-05465,vanilla,gourmand
REQ-05466,leather,leather
REQ-05467,fresh cut grass,green
REQ-05468,powdery,powdery
REQ-05469,leather,leather
REQ-05470,smoky,smoky
REQ-05472,green,green
REQ-05473,ozone,ozonic
REQ-05474,fresh,fresh
REQ-05474,freshly washed,clean
REQ-05476,ozone,ozonic
REQ-05476,sweet,sweet
REQ-05478,powdery,powdery
REQ-05479,clean,clean
REQ-05479,wet stone,mineral
REQ-05481,citrus,citrus
REQ-05481,vanilla,gourmand
REQ-05482,wet stone,mineral
REQ-05482,powdery,powdery
REQ-05483,leather,leather
REQ-05483,coffee,gourmand
REQ-05484,leather,leather
REQ-05485,vanilla,gourmand
REQ-05488,musk,musky
REQ-05489,vanilla,gourmand
REQ-05492,forest,woody
REQ-05492,after rain,ozonic
REQ-05495,sweet,sweet
REQ-05496,clean,clean
REQ-05500,fresh,fresh
REQ-05500,smoky,smoky
REQ-05500,fresh cut grass,green
REQ-05501,musk,musky
REQ-05502,wet stone,mineral
REQ-05503,clean,clean
REQ-05504,mineral,mineral
REQ-05505,smoky,smoky
REQ-05506,ozone,ozonic
REQ-05508,ozone,ozonic
REQ-05509,barbershop,fougere
REQ-05510,vanilla,gourmand
REQ-05512,ozonic,ozonic
REQ-05513,sweet,sweet
REQ-05514,forest,woody
REQ-05514,citrus,citrus
REQ-05515,citrus,citrus
REQ-05516,citrus,citrus
REQ-05517,smoke,smoky
REQ-05517,fireplace,smoky
REQ-05518,green,green
REQ-05518,musk,musky
REQ-05518,vanilla,gourmand
REQ-05520,powdery,powdery
REQ-05521,spicy,spicy
REQ-05522,citrus,citrus
REQ-05523,ozone,ozonic
REQ-05524,forest,woody
REQ-05524,after rain,ozonic
REQ-05525,leather,leather
REQ-05526,powdery,powdery
REQ-05527,clean,clean
REQ-05527,hotel lobby,clean
REQ-05529,citrus,citrus
REQ-05530,sweet,sweet
REQ-05531,aquatic,aquatic
REQ-05532,ozone,ozonic
REQ-05533,clean,clean
REQ-05533,musky,musky
REQ-05533,musk,musky
REQ-05534,powdery,powdery
REQ-05535,smoky,smoky
REQ-05535,wet stone,mineral
REQ-05537,clean,clean
REQ-05537,musky,musky
REQ-05537,musk,musky
REQ-05539,clean,clean
REQ-05539,ozone,ozonic
REQ-05541,leather,leather
REQ-05541,powdery,powdery
REQ-05542,sweet,sweet
REQ-05544,ozonic,ozonic
REQ-05545,sweet,sweet
REQ-05548,musk,musky
REQ-05549,clean,clean
REQ-05551,fresh,fresh
REQ-05555,floral,floral
REQ-05555,citrus,citrus
REQ-05556,sweet,sweet
REQ-05557,citrus,citrus
REQ-05559,smoky,smoky
REQ-05561,fresh,fresh
REQ-05561,fresh cut grass,green
REQ-05563,vanilla,gourmand
REQ-05564,fresh,fresh
REQ-05564,freshly washed,clean
REQ-05564,powdery,powdery
REQ-05565,smoky,smoky
REQ-05566,ozone,ozonic
REQ-05568,citrus,citrus
REQ-05568,musk,musky
REQ-05571,woody,woody
REQ-05576,spicy,spicy
REQ-05577,clean,clean
REQ-05577,leather,leather
REQ-05577,coffee,gourmand
REQ-05579,sweet,sweet
REQ-05581,sweet,sweet
REQ-05582,clean,clean
REQ-05582,hotel lobby,clean
REQ-05582,citrus,citrus
REQ-05584,fresh,fresh
REQ-05584,freshly washed,clean
REQ-05587,clean,clean
REQ-05588,musk,musky
REQ-05591,citrus,citrus
REQ-05593,smoky,smoky
REQ-05594,smoky,smoky
REQ-05594,powdery,powdery
REQ-05595,smoky,smoky
REQ-05598,spicy,spicy
REQ-05598,powdery,powdery
REQ-05600,vanilla,gourmand
REQ-05602,citrus,citrus
REQ-05602,musk,musky
REQ-05603,leather,leather
REQ-05603,coffee,gourmand
REQ-05605,smoky,smoky
REQ-05605,smoke,smoky
REQ-05605,fireplace,smoky
REQ-05606,fresh,fresh
REQ-05606,fresh cut grass,green
REQ-05607,fresh,fresh
REQ-05607,fresh cut grass,green
REQ-05607,musk,musky
REQ-05610,dark,dark
REQ-05610,smoky,smoky
REQ-05612,clean,clean
REQ-05612,hotel lobby,clean
REQ-05615,leather,leather
REQ-05615,vanilla,gourmand
REQ-05617,smoky,smoky
REQ-05617,powdery,powdery
REQ-05618,floral,floral
REQ-05618,musk,musky
REQ-05619,sweet,sweet
REQ-05621,vanilla,gourmand
REQ-05622,fresh,fresh
REQ-05622,fresh cut grass,green
REQ-05624,clean,clean
REQ-05624,leather,leather
REQ-05624,coffee,gourmand
REQ-05626,citrus,citrus
REQ-05627,musk,musky
REQ-05628,powdery,powdery
REQ-05629,spicy,spicy
REQ-05633,clean,clean
REQ-05634,aquatic,aquatic
REQ-05635,green,green
REQ-05639,smoky,smoky
REQ-05639,leather,leather
REQ-05640,forest,woody
REQ-05640,after rain,ozonic
REQ-05640,vanilla,gourmand
REQ-05642,clean,clean
REQ-05643,smoky,smoky
REQ-05644,leather,leather
REQ-05644,coffee,gourmand
REQ-05646,musk,musky
REQ-05647,smoky,smoky
REQ-05649,clean,clean
REQ-05649,powdery,powdery
REQ-05650,leather,leather
REQ-05652,forest,woody
REQ-05652,smoky,smoky
REQ-05652,green,green
REQ-05652,after rain,ozonic
REQ-05653,fresh,fresh
REQ-05653,floral,floral
REQ-05653,fresh cut grass,green
REQ-05653,powdery,powdery
REQ-05655,freshly washed,clean
REQ-05655,citrus,citrus
REQ-05656,powdery,powdery
REQ-05657,dark,dark
REQ-05658,smoky,smoky
REQ-05661,musky,musky
REQ-05661,musk,musky
REQ-05662,powdery,powdery
REQ-05664,forest,woody
REQ-05666,clean,clean
REQ-05667,powdery,powdery
REQ-05670,clean,clean
REQ-05670,powdery,powdery
REQ-05671,clean,clean
REQ-05671,hotel lobby,clean
REQ-05672,clean,clean
REQ-05672,musk,musky
REQ-05674,woody,woody
REQ-05676,citrus,citrus
REQ-05677,smoky,smoky
REQ-05678,smoke,smoky
REQ-05678,fireplace,smoky
REQ-05681,wet stone,mineral
REQ-05683,citrus,citrus
REQ-05684,ozonic,ozonic
REQ-05686,sweet,sweet
REQ-05688,vanilla,gourmand
REQ-05689,vanilla,gourmand
REQ-05690,musk,musky
REQ-05692,vanilla,gourmand
REQ-05694,clean,clean
REQ-05695,spicy,spicy
REQ-05695,citrus,citrus
REQ-05696,musk,musky
REQ-05698,fresh,fresh
REQ-05698,fresh cut grass,green
REQ-05701,barbershop,fougere
REQ-05702,powdery,powdery
REQ-05704,wet stone,mineral
REQ-05705,forest,woody
REQ-05705,after rain,ozonic
REQ-05705,powdery,powdery
REQ-05706,sweet,sweet
REQ-05708,musk,musky
REQ-05709,citrus,citrus
REQ-05710,citrus,citrus
REQ-05711,citrus,citrus
REQ-05712,smoky,smoky
REQ-05712,powdery,powdery
REQ-05714,smoky,smoky
REQ-05715,citrus,citrus
REQ-05715,sweet,sweet
REQ-05717,smoky,smoky
REQ-05718,smoke,smoky
REQ-05718,fireplace,smoky
REQ-05718,sweet,sweet
REQ-05719,forest,woody
REQ-05719,after rain,ozonic
REQ-05720,musk,musky
REQ-05720,leather,leather
REQ-05720,coffee,gourmand
REQ-05722,smoky,smoky
REQ-05722,leather,leather
REQ-05724,musk,musky
REQ-05725,powdery,powdery
REQ-05726,smoky,smoky
REQ-05727,powdery,powdery
REQ-05728,fresh,fresh
REQ-05728,fresh cut grass,green
REQ-05728,powdery,powdery
REQ-05729,sweet,sweet
REQ-05731,clean,clean
REQ-05736,forest,woody
REQ-05737,sweet,sweet
REQ-05738,barbershop,fougere
REQ-05739,fresh,fresh
REQ-05739,fresh cut grass,green
REQ-05739,sweet,sweet
REQ-05741,sweet,sweet
REQ-05742,musk,musky
REQ-05744,dark,dark
REQ-05745,leather,leather
REQ-05746,citrus,citrus
REQ-05749,citrus,citrus
REQ-05750,clean,clean
REQ-05750,leather,leather
REQ-05750,coffee,gourmand
REQ-05753,fresh,fresh
REQ-05753,fresh cut grass,green
REQ-05754,sweet,sweet
REQ-05755,vanilla,gourmand
REQ-05756,vanilla,gourmand
REQ-05759,amber,amber
REQ-05759,leather,leather
REQ-05759,coffee,gourmand
REQ-05760,freshly washed,clean
REQ-05761,wet stone,mineral
REQ-05761,sweet,sweet
REQ-05763,barbershop,fougere
REQ-05771,leather,leather
REQ-05771,coffee,gourmand
REQ-05773,barbershop,fougere
REQ-05774,leather,leather
REQ-05775,spicy,spicy
REQ-05775,sweet,sweet
REQ-05777,forest,woody
REQ-05777,after rain,ozonic
REQ-05778,clean,clean
REQ-05780,smoky,smoky
REQ-05781,sweet,sweet
REQ-05783,clean,clean
REQ-05784,musk,musky
REQ-05785,citrus,citrus
REQ-05787,powdery,powdery
REQ-05788,spicy,spicy
REQ-05793,floral,floral
REQ-05793,leather,leather
REQ-05795,green,green
REQ-05797,barbershop,fougere
REQ-05800,citrus,citrus
REQ-05800,mineral,mineral
REQ-05801,fresh,fresh
REQ-05801,clean,clean
REQ-05801,freshly washed,clean
REQ-05802,musky,musky
REQ-05802,musk,musky
REQ-05803,leather,leather
REQ-05804,smoky,smoky
REQ-05805,amber,amber
REQ-05808,clean,clean
REQ-05809,floral,floral
REQ-05809,sweet,sweet
REQ-05813,musk,musky
REQ-05813,leather,leather
REQ-05815,aquatic,aquatic
REQ-05815,sweet,sweet
REQ-05816,sweet,sweet
REQ-05817,sweet,sweet
REQ-05818,leather,leather
REQ-05820,citrus,citrus
REQ-05820,sweet,sweet
REQ-05821,citrus,citrus
REQ-05823,green,green
REQ-05824,leather,leather
REQ-05826,leather,leather
REQ-05827,sweet,sweet
REQ-05828,ozone,ozonic
REQ-05829,clean,clean
REQ-05829,hotel lobby,clean
REQ-05831,sweet,sweet
REQ-05834,clean,clean
REQ-05834,hotel lobby,clean
REQ-05835,leather,leather
REQ-05837,smoky,smoky
REQ-05837,floral,floral
REQ-05839,powdery,powdery
REQ-05839,vanilla,gourmand
REQ-05840,woody,woody
REQ-05840,wet stone,mineral
REQ-05841,sweet,sweet
REQ-05842,vanilla,gourmand
REQ-05843,leather,leather
REQ-05843,coffee,gourmand
REQ-05844,smoky,smoky
REQ-05845,vanilla,gourmand
REQ-05846,powdery,powdery
REQ-05846,vanilla,gourmand
REQ-05849,smoky,smoky
REQ-05849,musk,musky
REQ-05852,citrus,citrus
REQ-05852,musky,musky
REQ-05852,musk,musky
REQ-05853,woody,woody
REQ-05854,musky,musky
REQ-05854,musk,musky
REQ-05854,leather,leather
REQ-05854,coffee,gourmand
REQ-05858,fresh,fresh
REQ-05858,freshly washed,clean
REQ-05858,musk,musky
REQ-05859,sweet,sweet
REQ-05860,musk,musky
REQ-05861,clean,clean
REQ-05861,hotel lobby,clean
REQ-05862,clean,clean
REQ-05862,ozonic,ozonic
REQ-05865,leather,leather
REQ-05865,coffee,gourmand
REQ-05866,vanilla,gourmand
REQ-05867,smoky,smoky
REQ-05869,sweet,sweet
REQ-05871,smoky,smoky
REQ-05872,aquatic,aquatic
REQ-05874,smoky,smoky
REQ-05874,sweet,sweet
REQ-05875,clean,clean
REQ-05875,smoke,smoky
REQ-05875,fireplace,smoky
REQ-05876,powdery,powdery
REQ-05876,sweet,sweet
REQ-05877,vanilla,gourmand
REQ-05879,powdery,powdery
REQ-05881,leather,leather
REQ-05882,citrus,citrus
REQ-05883,green,green
REQ-05884,vanilla,gourmand
REQ-05885,smoky,smoky
REQ-05887,clean,clean
REQ-05887,hotel lobby,clean
REQ-05888,musk,musky
REQ-05892,green,green
REQ-05894,amber,amber
REQ-05894,smoky,smoky
REQ-05894,green,green
REQ-05898,smoke,smoky
REQ-05898,fireplace,smoky
REQ-05900,barbershop,fougere
REQ-05901,vanilla,gourmand
REQ-05902,powdery,powdery
REQ-05903,green,green
REQ-05904,amber,amber
REQ-05905,after rain,ozonic
REQ-05906,leather,leather
REQ-05906,vanilla,gourmand
REQ-05907,amber,amber
REQ-05910,powdery,powdery
REQ-05911,leather,leather
REQ-05912,vanilla,gourmand
REQ-05915,spicy,spicy
REQ-05916,vanilla,gourmand
REQ-05917,vanilla,gourmand
REQ-05917,coffee,gourmand
REQ-05918,sweet,sweet
REQ-05921,smoky,smoky
REQ-05921,sweet,sweet
REQ-05922,sweet,sweet
REQ-05923,clean,clean
REQ-05923,hotel lobby,clean
REQ-05924,vanilla,gourmand
REQ-05926,citrus,citrus
REQ-05926,musk,musky
REQ-05927,vanilla,gourmand
REQ-05928,dark,dark
REQ-05928,citrus,citrus
REQ-05928,barbershop,fougere
REQ-05929,clean,clean
REQ-05930,powdery,powdery
REQ-05933,smoky,smoky
REQ-05934,sweet,sweet
REQ-05936,sweet,sweet
REQ-05939,leather,leather
REQ-05939,coffee,gourmand
REQ-05940,smoke,smoky
REQ-05940,fireplace,smoky
REQ-05941,fresh,fresh
REQ-05941,leather,leather
REQ-05941,vanilla,gourmand
REQ-05942,smoky,smoky
REQ-05943,ozonic,ozonic
REQ-05943,powdery,powdery
REQ-05945,musky,musky
REQ-05945,musk,musky
REQ-05946,powdery,powdery
REQ-05946,barbershop,fougere
REQ-05947,clean,clean
REQ-05949,citrus,citrus
REQ-05949,sweet,sweet
REQ-05952,sweet,sweet
REQ-05953,smoke,smoky
REQ-05953,fireplace,smoky
REQ-05953,sweet,sweet
REQ-05954,smoke,smoky
REQ-05954,fireplace,smoky
REQ-05954,musk,musky
REQ-05957,sweet,sweet
REQ-05958,citrus,citrus
REQ-05958,barbershop,fougere
REQ-05960,clean,clean
REQ-05960,hotel lobby,clean
REQ-05961,clean,clean
REQ-05961,hotel lobby,clean
REQ-05963,fresh,fresh
REQ-05963,sweet,sweet
REQ-05964,clean,clean
REQ-05964,smoky,smoky
REQ-05965,citrus,citrus
REQ-05966,citrus,citrus
REQ-05968,aquatic,aquatic
REQ-05970,sweet,sweet
REQ-05972,smoke,smoky
REQ-05972,fireplace,smoky
REQ-05972,powdery,powdery
REQ-05974,citrus,citrus
REQ-05975,smoky,smoky
REQ-05977,fresh,fresh
REQ-05977,clean,clean
REQ-05978,citrus,citrus
REQ-05979,musky,musky
REQ-05979,musk,musky
REQ-05980,smoky,smoky
REQ-05982,citrus,citrus
REQ-05983,fresh,fresh
REQ-05984,musk,musky
REQ-05986,powdery,powdery
REQ-05990,leather,leather
REQ-05991,barbershop,fougere
REQ-05992,green,green
REQ-05992,leather,leather
REQ-05992,coffee,gourmand
REQ-05994,clean,clean
REQ-05996,powdery,powdery
REQ-05998,smoke,smoky
REQ-05998,fireplace,smoky
REQ-05998,sweet,sweet
REQ-05998,vanilla,gourmand
REQ-05999,sweet,sweet
REQ-06003,spicy,spicy
REQ-06003,vanilla,gourmand
REQ-06004,clean,clean
REQ-06006,citrus,citrus
REQ-06007,musk,musky
REQ-06011,leather,leather
REQ-06012,spicy,spicy
REQ-06012,powdery,powdery
REQ-06013,leather,leather
REQ-06014,leather,leather
REQ-06015,vanilla,gourmand
REQ-06016,leather,leather
REQ-06017,musk,musky
REQ-06019,leather,leather
REQ-06019,coffee,gourmand
REQ-06020,mineral,mineral
REQ-06020,sweet,sweet
REQ-06024,leather,leather
REQ-06024,coffee,gourmand
REQ-06026,vanilla,gourmand
REQ-06028,citrus,citrus
REQ-06029,smoky,smoky
REQ-06029,musk,musky
REQ-06033,aquatic,aquatic
REQ-06039,leather,leather
REQ-06040,clean,clean
REQ-06040,hotel lobby,clean
REQ-06041,leather,leather
REQ-06041,coffee,gourmand
REQ-06043,powdery,powdery
REQ-06044,musk,musky
REQ-06045,leather,leather
REQ-06045,coffee,gourmand
REQ-06046,powdery,powdery
REQ-06048,clean,clean
REQ-06048,smoke,smoky
REQ-06048,fireplace,smoky
REQ-06049,fresh,fresh
REQ-06049,smoky,smoky
REQ-06051,clean,clean
REQ-06054,green,green
REQ-06057,forest,woody
REQ-06057,after rain,ozonic
REQ-06057,sweet,sweet
REQ-06058,smoky,smoky
REQ-06060,sweet,sweet
REQ-06061,sweet,sweet
REQ-06062,sweet,sweet
REQ-06066,vanilla,gourmand
REQ-06069,fresh,fresh
REQ-06069,fresh cut grass,green
REQ-06069,musk,musky
REQ-06069,powdery,powdery
REQ-06070,spicy,spicy
REQ-06070,citrus,citrus
REQ-06071,vanilla,gourmand
REQ-06073,smoke,smoky
REQ-06073,fireplace,smoky
REQ-06074,clean,clean
REQ-06074,mineral,mineral
REQ-06074,sweet,sweet
REQ-06076,powdery,powdery
REQ-06078,sweet,sweet
REQ-06079,aquatic,aquatic
REQ-06079,sweet,sweet
REQ-06080,amber,amber
REQ-06081,smoky,smoky
REQ-06082,smoky,smoky
REQ-06083,musky,musky
REQ-06083,musk,musky
REQ-06084,ozonic,ozonic
REQ-06085,clean,clean
REQ-06085,hotel lobby,clean
REQ-06086,clean,clean
REQ-06088,powdery,powdery
REQ-06091,ozone,ozonic
REQ-06092,fresh,fresh
REQ-06092,fresh cut grass,green
REQ-06093,citrus,citrus
REQ-06097,musky,musky
REQ-06097,musk,musky
REQ-06098,powdery,powdery
REQ-06099,green,green
REQ-06100,smoke,smoky
REQ-06100,fireplace,smoky
REQ-06101,powdery,powdery
REQ-06104,sweet,sweet
REQ-06106,ozone,ozonic
REQ-06107,forest,woody
REQ-06109,clean,clean
REQ-06109,hotel lobby,clean
REQ-06110,green,green
REQ-06110,musk,musky
REQ-06110,sweet,sweet
REQ-06112,clean,clean
REQ-06115,smoky,smoky
REQ-06115,sweet,sweet
REQ-06117,smoky,smoky
REQ-06120,sweet,sweet
REQ-06121,powdery,powdery
REQ-06122,clean,clean
REQ-06123,dark,dark
REQ-06123,leather,leather
REQ-06124,spicy,spicy
REQ-06124,barbershop,fougere
REQ-06125,ozonic,ozonic
REQ-06126,sweet,sweet
REQ-06128,wet stone,mineral
REQ-06129,wet stone,mineral
REQ-06130,floral,floral
REQ-06132,leather,leather
REQ-06133,smoky,smoky
REQ-06133,musk,musky
REQ-06135,vanilla,gourmand
REQ-06137,woody,woody
REQ-06138,spicy,spicy
REQ-06139,spicy,spicy
REQ-06139,leather,leather
REQ-06139,vanilla,gourmand
REQ-06140,aquatic,aquatic
REQ-06142,musk,musky
REQ-06142,sweet,sweet
REQ-06144,fresh,fresh
REQ-06144,clean,clean
REQ-06144,freshly washed,clean
REQ-06145,citrus,citrus
REQ-06145,powdery,powdery
REQ-06148,musk,musky
REQ-06149,powdery,powdery
REQ-06153,dark,dark
REQ-06154,vanilla,gourmand
REQ-06157,citrus,citrus
REQ-06158,ozone,ozonic
REQ-06158,leather,leather
REQ-06160,vanilla,gourmand
REQ-06162,citrus,citrus
REQ-06168,leather,leather
REQ-06168,vanilla,gourmand
REQ-06169,woody,woody
REQ-06169,powdery,powdery
REQ-06170,clean,clean
REQ-06170,citrus,citrus
REQ-06172,smoky,smoky
REQ-06172,ozonic,ozonic
REQ-06178,musk,musky
REQ-06178,wet stone,mineral
REQ-06180,clean,clean
REQ-06180,hotel lobby,clean
REQ-06182,clean,clean
REQ-06182,musk,musky
REQ-06185,leather,leather
REQ-06187,smoky,smoky
REQ-06187,green,green
REQ-06188,vanilla,gourmand
REQ-06189,powdery,powdery
REQ-06191,woody,woody
REQ-06191,ozonic,ozonic
REQ-06194,powdery,powdery
REQ-06195,vanilla,gourmand
REQ-06196,sweet,sweet
REQ-06197,smoky,smoky
REQ-06197,smoke,smoky
REQ-06197,fireplace,smoky
REQ-06201,powdery,powdery
REQ-06201,sweet,sweet
REQ-06202,powdery,powdery
REQ-06203,smoke,smoky
REQ-06203,fireplace,smoky
REQ-06203,musk,musky
REQ-06204,musk,musky
REQ-06205,fresh,fresh
REQ-06205,smoky,smoky
REQ-06205,fresh cut grass,green
REQ-06207,sweet,sweet
REQ-06208,clean,clean
REQ-06211,amber,amber
REQ-06212,smoky,smoky
REQ-06213,clean,clean
REQ-06213,hotel lobby,clean
REQ-06213,smoky,smoky
REQ-06213,citrus,citrus
REQ-06214,fresh,fresh
REQ-06214,freshly washed,clean
REQ-06214,sweet,sweet
REQ-06215,leather,leather
REQ-06217,leather,leather
REQ-06217,vanilla,gourmand
REQ-06218,dark,dark
REQ-06220,fresh,fresh
REQ-06220,freshly washed,clean
REQ-06220,smoky,smoky
REQ-06221,citrus,citrus
REQ-06222,sweet,sweet
REQ-06223,fresh,fresh
REQ-06223,freshly washed,clean
REQ-06223,mineral,mineral
REQ-06224,musk,musky
REQ-06227,dark,dark
REQ-06228,vanilla,gourmand
REQ-06229,smoky,smoky
REQ-06231,powdery,powdery
REQ-06232,ozone,ozonic
REQ-06232,vanilla,gourmand
REQ-06234,vanilla,gourmand
REQ-06236,aquatic,aquatic
REQ-06238,musk,musky
REQ-06239,powdery,powdery
REQ-06240,sweet,sweet
REQ-06242,smoky,smoky
REQ-06243,green,green
REQ-06245,vanilla,gourmand
REQ-06246,leather,leather
REQ-06246,vanilla,gourmand
REQ-06249,sweet,sweet
REQ-06251,spicy,spicy
REQ-06251,citrus,citrus
REQ-06252,musk,musky
REQ-06252,powdery,powdery
REQ-06254,citrus,citrus
REQ-06254,ozone,ozonic
REQ-06256,amber,amber
REQ-06256,smoky,smoky
REQ-06257,woody,woody
REQ-06257,leather,leather
REQ-06258,aquatic,aquatic
REQ-06259,powdery,powdery
REQ-06260,leather,leather
REQ-06261,citrus,citrus
REQ-06262,powdery,powdery
REQ-06263,musk,musky
REQ-06263,sweet,sweet
REQ-06264,leather,leather
REQ-06266,clean,clean
REQ-06267,wet stone,mineral
REQ-06267,sweet,sweet
REQ-06273,woody,woody
REQ-06273,musk,musky
REQ-06275,citrus,citrus
REQ-06276,fresh cut grass,green
REQ-06277,citrus,citrus
REQ-06279,clean,clean
REQ-06281,musk,musky
REQ-06281,aquatic,aquatic
REQ-06282,clean,clean
REQ-06284,powdery,powdery
REQ-06289,smoky,smoky
REQ-06289,citrus,citrus
REQ-06298,citrus,citrus
REQ-06299,fresh,fresh
REQ-06299,sweet,sweet
REQ-06303,smoky,smoky
REQ-06303,sweet,sweet
REQ-06308,clean,clean
REQ-06308,hotel lobby,clean
REQ-06309,green,green
REQ-06310,powdery,powdery
REQ-06312,fresh,fresh
REQ-06313,citrus,citrus
REQ-06315,clean,clean
REQ-06315,musky,musky
REQ-06315,musk,musky
REQ-06316,fresh,fresh
REQ-06316,clean,clean
REQ-06316,vanilla,gourmand
REQ-06318,vanilla,gourmand
REQ-06319,sweet,sweet
REQ-06320,sweet,sweet
REQ-06321,powdery,powdery
REQ-06322,sweet,sweet
REQ-06326,leather,leather
REQ-06327,musk,musky
REQ-06330,clean,clean
REQ-06331,barbershop,fougere
REQ-06333,leather,leather
REQ-06334,musk,musky
REQ-06335,leather,leather
REQ-06335,vanilla,gourmand
REQ-06338,sweet,sweet
REQ-06340,leather,leather
REQ-06341,spicy,spicy
REQ-06342,citrus,citrus
REQ-06342,vanilla,gourmand
REQ-06344,sweet,sweet
REQ-06345,dark,dark
REQ-06345,citrus,citrus
REQ-06347,sweet,sweet
REQ-06349,leather,leather
REQ-06350,clean,clean
REQ-06351,leather,leather
REQ-06352,barbershop,fougere
REQ-06353,musk,musky
REQ-06354,barbershop,fougere
REQ-06355,musk,musky
REQ-06356,citrus,citrus
REQ-06356,ozonic,ozonic
REQ-06357,citrus,citrus
REQ-06359,sweet,sweet
REQ-06360,ozone,ozonic
REQ-06361,clean,clean
REQ-06361,hotel lobby,clean
REQ-06362,powdery,powdery
REQ-06362,barbershop,fougere
REQ-06363,wet stone,mineral
REQ-06363,leather,leather
REQ-06364,leather,leather
REQ-06364,coffee,gourmand
REQ-06365,green,green
REQ-06365,powdery,powdery
REQ-06366,barbershop,fougere
REQ-06367,wet stone,mineral
REQ-06368,amber,amber
REQ-06370,smoky,smoky
REQ-06371,vanilla,gourmand
REQ-06373,smoky,smoky
REQ-06374,citrus,citrus
REQ-06375,sweet,sweet
REQ-06376,vanilla,gourmand
REQ-06377,vanilla,gourmand
REQ-06379,spicy,spicy
REQ-06380,mineral,mineral
REQ-06381,vanilla,gourmand
REQ-06383,citrus,citrus
REQ-06383,musk,musky
REQ-06384,citrus,citrus
REQ-06385,ozonic,ozonic
REQ-06385,sweet,sweet
REQ-06386,smoke,smoky
REQ-06386,fireplace,smoky
REQ-06386,vanilla,gourmand
REQ-06387,fresh,fresh
REQ-06387,vanilla,gourmand
REQ-06390,fresh,fresh
REQ-06391,fresh,fresh
REQ-06391,fresh cut grass,green
REQ-06392,powdery,powdery
REQ-06393,forest,woody
REQ-06393,after rain,ozonic
REQ-06394,leather,leather
REQ-06394,coffee,gourmand
REQ-06397,musk,musky
REQ-06399,aquatic,aquatic
REQ-06400,citrus,citrus
REQ-06401,spicy,spicy
REQ-06401,powdery,powdery
REQ-06401,sweet,sweet
REQ-06402,sweet,sweet
REQ-06403,fresh,fresh
REQ-06403,freshly washed,clean
REQ-06403,powdery,powdery
REQ-06404,smoky,smoky
REQ-06404,leather,leather
REQ-06405,smoky,smoky
REQ-06405,ozonic,ozonic
REQ-06408,aquatic,aquatic
REQ-06409,fresh,fresh
REQ-06409,fresh cut grass,green
REQ-06409,leather,leather
REQ-06410,leather,leather
REQ-06410,coffee,gourmand
REQ-06411,citrus,citrus
REQ-06412,amber,amber
REQ-06412,citrus,citrus
REQ-06413,forest,woody
REQ-06413,after rain,ozonic
REQ-06415,clean,clean
REQ-06419,smoky,smoky
REQ-06419,sweet,sweet
REQ-06420,sweet,sweet
REQ-06420,vanilla,gourmand
REQ-06423,floral,floral
REQ-06423,sweet,sweet
REQ-06424,clean,clean
REQ-06424,citrus,citrus
REQ-06429,clean,clean
REQ-06430,musk,musky
REQ-06431,dark,dark
REQ-06432,spicy,spicy
REQ-06433,smoke,smoky
REQ-06433,fireplace,smoky
REQ-06434,sweet,sweet
REQ-06435,musky,musky
REQ-06435,musk,musky
REQ-06435,aquatic,aquatic
REQ-06435,sweet,sweet
REQ-06436,floral,floral
REQ-06437,smoke,smoky
REQ-06437,fireplace,smoky
REQ-06438,citrus,citrus
REQ-06440,fresh,fresh
REQ-06441,citrus,citrus
REQ-06441,barbershop,fougere
REQ-06442,clean,clean
REQ-06442,smoky,smoky
REQ-06443,musk,musky
REQ-06446,citrus,citrus
REQ-06447,mineral,mineral
REQ-06448,mineral,mineral
REQ-06448,vanilla,gourmand
REQ-06449,aquatic,aquatic
REQ-06452,leather,leather
REQ-06453,amber,amber
REQ-06454,citrus,citrus
REQ-06454,vanilla,gourmand
REQ-06455,sweet,sweet
REQ-06456,fresh,fresh
REQ-06456,clean,clean
REQ-06456,smoky,smoky
REQ-06456,fresh cut grass,green
REQ-06458,citrus,citrus
REQ-06459,musk,musky
REQ-06460,citrus,citrus
REQ-06461,smoky,smoky
REQ-06461,green,green
REQ-06461,vanilla,gourmand
REQ-06463,vanilla,gourmand
REQ-06465,fresh,fresh
REQ-06465,freshly washed,clean
REQ-06468,clean,clean
REQ-06468,hotel lobby,clean
REQ-06471,vanilla,gourmand
REQ-06472,clean,clean
REQ-06473,fresh,fresh
REQ-06473,freshly washed,clean
REQ-06474,sweet,sweet
REQ-06476,leather,leather
REQ-06479,sweet,sweet
REQ-06480,spicy,spicy
REQ-06481,leather,leather
REQ-06481,powdery,powdery
REQ-06483,powdery,powdery
REQ-06484,sweet,sweet
REQ-06485,leather,leather
REQ-06486,green,green
REQ-06486,powdery,powdery
REQ-06490,leather,leather
REQ-06491,vanilla,gourmand
REQ-06494,fresh,fresh
REQ-06494,fresh cut grass,green
REQ-06495,citrus,citrus
REQ-06496,citrus,citrus
REQ-06497,sweet,sweet
REQ-06498,citrus,citrus
REQ-06499,fresh cut grass,green
REQ-06501,citrus,citrus
REQ-06502,musk,musky
REQ-06505,leather,leather
REQ-06505,coffee,gourmand
REQ-06507,smoky,smoky
REQ-06509,spicy,spicy
REQ-06509,powdery,powdery
REQ-06512,clean,clean
REQ-06515,clean,clean
REQ-06515,hotel lobby,clean
REQ-06518,sweet,sweet
REQ-06518,vanilla,gourmand
REQ-06519,floral,floral
REQ-06520,fresh,fresh
REQ-06522,clean,clean
REQ-06523,vanilla,gourmand
REQ-06523,barbershop,fougere
REQ-06526,clean,clean
REQ-06526,musky,musky
REQ-06526,musk,musky
REQ-06527,sweet,sweet
REQ-06530,leather,leather
REQ-06533,spicy,spicy
REQ-06534,clean,clean
REQ-06538,sweet,sweet
REQ-06539,clean,clean
REQ-06540,powdery,powdery
REQ-06541,barbershop,fougere
REQ-06542,fresh,fresh
REQ-06542,freshly washed,clean
REQ-06542,smoky,smoky
REQ-06542,spicy,spicy
REQ-06542,leather,leather
REQ-06543,aquatic,aquatic
REQ-06546,dark,dark
REQ-06546,floral,floral
REQ-06548,fresh,fresh
REQ-06548,freshly washed,clean
REQ-06552,ozone,ozonic
REQ-06552,sweet,sweet
REQ-06553,floral,floral
REQ-06554,vanilla,gourmand
REQ-06556,clean,clean
REQ-06557,clean,clean
REQ-06557,woody,woody
REQ-06558,aquatic,aquatic
REQ-06558,leather,leather
REQ-06560,amber,amber
REQ-06560,leather,leather
REQ-06562,musk,musky
REQ-06562,leather,leather
REQ-06563,leather,leather
REQ-06564,leather,leather
REQ-06565,mineral,mineral
REQ-06567,smoky,smoky
REQ-06567,citrus,citrus
REQ-06568,vanilla,gourmand
REQ-06574,smoke,smoky
REQ-06574,fireplace,smoky
REQ-06574,citrus,citrus
REQ-06576,fresh,fresh
REQ-06576,clean,clean
REQ-06579,citrus,citrus
REQ-06580,amber,amber
REQ-06581,spicy,spicy
REQ-06583,spicy,spicy
REQ-06583,after rain,ozonic
REQ-06585,sweet,sweet
REQ-06586,clean,clean
REQ-06586,musk,musky
REQ-06586,powdery,powdery
REQ-06590,fresh,fresh
REQ-06590,freshly washed,clean
REQ-06591,vanilla,gourmand
REQ-06593,powdery,powdery
REQ-06594,smoky,smoky
REQ-06596,citrus,citrus
REQ-06597,forest,woody
REQ-06597,after rain,ozonic
REQ-06597,leather,leather
REQ-06598,musk,musky
REQ-06599,vanilla,gourmand
REQ-06600,smoke,smoky
REQ-06600,fireplace,smoky
REQ-06601,citrus,citrus
REQ-06603,clean,clean
REQ-06603,citrus,citrus
REQ-06604,sweet,sweet
REQ-06609,ozone,ozonic
REQ-06609,leather,leather
REQ-06611,clean,clean
REQ-06612,amber,amber
REQ-06613,clean,clean
REQ-06615,musk,musky
REQ-06616,smoky,smoky
REQ-06617,leather,leather
REQ-06617,vanilla,gourmand
REQ-06617,coffee,gourmand
REQ-06619,sweet,sweet
REQ-06621,clean,clean
REQ-06622,smoky,smoky
REQ-06623,powdery,powdery
REQ-06624,powdery,powdery
REQ-06625,woody,woody
REQ-06626,amber,amber
REQ-06626,leather,leather
REQ-06628,woody,woody
REQ-06630,vanilla,gourmand
REQ-06631,musk,musky
REQ-06634,citrus,citrus
REQ-06637,musk,musky
REQ-06637,leather,leather
REQ-06638,smoky,smoky
REQ-06638,musk,musky
REQ-06640,citrus,citrus
REQ-06640,leather,leather
REQ-06641,spicy,spicy
REQ-06642,powdery,powdery
REQ-06644,clean,clean
REQ-06646,leather,leather
REQ-06647,woody,woody
REQ-06650,smoky,smoky
REQ-06652,leather,leather
REQ-06654,coffee,gourmand
REQ-06655,citrus,citrus
REQ-06656,vanilla,gourmand
REQ-06658,fresh,fresh
REQ-06659,dark,dark
REQ-06660,musk,musky
REQ-06661,amber,amber
REQ-06662,vanilla,gourmand
REQ-06665,mineral,mineral
REQ-06668,musky,musky
REQ-06668,musk,musky
REQ-06668,sweet,sweet
REQ-06669,smoky,smoky
REQ-06670,leather,leather
REQ-06670,sweet,sweet
REQ-06672,powdery,powdery
REQ-06672,barbershop,fougere
REQ-06674,sweet,sweet
REQ-06675,vanilla,gourmand
REQ-06676,woody,woody
REQ-06676,vanilla,gourmand
REQ-06677,powdery,powdery
REQ-06678,smoky,smoky
REQ-06678,ozone,ozonic
REQ-06680,vanilla,gourmand
REQ-06681,leather,leather
REQ-06681,coffee,gourmand
REQ-06682,clean,clean
REQ-06683,leather,leather
REQ-06683,powdery,powdery
REQ-06685,sweet,sweet
REQ-06686,smoke,smoky
REQ-06686,fireplace,smoky
REQ-06686,ozonic,ozonic
REQ-06687,fresh,fresh
REQ-06688,smoky,smoky
REQ-06692,barbershop,fougere
REQ-06693,smoky,smoky
REQ-06695,powdery,powdery
REQ-06696,smoky,smoky
REQ-06698,ozonic,ozonic
REQ-06699,citrus,citrus
REQ-06700,forest,woody
REQ-06700,after rain,ozonic
REQ-06704,ozonic,ozonic
REQ-06705,vanilla,gourmand
REQ-06706,fresh,fresh
REQ-06706,fresh cut grass,green
REQ-06706,vanilla,gourmand
REQ-06707,leather,leather
REQ-06709,clean,clean
REQ-06711,leather,leather
REQ-06712,vanilla,gourmand
REQ-06713,forest,woody
REQ-06715,leather,leather
REQ-06716,smoke,smoky
REQ-06716,fireplace,smoky
REQ-06717,wet stone,mineral
REQ-06720,leather,leather
REQ-06721,forest,woody
REQ-06721,citrus,citrus
REQ-06721,after rain,ozonic
REQ-06722,dark,dark
REQ-06723,citrus,citrus
REQ-06723,sweet,sweet
REQ-06725,aquatic,aquatic
REQ-06726,fresh,fresh
REQ-06726,fresh cut grass,green
REQ-06728,clean,clean
REQ-06729,clean,clean
REQ-06732,musky,musky
REQ-06732,musk,musky
REQ-06734,clean,clean
REQ-06736,clean,clean
REQ-06736,mineral,mineral
REQ-06738,citrus,citrus
REQ-06740,dark,dark
REQ-06742,aquatic,aquatic
REQ-06742,sweet,sweet
REQ-06743,clean,clean
REQ-06744,spicy,spicy
REQ-06745,leather,leather
REQ-06749,mineral,mineral
REQ-06750,ozone,ozonic
REQ-06750,leather,leather
REQ-06752,clean,clean
REQ-06755,sweet,sweet
REQ-06757,smoky,smoky
REQ-06758,musk,musky
REQ-06758,sweet,sweet
REQ-06760,smoky,smoky
REQ-06760,musk,musky
REQ-06760,sweet,sweet
REQ-06762,powdery,powdery
REQ-06763,leather,leather
REQ-06765,powdery,powdery
REQ-06767,ozone,ozonic
REQ-06768,ozone,ozonic
REQ-06769,dark,dark
REQ-06770,leather,leather
REQ-06770,vanilla,gourmand
REQ-06770,coffee,gourmand
REQ-06771,fresh,fresh
REQ-06771,wet stone,mineral
REQ-06772,forest,woody
REQ-06772,after rain,ozonic
REQ-06772,leather,leather
REQ-06775,musk,musky
REQ-06775,leather,leather
REQ-06776,citrus,citrus
REQ-06780,leather,leather
REQ-06781,musk,musky
REQ-06785,musk,musky
REQ-06786,fresh,fresh
REQ-06787,sweet,sweet
REQ-06788,powdery,powdery
REQ-06792,forest,woody
REQ-06792,sweet,sweet
REQ-06793,leather,leather
REQ-06794,musk,musky
REQ-06794,powdery,powdery
REQ-06795,fresh,fresh
REQ-06795,freshly washed,clean
REQ-06800,musk,musky
REQ-06801,fresh,fresh
REQ-06801,vanilla,gourmand
REQ-06803,vanilla,gourmand
REQ-06805,sweet,sweet
REQ-06806,musky,musky
REQ-06806,musk,musky
REQ-06807,amber,amber
REQ-06812,clean,clean
REQ-06813,mineral,mineral
REQ-06814,powdery,powdery
REQ-06815,leather,leather
REQ-06815,coffee,gourmand
REQ-06816,leather,leather
REQ-06817,sweet,sweet
REQ-06818,smoky,smoky
REQ-06819,citrus,citrus
REQ-06821,sweet,sweet
REQ-06822,floral,floral
REQ-06822,powdery,powdery
REQ-06826,green,green
REQ-06826,musk,musky
REQ-06827,smoke,smoky
REQ-06827,fireplace,smoky
REQ-06827,green,green
REQ-06829,musk,musky
REQ-06830,citrus,citrus
REQ-06831,smoky,smoky
REQ-06832,fresh,fresh
REQ-06832,fresh cut grass,green
REQ-06834,freshly washed,clean
REQ-06839,musk,musky
REQ-06839,sweet,sweet
REQ-06840,musk,musky
REQ-06840,leather,leather
REQ-06841,citrus,citrus
REQ-06844,mineral,mineral
REQ-06846,spicy,spicy
REQ-06846,sweet,sweet
REQ-06852,sweet,sweet
REQ-06853,clean,clean
REQ-06853,hotel lobby,clean
REQ-06854,vanilla,gourmand
REQ-06855,smoky,smoky
REQ-06856,clean,clean
REQ-06857,citrus,citrus
REQ-06859,citrus,citrus
REQ-06860,clean,clean
REQ-06860,hotel lobby,clean
REQ-06862,smoky,smoky
REQ-06862,floral,floral
REQ-06863,smoky,smoky
REQ-06864,musky,musky
REQ-06864,musk,musky
REQ-06867,vanilla,gourmand
REQ-06868,smoke,smoky
REQ-06868,fireplace,smoky
REQ-06873,sweet,sweet
REQ-06874,clean,clean
REQ-06874,hotel lobby,clean
REQ-06874,sweet,sweet
REQ-06876,fresh,fresh
REQ-06876,fresh cut grass,green
REQ-06877,musky,musky
REQ-06877,musk,musky
REQ-06878,smoky,smoky
REQ-06883,clean,clean
REQ-06884,smoky,smoky
REQ-06885,sweet,sweet
REQ-06887,smoky,smoky
REQ-06887,powdery,powdery
REQ-06890,clean,clean
REQ-06893,green,green
REQ-06893,leather,leather
REQ-06894,vanilla,gourmand
REQ-06895,sweet,sweet
REQ-06896,green,green
REQ-06899,spicy,spicy
REQ-06899,powdery,powdery
REQ-06902,smoke,smoky
REQ-06902,fireplace,smoky
REQ-06905,ozone,ozonic
REQ-06905,sweet,sweet
REQ-06906,citrus,citrus
REQ-06907,vanilla,gourmand
REQ-06908,leather,leather
REQ-06908,barbershop,fougere
REQ-06909,clean,clean
REQ-06915,fresh,fresh
REQ-06915,citrus,citrus
REQ-06915,fresh cut grass,green
REQ-06916,vanilla,gourmand
REQ-06917,fresh,fresh
REQ-06918,woody,woody
REQ-06919,forest,woody
REQ-06920,smoky,smoky
REQ-06922,citrus,citrus
REQ-06922,ozonic,ozonic
REQ-06924,citrus,citrus
REQ-06927,smoky,smoky
REQ-06927,ozonic,ozonic
REQ-06929,powdery,powdery
REQ-06930,spicy,spicy
REQ-06930,vanilla,gourmand
REQ-06932,vanilla,gourmand
REQ-06936,smoky,smoky
REQ-06936,powdery,powdery
REQ-06938,clean,clean
REQ-06938,wet stone,mineral
REQ-06939,wet stone,mineral
REQ-06943,woody,woody
REQ-06943,citrus,citrus
REQ-06946,smoky,smoky
REQ-06948,smoky,smoky
REQ-06948,ozone,ozonic
REQ-06951,spicy,spicy
REQ-06952,dark,dark
REQ-06957,sweet,sweet
REQ-06958,sweet,sweet
REQ-06960,sweet,sweet
REQ-06962,woody,woody
REQ-06962,citrus,citrus
REQ-06963,sweet,sweet
REQ-06964,smoky,smoky
REQ-06964,musk,musky
REQ-06966,smoky,smoky
REQ-06966,musk,musky
REQ-06968,leather,leather
REQ-06968,coffee,gourmand
REQ-06969,smoky,smoky
REQ-06970,leather,leather
REQ-06972,smoky,smoky
REQ-06972,mineral,mineral
REQ-06973,sweet,sweet
REQ-06974,musk,musky
REQ-06977,leather,leather
REQ-06980,leather,leather
REQ-06982,powdery,powdery
REQ-06983,amber,amber
REQ-06983,smoky,smoky
REQ-06984,clean,clean
REQ-06987,leather,leather
REQ-06987,coffee,gourmand
REQ-06991,smoky,smoky
REQ-06991,powdery,powdery
REQ-06995,smoky,smoky
REQ-06997,vanilla,gourmand
REQ-06998,smoky,smoky
REQ-07000,spicy,spicy
REQ-07003,sweet,sweet
REQ-07004,musk,musky
REQ-07006,leather,leather
REQ-07006,coffee,gourmand
REQ-07008,citrus,citrus
REQ-07008,leather,leather
REQ-07009,musk,musky
REQ-07010,smoky,smoky
REQ-07012,fresh,fresh
REQ-07012,floral,floral
REQ-07013,clean,clean
REQ-07014,mineral,mineral
REQ-07017,powdery,powdery
REQ-07021,clean,clean
REQ-07021,hotel lobby,clean
REQ-07022,leather,leather
REQ-07023,musk,musky
REQ-07023,wet stone,mineral
REQ-07026,clean,clean
REQ-07027,vanilla,gourmand
REQ-07028,vanilla,gourmand
REQ-07030,vanilla,gourmand
REQ-07033,citrus,citrus
REQ-07034,barbershop,fougere
REQ-07036,citrus,citrus
REQ-07037,citrus,citrus
REQ-07038,dark,dark
REQ-07038,smoky,smoky
REQ-07039,smoky,smoky
REQ-07040,smoke,smoky
REQ-07040,fireplace,smoky
REQ-07042,powdery,powdery
REQ-07044,smoke,smoky
REQ-07044,fireplace,smoky
REQ-07044,sweet,sweet
REQ-07045,vanilla,gourmand
REQ-07046,vanilla,gourmand
REQ-07047,leather,leather
REQ-07047,powdery,powdery
REQ-07047,barbershop,fougere
REQ-07050,citrus,citrus
REQ-07052,citrus,citrus
REQ-07053,smoky,smoky
REQ-07054,dark,dark
REQ-07054,musk,musky
REQ-07055,vanilla,gourmand
REQ-07059,smoky,smoky
REQ-07059,powdery,powdery
REQ-07062,musky,musky
REQ-07062,musk,musky
REQ-07063,citrus,citrus
REQ-07063,musk,musky
REQ-07064,sweet,sweet
REQ-07065,fresh,fresh
REQ-07067,citrus,citrus
REQ-07070,spicy,spicy
REQ-07070,musk,musky
REQ-07070,powdery,powdery
REQ-07074,spicy,spicy
REQ-07075,leather,leather
REQ-07075,vanilla,gourmand
REQ-07075,coffee,gourmand
REQ-07076,musk,musky
REQ-07077,citrus,citrus
REQ-07078,ozonic,ozonic
REQ-07078,powdery,powdery
REQ-07080,ozonic,ozonic
REQ-07080,sweet,sweet
REQ-07082,ozone,ozonic
REQ-07082,leather,leather
REQ-07082,powdery,powdery
REQ-07085,forest,woody
REQ-07085,musk,musky
REQ-07086,powdery,powdery
REQ-07087,leather,leather
REQ-07087,vanilla,gourmand
REQ-07087,coffee,gourmand
REQ-07089,smoke,smoky
REQ-07089,fireplace,smoky
REQ-07090,powdery,powdery
REQ-07093,sweet,sweet
REQ-07094,fresh,fresh
REQ-07094,musk,musky
REQ-07095,clean,clean
REQ-07095,sweet,sweet
REQ-07096,fresh,fresh
REQ-07096,fresh cut grass,green
REQ-07098,dark,dark
REQ-07098,green,green
REQ-07100,smoky,smoky
REQ-07100,musk,musky
REQ-07104,citrus,citrus
REQ-07105,smoke,smoky
REQ-07105,fireplace,smoky
REQ-07108,leather,leather
REQ-07110,smoky,smoky
REQ-07118,smoky,smoky
REQ-07119,fresh,fresh
REQ-07120,vanilla,gourmand
REQ-07121,musk,musky
REQ-07121,ozone,ozonic
REQ-07126,sweet,sweet
REQ-07129,powdery,powdery
REQ-07130,fresh,fresh
REQ-07130,freshly washed,clean
REQ-07130,vanilla,gourmand
REQ-07131,smoky,smoky
REQ-07131,vanilla,gourmand
REQ-07134,sweet,sweet
REQ-07135,sweet,sweet
REQ-07136,leather,leather
REQ-07138,clean,clean
REQ-07139,sweet,sweet
REQ-07140,leather,leather
REQ-07141,smoky,smoky
REQ-07141,sweet,sweet
REQ-07146,leather,leather
REQ-07147,smoky,smoky
REQ-07147,sweet,sweet
REQ-07148,fresh,fresh
REQ-07148,freshly washed,clean
REQ-07148,leather,leather
REQ-07152,aquatic,aquatic
REQ-07153,clean,clean
REQ-07153,hotel lobby,clean
REQ-07153,powdery,powdery
REQ-07155,clean,clean
REQ-07155,musk,musky
REQ-07157,smoky,smoky
REQ-07158,citrus,citrus
REQ-07159,clean,clean
REQ-07160,vanilla,gourmand
REQ-07161,woody,woody
REQ-07163,leather,leather
REQ-07165,powdery,powdery
REQ-07169,smoke,smoky
REQ-07169,fireplace,smoky
REQ-07171,clean,clean
REQ-07173,leather,leather
REQ-07174,musk,musky
REQ-07177,citrus,citrus
REQ-07178,citrus,citrus
REQ-07179,powdery,powdery
REQ-07182,aquatic,aquatic
REQ-07185,sweet,sweet
REQ-07186,powdery,powdery
REQ-07186,vanilla,gourmand
REQ-07187,powdery,powdery
REQ-07190,citrus,citrus
REQ-07191,sweet,sweet
REQ-07194,citrus,citrus
REQ-07195,sweet,sweet
REQ-07197,barbershop,fougere
REQ-07199,green,green
REQ-07200,musk,musky
REQ-07201,vanilla,gourmand
REQ-07202,smoky,smoky
REQ-07203,sweet,sweet
REQ-07205,clean,clean
REQ-07206,leather,leather
REQ-07207,citrus,citrus
REQ-07207,leather,leather
REQ-07210,barbershop,fougere
REQ-07211,smoky,smoky
REQ-07214,sweet,sweet
REQ-07215,amber,amber
REQ-07217,leather,leather
REQ-07217,vanilla,gourmand
REQ-07219,leather,leather
REQ-07219,coffee,gourmand
REQ-07220,smoky,smoky
REQ-07222,leather,leather
REQ-07224,clean,clean
REQ-07224,hotel lobby,clean
REQ-07224,sweet,sweet
REQ-07229,citrus,citrus
REQ-07229,sweet,sweet
REQ-07231,smoky,smoky
REQ-07232,leather,leather
REQ-07233,woody,woody
REQ-07234,smoky,smoky
REQ-07234,leather,leather
REQ-07234,vanilla,gourmand
REQ-07236,leather,leather
REQ-07236,vanilla,gourmand
REQ-07236,coffee,gourmand
REQ-07237,leather,leather
REQ-07238,citrus,citrus
REQ-07239,clean,clean
REQ-07239,vanilla,gourmand
REQ-07240,smoky,smoky
REQ-07243,musk,musky
REQ-07253,musk,musky
REQ-07253,sweet,sweet
REQ-07258,clean,clean
REQ-07259,vanilla,gourmand
REQ-07261,fresh,fresh
REQ-07261,clean,clean
REQ-07261,freshly washed,clean
REQ-07262,clean,clean
REQ-07263,ozonic,ozonic
REQ-07263,vanilla,gourmand
REQ-07264,powdery,powdery
REQ-07265,spicy,spicy
REQ-07265,ozone,ozonic
REQ-07270,fresh,fresh
REQ-07270,fresh cut grass,green
REQ-07272,citrus,citrus
REQ-07273,musk,musky
REQ-07275,fresh,fresh
REQ-07275,powdery,powdery
REQ-07276,leather,leather
REQ-07278,floral,floral
REQ-07279,leather,leather
REQ-07280,vanilla,gourmand
REQ-07281,clean,clean
REQ-07285,forest,woody
REQ-07285,after rain,ozonic
REQ-07286,musk,musky
REQ-07287,sweet,sweet
REQ-07288,fresh,fresh
REQ-07289,powdery,powdery
REQ-07289,sweet,sweet
REQ-07290,floral,floral
REQ-07290,citrus,citrus
REQ-07291,leather,leather
REQ-07295,green,green
REQ-07299,leather,leather
REQ-07302,clean,clean
REQ-07302,smoky,smoky
REQ-07302,leather,leather
REQ-07303,powdery,powdery
REQ-07308,musk,musky
REQ-07309,clean,clean
REQ-07314,dark,dark
REQ-07315,ozonic,ozonic
REQ-07315,powdery,powdery
REQ-07316,barbershop,fougere
REQ-07320,musk,musky
REQ-07320,ozonic,ozonic
REQ-07321,leather,leather
REQ-07323,clean,clean
REQ-07323,hotel lobby,clean
REQ-07326,sweet,sweet
REQ-07327,floral,floral
REQ-07329,vanilla,gourmand
REQ-07330,powdery,powdery
REQ-07330,vanilla,gourmand
REQ-07333,vanilla,gourmand
REQ-07334,vanilla,gourmand
REQ-07335,fresh,fresh
REQ-07335,freshly washed,clean
REQ-07336,amber,amber
REQ-07338,clean,clean
REQ-07339,powdery,powdery
REQ-07340,smoke,smoky
REQ-07340,fireplace,smoky
REQ-07341,wet stone,mineral
REQ-07341,vanilla,gourmand
REQ-07344,ozone,ozonic
REQ-07346,vanilla,gourmand
REQ-07347,musk,musky
REQ-07348,smoky,smoky
REQ-07351,powdery,powdery
REQ-07353,woody,woody
REQ-07354,clean,clean
REQ-07354,musk,musky
REQ-07354,sweet,sweet
REQ-07355,smoky,smoky
REQ-07357,citrus,citrus
REQ-07357,vanilla,gourmand
REQ-07358,mineral,mineral
REQ-07359,citrus,citrus
REQ-07362,clean,clean
REQ-07362,hotel lobby,clean
REQ-07363,citrus,citrus
REQ-07364,clean,clean
REQ-07364,wet stone,mineral
REQ-07366,sweet,sweet
REQ-07367,powdery,powdery
REQ-07369,fresh,fresh
REQ-07369,sweet,sweet
REQ-07373,sweet,sweet
REQ-07374,musk,musky
REQ-07375,leather,leather
REQ-07375,sweet,sweet
REQ-07375,coffee,gourmand
REQ-07377,leather,leather
REQ-07378,sweet,sweet
REQ-07381,powdery,powdery
REQ-07383,clean,clean
REQ-07383,citrus,citrus
REQ-07384,smoky,smoky
REQ-07385,smoky,smoky
REQ-07386,vanilla,gourmand
REQ-07387,clean,clean
REQ-07387,hotel lobby,clean
REQ-07387,sweet,sweet
REQ-07389,amber,amber
REQ-07390,smoky,smoky
REQ-07391,musk,musky
REQ-07393,clean,clean
REQ-07393,powdery,powdery
REQ-07395,smoky,smoky
REQ-07397,powdery,powdery
REQ-07398,floral,floral
REQ-07398,musky,musky
REQ-07398,musk,musky
REQ-07399,ozone,ozonic
REQ-07400,sweet,sweet
REQ-07401,clean,clean
REQ-07402,sweet,sweet
REQ-07403,aquatic,aquatic
REQ-07404,citrus,citrus
REQ-07405,sweet,sweet
REQ-07406,musk,musky
REQ-07407,citrus,citrus
REQ-07409,clean,clean
REQ-07409,hotel lobby,clean
REQ-07409,sweet,sweet
REQ-07410,green,green
REQ-07410,wet stone,mineral
REQ-07412,citrus,citrus
REQ-07413,musk,musky
REQ-07414,citrus,citrus
REQ-07415,powdery,powdery
REQ-07417,powdery,powdery
REQ-07419,musk,musky
REQ-07420,musk,musky
REQ-07420,vanilla,gourmand
REQ-07423,leather,leather
REQ-07428,clean,clean
REQ-07428,powdery,powdery
REQ-07430,musk,musky
REQ-07431,clean,clean
REQ-07431,smoky,smoky
REQ-07432,smoke,smoky
REQ-07432,fireplace,smoky
REQ-07433,musk,musky
REQ-07434,musky,musky
REQ-07434,musk,musky
REQ-07434,powdery,powdery
REQ-07436,citrus,citrus
REQ-07437,woody,woody
REQ-07437,citrus,citrus
REQ-07439,forest,woody
REQ-07439,after rain,ozonic
REQ-07440,smoke,smoky
REQ-07440,fireplace,smoky
REQ-07441,fresh,fresh
REQ-07441,fresh cut grass,green
REQ-07441,aquatic,aquatic
REQ-07445,sweet,sweet
REQ-07447,ozone,ozonic
REQ-07448,smoky,smoky
REQ-07448,powdery,powdery
REQ-07450,smoky,smoky
REQ-07451,sweet,sweet
REQ-07452,powdery,powdery
REQ-07453,wet stone,mineral
REQ-07454,vanilla,gourmand
REQ-07455,sweet,sweet
REQ-07456,forest,woody
REQ-07456,after rain,ozonic
REQ-07456,powdery,powdery
REQ-07457,smoky,smoky
REQ-07458,smoky,smoky
REQ-07460,sweet,sweet
REQ-07462,smoky,smoky
REQ-07463,smoky,smoky
REQ-07464,leather,leather
REQ-07465,musk,musky
REQ-07466,fresh,fresh
REQ-07466,powdery,powdery
REQ-07466,vanilla,gourmand
REQ-07469,spicy,spicy
REQ-07469,sweet,sweet
REQ-07470,leather,leather
REQ-07474,fresh cut grass,green
REQ-07474,leather,leather
REQ-07476,fresh,fresh
REQ-07476,fresh cut grass,green
REQ-07479,wet stone,mineral
REQ-07480,fresh,fresh
REQ-07480,freshly washed,clean
REQ-07480,citrus,citrus
REQ-07481,smoky,smoky
REQ-07481,musky,musky
REQ-07481,musk,musky
REQ-07482,barbershop,fougere
REQ-07483,fresh,fresh
REQ-07483,fresh cut grass,green
REQ-07483,sweet,sweet
REQ-07484,clean,clean
REQ-07484,powdery,powdery
REQ-07485,fresh,fresh
REQ-07485,freshly washed,clean
REQ-07485,smoky,smoky
REQ-07488,barbershop,fougere
REQ-07490,smoky,smoky
REQ-07490,aquatic,aquatic
REQ-07490,sweet,sweet
REQ-07492,leather,leather
REQ-07493,forest,woody
REQ-07493,after rain,ozonic
REQ-07494,musk,musky
REQ-07499,musk,musky
REQ-07500,musky,musky
REQ-07500,musk,musky
REQ-07503,citrus,citrus
REQ-07503,powdery,powdery
REQ-07504,sweet,sweet
REQ-07505,clean,clean
REQ-07505,hotel lobby,clean
REQ-07505,musk,musky
REQ-07508,powdery,powdery
REQ-07513,clean,clean
REQ-07513,citrus,citrus
REQ-07513,powdery,powdery
REQ-07515,leather,leather
REQ-07515,coffee,gourmand
REQ-07518,fresh,fresh
REQ-07518,clean,clean
REQ-07518,powdery,powdery
REQ-07518,sweet,sweet
REQ-07519,sweet,sweet
REQ-07521,musk,musky
REQ-07522,clean,clean
REQ-07522,powdery,powdery
REQ-07523,powdery,powdery
REQ-07524,leather,leather
REQ-07525,dark,dark
REQ-07525,after rain,ozonic
REQ-07525,vanilla,gourmand
REQ-07527,fresh,fresh
REQ-07527,powdery,powdery
REQ-07528,aquatic,aquatic
REQ-07531,smoky,smoky
REQ-07531,powdery,powdery
REQ-07532,vanilla,gourmand
REQ-07533,wet stone,mineral
REQ-07536,forest,woody
REQ-07536,after rain,ozonic
REQ-07537,amber,amber
REQ-07537,smoky,smoky
REQ-07537,sweet,sweet
REQ-07538,leather,leather
REQ-07540,vanilla,gourmand
REQ-07541,ozone,ozonic
REQ-07541,vanilla,gourmand
REQ-07545,sweet,sweet
REQ-07546,forest,woody
REQ-07546,smoky,smoky
REQ-07550,clean,clean
REQ-07550,hotel lobby,clean
REQ-07550,powdery,powdery
REQ-07552,vanilla,gourmand
REQ-07553,leather,leather
REQ-07554,wet stone,mineral
REQ-07554,powdery,powdery
REQ-07555,citrus,citrus
REQ-07555,vanilla,gourmand
REQ-07556,clean,clean
REQ-07556,hotel lobby,clean
REQ-07557,vanilla,gourmand
REQ-07558,vanilla,gourmand
REQ-07559,aquatic,aquatic
REQ-07559,vanilla,gourmand
REQ-07560,musk,musky
REQ-07562,leather,leather
REQ-07563,sweet,sweet
REQ-07564,mineral,mineral
REQ-07566,fresh,fresh
REQ-07568,powdery,powdery
REQ-07570,barbershop,fougere
REQ-07571,leather,leather
REQ-07572,sweet,sweet
REQ-07573,leather,leather
REQ-07575,wet stone,mineral
REQ-07577,forest,woody
REQ-07577,after rain,ozonic
REQ-07577,vanilla,gourmand
REQ-07578,ozone,ozonic
REQ-07580,musky,musky
REQ-07580,musk,musky
REQ-07581,mineral,mineral
REQ-07582,ozone,ozonic
REQ-07586,leather,leather
REQ-07586,powdery,powdery
REQ-07586,coffee,gourmand
REQ-07588,amber,amber
REQ-07591,ozone,ozonic
REQ-07593,citrus,citrus
REQ-07593,green,green
REQ-07596,powdery,powdery
REQ-07598,citrus,citrus
REQ-07603,smoke,smoky
REQ-07603,fireplace,smoky
REQ-07603,powdery,powdery
REQ-07606,clean,clean
REQ-07609,smoky,smoky
REQ-07611,musk,musky
REQ-07613,smoky,smoky
REQ-07614,forest,woody
REQ-07614,after rain,ozonic
REQ-07615,vanilla,gourmand
REQ-07616,sweet,sweet
REQ-07617,powdery,powdery
REQ-07619,forest,woody
REQ-07619,citrus,citrus
REQ-07619,after rain,ozonic
REQ-07620,vanilla,gourmand
REQ-07621,musk,musky
REQ-07622,amber,amber
REQ-07622,citrus,citrus
REQ-07622,ozonic,ozonic
REQ-07624,citrus,citrus
REQ-07627,citrus,citrus
REQ-07628,smoke,smoky
REQ-07628,fireplace,smoky
REQ-07628,powdery,powdery
REQ-07628,vanilla,gourmand
REQ-07629,sweet,sweet
REQ-07630,musk,musky
REQ-07631,fresh,fresh
REQ-07632,mineral,mineral
REQ-07633,clean,clean
REQ-07634,musk,musky
REQ-07635,powdery,powdery
REQ-07638,leather,leather
REQ-07641,wet stone,mineral
REQ-07641,powdery,powdery
REQ-07644,powdery,powdery
REQ-07645,clean,clean
REQ-07648,leather,leather
REQ-07649,amber,amber
REQ-07650,musk,musky
REQ-07650,powdery,powdery
REQ-07651,mineral,mineral
REQ-07652,ozonic,ozonic
REQ-07653,amber,amber
REQ-07653,leather,leather
REQ-07656,citrus,citrus
REQ-07658,musk,musky
REQ-07660,smoky,smoky
REQ-07661,mineral,mineral
REQ-07661,powdery,powdery
REQ-07662,powdery,powdery
REQ-07663,leather,leather
REQ-07663,coffee,gourmand
REQ-07665,smoky,smoky
REQ-07669,leather,leather
REQ-07672,musk,musky
REQ-07673,clean,clean
REQ-07673,hotel lobby,clean
REQ-07675,vanilla,gourmand
REQ-07676,sweet,sweet
REQ-07677,amber,amber
REQ-07679,leather,leather
REQ-07679,coffee,gourmand
REQ-07680,smoky,smoky
REQ-07682,floral,floral
REQ-07685,mineral,mineral
REQ-07686,powdery,powdery
REQ-07687,citrus,citrus
REQ-07687,vanilla,gourmand
REQ-07689,fresh,fresh
REQ-07689,clean,clean
REQ-07689,freshly washed,clean
REQ-07691,vanilla,gourmand
REQ-07692,powdery,powdery
REQ-07694,clean,clean
REQ-07694,hotel lobby,clean
REQ-07695,dark,dark
REQ-07695,powdery,powdery
REQ-07698,green,green
REQ-07698,musk,musky
REQ-07698,powdery,powdery
REQ-07699,leather,leather
REQ-07700,clean,clean
REQ-07700,smoky,smoky
REQ-07701,vanilla,gourmand
REQ-07702,vanilla,gourmand
REQ-07703,aquatic,aquatic
REQ-07703,leather,leather
REQ-07704,fresh,fresh
REQ-07704,freshly washed,clean
REQ-07704,smoky,smoky
REQ-07704,powdery,powdery
REQ-07706,smoky,smoky
REQ-07706,leather,leather
REQ-07707,smoky,smoky
REQ-07707,coffee,gourmand
REQ-07709,ozone,ozonic
REQ-07709,powdery,powdery
REQ-07711,spicy,spicy
REQ-07711,leather,leather
REQ-07712,amber,amber
REQ-07714,barbershop,fougere
REQ-07715,smoke,smoky
REQ-07715,fireplace,smoky
REQ-07715,sweet,sweet
REQ-07716,clean,clean
REQ-07717,smoky,smoky
REQ-07718,musk,musky
REQ-07719,citrus,citrus
REQ-07719,leather,leather
REQ-07719,powdery,powdery
REQ-07721,sweet,sweet
REQ-07722,vanilla,gourmand
REQ-07724,aquatic,aquatic
REQ-07724,leather,leather
REQ-07725,clean,clean
REQ-07726,sweet,sweet
REQ-07727,smoky,smoky
REQ-07728,forest,woody
REQ-07728,after rain,ozonic
REQ-07729,citrus,citrus
REQ-07729,sweet,sweet
REQ-07730,smoke,smoky
REQ-07730,fireplace,smoky
REQ-07731,citrus,citrus
REQ-07732,after rain,ozonic
REQ-07733,wet stone,mineral
REQ-07733,sweet,sweet
REQ-07734,citrus,citrus
REQ-07736,citrus,citrus
REQ-07736,mineral,mineral
REQ-07738,dark,dark
REQ-07738,leather,leather
REQ-07738,coffee,gourmand
REQ-07740,aquatic,aquatic
REQ-07740,ozonic,ozonic
REQ-07742,citrus,citrus
REQ-07743,amber,amber
REQ-07743,smoke,smoky
REQ-07743,fireplace,smoky
REQ-07743,vanilla,gourmand
REQ-07745,forest,woody
REQ-07745,after rain,ozonic
REQ-07745,vanilla,gourmand
REQ-07748,sweet,sweet
REQ-07749,clean,clean
REQ-07752,smoke,smoky
REQ-07752,fireplace,smoky
REQ-07752,sweet,sweet
REQ-07755,fresh,fresh
REQ-07755,fresh cut grass,green
REQ-07759,powdery,powdery
REQ-07759,barbershop,fougere
REQ-07762,vanilla,gourmand
REQ-07763,aquatic,aquatic
REQ-07764,fresh,fresh
REQ-07764,freshly washed,clean
REQ-07764,powdery,powdery
REQ-07764,vanilla,gourmand
REQ-07766,smoky,smoky
REQ-07767,citrus,citrus
REQ-07767,powdery,powdery
REQ-07769,leather,leather
REQ-07771,smoky,smoky
REQ-07774,clean,clean
REQ-07774,vanilla,gourmand
REQ-07775,powdery,powdery
REQ-07775,barbershop,fougere
REQ-07777,powdery,powdery
REQ-07778,clean,clean
REQ-07778,smoky,smoky
REQ-07779,citrus,citrus
REQ-07781,smoky,smoky
REQ-07782,dark,dark
REQ-07782,smoky,smoky
REQ-07786,amber,amber
REQ-07787,ozonic,ozonic
REQ-07788,dark,dark
REQ-07788,spicy,spicy
REQ-07790,amber,amber
REQ-07791,spicy,spicy
REQ-07792,musk,musky
REQ-07793,clean,clean
REQ-07794,clean,clean
REQ-07794,leather,leather
REQ-07795,musk,musky
REQ-07799,mineral,mineral
REQ-07799,leather,leather
REQ-07800,after rain,ozonic
REQ-07801,vanilla,gourmand
REQ-07802,smoky,smoky
REQ-07802,powdery,powdery
REQ-07804,wet stone,mineral
REQ-07804,sweet,sweet
REQ-07806,leather,leather
REQ-07806,coffee,gourmand
REQ-07809,clean,clean
REQ-07809,amber,amber
REQ-07809,leather,leather
REQ-07810,vanilla,gourmand
REQ-07812,powdery,powdery
REQ-07813,amber,amber
REQ-07814,musk,musky
REQ-07815,smoky,smoky
REQ-07816,musk,musky
REQ-07817,musk,musky
REQ-07817,ozone,ozonic
REQ-07818,sweet,sweet
REQ-07819,ozone,ozonic
REQ-07823,fresh,fresh
REQ-07824,smoke,smoky
REQ-07824,fireplace,smoky
REQ-07825,amber,amber
REQ-07827,citrus,citrus
REQ-07827,ozonic,ozonic
REQ-07828,clean,clean
REQ-07829,sweet,sweet
REQ-07832,citrus,citrus
REQ-07834,mineral,mineral
REQ-07835,smoky,smoky
REQ-07835,green,green
REQ-07836,green,green
REQ-07840,forest,woody
REQ-07840,musk,musky
REQ-07840,after rain,ozonic
REQ-07842,sweet,sweet
REQ-07842,barbershop,fougere
REQ-07843,sweet,sweet
REQ-07845,woody,woody
REQ-07846,clean,clean
REQ-07847,clean,clean
REQ-07849,smoky,smoky
REQ-07849,leather,leather
REQ-07854,ozone,ozonic
REQ-07857,woody,woody
REQ-07857,sweet,sweet
REQ-07858,vanilla,gourmand
REQ-07859,citrus,citrus
REQ-07859,sweet,sweet
REQ-07860,vanilla,gourmand
REQ-07862,aquatic,aquatic
REQ-07862,vanilla,gourmand
REQ-07863,leather,leather
REQ-07863,powdery,powdery
REQ-07864,musky,musky
REQ-07864,musk,musky
REQ-07866,smoky,smoky
REQ-07866,citrus,citrus
REQ-07866,sweet,sweet
REQ-07868,ozonic,ozonic
REQ-07868,leather,leather
REQ-07869,musk,musky
REQ-07869,mineral,mineral
REQ-07870,spicy,spicy
REQ-07871,sweet,sweet
REQ-07874,woody,woody
REQ-07877,fresh,fresh
REQ-07877,clean,clean
REQ-07877,freshly washed,clean
REQ-07879,sweet,sweet
REQ-07881,mineral,mineral
REQ-07883,citrus,citrus
REQ-07885,vanilla,gourmand
REQ-07886,leather,leather
REQ-07886,barbershop,fougere
REQ-07891,clean,clean
REQ-07892,smoky,smoky
REQ-07893,leather,leather
REQ-07895,musky,musky
REQ-07895,musk,musky
REQ-07898,smoky,smoky
REQ-07900,citrus,citrus
REQ-07901,forest,woody
REQ-07901,after rain,ozonic
REQ-07903,fresh,fresh
REQ-07903,fresh cut grass,green
REQ-07903,vanilla,gourmand
REQ-07904,fresh,fresh
REQ-07904,freshly washed,clean
REQ-07905,fresh,fresh
REQ-07905,fresh cut grass,green
REQ-07906,smoky,smoky
REQ-07906,sweet,sweet
REQ-07907,leather,leather
REQ-07907,coffee,gourmand
REQ-07908,citrus,citrus
REQ-07911,sweet,sweet
REQ-07912,powdery,powdery
REQ-07912,vanilla,gourmand
REQ-07913,spicy,spicy
REQ-07914,amber,amber
REQ-07918,leather,leather
REQ-07919,musk,musky
REQ-07920,vanilla,gourmand
REQ-07923,sweet,sweet
REQ-07925,smoky,smoky
REQ-07926,fresh,fresh
REQ-07926,freshly washed,clean
REQ-07928,ozonic,ozonic
REQ-07928,sweet,sweet
REQ-07929,musk,musky
REQ-07930,clean,clean
REQ-07930,powdery,powdery
REQ-07931,fresh,fresh
REQ-07931,freshly washed,clean
REQ-07932,floral,floral
REQ-07932,musk,musky
REQ-07932,leather,leather
REQ-07932,sweet,sweet
REQ-07933,fresh,fresh
REQ-07933,fresh cut grass,green
REQ-07933,sweet,sweet
REQ-07934,vanilla,gourmand
REQ-07935,sweet,sweet
REQ-07937,vanilla,gourmand
REQ-07940,vanilla,gourmand
REQ-07941,wet stone,mineral
REQ-07942,barbershop,fougere
REQ-07943,sweet,sweet
REQ-07944,fresh,fresh
REQ-07945,citrus,citrus
REQ-07945,fresh cut grass,green
REQ-07945,ozonic,ozonic
REQ-07946,citrus,citrus
REQ-07949,powdery,powdery
REQ-07953,amber,amber
REQ-07955,forest,woody
REQ-07955,after rain,ozonic
REQ-07956,sweet,sweet
REQ-07958,citrus,citrus
REQ-07959,leather,leather
REQ-07961,musk,musky
REQ-07961,leather,leather
REQ-07962,leather,leather
REQ-07966,vanilla,gourmand
REQ-07967,smoky,smoky
REQ-07970,leather,leather
REQ-07970,coffee,gourmand
REQ-07975,clean,clean
REQ-07975,smoke,smoky
REQ-07975,fireplace,smoky
REQ-07976,smoky,smoky
REQ-07977,after rain,ozonic
REQ-07978,smoky,smoky
REQ-07979,fresh,fresh
REQ-07979,musk,musky
REQ-07979,sweet,sweet
REQ-07981,sweet,sweet
REQ-07988,clean,clean
REQ-07988,woody,woody
REQ-07992,clean,clean
REQ-07993,leather,leather
REQ-07994,smoky,smoky
REQ-07996,leather,leather
REQ-07999,powdery,powdery
REQ-08001,green,green
REQ-08001,powdery,powdery
REQ-08002,citrus,citrus
REQ-08003,smoky,smoky
REQ-08003,mineral,mineral
REQ-08003,barbershop,fougere
REQ-08005,amber,amber
REQ-08005,leather,leather
REQ-08005,coffee,gourmand
REQ-08006,woody,woody
REQ-08007,barbershop,fougere
REQ-08010,musk,musky
REQ-08011,citrus,citrus
REQ-08012,sweet,sweet
REQ-08013,barbershop,fougere
REQ-08015,fresh,fresh
REQ-08015,fresh cut grass,green
REQ-08016,wet stone,mineral
REQ-08016,powdery,powdery
REQ-08018,clean,clean
REQ-08020,green,green
REQ-08020,sweet,sweet
REQ-08022,barbershop,fougere
REQ-08023,ozone,ozonic
REQ-08024,sweet,sweet
REQ-08025,vanilla,gourmand
REQ-08026,vanilla,gourmand
REQ-08027,citrus,citrus
REQ-08028,vanilla,gourmand
REQ-08029,leather,leather
REQ-08030,clean,clean
REQ-08032,powdery,powdery
REQ-08033,musky,musky
REQ-08033,musk,musky
REQ-08033,aquatic,aquatic
REQ-08034,mineral,mineral
REQ-08035,leather,leather
REQ-08036,dark,dark
REQ-08036,citrus,citrus
REQ-08038,fresh,fresh
REQ-08038,smoky,smoky
REQ-08039,sweet,sweet
REQ-08042,barbershop,fougere
REQ-08044,smoky,smoky
REQ-08045,dark,dark
REQ-08046,amber,amber
REQ-08047,clean,clean
REQ-08048,sweet,sweet
REQ-08051,vanilla,gourmand
REQ-08052,sweet,sweet
REQ-08052,vanilla,gourmand
REQ-08054,green,green
REQ-08054,powdery,powdery
REQ-08055,vanilla,gourmand
REQ-08056,mineral,mineral
REQ-08057,fresh,fresh
REQ-08057,clean,clean
REQ-08057,hotel lobby,clean
REQ-08058,leather,leather
REQ-08059,barbershop,fougere
REQ-08061,clean,clean
REQ-08061,hotel lobby,clean
REQ-08062,after rain,ozonic
REQ-08062,sweet,sweet
REQ-08065,clean,clean
REQ-08069,clean,clean
REQ-08070,leather,leather
REQ-08071,clean,clean
REQ-08073,vanilla,gourmand
REQ-08074,smoky,smoky
REQ-08075,clean,clean
REQ-08075,floral,floral
REQ-08077,powdery,powdery
REQ-08082,leather,leather
REQ-08082,coffee,gourmand
REQ-08083,powdery,powdery
REQ-08085,dark,dark
REQ-08087,vanilla,gourmand
REQ-08088,fresh,fresh
REQ-08088,freshly washed,clean
REQ-08088,musk,musky
REQ-08089,smoky,smoky
REQ-08090,wet stone,mineral
REQ-08091,vanilla,gourmand
REQ-08092,powdery,powdery
REQ-08093,fresh,fresh
REQ-08093,freshly washed,clean
REQ-08094,clean,clean
REQ-08096,sweet,sweet
REQ-08098,citrus,citrus
REQ-08099,smoky,smoky
REQ-08099,leather,leather
REQ-08100,smoky,smoky
REQ-08101,smoky,smoky
REQ-08103,floral,floral
REQ-08104,leather,leather
REQ-08105,ozonic,ozonic
REQ-08107,sweet,sweet
REQ-08109,mineral,mineral
REQ-08111,clean,clean
REQ-08113,aquatic,aquatic
REQ-08113,leather,leather
REQ-08114,woody,woody
REQ-08114,leather,leather
REQ-08116,forest,woody
REQ-08116,after rain,ozonic
REQ-08117,wet stone,mineral
REQ-08119,musky,musky
REQ-08119,musk,musky
REQ-08122,citrus,citrus
REQ-08125,smoky,smoky
REQ-08128,citrus,citrus
REQ-08129,sweet,sweet
REQ-08130,ozonic,ozonic
REQ-08133,fresh,fresh
REQ-08133,sweet,sweet
REQ-08134,floral,floral
REQ-08135,smoky,smoky
REQ-08138,clean,clean
REQ-08138,sweet,sweet
REQ-08140,clean,clean
REQ-08140,woody,woody
REQ-08140,musk,musky
REQ-08141,clean,clean
REQ-08141,sweet,sweet
REQ-08143,woody,woody
REQ-08145,powdery,powdery
REQ-08150,sweet,sweet
REQ-08151,spicy,spicy
REQ-08151,green,green
REQ-08151,vanilla,gourmand
REQ-08152,musk,musky
REQ-08154,vanilla,gourmand
REQ-08155,amber,amber
REQ-08156,powdery,powdery
REQ-08157,vanilla,gourmand
REQ-08160,smoky,smoky
REQ-08162,musk,musky
REQ-08163,sweet,sweet
REQ-08164,clean,clean
REQ-08166,dark,dark
REQ-08166,ozonic,ozonic
REQ-08166,vanilla,gourmand
REQ-08167,citrus,citrus
REQ-08168,smoky,smoky
REQ-08168,musky,musky
REQ-08168,musk,musky
REQ-08169,citrus,citrus
REQ-08170,musk,musky
REQ-08171,fresh cut grass,green
REQ-08173,citrus,citrus
REQ-08174,citrus,citrus
REQ-08175,smoky,smoky
REQ-08175,spicy,spicy
REQ-08176,clean,clean
REQ-08176,sweet,sweet
REQ-08177,wet stone,mineral
REQ-08178,sweet,sweet
REQ-08179,smoky,smoky
REQ-08179,barbershop,fougere
REQ-08182,musk,musky
REQ-08183,powdery,powdery
REQ-08184,smoky,smoky
REQ-08187,barbershop,fougere
REQ-08188,fresh,fresh
REQ-08193,vanilla,gourmand
REQ-08194,wet stone,mineral
REQ-08195,ozone,ozonic
REQ-08196,dark,dark
REQ-08198,vanilla,gourmand
REQ-08200,musk,musky
REQ-08201,vanilla,gourmand
REQ-08204,smoky,smoky
REQ-08206,leather,leather
REQ-08206,barbershop,fougere
REQ-08207,leather,leather
REQ-08209,sweet,sweet
REQ-08210,fresh,fresh
REQ-08210,leather,leather
REQ-08211,powdery,powdery
REQ-08211,vanilla,gourmand
REQ-08212,citrus,citrus
REQ-08212,vanilla,gourmand
REQ-08214,spicy,spicy
REQ-08215,sweet,sweet
REQ-08216,smoky,smoky
REQ-08216,musk,musky
REQ-08217,ozonic,ozonic
REQ-08218,leather,leather
REQ-08220,powdery,powdery
REQ-08226,amber,amber
REQ-08229,musk,musky
REQ-08231,citrus,citrus
REQ-08232,mineral,mineral
REQ-08233,musk,musky
REQ-08234,sweet,sweet
REQ-08236,sweet,sweet
REQ-08237,citrus,citrus
REQ-08238,spicy,spicy
REQ-08238,musk,musky
REQ-08239,sweet,sweet
REQ-08240,musky,musky
REQ-08240,musk,musky
REQ-08242,sweet,sweet
REQ-08244,smoky,smoky
REQ-08244,mineral,mineral
REQ-08246,clean,clean
REQ-08246,aquatic,aquatic
REQ-08248,leather,leather
REQ-08250,powdery,powdery
REQ-08251,dark,dark
REQ-08255,fresh,fresh
REQ-08255,clean,clean
REQ-08255,freshly washed,clean
REQ-08256,ozonic,ozonic
REQ-08257,citrus,citrus
REQ-08259,smoky,smoky
REQ-08259,wet stone,mineral
REQ-08259,powdery,powdery
REQ-08260,leather,leather
REQ-08260,coffee,gourmand
REQ-08261,clean,clean
REQ-08261,musk,musky
REQ-08262,citrus,citrus
REQ-08264,leather,leather
REQ-08265,sweet,sweet
REQ-08268,smoky,smoky
REQ-08268,mineral,mineral
REQ-08270,ozone,ozonic
REQ-08272,dark,dark
REQ-08272,musky,musky
REQ-08272,musk,musky
REQ-08273,vanilla,gourmand
REQ-08274,smoky,smoky
REQ-08275,fresh,fresh
REQ-08277,leather,leather
REQ-08277,sweet,sweet
REQ-08277,coffee,gourmand
REQ-08281,green,green
REQ-08282,powdery,powdery
REQ-08284,ozone,ozonic
REQ-08286,powdery,powdery
REQ-08287,mineral,mineral
REQ-08288,clean,clean
REQ-08288,leather,leather
REQ-08288,coffee,gourmand
REQ-08289,smoky,smoky
REQ-08292,citrus,citrus
REQ-08293,smoke,smoky
REQ-08293,fireplace,smoky
REQ-08296,citrus,citrus
REQ-08298,smoky,smoky
REQ-08299,leather,leather
REQ-08299,powdery,powdery
REQ-08301,spicy,spicy
REQ-08304,powdery,powdery
REQ-08306,musk,musky
REQ-08308,vanilla,gourmand
REQ-08310,ozone,ozonic
REQ-08313,ozonic,ozonic
REQ-08314,wet stone,mineral
REQ-08314,vanilla,gourmand
REQ-08316,sweet,sweet
REQ-08318,leather,leather
REQ-08319,citrus,citrus
REQ-08319,musk,musky
REQ-08320,smoky,smoky
REQ-08321,smoky,smoky
REQ-08321,mineral,mineral
REQ-08322,sweet,sweet
REQ-08323,smoky,smoky
REQ-08325,sweet,sweet
REQ-08328,powdery,powdery
REQ-08328,sweet,sweet
REQ-08330,leather,leather
REQ-08331,smoky,smoky
REQ-08331,citrus,citrus
REQ-08332,citrus,citrus
REQ-08332,musk,musky
REQ-08333,musky,musky
REQ-08333,musk,musky
REQ-08334,powdery,powdery
REQ-08341,clean,clean
REQ-08341,hotel lobby,clean
REQ-08342,amber,amber
REQ-08343,clean,clean
REQ-08345,green,green
REQ-08345,leather,leather
REQ-08346,musk,musky
REQ-08346,barbershop,fougere
REQ-08347,sweet,sweet
REQ-08353,vanilla,gourmand
REQ-08354,smoky,smoky
REQ-08354,vanilla,gourmand
REQ-08355,citrus,citrus
REQ-08356,citrus,citrus
REQ-08356,barbershop,fougere
REQ-08358,fresh,fresh
REQ-08358,freshly washed,clean
REQ-08360,leather,leather
REQ-08361,sweet,sweet
REQ-08362,smoky,smoky
REQ-08364,clean,clean
REQ-08364,citrus,citrus
REQ-08367,sweet,sweet
REQ-08368,citrus,citrus
REQ-08369,musky,musky
REQ-08369,musk,musky
REQ-08369,mineral,mineral
REQ-08371,woody,woody
REQ-08371,leather,leather
REQ-08374,vanilla,gourmand
REQ-08375,powdery,powdery
REQ-08375,sweet,sweet
REQ-08376,vanilla,gourmand
REQ-08377,clean,clean
REQ-08377,sweet,sweet
REQ-08382,musky,musky
REQ-08382,musk,musky
REQ-08383,clean,clean
REQ-08386,fresh,fresh
REQ-08386,clean,clean
REQ-08386,fresh cut grass,green
REQ-08387,green,green
REQ-08388,clean,clean
REQ-08393,smoky,smoky
REQ-08393,floral,floral
REQ-08395,musk,musky
REQ-08396,clean,clean
REQ-08398,citrus,citrus
REQ-08400,smoke,smoky
REQ-08400,fireplace,smoky
REQ-08401,ozone,ozonic
REQ-08402,leather,leather
REQ-08403,smoky,smoky
REQ-08403,leather,leather
REQ-08409,green,green
REQ-08414,vanilla,gourmand
REQ-08415,sweet,sweet
REQ-08417,sweet,sweet
REQ-08418,powdery,powdery
REQ-08419,citrus,citrus
REQ-08421,sweet,sweet
REQ-08422,forest,woody
REQ-08422,smoky,smoky
REQ-08422,after rain,ozonic
REQ-08423,sweet,sweet
REQ-08425,clean,clean
REQ-08431,sweet,sweet
REQ-08433,citrus,citrus
REQ-08433,mineral,mineral
REQ-08437,spicy,spicy
REQ-08437,sweet,sweet
REQ-08437,vanilla,gourmand
REQ-08440,smoky,smoky
REQ-08441,smoky,smoky
REQ-08442,leather,leather
REQ-08443,fresh cut grass,green
REQ-08443,musk,musky
REQ-08444,vanilla,gourmand
REQ-08445,clean,clean
REQ-08446,leather,leather
REQ-08448,smoky,smoky
REQ-08449,powdery,powdery
REQ-08450,powdery,powdery
REQ-08451,forest,woody
REQ-08451,after rain,ozonic
REQ-08451,vanilla,gourmand
REQ-08452,clean,clean
REQ-08453,smoky,smoky
REQ-08453,citrus,citrus
REQ-08455,musk,musky
REQ-08455,vanilla,gourmand
REQ-08457,sweet,sweet
REQ-08459,leather,leather
REQ-08460,ozonic,ozonic
REQ-08461,leather,leather
REQ-08464,citrus,citrus
REQ-08464,sweet,sweet
REQ-08465,citrus,citrus
REQ-08466,fresh,fresh
REQ-08466,fresh cut grass,green
REQ-08467,powdery,powdery
REQ-08468,citrus,citrus
REQ-08469,spicy,spicy
REQ-08471,citrus,citrus
REQ-08474,mineral,mineral
REQ-08475,clean,clean
REQ-08475,citrus,citrus
REQ-08476,ozone,ozonic
REQ-08477,mineral,mineral
REQ-08478,vanilla,gourmand
REQ-08480,leather,leather
REQ-08481,amber,amber
REQ-08481,barbershop,fougere
REQ-08484,clean,clean
REQ-08484,musk,musky
REQ-08485,leather,leather
REQ-08487,vanilla,gourmand
REQ-08488,ozonic,ozonic
REQ-08489,citrus,citrus
REQ-08491,musk,musky
REQ-08493,smoky,smoky
REQ-08497,musk,musky
REQ-08498,sweet,sweet
REQ-08499,leather,leather
REQ-08500,smoky,smoky
REQ-08503,smoke,smoky
REQ-08503,fireplace,smoky
REQ-08503,citrus,citrus
REQ-08506,dark,dark
REQ-08507,spicy,spicy
REQ-08507,musk,musky
REQ-08507,sweet,sweet
REQ-08508,ozone,ozonic
REQ-08510,fresh,fresh
REQ-08510,clean,clean
REQ-08510,powdery,powdery
REQ-08511,mineral,mineral
REQ-08512,vanilla,gourmand
REQ-08513,clean,clean
REQ-08513,floral,floral
REQ-08514,aquatic,aquatic
REQ-08515,citrus,citrus
REQ-08519,smoky,smoky
REQ-08519,sweet,sweet
REQ-08520,barbershop,fougere
REQ-08521,citrus,citrus
REQ-08522,floral,floral
REQ-08524,smoky,smoky
REQ-08526,green,green
REQ-08532,green,green
REQ-08534,clean,clean
REQ-08534,musk,musky
REQ-08534,ozonic,ozonic
REQ-08535,fresh,fresh
REQ-08535,citrus,citrus
REQ-08535,fresh cut grass,green
REQ-08536,powdery,powdery
REQ-08537,musk,musky
REQ-08538,musk,musky
REQ-08539,smoky,smoky
REQ-08540,citrus,citrus
REQ-08540,ozone,ozonic
REQ-08541,forest,woody
REQ-08541,after rain,ozonic
REQ-08541,leather,leather
REQ-08545,amber,amber
REQ-08547,clean,clean
REQ-08549,sweet,sweet
REQ-08550,fresh,fresh
REQ-08550,freshly washed,clean
REQ-08553,green,green
REQ-08553,aquatic,aquatic
REQ-08555,spicy,spicy
REQ-08555,sweet,sweet
REQ-08556,smoky,smoky
REQ-08558,spicy,spicy
REQ-08562,leather,leather
REQ-08565,smoky,smoky
REQ-08566,wet stone,mineral
REQ-08567,vanilla,gourmand
REQ-08569,musk,musky
REQ-08572,clean,clean
REQ-08573,musk,musky
REQ-08574,powdery,powdery
REQ-08575,sweet,sweet
REQ-08576,powdery,powdery
REQ-08577,smoky,smoky
REQ-08577,fresh cut grass,green
REQ-08578,wet stone,mineral
REQ-08579,dark,dark
REQ-08583,floral,floral
REQ-08584,fresh,fresh
REQ-08586,smoky,smoky
REQ-08586,citrus,citrus
REQ-08588,clean,clean
REQ-08591,powdery,powdery
REQ-08592,powdery,powdery
REQ-08595,citrus,citrus
REQ-08596,sweet,sweet
REQ-08597,wet stone,mineral
REQ-08598,ozone,ozonic
REQ-08598,sweet,sweet
REQ-08601,fresh,fresh
REQ-08601,freshly washed,clean
REQ-08601,sweet,sweet
REQ-08602,powdery,powdery
REQ-08609,ozone,ozonic
REQ-08612,barbershop,fougere
REQ-08615,leather,leather
REQ-08616,leather,leather
REQ-08617,green,green
REQ-08618,smoky,smoky
REQ-08620,dark,dark
REQ-08620,vanilla,gourmand
REQ-08621,powdery,powdery
REQ-08623,sweet,sweet
REQ-08625,powdery,powdery
REQ-08628,musk,musky
REQ-08629,barbershop,fougere
REQ-08630,smoky,smoky
REQ-08631,vanilla,gourmand
REQ-08638,fresh,fresh
REQ-08638,fresh cut grass,green
REQ-08638,musky,musky
REQ-08638,musk,musky
REQ-08640,spicy,spicy
REQ-08640,sweet,sweet
REQ-08644,citrus,citrus
REQ-08648,dark,dark
REQ-08649,citrus,citrus
REQ-08650,wet stone,mineral
REQ-08650,powdery,powdery
REQ-08651,woody,woody
REQ-08652,sweet,sweet
REQ-08654,powdery,powdery
REQ-08655,clean,clean
REQ-08655,woody,woody
REQ-08655,powdery,powdery
REQ-08656,sweet,sweet
REQ-08661,citrus,citrus
REQ-08661,musk,musky
REQ-08662,leather,leather
REQ-08663,citrus,citrus
REQ-08664,smoke,smoky
REQ-08664,fireplace,smoky
REQ-08664,sweet,sweet
REQ-08664,vanilla,gourmand
REQ-08666,forest,woody
REQ-08666,smoky,smoky
REQ-08666,after rain,ozonic
REQ-08669,sweet,sweet
REQ-08670,clean,clean
REQ-08670,vanilla,gourmand
REQ-08671,clean,clean
REQ-08672,leather,leather
REQ-08673,sweet,sweet
REQ-08673,vanilla,gourmand
REQ-08674,smoky,smoky
REQ-08676,dark,dark
REQ-08676,musk,musky
REQ-08677,leather,leather
REQ-08678,barbershop,fougere
REQ-08682,sweet,sweet
REQ-08684,floral,floral
REQ-08685,powdery,powdery
REQ-08687,floral,floral
REQ-08688,aquatic,aquatic
REQ-08688,leather,leather
REQ-08689,fresh,fresh
REQ-08689,freshly washed,clean
REQ-08691,mineral,mineral
REQ-08691,sweet,sweet
REQ-08692,leather,leather
REQ-08693,sweet,sweet
REQ-08693,vanilla,gourmand
REQ-08694,leather,leather
REQ-08697,clean,clean
REQ-08698,leather,leather
REQ-08700,sweet,sweet
REQ-08706,fresh,fresh
REQ-08706,fresh cut grass,green
REQ-08707,barbershop,fougere
REQ-08708,ozone,ozonic
REQ-08709,sweet,sweet
REQ-08710,clean,clean
REQ-08711,clean,clean
REQ-08711,sweet,sweet
REQ-08712,smoky,smoky
REQ-08713,leather,leather
REQ-08713,coffee,gourmand
REQ-08714,musk,musky
REQ-08716,forest,woody
REQ-08716,musk,musky
REQ-08717,smoky,smoky
REQ-08718,powdery,powdery
REQ-08719,clean,clean
REQ-08719,powdery,powdery
REQ-08720,vanilla,gourmand
REQ-08721,clean,clean
REQ-08721,sweet,sweet
REQ-08722,musk,musky
REQ-08722,powdery,powdery
REQ-08723,smoky,smoky
REQ-08723,leather,leather
REQ-08725,fresh,fresh
REQ-08725,freshly washed,clean
REQ-08725,leather,leather
REQ-08728,smoky,smoky
REQ-08728,green,green
REQ-08730,smoky,smoky
REQ-08733,leather,leather
REQ-08733,coffee,gourmand
REQ-08735,musk,musky
REQ-08735,ozone,ozonic
REQ-08736,smoky,smoky
REQ-08736,leather,leather
REQ-08736,vanilla,gourmand
REQ-08737,vanilla,gourmand
REQ-08738,aquatic,aquatic
REQ-08739,leather,leather
REQ-08740,ozonic,ozonic
REQ-08742,barbershop,fougere
REQ-08743,smoky,smoky
REQ-08747,fresh,fresh
REQ-08747,leather,leather
REQ-08748,musky,musky
REQ-08748,musk,musky
REQ-08748,sweet,sweet
REQ-08749,fresh,fresh
REQ-08751,leather,leather
REQ-08752,leather,leather
REQ-08753,clean,clean
REQ-08753,hotel lobby,clean
REQ-08754,powdery,powdery
REQ-08756,green,green
REQ-08757,floral,floral
REQ-08759,fresh,fresh
REQ-08759,freshly washed,clean
REQ-08760,musk,musky
REQ-08760,powdery,powdery
REQ-08762,clean,clean
REQ-08764,vanilla,gourmand
REQ-08765,green,green
REQ-08768,floral,floral
REQ-08770,clean,clean
REQ-08770,vanilla,gourmand
REQ-08773,powdery,powdery
REQ-08773,sweet,sweet
REQ-08774,powdery,powdery
REQ-08775,dark,dark
REQ-08776,clean,clean
REQ-08776,leather,leather
REQ-08778,woody,woody
REQ-08778,leather,leather
REQ-08784,musk,musky
REQ-08788,sweet,sweet
REQ-08790,powdery,powdery
REQ-08791,barbershop,fougere
REQ-08793,smoky,smoky
REQ-08794,sweet,sweet
REQ-08796,citrus,citrus
REQ-08797,spicy,spicy
REQ-08797,musky,musky
REQ-08797,musk,musky
REQ-08798,vanilla,gourmand
REQ-08799,floral,floral
REQ-08804,musk,musky
REQ-08804,powdery,powdery
REQ-08806,citrus,citrus
REQ-08807,floral,floral
REQ-08807,powdery,powdery
REQ-08807,vanilla,gourmand
REQ-08808,smoky,smoky
REQ-08809,leather,leather
REQ-08809,sweet,sweet
REQ-08810,clean,clean
REQ-08812,powdery,powdery
REQ-08813,smoky,smoky
REQ-08814,smoky,smoky
REQ-08814,spicy,spicy
REQ-08815,smoky,smoky
REQ-08817,aquatic,aquatic
REQ-08818,sweet,sweet
REQ-08819,woody,woody
REQ-08820,smoky,smoky
REQ-08821,aquatic,aquatic
REQ-08821,vanilla,gourmand
REQ-08825,smoky,smoky
REQ-08825,powdery,powdery
REQ-08826,ozonic,ozonic
REQ-08829,fresh,fresh
REQ-08829,dark,dark
REQ-08832,citrus,citrus
REQ-08832,wet stone,mineral
REQ-08833,citrus,citrus
REQ-08834,fresh,fresh
REQ-08838,clean,clean
REQ-08841,leather,leather
REQ-08841,coffee,gourmand
REQ-08843,floral,floral
REQ-08845,clean,clean
REQ-08846,powdery,powdery
REQ-08847,clean,clean
REQ-08847,powdery,powdery
REQ-08848,citrus,citrus
REQ-08848,barbershop,fougere
REQ-08854,vanilla,gourmand
REQ-08855,clean,clean
REQ-08855,musk,musky
REQ-08855,barbershop,fougere
REQ-08856,musky,musky
REQ-08856,musk,musky
REQ-08857,wet stone,mineral
REQ-08857,sweet,sweet
REQ-08868,aquatic,aquatic
REQ-08872,smoky,smoky
REQ-08872,wet stone,mineral
REQ-08873,wet stone,mineral
REQ-08875,sweet,sweet
REQ-08876,amber,amber
REQ-08877,citrus,citrus
REQ-08877,barbershop,fougere
REQ-08878,powdery,powdery
REQ-08879,musk,musky
REQ-08880,forest,woody
REQ-08880,after rain,ozonic
REQ-08880,leather,leather
REQ-08882,leather,leather
REQ-08882,barbershop,fougere
REQ-08883,powdery,powdery
REQ-08884,clean,clean
REQ-08887,aquatic,aquatic
REQ-08890,fresh,fresh
REQ-08890,freshly washed,clean
REQ-08891,vanilla,gourmand
REQ-08894,barbershop,fougere
REQ-08895,musk,musky
REQ-08896,leather,leather
REQ-08897,vanilla,gourmand
REQ-08898,spicy,spicy
REQ-08900,musk,musky
REQ-08902,powdery,powdery
REQ-08903,dark,dark
REQ-08903,smoky,smoky
REQ-08904,leather,leather
REQ-08905,musk,musky
REQ-08905,sweet,sweet
REQ-08906,powdery,powdery
REQ-08907,leather,leather
REQ-08907,coffee,gourmand
REQ-08909,smoky,smoky
REQ-08909,musk,musky
REQ-08910,aquatic,aquatic
REQ-08911,sweet,sweet
REQ-08912,smoky,smoky
REQ-08912,vanilla,gourmand
REQ-08913,ozonic,ozonic
REQ-08915,amber,amber
REQ-08920,musky,musky
REQ-08920,musk,musky
REQ-08924,smoky,smoky
REQ-08926,fresh,fresh
REQ-08927,smoky,smoky
REQ-08928,forest,woody
REQ-08928,musk,musky
REQ-08928,sweet,sweet
REQ-08928,vanilla,gourmand
REQ-08929,floral,floral
REQ-08930,powdery,powdery
REQ-08930,sweet,sweet
REQ-08933,citrus,citrus
REQ-08934,smoky,smoky
REQ-08935,aquatic,aquatic
REQ-08935,powdery,powdery
REQ-08936,wet stone,mineral
REQ-08938,fresh,fresh
REQ-08939,fresh,fresh
REQ-08939,green,green
REQ-08940,smoke,smoky
REQ-08940,fireplace,smoky
REQ-08940,spicy,spicy
REQ-08940,powdery,powdery
REQ-08941,leather,leather
REQ-08942,leather,leather
REQ-08942,sweet,sweet
REQ-08943,musk,musky
REQ-08945,powdery,powdery
REQ-08946,smoke,smoky
REQ-08946,fireplace,smoky
REQ-08947,clean,clean
REQ-08948,amber,amber
REQ-08950,musk,musky
REQ-08950,aquatic,aquatic
REQ-08951,smoky,smoky
REQ-08951,leather,leather
REQ-08951,coffee,gourmand
REQ-08952,musk,musky
REQ-08953,leather,leather
REQ-08955,citrus,citrus
REQ-08955,powdery,powdery
REQ-08956,musk,musky
REQ-08958,clean,clean
REQ-08958,smoky,smoky
REQ-08958,vanilla,gourmand
REQ-08960,barbershop,fougere
REQ-08961,leather,leather
REQ-08961,coffee,gourmand
REQ-08962,vanilla,gourmand
REQ-08963,vanilla,gourmand
REQ-08966,powdery,powdery
REQ-08970,sweet,sweet
REQ-08972,wet stone,mineral
REQ-08973,musk,musky
REQ-08975,forest,woody
REQ-08975,after rain,ozonic
REQ-08977,clean,clean
REQ-08977,hotel lobby,clean
REQ-08979,leather,leather
REQ-08979,coffee,gourmand
REQ-08980,aquatic,aquatic
REQ-08981,citrus,citrus
REQ-08981,green,green
REQ-08983,barbershop,fougere
REQ-08990,woody,woody
REQ-08990,sweet,sweet
REQ-08991,amber,amber
REQ-08991,leather,leather
REQ-08994,ozone,ozonic
REQ-08997,powdery,powdery
REQ-08999,smoky,smoky
REQ-08999,powdery,powdery
REQ-09000,musk,musky
REQ-09001,leather,leather
REQ-09003,barbershop,fougere
REQ-09004,leather,leather
REQ-09007,vanilla,gourmand
REQ-09008,fresh,fresh
REQ-09008,freshly washed,clean
REQ-09009,powdery,powdery
REQ-09009,sweet,sweet
REQ-09009,vanilla,gourmand
REQ-09011,spicy,spicy
REQ-09012,fresh,fresh
REQ-09012,freshly washed,clean
REQ-09012,smoky,smoky
REQ-09013,dark,dark
REQ-09015,clean,clean
REQ-09015,freshly washed,clean
REQ-09018,vanilla,gourmand
REQ-09019,powdery,powdery
REQ-09019,vanilla,gourmand
REQ-09020,vanilla,gourmand
REQ-09021,citrus,citrus
REQ-09023,smoke,smoky
REQ-09023,fireplace,smoky
REQ-09024,vanilla,gourmand
REQ-09025,floral,floral
REQ-09026,citrus,citrus
REQ-09029,aquatic,aquatic
REQ-09030,fresh,fresh
REQ-09031,spicy,spicy
REQ-09033,sweet,sweet
REQ-09034,powdery,powdery
REQ-09036,ozone,ozonic
REQ-09038,smoke,smoky
REQ-09038,fireplace,smoky
REQ-09038,sweet,sweet
REQ-09039,clean,clean
REQ-09039,hotel lobby,clean
REQ-09041,citrus,citrus
REQ-09041,vanilla,gourmand
REQ-09043,powdery,powdery
REQ-09043,vanilla,gourmand
REQ-09044,ozonic,ozonic
REQ-09047,wet stone,mineral
REQ-09048,vanilla,gourmand
REQ-09052,woody,woody
REQ-09052,smoky,smoky
REQ-09052,powdery,powdery
REQ-09055,amber,amber
REQ-09055,smoky,smoky
REQ-09057,clean,clean
REQ-09057,vanilla,gourmand
REQ-09058,musk,musky
REQ-09060,musk,musky
REQ-09061,smoky,smoky
REQ-09062,vanilla,gourmand
REQ-09065,barbershop,fougere
REQ-09066,musky,musky
REQ-09066,musk,musky
REQ-09073,powdery,powdery
REQ-09074,clean,clean
REQ-09075,clean,clean
REQ-09075,hotel lobby,clean
REQ-09081,clean,clean
REQ-09081,hotel lobby,clean
REQ-09082,fresh,fresh
REQ-09083,clean,clean
REQ-09084,vanilla,gourmand
REQ-09085,clean,clean
REQ-09085,hotel lobby,clean
REQ-09088,leather,leather
REQ-09089,ozonic,ozonic
REQ-09091,amber,amber
REQ-09091,musk,musky
REQ-09092,fresh,fresh
REQ-09092,freshly washed,clean
REQ-09092,powdery,powdery
REQ-09094,forest,woody
REQ-09094,after rain,ozonic
REQ-09095,green,green
REQ-09100,leather,leather
REQ-09100,coffee,gourmand
REQ-09101,floral,floral
REQ-09104,smoky,smoky
REQ-09105,citrus,citrus
REQ-09106,smoky,smoky
REQ-09106,leather,leather
REQ-09106,coffee,gourmand
REQ-09111,fresh,fresh
REQ-09111,freshly washed,clean
REQ-09112,musky,musky
REQ-09112,musk,musky
REQ-09112,leather,leather
REQ-09114,floral,floral
REQ-09115,ozone,ozonic
REQ-09115,sweet,sweet
REQ-09117,barbershop,fougere
REQ-09118,mineral,mineral
REQ-09122,citrus,citrus
REQ-09129,smoky,smoky
REQ-09132,fresh,fresh
REQ-09133,sweet,sweet
REQ-09134,smoky,smoky
REQ-09135,musk,musky
REQ-09135,sweet,sweet
REQ-09136,fresh,fresh
REQ-09136,fresh cut grass,green
REQ-09137,citrus,citrus
REQ-09137,ozone,ozonic
REQ-09138,leather,leather
REQ-09139,barbershop,fougere
REQ-09140,ozonic,ozonic
REQ-09140,powdery,powdery
REQ-09141,leather,leather
REQ-09143,sweet,sweet
REQ-09145,vanilla,gourmand
REQ-09150,clean,clean
REQ-09150,hotel lobby,clean
REQ-09150,vanilla,gourmand
REQ-09151,smoky,smoky
REQ-09151,aquatic,aquatic
REQ-09155,musky,musky
REQ-09155,musk,musky
REQ-09155,wet stone,mineral
REQ-09156,musk,musky
REQ-09160,clean,clean
REQ-09160,leather,leather
REQ-09160,coffee,gourmand
REQ-09161,fresh cut grass,green
REQ-09163,clean,clean
REQ-09163,mineral,mineral
REQ-09164,musk,musky
REQ-09165,clean,clean
REQ-09165,ozone,ozonic
REQ-09166,ozonic,ozonic
REQ-09166,powdery,powdery
REQ-09167,vanilla,gourmand
REQ-09168,citrus,citrus
REQ-09170,musk,musky
REQ-09170,barbershop,fougere
REQ-09172,smoky,smoky
REQ-09173,coffee,gourmand
REQ-09174,powdery,powdery
REQ-09176,smoky,smoky
REQ-09176,ozonic,ozonic
REQ-09177,smoky,smoky
REQ-09178,sweet,sweet
REQ-09179,musk,musky
REQ-09180,ozonic,ozonic
REQ-09180,leather,leather
REQ-09181,ozonic,ozonic
REQ-09182,fresh,fresh
REQ-09182,vanilla,gourmand
REQ-09183,vanilla,gourmand
REQ-09184,leather,leather
REQ-09185,sweet,sweet
REQ-09187,fresh,fresh
REQ-09189,fresh,fresh
REQ-09189,fresh cut grass,green
REQ-09191,leather,leather
REQ-09195,vanilla,gourmand
REQ-09196,musk,musky
REQ-09196,leather,leather
REQ-09196,coffee,gourmand
REQ-09198,vanilla,gourmand
REQ-09199,leather,leather
REQ-09200,clean,clean
REQ-09200,leather,leather
REQ-09202,forest,woody
REQ-09202,after rain,ozonic
REQ-09202,sweet,sweet
REQ-09203,powdery,powdery
REQ-09204,clean,clean
REQ-09204,floral,floral
REQ-09204,leather,leather
REQ-09204,coffee,gourmand
REQ-09207,citrus,citrus
REQ-09208,musk,musky
REQ-09210,coffee,gourmand
REQ-09212,clean,clean
REQ-09212,hotel lobby,clean
REQ-09213,fresh,fresh
REQ-09213,fresh cut grass,green
REQ-09216,ozone,ozonic
REQ-09217,smoky,smoky
REQ-09217,powdery,powdery
REQ-09218,floral,floral
REQ-09219,clean,clean
REQ-09219,hotel lobby,clean
REQ-09219,citrus,citrus
REQ-09219,musk,musky
REQ-09220,citrus,citrus
REQ-09221,smoky,smoky
REQ-09223,leather,leather
REQ-09223,powdery,powdery
REQ-09226,clean,clean
REQ-09226,hotel lobby,clean
REQ-09226,powdery,powdery
REQ-09228,citrus,citrus
REQ-09229,clean,clean
REQ-09234,ozone,ozonic
REQ-09236,green,green
REQ-09236,leather,leather
REQ-09236,powdery,powdery
REQ-09240,fresh,fresh
REQ-09244,leather,leather
REQ-09245,citrus,citrus
REQ-09246,barbershop,fougere
REQ-09248,barbershop,fougere
REQ-09249,citrus,citrus
REQ-09250,powdery,powdery
REQ-09251,musk,musky
REQ-09252,smoky,smoky
REQ-09253,smoky,smoky
REQ-09253,sweet,sweet
REQ-09255,citrus,citrus
REQ-09257,fresh,fresh
REQ-09257,dark,dark
REQ-09257,fresh cut grass,green
REQ-09257,vanilla,gourmand
REQ-09258,smoky,smoky
REQ-09258,powdery,powdery
REQ-09259,fresh,fresh
REQ-09259,freshly washed,clean
REQ-09260,clean,clean
REQ-09263,fresh,fresh
REQ-09263,aquatic,aquatic
REQ-09263,leather,leather
REQ-09264,sweet,sweet
REQ-09268,leather,leather
REQ-09268,coffee,gourmand
REQ-09269,fresh,fresh
REQ-09269,freshly washed,clean
REQ-09271,ozone,ozonic
REQ-09271,leather,leather
REQ-09272,smoky,smoky
REQ-09273,fresh,fresh
REQ-09273,fresh cut grass,green
REQ-09274,citrus,citrus
REQ-09277,ozone,ozonic
REQ-09278,forest,woody
REQ-09278,musk,musky
REQ-09278,after rain,ozonic
REQ-09280,fresh,fresh
REQ-09281,leather,leather
REQ-09283,fresh cut grass,green
REQ-09285,fresh,fresh
REQ-09285,freshly washed,clean
REQ-09285,powdery,powdery
REQ-09287,smoky,smoky
REQ-09287,sweet,sweet
REQ-09290,clean,clean
REQ-09292,powdery,powdery
REQ-09293,citrus,citrus
REQ-09295,amber,amber
REQ-09296,smoky,smoky
REQ-09296,smoke,smoky
REQ-09296,fireplace,smoky
REQ-09297,dark,dark
REQ-09298,musky,musky
REQ-09298,musk,musky
REQ-09299,sweet,sweet
REQ-09300,smoky,smoky
REQ-09301,smoky,smoky
REQ-09302,musky,musky
REQ-09302,musk,musky
REQ-09302,leather,leather
REQ-09302,coffee,gourmand
REQ-09305,fresh,fresh
REQ-09305,freshly washed,clean
REQ-09305,vanilla,gourmand
REQ-09306,amber,amber
REQ-09311,citrus,citrus
REQ-09312,dark,dark
REQ-09313,smoke,smoky
REQ-09313,fireplace,smoky
REQ-09314,leather,leather
REQ-09316,after rain,ozonic
REQ-09317,clean,clean
REQ-09317,citrus,citrus
REQ-09319,leather,leather
REQ-09319,powdery,powdery
REQ-09320,citrus,citrus
REQ-09321,musk,musky
REQ-09325,citrus,citrus
REQ-09327,woody,woody
REQ-09327,sweet,sweet
REQ-09328,fresh,fresh
REQ-09328,clean,clean
REQ-09331,woody,woody
REQ-09332,wet stone,mineral
REQ-09332,sweet,sweet
REQ-09333,leather,leather
REQ-09335,sweet,sweet
REQ-09336,leather,leather
REQ-09339,fresh,fresh
REQ-09340,fresh,fresh
REQ-09340,fresh cut grass,green
REQ-09341,clean,clean
REQ-09347,green,green
REQ-09349,leather,leather
REQ-09352,spicy,spicy
REQ-09352,floral,floral
REQ-09353,leather,leather
REQ-09355,fresh,fresh
REQ-09355,green,green
REQ-09356,powdery,powdery
REQ-09359,leather,leather
REQ-09360,leather,leather
REQ-09360,sweet,sweet
REQ-09360,coffee,gourmand
REQ-09361,leather,leather
REQ-09361,vanilla,gourmand
REQ-09364,sweet,sweet
REQ-09368,sweet,sweet
REQ-09369,fresh cut grass,green
REQ-09373,citrus,citrus
REQ-09373,sweet,sweet
REQ-09374,powdery,powdery
REQ-09378,dark,dark
REQ-09379,musk,musky
REQ-09379,ozone,ozonic
REQ-09380,fresh,fresh
REQ-09380,smoky,smoky
REQ-09380,fresh cut grass,green
REQ-09380,vanilla,gourmand
REQ-09381,green,green
REQ-09382,powdery,powdery
REQ-09383,forest,woody
REQ-09383,smoky,smoky
REQ-09383,after rain,ozonic
REQ-09384,aquatic,aquatic
REQ-09384,mineral,mineral
REQ-09385,floral,floral
REQ-09386,leather,leather
REQ-09387,powdery,powdery
REQ-09387,sweet,sweet
REQ-09388,smoke,smoky
REQ-09388,fireplace,smoky
REQ-09388,vanilla,gourmand
REQ-09391,ozone,ozonic
REQ-09392,musk,musky
REQ-09393,sweet,sweet
REQ-09394,musk,musky
REQ-09396,leather,leather
REQ-09396,coffee,gourmand
REQ-09400,musk,musky
REQ-09403,vanilla,gourmand
REQ-09404,musk,musky
REQ-09404,ozonic,ozonic
REQ-09404,vanilla,gourmand
REQ-09408,fresh,fresh
REQ-09408,fresh cut grass,green
REQ-09409,leather,leather
REQ-09410,smoky,smoky
REQ-09411,leather,leather
REQ-09411,coffee,gourmand
REQ-09413,ozonic,ozonic
REQ-09414,citrus,citrus
REQ-09415,musk,musky
REQ-09417,musk,musky
REQ-09418,smoky,smoky
REQ-09419,smoke,smoky
REQ-09419,fireplace,smoky
REQ-09421,smoky,smoky
REQ-09421,citrus,citrus
REQ-09423,woody,woody
REQ-09423,ozonic,ozonic
REQ-09424,clean,clean
REQ-09426,woody,woody
REQ-09427,vanilla,gourmand
REQ-09428,sweet,sweet
REQ-09430,green,green
REQ-09430,leather,leather
REQ-09435,leather,leather
REQ-09436,citrus,citrus
REQ-09437,ozone,ozonic
REQ-09438,musk,musky
REQ-09439,clean,clean
REQ-09439,hotel lobby,clean
REQ-09440,clean,clean
REQ-09444,mineral,mineral
REQ-09445,powdery,powdery
REQ-09446,sweet,sweet
REQ-09447,green,green
REQ-09447,vanilla,gourmand
REQ-09450,musk,musky
REQ-09452,clean,clean
REQ-09452,hotel lobby,clean
REQ-09452,smoky,smoky
REQ-09453,powdery,powdery
REQ-09456,dark,dark
REQ-09456,leather,leather
REQ-09463,clean,clean
REQ-09463,citrus,citrus
REQ-09464,leather,leather
REQ-09465,ozonic,ozonic
REQ-09467,musky,musky
REQ-09467,musk,musky
REQ-09467,ozonic,ozonic
REQ-09470,fresh,fresh
REQ-09470,fresh cut grass,green
REQ-09471,musk,musky
REQ-09474,citrus,citrus
REQ-09476,ozone,ozonic
REQ-09477,barbershop,fougere
REQ-09478,vanilla,gourmand
REQ-09479,fresh,fresh
REQ-09482,vanilla,gourmand
REQ-09483,powdery,powdery
REQ-09484,amber,amber
REQ-09484,powdery,powdery
REQ-09485,smoky,smoky
REQ-09485,musk,musky
REQ-09485,sweet,sweet
REQ-09486,wet stone,mineral
REQ-09486,leather,leather
REQ-09487,smoky,smoky
REQ-09488,smoky,smoky
REQ-09492,mineral,mineral
REQ-09493,floral,floral
REQ-09493,ozonic,ozonic
REQ-09493,powdery,powdery
REQ-09494,musk,musky
REQ-09495,green,green
REQ-09496,leather,leather
REQ-09497,clean,clean
REQ-09497,musk,musky
REQ-09497,vanilla,gourmand
REQ-09500,leather,leather
REQ-09500,coffee,gourmand
REQ-09501,clean,clean
REQ-09505,sweet,sweet
REQ-09506,fresh,fresh
REQ-09506,fresh cut grass,green
REQ-09507,vanilla,gourmand
REQ-09508,citrus,citrus
REQ-09510,clean,clean
REQ-09511,clean,clean
REQ-09512,clean,clean
REQ-09519,clean,clean
REQ-09519,hotel lobby,clean
REQ-09519,leather,leather
REQ-09520,musk,musky
REQ-09521,leather,leather
REQ-09522,floral,floral
REQ-09523,leather,leather
REQ-09525,powdery,powdery
REQ-09526,powdery,powdery
REQ-09528,smoky,smoky
REQ-09528,sweet,sweet
REQ-09530,sweet,sweet
REQ-09531,musk,musky
REQ-09533,smoky,smoky
REQ-09533,wet stone,mineral
REQ-09534,clean,clean
REQ-09534,hotel lobby,clean
REQ-09535,dark,dark
REQ-09535,powdery,powdery
REQ-09536,powdery,powdery
REQ-09537,clean,clean
REQ-09537,vanilla,gourmand
REQ-09539,sweet,sweet
REQ-09540,smoky,smoky
REQ-09542,clean,clean
REQ-09542,hotel lobby,clean
REQ-09542,smoky,smoky
REQ-09544,smoky,smoky
REQ-09546,citrus,citrus
REQ-09547,sweet,sweet
REQ-09548,vanilla,gourmand
REQ-09550,dark,dark
REQ-09552,leather,leather
REQ-09555,sweet,sweet
REQ-09558,musk,musky
REQ-09559,powdery,powdery
REQ-09559,vanilla,gourmand
REQ-09560,mineral,mineral
REQ-09561,citrus,citrus
REQ-09561,ozonic,ozonic
REQ-09562,vanilla,gourmand
REQ-09564,vanilla,gourmand
REQ-09565,smoky,smoky
REQ-09567,amber,amber
REQ-09567,vanilla,gourmand
REQ-09569,smoky,smoky
REQ-09570,ozone,ozonic
REQ-09570,vanilla,gourmand
REQ-09572,vanilla,gourmand
REQ-09573,sweet,sweet
REQ-09576,citrus,citrus
REQ-09579,woody,woody
REQ-09580,ozonic,ozonic
REQ-09581,amber,amber
REQ-09582,powdery,powdery
REQ-09583,musk,musky
REQ-09586,vanilla,gourmand
REQ-09588,powdery,powdery
REQ-09589,ozonic,ozonic
REQ-09589,leather,leather
REQ-09589,coffee,gourmand
REQ-09591,wet stone,mineral
REQ-09592,smoky,smoky
REQ-09592,powdery,powdery
REQ-09593,ozone,ozonic
REQ-09595,leather,leather
REQ-09599,clean,clean
REQ-09599,vanilla,gourmand
REQ-09600,fresh,fresh
REQ-09600,fresh cut grass,green
REQ-09600,powdery,powdery
REQ-09601,leather,leather
REQ-09601,powdery,powdery
REQ-09602,woody,woody
REQ-09603,leather,leather
REQ-09609,smoky,smoky
REQ-09610,smoky,smoky
REQ-09614,leather,leather
REQ-09616,vanilla,gourmand
REQ-09619,clean,clean
REQ-09619,hotel lobby,clean
REQ-09622,smoky,smoky
REQ-09624,musk,musky
REQ-09627,clean,clean
REQ-09627,vanilla,gourmand
REQ-09628,clean,clean
REQ-09629,leather,leather
REQ-09630,clean,clean
REQ-09633,smoky,smoky
REQ-09633,citrus,citrus
REQ-09636,vanilla,gourmand
REQ-09638,sweet,sweet
REQ-09639,musk,musky
REQ-09640,citrus,citrus
REQ-09641,clean,clean
REQ-09641,citrus,citrus
REQ-09642,clean,clean
REQ-09643,forest,woody
REQ-09643,smoky,smoky
REQ-09643,after rain,ozonic
REQ-09644,vanilla,gourmand
REQ-09646,spicy,spicy
REQ-09647,smoky,smoky
REQ-09648,ozonic,ozonic
REQ-09650,vanilla,gourmand
REQ-09654,musky,musky
REQ-09654,musk,musky
REQ-09655,leather,leather
REQ-09655,powdery,powdery
REQ-09658,leather,leather
REQ-09658,coffee,gourmand
REQ-09659,leather,leather
REQ-09664,powdery,powdery
REQ-09665,vanilla,gourmand
REQ-09666,amber,amber
REQ-09667,musk,musky
REQ-09668,citrus,citrus
REQ-09670,fresh,fresh
REQ-09670,freshly washed,clean
REQ-09670,leather,leather
REQ-09671,smoky,smoky
REQ-09672,smoky,smoky
REQ-09674,vanilla,gourmand
REQ-09675,leather,leather
REQ-09677,clean,clean
REQ-09678,vanilla,gourmand
REQ-09679,clean,clean
REQ-09679,hotel lobby,clean
REQ-09680,vanilla,gourmand
REQ-09682,citrus,citrus
REQ-09683,musk,musky
REQ-09684,musk,musky
REQ-09686,clean,clean
REQ-09687,smoky,smoky
REQ-09691,clean,clean
REQ-09691,barbershop,fougere
REQ-09693,sweet,sweet
REQ-09694,powdery,powdery
REQ-09695,forest,woody
REQ-09695,after rain,ozonic
REQ-09695,sweet,sweet
REQ-09697,powdery,powdery
REQ-09698,musk,musky
REQ-09699,clean,clean
REQ-09700,clean,clean
REQ-09700,hotel lobby,clean
REQ-09700,smoky,smoky
REQ-09701,sweet,sweet
REQ-09702,vanilla,gourmand
REQ-09703,floral,floral
REQ-09703,musk,musky
REQ-09705,leather,leather
REQ-09706,musky,musky
REQ-09706,musk,musky
REQ-09707,vanilla,gourmand
REQ-09708,powdery,powdery
REQ-09709,clean,clean
REQ-09710,ozonic,ozonic
REQ-09711,fresh,fresh
REQ-09711,freshly washed,clean
REQ-09711,leather,leather
REQ-09712,leather,leather
REQ-09714,clean,clean
REQ-09717,sweet,sweet
REQ-09719,powdery,powdery
REQ-09720,vanilla,gourmand
REQ-09721,smoky,smoky
REQ-09722,sweet,sweet
REQ-09723,leather,leather
REQ-09723,sweet,sweet
REQ-09724,clean,clean
REQ-09724,hotel lobby,clean
REQ-09725,smoky,smoky
REQ-09726,ozonic,ozonic
REQ-09727,barbershop,fougere
REQ-09728,clean,clean
REQ-09729,musky,musky
REQ-09729,musk,musky
REQ-09730,amber,amber
REQ-09730,sweet,sweet
REQ-09732,leather,leather
REQ-09732,powdery,powdery
REQ-09733,fresh,fresh
REQ-09733,fresh cut grass,green
REQ-09733,sweet,sweet
REQ-09735,ozone,ozonic
REQ-09737,powdery,powdery
REQ-09738,powdery,powdery
REQ-09738,sweet,sweet
REQ-09739,leather,leather
REQ-09740,ozonic,ozonic
REQ-09740,sweet,sweet
REQ-09743,smoky,smoky
REQ-09745,dark,dark
REQ-09746,sweet,sweet
REQ-09747,citrus,citrus
REQ-09749,forest,woody
REQ-09749,smoky,smoky
REQ-09749,after rain,ozonic
REQ-09749,powdery,powdery
REQ-09750,vanilla,gourmand
REQ-09752,vanilla,gourmand
REQ-09754,sweet,sweet
REQ-09756,fresh,fresh
REQ-09757,smoke,smoky
REQ-09757,fireplace,smoky
REQ-09757,leather,leather
REQ-09760,leather,leather
REQ-09760,powdery,powdery
REQ-09760,vanilla,gourmand
REQ-09760,coffee,gourmand
REQ-09761,leather,leather
REQ-09762,leather,leather
REQ-09763,smoky,smoky
REQ-09766,citrus,citrus
REQ-09767,smoky,smoky
REQ-09770,aquatic,aquatic
REQ-09772,musky,musky
REQ-09772,musk,musky
REQ-09773,fresh,fresh
REQ-09773,leather,leather
REQ-09776,clean,clean
REQ-09778,musk,musky
REQ-09779,sweet,sweet
REQ-09780,powdery,powdery
REQ-09781,leather,leather
REQ-09782,sweet,sweet
REQ-09783,smoke,smoky
REQ-09783,fireplace,smoky
REQ-09784,citrus,citrus
REQ-09784,vanilla,gourmand
REQ-09787,citrus,citrus
REQ-09792,musk,musky
REQ-09793,smoky,smoky
REQ-09793,powdery,powdery
REQ-09794,wet stone,mineral
REQ-09795,clean,clean
REQ-09799,smoke,smoky
REQ-09799,fireplace,smoky
REQ-09799,powdery,powdery
REQ-09800,forest,woody
REQ-09800,after rain,ozonic
REQ-09801,smoky,smoky
REQ-09804,leather,leather
REQ-09804,sweet,sweet
REQ-09806,vanilla,gourmand
REQ-09809,forest,woody
REQ-09809,musk,musky
REQ-09809,after rain,ozonic
REQ-09811,citrus,citrus
REQ-09815,vanilla,gourmand
REQ-09816,powdery,powdery
REQ-09817,powdery,powdery
REQ-09818,after rain,ozonic
REQ-09819,vanilla,gourmand
REQ-09822,musk,musky
REQ-09822,sweet,sweet
REQ-09824,wet stone,mineral
REQ-09824,powdery,powdery
REQ-09825,vanilla,gourmand
REQ-09826,clean,clean
REQ-09826,hotel lobby,clean
REQ-09826,vanilla,gourmand
REQ-09827,ozonic,ozonic
REQ-09827,wet stone,mineral
REQ-09828,smoky,smoky
REQ-09828,mineral,mineral
REQ-09829,aquatic,aquatic
REQ-09830,clean,clean
REQ-09830,hotel lobby,clean
REQ-09830,vanilla,gourmand
REQ-09832,vanilla,gourmand
REQ-09834,powdery,powdery
REQ-09838,smoky,smoky
REQ-09838,vanilla,gourmand
REQ-09841,clean,clean
REQ-09841,vanilla,gourmand
REQ-09842,smoky,smoky
REQ-09842,ozonic,ozonic
REQ-09843,smoky,smoky
REQ-09845,vanilla,gourmand
REQ-09846,clean,clean
REQ-09846,hotel lobby,clean
REQ-09846,powdery,powdery
REQ-09846,sweet,sweet
REQ-09847,barbershop,fougere
REQ-09848,musk,musky
REQ-09848,mineral,mineral
REQ-09848,leather,leather
REQ-09849,clean,clean
REQ-09850,citrus,citrus
REQ-09851,clean,clean
REQ-09851,hotel lobby,clean
REQ-09851,powdery,powdery
REQ-09852,musk,musky
REQ-09853,smoky,smoky
REQ-09854,clean,clean
REQ-09854,smoke,smoky
REQ-09854,fireplace,smoky
REQ-09855,citrus,citrus
REQ-09858,citrus,citrus
REQ-09859,smoky,smoky
REQ-09860,musk,musky
REQ-09861,smoky,smoky
REQ-09861,powdery,powdery
REQ-09862,forest,woody
REQ-09862,after rain,ozonic
REQ-09863,fresh,fresh
REQ-09863,fresh cut grass,green
REQ-09864,vanilla,gourmand
REQ-09865,green,green
REQ-09866,powdery,powdery
REQ-09867,sweet,sweet
REQ-09874,smoky,smoky
REQ-09874,leather,leather
REQ-09876,sweet,sweet
REQ-09879,smoke,smoky
REQ-09879,fireplace,smoky
REQ-09881,sweet,sweet
REQ-09884,fresh,fresh
REQ-09884,freshly washed,clean
REQ-09885,sweet,sweet
REQ-09888,floral,floral
REQ-09888,aquatic,aquatic
REQ-09890,smoke,smoky
REQ-09890,fireplace,smoky
REQ-09890,musk,musky
REQ-09893,smoky,smoky
REQ-09894,leather,leather
REQ-09895,powdery,powdery
REQ-09896,green,green
REQ-09897,fresh,fresh
REQ-09897,fresh cut grass,green
REQ-09898,smoky,smoky
REQ-09898,musky,musky
REQ-09898,musk,musky
REQ-09902,dark,dark
REQ-09903,woody,woody
REQ-09903,sweet,sweet
REQ-09905,clean,clean
REQ-09905,dark,dark
REQ-09906,smoky,smoky
REQ-09906,ozonic,ozonic
REQ-09908,smoky,smoky
REQ-09909,fresh,fresh
REQ-09911,musk,musky
REQ-09912,sweet,sweet
REQ-09914,musk,musky
REQ-09916,wet stone,mineral
REQ-09917,leather,leather
REQ-09918,powdery,powdery
REQ-09919,forest,woody
REQ-09919,after rain,ozonic
REQ-09920,vanilla,gourmand
REQ-09921,sweet,sweet
REQ-09923,clean,clean
REQ-09923,amber,amber
REQ-09923,powdery,powdery
REQ-09924,musk,musky
REQ-09925,leather,leather
REQ-09927,powdery,powdery
REQ-09928,floral,floral
REQ-09928,green,green
REQ-09928,musk,musky
REQ-09929,clean,clean
REQ-09929,musk,musky
REQ-09930,sweet,sweet
REQ-09938,woody,woody
REQ-09938,green,green
REQ-09938,musk,musky
REQ-09939,floral,floral
REQ-09940,musk,musky
REQ-09941,citrus,citrus
REQ-09941,musk,musky
REQ-09942,smoky,smoky
REQ-09944,powdery,powdery
REQ-09946,musk,musky
REQ-09946,wet stone,mineral
REQ-09947,clean,clean
REQ-09947,leather,leather
REQ-09947,powdery,powdery
REQ-09947,vanilla,gourmand
REQ-09947,coffee,gourmand
REQ-09948,musk,musky
REQ-09950,sweet,sweet
REQ-09951,dark,dark
REQ-09953,musk,musky
REQ-09954,fresh,fresh
REQ-09954,sweet,sweet
REQ-09955,sweet,sweet
REQ-09956,clean,clean
REQ-09956,hotel lobby,clean
REQ-09956,vanilla,gourmand
REQ-09957,leather,leather
REQ-09958,powdery,powdery
REQ-09960,musk,musky
REQ-09961,barbershop,fougere
REQ-09962,fresh,fresh
REQ-09962,clean,clean
REQ-09962,hotel lobby,clean
REQ-09965,smoky,smoky
REQ-09967,leather,leather
REQ-09968,vanilla,gourmand
REQ-09969,powdery,powdery
REQ-09970,aquatic,aquatic
REQ-09971,clean,clean
REQ-09971,ozone,ozonic
REQ-09972,dark,dark
REQ-09973,powdery,powdery
REQ-09974,sweet,sweet
REQ-09975,vanilla,gourmand
REQ-09976,sweet,sweet
REQ-09978,sweet,sweet
REQ-09979,leather,leather
REQ-09979,powdery,powdery
REQ-09981,smoky,smoky
REQ-09984,musk,musky
REQ-09986,amber,amber
REQ-09987,woody,woody
REQ-09987,smoky,smoky
REQ-09988,clean,clean
REQ-09988,sweet,sweet
REQ-09989,vanilla,gourmand
REQ-09991,barbershop,fougere
REQ-09992,fresh,fresh
REQ-09992,freshly washed,clean
REQ-09993,sweet,sweet
REQ-09994,fresh,fresh
REQ-09995,wet stone,mineral
REQ-09996,smoky,smoky
REQ-09997,clean,clean
REQ-09997,hotel lobby,clean
REQ-10000,forest,woody
REQ-10000,after rain,ozonic
